customer_id,signup_date,acquisition_channel,region,province,segment,marketing_consent
cust-025103,22 de abril de 2026,paid_social,Aragón,Zaragoza,ocasional,True
cust-038529,4 de julio de 2024,paid_social,canarias,Las Palmas,ocasional,False
cust-030675,16/01/2026,email, Comunidad Valenciana ,Valencia,ocasional,True
cust-049619,24/06/2024,direct,Andalucía,Sevilla,habitual,False
cust-012784,2 de diciembre de 2023,direct, Castilla-La Mancha ,Toledo,habitual,True
cust-013110,2025-06-04,organic,Madrid,Madrid,nuevo,False
cust-003851,13/01/2024,paid_search,Canarias,Las Palmas,ocasional,False
cust-009607,2025-05-31,direct, Comunidad Valenciana ,Valencia,nuevo,True
cust-049053,28/04/2023,email,canarias,Las Palmas,nuevo,True
cust-043239,05/09/2025,direct, Cataluña ,Barcelona,habitual,True
cust-021849,2025-07-07,paid_search, Madrid ,Madrid,habitual,False
cust-040631,30 de mayo de 2023,direct,CANARIAS,Las Palmas,nuevo,True
cust-014406,22 de marzo de 2026,paid_search,cataluña,Barcelona,nuevo,True
cust-020481,2025-11-10,paid_social,comunidad valenciana,Valencia,nuevo,True
cust-032955,2025-12-29,paid_search,cataluña,Barcelona,ocasional,True
cust-030996,2026-05-06,direct,madrid,Madrid,habitual,True
cust-030514,12 de octubre de 2024,direct,Andalucía,Sevilla,nuevo,True
cust-038202,13/07/2025,email, Madrid ,Madrid,habitual,True
cust-005679,12 de agosto de 2025,direct,aragón,Zaragoza,nuevo,True
cust-058295,2025-02-07,email,CATALUÑA,Barcelona,habitual,False
cust-034413,26/02/2024,direct,EXTREMADURA,Badajoz,nuevo,True
cust-047625,2024-04-20,organic,Madrid,Madrid,habitual,True
cust-011644,22/04/2025,affiliate,cataluña,Barcelona,habitual,False
cust-042865,2024-06-25,email,madrid,Madrid,habitual,True
cust-031049,6 de mayo de 2024,paid_social,EXTREMADURA,Badajoz,nuevo,False
cust-021043,14/05/2023,organic,andalucía,Sevilla,ocasional,True
cust-000222,18 de enero de 2024,direct, Cataluña ,Barcelona,ocasional,True
cust-049851,21/04/2025,direct, Andalucía ,Sevilla,nuevo,True
cust-048975,2025-07-05,affiliate,Andalucía,Sevilla,habitual,True
cust-025522,2023-05-16,direct,andalucía,Sevilla,nuevo,True
cust-050487,2026-06-19,direct,País Vasco,Bilbao,nuevo,True
cust-003337,2026-06-13,affiliate,Aragón,Zaragoza,habitual,True
cust-048446,2026-05-27,direct,REGIÓN DE MURCIA,Murcia,nuevo,False
cust-031398,2023-03-08,affiliate, Cataluña ,Barcelona,nuevo,False
cust-011283,2024-06-09,direct,Madrid,Madrid,habitual,True
cust-002785,18 de diciembre de 2025,direct,REGIÓN DE MURCIA,Murcia,habitual,True
cust-010814,23/08/2024,direct,Madrid,,ocasional,True
cust-050902,23 de abril de 2026,organic,REGIÓN DE MURCIA,Murcia,habitual,True
cust-055077,4 de noviembre de 2025,paid_search, Aragón ,Zaragoza,nuevo,True
cust-051471,12/12/2025,affiliate, Aragón ,Zaragoza,ocasional,False
cust-024345,05/11/2024,direct, Castilla y León ,Valladolid,nuevo,False
cust-030162,9 de junio de 2026,organic,comunidad valenciana,Valencia,vip,False
cust-025665,2025-09-06,paid_social,CANTABRIA,Santander,ocasional,True
cust-039558,1 de octubre de 2025,paid_social,cantabria,Santander,nuevo,False
cust-038866,15 de noviembre de 2025,direct, País Vasco ,Bilbao,habitual,False
cust-010728,19 de mayo de 2026,direct, Andalucía ,Sevilla,nuevo,True
cust-047277,11/06/2026,organic,Comunidad Valenciana,Valencia,ocasional,True
cust-004452,08/01/2024,direct,CATALUÑA,Barcelona,ocasional,True
cust-036441,2023-12-26,paid_search,País Vasco,Bilbao,habitual,True
cust-008800,2023-12-08,direct, Comunidad Valenciana ,Valencia,nuevo,True
cust-048934,24/03/2025,paid_social,país vasco,Bilbao,ocasional,True
cust-026473,2025-01-16,direct,ILLES BALEARS,Palma,ocasional,True
cust-038057,2024-12-29,direct, Illes Balears ,Palma,ocasional,True
cust-005947,05/04/2026,direct,castilla y león,Valladolid,nuevo,True
cust-043637,09/12/2024,organic, Madrid ,Madrid,nuevo,True
cust-050004,08/01/2026,organic,Madrid,Madrid,habitual,True
cust-023408,17/07/2025,direct,CASTILLA Y LEÓN,Valladolid,nuevo,False
cust-033758,2026-05-03,organic,Cataluña ,Barcelona,ocasional,True
cust-025226,2024-11-13,organic,Galicia ,A Coruña,habitual,True
cust-005111,1 de septiembre de 2024,paid_search,Andalucía,Sevilla,habitual,True
cust-015699,2024-02-21,paid_social,GALICIA,A Coruña,ocasional,True
cust-004959,25 de febrero de 2024,direct,PAÍS VASCO,Bilbao,nuevo,False
cust-033646,23 de enero de 2023,paid_social,Aragón,Zaragoza,ocasional,True
cust-041883,22/01/2025,paid_search, Asturias ,Oviedo,habitual,False
cust-031026,21/02/2025,direct,Cataluña,Barcelona,habitual,True
cust-051235,01/08/2025,paid_search, Cataluña ,,vip,True
cust-036384,2026-03-30,paid_search,Comunidad Valenciana,Valencia,habitual,True
cust-040241,18/06/2024,organic,Cataluña,Barcelona,vip,True
cust-045067,2025-11-04,paid_social,aragón,Zaragoza,habitual,False
cust-042104,15 de junio de 2024,organic, Andalucía ,Sevilla,ocasional,True
cust-022705,2023-03-20,affiliate,Illes Balears,Palma,habitual,True
cust-032469,6 de marzo de 2025,paid_search, Comunidad Valenciana ,Valencia,habitual,False
cust-005215,2025-11-23,email, Madrid ,Madrid,ocasional,True
cust-050355,23/12/2023,direct,madrid,Madrid,vip,False
cust-013126,20 de junio de 2026,direct,comunidad valenciana,Valencia,ocasional,False
cust-017568,29 de febrero de 2024,affiliate, Andalucía ,Sevilla,nuevo,True
cust-046689,30/08/2025,direct,Madrid,Madrid,nuevo,True
cust-029065,24/09/2025,email, Cantabria  ,Santander,nuevo,True
cust-051731,18/12/2024,direct,castilla y león,Valladolid,ocasional,False
cust-045896,04/10/2023,email,CANTABRIA,Santander,nuevo,False
cust-049358,9 de julio de 2024,direct,andalucía,Sevilla,habitual,True
cust-020640,11 de enero de 2025,paid_social, Región de Murcia  ,Murcia,nuevo,True
cust-010080,09/01/2026,paid_search,País Vasco,Bilbao,habitual,True
cust-006662,04/01/2023,direct,canarias ,Las Palmas,nuevo,True
cust-041162,24/07/2025,email,EXTREMADURA,Badajoz,nuevo,True
cust-044398,28/05/2026,organic, Castilla y León ,Valladolid,ocasional,True
cust-027943,01/06/2026,direct,comunidad valenciana,Valencia,vip,True
cust-001335,15 de julio de 2024,direct,Andalucía,Sevilla,nuevo,True
cust-002447,2024-07-05,direct, Galicia ,A Coruña,ocasional,True
cust-002549,2026-01-11,email,Galicia,A Coruña,habitual,True
cust-051683,25/04/2024,email, Comunidad Valenciana ,Valencia,nuevo,True
cust-043700,01/08/2024,organic, País Vasco ,,nuevo,False
cust-044538,14 de febrero de 2024,organic, Andalucía ,,habitual,True
cust-037501,13/09/2024,paid_search,PAÍS VASCO,,nuevo,False
cust-010855,2025-09-26,direct,MADRID,Madrid,ocasional,True
cust-038223,2024-02-08,paid_search,comunidad valenciana,Valencia,habitual,True
cust-038821,7 de junio de 2026,paid_search, Cantabria ,,nuevo,True
cust-021248,2024-03-25,direct, Madrid ,Madrid,vip,True
cust-040852,17 de octubre de 2025,direct,extremadura,Badajoz,ocasional,True
cust-029039,21 de septiembre de 2025,direct,madrid,Madrid,nuevo,False
cust-055897,2026-03-02,paid_social, Cataluña ,Barcelona,nuevo,True
cust-055427,2024-06-23,paid_search,Andalucía,Sevilla,ocasional,True
cust-001435,7 de enero de 2026,email,Cataluña,Barcelona,vip,False
cust-043828,24/01/2023,organic,Andalucía,Sevilla,ocasional,True
cust-049919,6 de febrero de 2026,affiliate,REGIÓN DE MURCIA,Murcia,nuevo,False
cust-023102,17 de enero de 2025,affiliate,Cataluña,,ocasional,False
cust-029136,28/05/2025,direct,madrid,Madrid,nuevo,True
cust-002089,31 de mayo de 2025,direct, Comunidad Valenciana ,Valencia,habitual,True
cust-015045,27/05/2025,organic,Galicia,A Coruña,nuevo,False
cust-007325,17 de mayo de 2025,affiliate,Castilla y León,Valladolid,nuevo,True
cust-015408,25/04/2024,email, Región de Murcia ,Murcia,nuevo,False
cust-035000,16 de febrero de 2025,direct, Illes Balears ,Palma,ocasional,True
cust-010410,2 de octubre de 2025,affiliate,cataluña,Barcelona,nuevo,True
cust-049420,2023-08-28,paid_social,Castilla y León,Valladolid,habitual,True
cust-008048,2026-03-09,affiliate,PAÍS VASCO,,vip,True
cust-018628,02/06/2024,organic,andalucía,Sevilla,nuevo,False
cust-049464,25 de septiembre de 2024,direct,madrid,Madrid,habitual,True
cust-021543,04/10/2025,organic, Andalucía ,Sevilla,habitual,False
cust-037274,2025-04-14,organic,castilla-la mancha,Toledo,ocasional,False
cust-009349,6 de mayo de 2026,paid_social,aragón,Zaragoza,nuevo,True
cust-028006,23 de enero de 2025,affiliate, Canarias ,,nuevo,True
cust-032136,04/04/2024,organic, Asturias ,Oviedo,ocasional,True
cust-020578,26 de marzo de 2025,email,GALICIA,A Coruña,nuevo,True
cust-008228,21 de octubre de 2023,email,MADRID,Madrid,nuevo,True
cust-038404,2025-02-28,organic,ANDALUCÍA,Sevilla,ocasional,False
cust-000882,21/11/2023,organic,Andalucía,Sevilla,nuevo,True
cust-042451,20 de mayo de 2024,paid_social,Navarra,Pamplona,ocasional,True
cust-003656,2024-10-23,paid_search,andalucía,Sevilla,vip,True
cust-058980,26 de marzo de 2025,direct,país vasco,,nuevo,True
cust-054444,09/10/2023,direct,andalucía,Sevilla,habitual,True
cust-001080,2024-11-10,direct,Andalucía,Sevilla,ocasional,True
cust-041275,2025-07-10,email, Galicia ,A Coruña,nuevo,False
cust-006224,2023-08-30,direct,Cataluña,Barcelona,vip,False
cust-026163,2024-01-28,paid_search,CANTABRIA,Santander,nuevo,True
cust-022292,01/09/2025,direct,ANDALUCÍA,Sevilla,vip,True
cust-044485,2025-01-29,direct,cataluña,Barcelona,habitual,True
cust-049041,24 de marzo de 2026,email, Cataluña ,,nuevo,True
cust-000871,12/08/2024,paid_search,MADRID,,ocasional,True
cust-054628,2025-09-06,paid_search,aragón,Zaragoza,habitual,True
cust-003376,2026-06-09,organic,Extremadura,Badajoz,vip,True
cust-005131,13 de abril de 2023,paid_search,Asturias,Oviedo,nuevo,True
cust-022524,25 de junio de 2026,email,castilla-la mancha,Toledo,nuevo,True
cust-024580,03/04/2024,organic,andalucía,Sevilla,nuevo,True
cust-057037,2025-08-18,email,ILLES BALEARS,Palma,nuevo,True
cust-029981,14 de diciembre de 2024,paid_search, Canarias ,Las Palmas,nuevo,True
cust-024908,01/11/2025,direct,Cataluña,Barcelona,nuevo,False
cust-059083,16 de agosto de 2025,affiliate,cataluña,Barcelona,nuevo,True
cust-002719,12/03/2026,paid_search,Comunidad Valenciana,Valencia,ocasional,False
cust-050485,15/10/2024,direct, Cataluña ,Barcelona,habitual,True
cust-053514,2025-04-24,direct,madrid,Madrid,habitual,True
cust-026995,11/03/2023,email,Comunidad Valenciana,,ocasional,True
cust-013718,15 de mayo de 2026,organic,andalucía,Sevilla,nuevo,True
cust-023156,19 de diciembre de 2024,direct,madrid,Madrid,nuevo,True
cust-045790,13/03/2025,direct,EXTREMADURA,Badajoz,habitual,False
cust-041534,14 de diciembre de 2023,paid_social,cataluña,Barcelona,ocasional,False
cust-012947,2024-09-13,direct, Región de Murcia ,Murcia,nuevo,False
cust-049911,6 de febrero de 2026,paid_social, Andalucía ,Sevilla,ocasional,True
cust-002682,5 de diciembre de 2025,direct,región de murcia,,nuevo,True
cust-058718,23/08/2025,direct,cataluña,Barcelona,nuevo,True
cust-056724,10/11/2023,paid_social,Madrid,Madrid,nuevo,True
cust-057389,2023-05-26,direct,Madrid,Madrid,nuevo,False
cust-042444,2025-11-22,email,GALICIA,A Coruña,nuevo,True
cust-000913,08/01/2026,paid_social,CATALUÑA,Barcelona,nuevo,True
cust-018358,13/06/2025,organic,NAVARRA,Pamplona,habitual,False
cust-028533,03/02/2026,paid_search,GALICIA,A Coruña,nuevo,True
cust-044644,03/07/2024,direct,CATALUÑA,Barcelona,nuevo,True
cust-000078,08/02/2025,paid_social,castilla-la mancha,Toledo,habitual,True
cust-002583,2024-06-21,paid_social, Galicia ,A Coruña,ocasional,False
cust-039587,2025-05-28,organic,Galicia,A Coruña,nuevo,True
cust-056402,27 de enero de 2025,direct,país vasco,Bilbao,habitual,True
cust-015581,19 de diciembre de 2023,affiliate,CASTILLA Y LEÓN,Valladolid,nuevo,True
cust-018852,28 de abril de 2024,email,NAVARRA,Pamplona,ocasional,False
cust-052770,4 de agosto de 2025,paid_search,ANDALUCÍA,Sevilla,ocasional,True
cust-043697,21/09/2024,direct, Galicia ,A Coruña,habitual,False
cust-058188,4 de junio de 2024,direct,CANARIAS,Las Palmas,ocasional,False
cust-023896,25/08/2024,direct,CASTILLA Y LEÓN,Valladolid,habitual,True
cust-023068,28/03/2026,affiliate,Andalucía,Sevilla,habitual,True
cust-032900,04/10/2025,direct,andalucía,Sevilla,ocasional,True
cust-014389,6 de marzo de 2026,affiliate,ANDALUCÍA,Sevilla,nuevo,True
cust-011469,2026-03-14,paid_search,COMUNIDAD VALENCIANA,Valencia,ocasional,True
cust-000455,25/03/2026,affiliate,Madrid,,ocasional,False
cust-031754,09/09/2025,paid_search,ANDALUCÍA,Sevilla,habitual,True
cust-056045,2 de diciembre de 2025,paid_social,COMUNIDAD VALENCIANA,Valencia,habitual,True
cust-037117,27 de marzo de 2023,paid_search, Canarias ,Las Palmas,nuevo,True
cust-006287,3 de julio de 2024,direct,ASTURIAS,Oviedo,nuevo,True
cust-058177,15 de diciembre de 2023,paid_search, Cataluña ,,habitual,True
cust-041134,2024-07-22,organic,cataluña,Barcelona,nuevo,True
cust-042686,2025-12-26,organic,andalucía,Sevilla,ocasional,True
cust-012129,23 de noviembre de 2024,affiliate,REGIÓN DE MURCIA,,nuevo,True
cust-010644,2025-01-28,organic,comunidad valenciana,Valencia,habitual,True
cust-001360,2024-11-04,affiliate,Cataluña,Barcelona,habitual,True
cust-044962,04/11/2024,paid_search, Andalucía ,Sevilla,ocasional,True
cust-031854,08/12/2023,direct, Andalucía ,Sevilla,vip,True
cust-033948,23/03/2025,organic,Castilla-La Mancha,Toledo,habitual,False
cust-054460,09/09/2024,paid_social,andalucía,Sevilla,habitual,True
cust-059978,19 de abril de 2023,paid_search,comunidad valenciana,Valencia,habitual,True
cust-038368,2023-10-19,organic,CATALUÑA,Barcelona,vip,True
cust-000343,08/11/2024,organic,Comunidad Valenciana,Valencia,ocasional,False
cust-024003,2023-08-27,email,CASTILLA-LA MANCHA,Toledo,nuevo,False
cust-005830,14/10/2024,direct, Canarias ,Las Palmas,nuevo,False
cust-012116,19/07/2024,direct, Comunidad Valenciana ,Valencia,nuevo,True
cust-042823,22 de abril de 2023,email,andalucía,Sevilla,habitual,False
cust-010425,20 de septiembre de 2024,direct,comunidad valenciana,Valencia,vip,True
cust-029553,28/12/2025,organic, Castilla y León ,Valladolid,ocasional,False
cust-044312,26/10/2025,paid_search,ILLES BALEARS,Palma,habitual,True
cust-022816,25 de abril de 2025,direct,madrid,Madrid,ocasional,True
cust-045140,2025-03-22,direct,ILLES BALEARS,Palma,habitual,True
cust-004723,27 de noviembre de 2024,direct, Madrid ,Madrid,vip,True
cust-030292,18 de octubre de 2024,paid_social,Castilla-La Mancha,Toledo,habitual,True
cust-008314,2 de diciembre de 2024,paid_search,Cataluña,Barcelona,nuevo,True
cust-044939,2024-10-20,affiliate,CASTILLA-LA MANCHA,Toledo,nuevo,True
cust-028165,2025-08-28,organic,castilla-la mancha,Toledo,nuevo,False
cust-047464,10/01/2026,direct, Cataluña ,Barcelona,habitual,True
cust-035841,7 de marzo de 2026,direct,andalucía,Sevilla,vip,True
cust-006053,19 de enero de 2025,affiliate,Canarias,Las Palmas,ocasional,True
cust-047487,29 de diciembre de 2025,paid_social, Galicia ,A Coruña,ocasional,True
cust-038904,2026-05-31,direct, Andalucía ,Sevilla,habitual,False
cust-014485,20 de diciembre de 2023,direct,cataluña,Barcelona,nuevo,False
cust-003678,2026-01-06,affiliate,Cataluña,Barcelona,habitual,True
cust-052015,17 de abril de 2026,direct, Canarias ,Las Palmas,ocasional,True
cust-038528,15 de abril de 2026,paid_search,Galicia,,habitual,False
cust-026167,2023-11-18,affiliate,canarias,Las Palmas,habitual,True
cust-018355,29 de enero de 2024,organic,CASTILLA-LA MANCHA,Toledo,ocasional,True
cust-006908,2024-08-06,affiliate,castilla-la mancha,Toledo,habitual,False
cust-001250,3 de enero de 2025,organic,ILLES BALEARS,Palma,ocasional,False
cust-025609,12 de septiembre de 2023,paid_search,Andalucía,Sevilla,ocasional,False
cust-017435,20/11/2025,paid_search, Madrid ,Madrid,nuevo,True
cust-047907,20/12/2024,organic,Andalucía,Sevilla,nuevo,True
cust-020021,2026-06-15,paid_search,castilla-la mancha,Toledo,vip,True
cust-006033,2023-09-25,affiliate, Castilla-La Mancha ,Toledo,ocasional,True
cust-015517,18 de febrero de 2026,paid_search,Navarra,Pamplona,habitual,True
cust-013229,2025-01-20,paid_search,Castilla y León,Valladolid,ocasional,True
cust-020012,24/06/2025,direct,Asturias,Oviedo,ocasional,True
cust-030782,09/03/2024,direct,ANDALUCÍA,Sevilla,nuevo,False
cust-058355,2025-06-21,paid_search,PAÍS VASCO,,ocasional,False
cust-041926,1 de octubre de 2025,paid_search,Galicia,A Coruña,ocasional,True
cust-050467,07/06/2026,affiliate,Madrid,Madrid,ocasional,False
cust-043303,2025-07-16,direct,castilla y león,Valladolid,vip,True
cust-053587,29 de mayo de 2025,paid_social,MADRID,Madrid,nuevo,False
cust-056928,2023-09-03,direct,GALICIA,A Coruña,habitual,False
cust-045125,20/03/2025,organic,comunidad valenciana,Valencia,nuevo,True
cust-038864,4 de enero de 2025,paid_search,Madrid,Madrid,nuevo,True
cust-048272,11/02/2026,paid_social,Madrid,Madrid,ocasional,True
cust-058854,2024-04-28,direct,COMUNIDAD VALENCIANA,Valencia,ocasional,True
cust-047232,7 de julio de 2025,email, Canarias ,Las Palmas,nuevo,False
cust-016862,2023-08-23,direct,andalucía,,ocasional,True
cust-020118,25 de agosto de 2025,paid_search,COMUNIDAD VALENCIANA,Valencia,nuevo,False
cust-004879,12/12/2025,direct,Castilla y León,Valladolid,nuevo,False
cust-049328,2024-09-29,direct, Extremadura ,Badajoz,ocasional,True
cust-013125,2025-01-18,organic,Andalucía,Sevilla,nuevo,True
cust-038131,25/08/2024,organic,ANDALUCÍA,Sevilla,habitual,True
cust-036064,31/10/2024,organic,canarias,Las Palmas,vip,True
cust-005582,4 de noviembre de 2023,paid_search,Andalucía,Sevilla,ocasional,True
cust-031768,23 de septiembre de 2023,email, Andalucía ,Sevilla,habitual,False
cust-037136,28 de febrero de 2026,paid_search, Región de Murcia ,Murcia,habitual,True
cust-033406,14 de agosto de 2024,direct,Comunidad Valenciana,Valencia,vip,True
cust-001329,2024-12-22,direct,ILLES BALEARS,Palma,nuevo,True
cust-015130,21 de mayo de 2024,organic,ANDALUCÍA,Sevilla,ocasional,True
cust-030851,9 de junio de 2024,email,ANDALUCÍA,Sevilla,habitual,True
cust-017475,2025-07-29,email, Cataluña ,Barcelona,habitual,True
cust-000033,2025-02-27,direct,CATALUÑA,Barcelona,ocasional,True
cust-051953,24/02/2026,direct, Andalucía ,Sevilla,ocasional,True
cust-028900,5 de febrero de 2026,direct,cataluña,Barcelona,nuevo,True
cust-039275,23 de septiembre de 2024,paid_search,Castilla y León,Valladolid,nuevo,True
cust-038854,27/10/2023,organic, Madrid ,Madrid,vip,False
cust-018852,28 de abril de 2024,email,NAVARRA ,Pamplona,ocasional,False
cust-023408,17/07/2025,direct,CASTILLA Y LEÓN ,Valladolid,nuevo,False
cust-021317,28/12/2024,paid_social, Región de Murcia ,Murcia,habitual,False
cust-015897,2026-06-23,paid_search,CATALUÑA,Barcelona,nuevo,True
cust-033348,04/05/2026,organic,ANDALUCÍA,Sevilla,ocasional,False
cust-056710,26/01/2023,email,País Vasco,Bilbao,habitual,True
cust-031025,02/02/2025,organic, Cantabria ,Santander,nuevo,True
cust-009507,1 de septiembre de 2023,email,cataluña,Barcelona,ocasional,True
cust-011190,6 de diciembre de 2025,organic,MADRID,Madrid,nuevo,True
cust-003137,31 de mayo de 2025,paid_social,Asturias,Oviedo,nuevo,False
cust-046045,09/06/2025,organic,comunidad valenciana,Valencia,vip,False
cust-048068,07/03/2025,direct,madrid,Madrid,nuevo,False
cust-030577,2024-08-22,organic,Andalucía,Sevilla,nuevo,False
cust-021721,2023-11-25,direct,CATALUÑA,Barcelona,nuevo,True
cust-009579,18 de abril de 2026,direct,Andalucía,Sevilla,habitual,True
cust-056324,30 de mayo de 2023,direct,Madrid,Madrid,nuevo,True
cust-003170,2025-04-27,organic,canarias,Las Palmas,habitual,True
cust-022036,8 de noviembre de 2025,paid_social,Madrid,Madrid,nuevo,False
cust-026337,20/07/2024,affiliate,CASTILLA-LA MANCHA,Toledo,habitual,True
cust-015664,2025-12-21,email,madrid,,vip,True
cust-008164,2023-05-25,email,país vasco,Bilbao,nuevo,False
cust-043924,2026-04-01,paid_social,madrid,Madrid,nuevo,False
cust-052035,2024-03-15,direct,Asturias,Oviedo,ocasional,True
cust-014355,25/04/2024,direct,Madrid,,ocasional,False
cust-050281,2026-03-08,direct,Galicia,A Coruña,habitual,True
cust-037718,22 de enero de 2026,paid_search,Madrid,Madrid,vip,True
cust-011203,07/12/2023,affiliate,Madrid,Madrid,ocasional,True
cust-004650,2023-07-09,organic,Cataluña,Barcelona,ocasional,True
cust-018210,31/03/2025,email,Cataluña,Barcelona,habitual,False
cust-001316,08/11/2024,direct,ARAGÓN,Zaragoza,nuevo,False
cust-017087,10/07/2025,paid_social, Comunidad Valenciana ,,nuevo,True
cust-038546,6 de abril de 2025,affiliate,CANARIAS,Las Palmas,vip,False
cust-009680,5 de diciembre de 2025,direct,GALICIA,A Coruña,ocasional,False
cust-055850,13/12/2023,organic, Castilla y León ,Valladolid,habitual,True
cust-048709,2025-01-03,paid_search,comunidad valenciana,Valencia,ocasional,False
cust-005296,29/08/2025,paid_search,andalucía,Sevilla,ocasional,False
cust-025693,2025-08-12,direct,COMUNIDAD VALENCIANA,,ocasional,True
cust-044962,04/11/2024,paid_search, Andalucía ,Sevilla,ocasional,True
cust-011390,2024-05-27,organic,canarias,Las Palmas,ocasional,False
cust-049339,2024-06-18,direct,Castilla-La Mancha,Toledo,ocasional,True
cust-027101,29 de julio de 2024,organic, Andalucía ,,nuevo,True
cust-032727,07/07/2025,direct, Aragón ,Zaragoza,ocasional,False
cust-005743,2025-01-02,organic,región de murcia,Murcia,habitual,True
cust-013911,18/10/2024,paid_search,madrid,Madrid,nuevo,True
cust-014981,28 de marzo de 2026,direct,andalucía,Sevilla,ocasional,True
cust-051844,17/09/2025,paid_social, Comunidad Valenciana ,Valencia,nuevo,False
cust-003777,13 de junio de 2026,email,REGIÓN DE MURCIA,Murcia,habitual,False
cust-057646,2026-06-14,direct,Illes Balears,Palma,vip,False
cust-017922,2024-11-09,paid_search, Andalucía ,Sevilla,ocasional,True
cust-013513,2023-09-09,email,comunidad valenciana,Valencia,nuevo,False
cust-056260,13 de noviembre de 2025,paid_search,Andalucía,Sevilla,habitual,True
cust-030994,2025-04-02,paid_search,castilla-la mancha,Toledo,nuevo,True
cust-013316,28/09/2023,paid_search,Navarra,Pamplona,habitual,True
cust-030854,25 de enero de 2026,direct,COMUNIDAD VALENCIANA,,habitual,True
cust-025627,2026-02-22,email,COMUNIDAD VALENCIANA,Valencia,nuevo,True
cust-029984,16/08/2023,direct,cataluña,Barcelona,vip,False
cust-035671,2025-04-17,email, Andalucía ,Sevilla,ocasional,False
cust-048589,2025-09-16,direct,ANDALUCÍA,Sevilla,nuevo,True
cust-050942,05/10/2023,paid_search,andalucía,Sevilla,nuevo,False
cust-041676,30 de noviembre de 2025,paid_search,Cataluña,Barcelona,ocasional,True
cust-045323,17/05/2025,organic, Andalucía ,Sevilla,vip,True
cust-008515,2025-11-12,paid_search,País Vasco,Bilbao,nuevo,True
cust-039991,03/01/2025,paid_search,illes balears,Palma,nuevo,True
cust-050598,9 de agosto de 2024,direct,cataluña,Barcelona,ocasional,True
cust-054837,1 de marzo de 2025,paid_search, Andalucía ,Sevilla,nuevo,True
cust-032600,28 de agosto de 2025,paid_search, Andalucía ,Sevilla,habitual,True
cust-029850,12/11/2025,paid_search,PAÍS VASCO,Bilbao,ocasional,True
cust-044704,25/02/2026,paid_search,Andalucía,Sevilla,habitual,True
cust-019113,27 de junio de 2025,direct, Andalucía ,Sevilla,ocasional,True
cust-018113,2024-12-26,paid_social,Madrid,Madrid,habitual,False
cust-043395,2024-03-03,direct,CATALUÑA,Barcelona,nuevo,True
cust-006077,27 de mayo de 2026,email,CATALUÑA,,nuevo,False
cust-038429,27 de enero de 2025,direct, Cataluña ,Barcelona,vip,True
cust-024094,04/05/2024,email,Andalucía,Sevilla,ocasional,False
cust-029503,05/06/2026,paid_social,andalucía,Sevilla,vip,False
cust-017592,23/05/2025,paid_social,Andalucía,Sevilla,nuevo,True
cust-036930,20 de octubre de 2024,email,ANDALUCÍA,Sevilla,nuevo,True
cust-046551,2025-10-09,email, Madrid ,Madrid,ocasional,False
cust-026874,2023-12-01,organic,Extremadura,Badajoz,habitual,False
cust-034520,24 de agosto de 2025,paid_social, Madrid ,Madrid,habitual,True
cust-008906,2025-10-05,organic,Madrid,Madrid,ocasional,True
cust-039829,2025-02-10,paid_search,País Vasco,Bilbao,habitual,False
cust-050733,20/09/2024,direct,CATALUÑA,Barcelona,habitual,True
cust-037601,23/10/2025,organic, Andalucía ,Sevilla,nuevo,True
cust-046945,2025-11-06,email,CANARIAS,Las Palmas,habitual,True
cust-008497,2026-04-10,paid_social,galicia,A Coruña,habitual,True
cust-015601,2024-11-03,organic,andalucía,Sevilla,nuevo,True
cust-015166,2025-05-05,email,Canarias,Las Palmas,ocasional,True
cust-030977,18/10/2025,direct, Andalucía ,Sevilla,ocasional,True
cust-058908,27 de febrero de 2025,email,cataluña,Barcelona,nuevo,False
cust-036967,12/03/2024,direct,CANARIAS,Las Palmas,ocasional,True
cust-030382,9 de octubre de 2024,paid_social,comunidad valenciana,Valencia,ocasional,True
cust-053207,05/10/2023,direct,galicia,A Coruña,ocasional,False
cust-015044,2025-10-04,direct,región de murcia,Murcia,ocasional,False
cust-059943,3 de diciembre de 2025,paid_search,Comunidad Valenciana,Valencia,habitual,True
cust-046489,2024-07-23,direct, Andalucía ,Sevilla,nuevo,True
cust-053752,8 de octubre de 2025,paid_social,Cataluña,Barcelona,ocasional,False
cust-010468,28 de agosto de 2025,direct, Madrid ,Madrid,nuevo,False
cust-008204,10/04/2025,direct,CASTILLA-LA MANCHA,Toledo,nuevo,True
cust-009402,2025-03-20,paid_search,COMUNIDAD VALENCIANA,Valencia,vip,True
cust-001541,21/02/2025,paid_search,Castilla-La Mancha,Toledo,nuevo,True
cust-006621,02/08/2025,direct,madrid,Madrid,habitual,True
cust-009471,06/11/2023,direct,castilla y león,,nuevo,False
cust-010657,2025-05-06,email,navarra,Pamplona,habitual,False
cust-059825,14 de diciembre de 2024,organic,Andalucía,Sevilla,vip,True
cust-035704,2025-12-17,direct,aragón,Zaragoza,nuevo,True
cust-058573,21 de febrero de 2026,affiliate,canarias,Las Palmas,ocasional,True
cust-003764,29 de octubre de 2024,organic, Madrid ,Madrid,habitual,False
cust-006635,25/07/2023,paid_social,ANDALUCÍA,,nuevo,True
cust-057719,22/06/2025,paid_social,cataluña,,ocasional,True
cust-029354,2026-03-17,paid_search,GALICIA,A Coruña,vip,True
cust-019688,12 de diciembre de 2025,organic,andalucía,Sevilla,ocasional,True
cust-039592,18/03/2026,email, Cataluña ,Barcelona,habitual,False
cust-035223,15/04/2025,direct, Illes Balears ,Palma,nuevo,True
cust-039456,11/04/2024,paid_social,COMUNIDAD VALENCIANA,Valencia,ocasional,True
cust-049396,14/03/2026,direct,andalucía,Sevilla,nuevo,True
cust-043252,18 de marzo de 2026,affiliate,Andalucía,Sevilla,ocasional,True
cust-008973,2024-12-09,paid_search, Andalucía ,Sevilla,vip,True
cust-039606,5 de octubre de 2024,paid_social,cataluña,Barcelona,ocasional,False
cust-038893,09/03/2025,affiliate,cataluña,Barcelona,habitual,False
cust-031111,16 de mayo de 2026,email,Andalucía,Sevilla,nuevo,True
cust-003656,2024-10-23,paid_search,andalucía,Sevilla,vip,True
cust-000947,2023-12-17,direct,ANDALUCÍA,Sevilla,ocasional,True
cust-017257,2025-04-03,paid_social,comunidad valenciana ,Valencia,nuevo,False
cust-013140,19/09/2025,paid_social,Andalucía,Sevilla,habitual,True
cust-017627,6 de mayo de 2026,direct, Castilla y León ,Valladolid,nuevo,True
cust-017488,28 de noviembre de 2024,organic,madrid,Madrid,vip,True
cust-055020,05/09/2025,paid_social,andalucía,Sevilla,nuevo,True
cust-025002,2023-03-11,direct,Galicia,A Coruña,nuevo,True
cust-004213,22/09/2025,paid_social,andalucía,Sevilla,ocasional,True
cust-005794,26/07/2025,paid_search, Madrid ,Madrid,ocasional,True
cust-033782,16/05/2025,organic,PAÍS VASCO,Bilbao,nuevo,False
cust-035041,2023-06-25,direct,Región de Murcia,Murcia,ocasional,False
cust-021886,2023-11-05,email,andalucía,Sevilla,nuevo,False
cust-047943,3 de julio de 2024,direct,CANARIAS,Las Palmas,vip,False
cust-051898,2024-05-12,direct, Castilla y León ,Valladolid,habitual,True
cust-027565,14/03/2024,organic,COMUNIDAD VALENCIANA,Valencia,vip,True
cust-002238,20 de enero de 2024,affiliate,andalucía,Sevilla,nuevo,True
cust-017914,8 de abril de 2026,paid_social,Madrid,Madrid,vip,False
cust-055642,18/04/2025,paid_social, Andalucía ,Sevilla,nuevo,True
cust-036113,02/12/2025,email,NAVARRA,Pamplona,nuevo,True
cust-033429,07/06/2026,email, Canarias ,Las Palmas,ocasional,False
cust-010724,02/09/2024,paid_social,Cataluña,Barcelona,vip,True
cust-040143,23 de agosto de 2024,affiliate, Madrid ,Madrid,habitual,True
cust-050589,2026-06-10,direct,asturias,Oviedo,habitual,True
cust-022901,2024-10-17,paid_social,Comunidad Valenciana,Valencia,nuevo,True
cust-000824,2025-08-11,email,comunidad valenciana,Valencia,nuevo,False
cust-031737,2024-07-01,direct,andalucía,Sevilla,nuevo,True
cust-058137,5 de abril de 2023,organic, Madrid ,Madrid,vip,True
cust-013942,2024-11-22,affiliate,EXTREMADURA,Badajoz,ocasional,False
cust-024606,24/02/2026,email, Extremadura ,Badajoz,ocasional,True
cust-038304,2026-04-30,email,GALICIA,A Coruña,vip,True
cust-024794,2025-09-24,direct,madrid,Madrid,nuevo,True
cust-051114,27/02/2025,paid_search,MADRID,Madrid,ocasional,True
cust-036245,05/04/2024,paid_social,COMUNIDAD VALENCIANA,Valencia,nuevo,False
cust-027372,06/04/2023,organic, Asturias ,,vip,False
cust-033583,2025-07-19,email,castilla-la mancha,Toledo,vip,False
cust-024417,2026-01-01,direct,COMUNIDAD VALENCIANA,Valencia,habitual,True
cust-017341,2026-04-15,direct,Comunidad Valenciana,Valencia,ocasional,True
cust-049773,2026-03-28,organic,Comunidad Valenciana,Valencia,habitual,False
cust-037434,4 de febrero de 2026,organic,ANDALUCÍA,Sevilla,nuevo,True
cust-047954,20/06/2024,email,andalucía,Sevilla,nuevo,False
cust-023177,07/11/2023,paid_search,Cataluña,Barcelona,ocasional,True
cust-018157,12 de junio de 2026,direct,GALICIA,A Coruña,habitual,True
cust-002752,11 de septiembre de 2024,direct, Galicia ,A Coruña,ocasional,False
cust-048169,2025-08-09,organic, Región de Murcia ,Murcia,ocasional,False
cust-051716,21 de abril de 2026,organic,Illes Balears,Palma,nuevo,True
cust-008858,8 de abril de 2024,paid_social,andalucía,Sevilla,nuevo,True
cust-031788,27 de febrero de 2024,direct,cataluña,Barcelona,nuevo,True
cust-043729,2024-08-27,paid_social, Andalucía ,Sevilla,ocasional,True
cust-054978,4 de febrero de 2025,organic,Madrid,Madrid,habitual,True
cust-033982,2026-02-27,direct,Comunidad Valenciana,Valencia,nuevo,True
cust-056373,01/04/2025,email,CASTILLA-LA MANCHA,Toledo,vip,True
cust-016648,01/07/2025,organic,Madrid,,habitual,True
cust-036713,26 de diciembre de 2025,direct,Cataluña,Barcelona,habitual,True
cust-051457,27 de febrero de 2025,paid_search,CATALUÑA,,nuevo,True
cust-029211,2026-04-14,paid_social, Madrid ,Madrid,ocasional,True
cust-054181,2025-06-15,email,asturias,Oviedo,habitual,False
cust-034949,8 de septiembre de 2023,affiliate, Canarias ,Las Palmas,nuevo,True
cust-057074,6 de mayo de 2026,paid_search,GALICIA,A Coruña,nuevo,True
cust-020594,2026-01-05,paid_search,Andalucía,Sevilla,ocasional,False
cust-017414,2025-08-14,affiliate,CATALUÑA,Barcelona,ocasional,True
cust-051572,11/11/2023,paid_social,CATALUÑA,Barcelona,nuevo,True
cust-040437,2023-09-03,paid_search,MADRID,Madrid,habitual,True
cust-046418,21/12/2024,paid_social, Castilla y León ,Valladolid,habitual,True
cust-053310,31 de mayo de 2026,direct,Madrid,Madrid,ocasional,True
cust-020183,2025-06-18,paid_search,CASTILLA-LA MANCHA,Toledo,habitual,False
cust-019721,24/10/2024,organic, Comunidad Valenciana ,Valencia,ocasional,True
cust-033311,18 de junio de 2025,email, Andalucía ,Sevilla,habitual,True
cust-045980,09/02/2024,organic,comunidad valenciana,Valencia,habitual,True
cust-051123,27/04/2026,direct,madrid,Madrid,habitual,True
cust-015104,14 de mayo de 2025,organic,Galicia,A Coruña,ocasional,True
cust-029092,2025-06-18,email,CANARIAS,Las Palmas,nuevo,True
cust-005001,2026-04-01,organic, Andalucía ,Sevilla,habitual,True
cust-006779,2025-01-01,email,CASTILLA Y LEÓN,Valladolid,nuevo,False
cust-019094,09/06/2025,affiliate, Comunidad Valenciana ,Valencia,ocasional,False
cust-027137,8 de diciembre de 2024,affiliate,Cataluña ,Barcelona,nuevo,False
cust-048798,25/07/2024,email, Castilla y León ,Valladolid,ocasional,True
cust-038918,16 de diciembre de 2024,direct,Madrid,Madrid,habitual,True
cust-007560,2024-03-21,paid_social, Madrid ,Madrid,ocasional,True
cust-037590,14 de octubre de 2024,email,MADRID,Madrid,nuevo,True
cust-030669,14/07/2024,organic,cataluña,Barcelona,ocasional,True
cust-012550,2023-04-15,paid_search, País Vasco ,Bilbao,nuevo,True
cust-012337,05/05/2024,direct,extremadura,Badajoz,nuevo,True
cust-010914,31 de agosto de 2025,organic, Cataluña ,Barcelona,nuevo,False
cust-035861,2024-11-28,paid_search,CATALUÑA,Barcelona,ocasional,False
cust-037499,08/04/2025,organic, Andalucía ,Sevilla,vip,False
cust-058944,17/05/2026,paid_social,cantabria,Santander,nuevo,True
cust-011259,2024-11-12,organic,GALICIA,A Coruña,ocasional,True
cust-010905,17/10/2025,direct,galicia,A Coruña,ocasional,False
cust-046397,26/10/2024,organic, Cataluña ,Barcelona,habitual,True
cust-037981,18 de abril de 2023,paid_search,Asturias,Oviedo,vip,True
cust-046155,07/01/2025,organic,EXTREMADURA,Badajoz,ocasional,True
cust-041038,16/10/2025,paid_search,ANDALUCÍA,Sevilla,vip,True
cust-036826,22/08/2024,direct,COMUNIDAD VALENCIANA ,Valencia,vip,True
cust-006537,21/11/2025,email,ANDALUCÍA,Sevilla,nuevo,True
cust-025131,2023-02-12,organic,ARAGÓN,Zaragoza,nuevo,True
cust-039210,05/12/2024,email, Cataluña ,Barcelona,nuevo,True
cust-005713,20/03/2025,organic,cantabria,Santander,vip,False
cust-007647,05/09/2025,paid_search, Madrid ,Madrid,nuevo,True
cust-025455,12 de junio de 2026,direct,cataluña,Barcelona,habitual,True
cust-056553,30/12/2025,paid_search, Cataluña ,Barcelona,ocasional,True
cust-038271,07/11/2024,direct,CASTILLA Y LEÓN,Valladolid,ocasional,True
cust-006897,2024-08-17,organic,PAÍS VASCO,Bilbao,vip,True
cust-012422,20 de diciembre de 2023,paid_search,Madrid,Madrid,nuevo,True
cust-057282,2024-10-16,direct,ANDALUCÍA,Sevilla,ocasional,True
cust-048676,23 de junio de 2026,paid_social,Canarias,Las Palmas,nuevo,True
cust-018265,2024-11-15,affiliate, Andalucía ,Sevilla,habitual,True
cust-050665,11 de junio de 2025,organic,Aragón,Zaragoza,nuevo,False
cust-053000,8 de noviembre de 2025,paid_search, Madrid ,Madrid,nuevo,True
cust-034624,2023-03-07,direct, Andalucía ,Sevilla,nuevo,True
cust-029441,2024-04-26,email,Castilla y León,Valladolid,vip,True
cust-002793,16/12/2024,paid_social, Madrid ,Madrid,ocasional,True
cust-059524,28/04/2026,direct,castilla y león,Valladolid,habitual,True
cust-026351,25/05/2025,email,Madrid,,habitual,True
cust-041232,18 de agosto de 2024,direct, Canarias ,Las Palmas,nuevo,True
cust-026478,17/03/2024,direct,canarias,Las Palmas,habitual,True
cust-001205,04/06/2025,organic,COMUNIDAD VALENCIANA,Valencia,nuevo,True
cust-028907,5 de febrero de 2026,email,CATALUÑA,Barcelona,ocasional,True
cust-015427,20 de julio de 2025,direct, Andalucía ,Sevilla,habitual,True
cust-010137,14 de mayo de 2025,direct,cataluña,Barcelona,nuevo,False
cust-019999,27 de diciembre de 2024,affiliate,cataluña,Barcelona,ocasional,True
cust-017239,30 de abril de 2026,direct,MADRID,Madrid,ocasional,True
cust-029429,28 de febrero de 2024,paid_social, País Vasco ,Bilbao,nuevo,False
cust-005059,2026-01-04,paid_search,EXTREMADURA,Badajoz,habitual,True
cust-016376,15 de marzo de 2026,email,Cataluña,Barcelona,nuevo,True
cust-051286,08/10/2023,paid_social,GALICIA,,nuevo,True
cust-023406,14 de octubre de 2023,organic,CANARIAS,Las Palmas,habitual,True
cust-055307,2025-12-12,paid_search,Extremadura,Badajoz,nuevo,True
cust-027248,2026-06-14,paid_search,madrid,Madrid,nuevo,True
cust-050529,2026-04-05,organic, Aragón ,Zaragoza,ocasional,True
cust-037290,2 de abril de 2025,organic,ANDALUCÍA,Sevilla,habitual,True
cust-029724,2026-06-22,paid_search,Comunidad Valenciana,Valencia,nuevo,False
cust-026925,17 de marzo de 2024,paid_search,cataluña,Barcelona,habitual,True
cust-008088,2026-02-17,email,ANDALUCÍA ,Sevilla,vip,True
cust-004434,2026-05-29,organic, Madrid ,Madrid,ocasional,False
cust-010875,19 de enero de 2026,email,castilla y león,Valladolid,habitual,True
cust-045917,2024-04-15,organic,CANARIAS,Las Palmas,ocasional,True
cust-000177,2025-11-04,paid_search,COMUNIDAD VALENCIANA ,Valencia,habitual,False
cust-052828,23 de enero de 2026,paid_social,País Vasco,Bilbao,nuevo,False
cust-044945,2025-09-12,direct, Cataluña ,Barcelona,nuevo,True
cust-027929,06/12/2023,paid_social,MADRID,Madrid,habitual,True
cust-003256,30 de mayo de 2023,organic,país vasco,Bilbao,nuevo,True
cust-021480,15/06/2023,direct,COMUNIDAD VALENCIANA,Valencia,nuevo,False
cust-024602,2025-03-04,paid_search,Madrid,Madrid,nuevo,False
cust-003136,07/11/2024,paid_search,Andalucía,Sevilla,vip,False
cust-009105,03/05/2023,affiliate,Cataluña,Barcelona,habitual,True
cust-002007,23/01/2025,direct,ANDALUCÍA,Sevilla,nuevo,True
cust-001401,12 de marzo de 2023,organic, Galicia ,A Coruña,ocasional,True
cust-051912,5 de noviembre de 2023,email, Andalucía ,Sevilla,habitual,True
cust-049771,2023-11-08,paid_search,Madrid,Madrid,nuevo,True
cust-007530,2023-04-25,paid_search,canarias,Las Palmas,ocasional,True
cust-019885,2025-03-03,email,Cantabria,Santander,ocasional,True
cust-025790,27/05/2023,paid_search, Comunidad Valenciana ,Valencia,nuevo,True
cust-024689,2025-07-11,direct,andalucía,Sevilla,nuevo,True
cust-040688,14 de agosto de 2025,organic,andalucía,Sevilla,ocasional,True
cust-041032,15 de abril de 2025,paid_social, Extremadura ,Badajoz,ocasional,True
cust-034631,7 de febrero de 2023,organic,país vasco,Bilbao,ocasional,True
cust-012789,24/06/2023,paid_social,cataluña,Barcelona,ocasional,True
cust-053020,30 de marzo de 2026,paid_search,madrid,Madrid,vip,False
cust-024297,16 de febrero de 2024,paid_search,Galicia,A Coruña,nuevo,True
cust-009733,24/12/2025,paid_social,castilla-la mancha,Toledo,nuevo,True
cust-024282,19 de abril de 2026,paid_social,Región de Murcia,Murcia,nuevo,True
cust-029454,28 de marzo de 2026,affiliate,Andalucía,Sevilla,vip,True
cust-028772,07/05/2024,email,Andalucía,Sevilla,habitual,True
cust-000256,29 de septiembre de 2025,paid_search, Asturias ,Oviedo,habitual,True
cust-006819,12/09/2025,paid_social,madrid,Madrid,nuevo,False
cust-039924,11 de marzo de 2023,paid_search,MADRID,Madrid,vip,False
cust-036323,10 de julio de 2023,organic,Canarias,Las Palmas,habitual,True
cust-000762,19/01/2024,organic,madrid,Madrid,ocasional,True
cust-040176,28/05/2023,direct, Illes Balears ,,habitual,False
cust-023854,2025-04-21,paid_search,cataluña,Barcelona,ocasional,True
cust-040498,29/08/2023,paid_search, Madrid ,Madrid,habitual,False
cust-018936,29/11/2025,direct, Andalucía ,,habitual,True
cust-027215,2025-11-16,direct, Madrid ,Madrid,nuevo,True
cust-015095,30 de diciembre de 2024,organic,COMUNIDAD VALENCIANA,Valencia,nuevo,True
cust-028775,15/01/2026,organic,galicia,A Coruña,habitual,True
cust-006103,2026-05-23,organic, Andalucía ,Sevilla,ocasional,False
cust-000814,25 de mayo de 2026,affiliate,GALICIA,A Coruña,vip,True
cust-046913,27/03/2025,paid_social,COMUNIDAD VALENCIANA,Valencia,nuevo,True
cust-019173,2 de enero de 2024,affiliate,COMUNIDAD VALENCIANA,Valencia,habitual,False
cust-001769,2024-06-17,paid_social, Extremadura ,Badajoz,ocasional,True
cust-058487,8 de enero de 2023,direct,Madrid ,Madrid,nuevo,False
cust-043136,6 de mayo de 2026,paid_search,madrid,Madrid,ocasional,True
cust-048680,30/07/2024,paid_social, Andalucía ,Sevilla,habitual,True
cust-051667,13 de enero de 2024,paid_search, Galicia ,A Coruña,nuevo,False
cust-020141,2025-12-21,direct,Castilla y León,Valladolid,ocasional,False
cust-030632,25/10/2024,email, Castilla-La Mancha ,Toledo,nuevo,False
cust-012664,4 de octubre de 2025,direct,aragón,Zaragoza,nuevo,True
cust-050373,13 de junio de 2026,paid_search,comunidad valenciana,Valencia,nuevo,True
cust-046388,2026-05-06,email,Región de Murcia,Murcia,nuevo,True
cust-057418,7 de diciembre de 2025,email,Madrid,Madrid,nuevo,True
cust-041099,8 de febrero de 2025,direct,Castilla-La Mancha,Toledo,nuevo,False
cust-040436,10 de febrero de 2026,affiliate,andalucía,Sevilla,ocasional,True
cust-038380,2024-01-17,direct,comunidad valenciana,Valencia,ocasional,True
cust-010451,24/05/2026,paid_search,Castilla y León,Valladolid,ocasional,True
cust-053750,12/11/2025,direct,CANTABRIA,Santander,nuevo,True
cust-016140,2025-02-13,paid_social,cantabria,Santander,nuevo,False
cust-010106,2025-03-02,organic,Asturias,Oviedo,nuevo,True
cust-024204,2025-06-16,direct, Galicia ,A Coruña,habitual,True
cust-028342,17/04/2023,paid_search, Andalucía ,Sevilla,habitual,True
cust-035858,2023-03-30,affiliate,andalucía,Sevilla,nuevo,False
cust-004579,16/01/2025,paid_search,CATALUÑA,Barcelona,habitual,True
cust-056251,09/11/2025,direct,ASTURIAS,Oviedo,habitual,False
cust-048682,2026-02-18,direct,ILLES BALEARS,Palma,ocasional,False
cust-036972,03/06/2025,affiliate,Andalucía,Sevilla,nuevo,True
cust-046563,2026-06-10,paid_social,Andalucía,Sevilla,nuevo,False
cust-044210,05/12/2025,paid_search,Andalucía,Sevilla,nuevo,True
cust-008038,09/08/2023,email,CANARIAS,Las Palmas,nuevo,True
cust-026444,10/02/2026,affiliate,MADRID,Madrid,habitual,True
cust-020129,2024-11-19,paid_social, Comunidad Valenciana ,Valencia,habitual,True
cust-047733,17/05/2025,paid_social,Cataluña,Barcelona,habitual,False
cust-038713,2023-03-17,paid_social,MADRID,Madrid,nuevo,True
cust-051700,03/09/2024,paid_social,CATALUÑA,Barcelona,ocasional,True
cust-024932,10 de octubre de 2023,direct,Comunidad Valenciana,Valencia,nuevo,True
cust-020464,13/10/2023,paid_search,Andalucía,Sevilla,vip,True
cust-036605,2026-06-07,direct,CASTILLA Y LEÓN,Valladolid,ocasional,True
cust-012193,2025-07-21,paid_social, Madrid ,Madrid,habitual,False
cust-008344,21 de abril de 2023,direct,GALICIA,A Coruña,ocasional,True
cust-055351,2025-12-04,direct,MADRID,Madrid,nuevo,True
cust-006883,21/06/2026,paid_social,MADRID,Madrid,nuevo,True
cust-049764,2025-05-06,direct, Madrid ,Madrid,nuevo,True
cust-017017,2026-01-22,paid_search,País Vasco,Bilbao,ocasional,True
cust-000390,11/01/2026,paid_social,Castilla y León,Valladolid,vip,False
cust-020110,2024-05-23,organic, Galicia ,A Coruña,habitual,False
cust-027406,18/05/2025,direct,cataluña,Barcelona,ocasional,False
cust-000405,3 de mayo de 2023,paid_social,comunidad valenciana,,nuevo,True
cust-003805,20 de abril de 2025,organic,ANDALUCÍA,Sevilla,habitual,False
cust-043081,2025-10-25,email,ANDALUCÍA,Sevilla,nuevo,False
cust-026193,17/10/2025,email,Cataluña,Barcelona,ocasional,True
cust-039555,19/04/2026,organic, Madrid ,,nuevo,True
cust-028433,2023-12-10,paid_social, Galicia ,A Coruña,vip,True
cust-005038,6 de julio de 2025,direct,Galicia,A Coruña,nuevo,True
cust-004968,2023-03-30,paid_search,Comunidad Valenciana,Valencia,nuevo,True
cust-057780,27 de junio de 2024,direct, Región de Murcia ,Murcia,ocasional,True
cust-000939,29/08/2024,paid_search,madrid,Madrid,nuevo,True
cust-010602,2026-03-15,direct,Cataluña,Barcelona,nuevo,True
cust-048716,2025-10-02,paid_social,Asturias,Oviedo,ocasional,False
cust-014988,4 de agosto de 2025,organic,cataluña,Barcelona,habitual,True
cust-012070,15/11/2023,direct, Comunidad Valenciana ,Valencia,nuevo,False
cust-005319,21/11/2025,email,MADRID,Madrid,habitual,False
cust-027924,29 de junio de 2023,paid_social, Galicia ,A Coruña,nuevo,False
cust-010295,18/05/2026,affiliate,Galicia,A Coruña,nuevo,True
cust-007581,2023-09-19,organic,MADRID,Madrid,nuevo,False
cust-053949,25/10/2025,direct,Madrid,Madrid,habitual,False
cust-039965,21/05/2026,organic,país vasco,Bilbao,nuevo,True
cust-006427,2024-07-25,organic,Andalucía,Sevilla,ocasional,False
cust-025806,15/10/2025,email,andalucía,Sevilla,ocasional,True
cust-047136,2024-11-22,affiliate, Cataluña ,Barcelona,ocasional,False
cust-000298,25/02/2023,organic,andalucía,,nuevo,False
cust-011173,2023-01-24,direct,Castilla y León,Valladolid,nuevo,False
cust-059289,15 de agosto de 2025,organic,canarias,Las Palmas,habitual,True
cust-035159,30 de julio de 2025,paid_social,Andalucía,Sevilla,nuevo,True
cust-045758,19/07/2025,email,Andalucía,Sevilla,nuevo,True
cust-020915,11/06/2023,paid_social,andalucía,Sevilla,habitual,True
cust-018747,18/05/2026,direct,galicia,A Coruña,ocasional,True
cust-010373,2025-11-24,email,comunidad valenciana,Valencia,ocasional,True
cust-048979,2024-07-27,organic,COMUNIDAD VALENCIANA ,Valencia,vip,True
cust-044377,30 de junio de 2026,paid_search,Andalucía,Sevilla,ocasional,True
cust-015465,13/10/2025,affiliate,Asturias,Oviedo,nuevo,True
cust-036171,22 de mayo de 2024,email, Comunidad Valenciana ,Valencia,habitual,True
cust-037917,12/12/2023,paid_social,madrid,Madrid,habitual,False
cust-046294,2023-05-20,paid_search,comunidad valenciana,Valencia,vip,False
cust-056770,2024-06-28,paid_social,País Vasco,Bilbao,nuevo,False
cust-027524,3 de junio de 2025,paid_search,Andalucía,Sevilla,ocasional,True
cust-008117,26 de junio de 2023,email,CANARIAS ,Las Palmas,ocasional,True
cust-021517,2024-08-10,paid_social,ANDALUCÍA,Sevilla,nuevo,True
cust-047854,4 de abril de 2025,paid_social,andalucía,Sevilla,nuevo,True
cust-016177,2025-07-08,direct,Cataluña,Barcelona,ocasional,False
cust-057503,2025-03-01,organic, Andalucía ,Sevilla,nuevo,True
cust-036752,2023-10-22,direct, Illes Balears ,Palma,ocasional,True
cust-044039,20/10/2025,paid_search, Aragón ,Zaragoza,nuevo,True
cust-034502,31/12/2023,paid_search,CATALUÑA,Barcelona,habitual,True
cust-010603,2025-08-16,direct,Madrid,Madrid,ocasional,True
cust-031189,2023-04-28,direct, Asturias ,Oviedo,nuevo,True
cust-004771,2025-11-25,email,Andalucía,Sevilla,nuevo,True
cust-010232,27/10/2025,affiliate,Galicia,A Coruña,nuevo,True
cust-010938,2026-02-04,direct,Andalucía,Sevilla,nuevo,True
cust-009335,2025-03-18,email, Andalucía ,Sevilla,ocasional,False
cust-050396,31/03/2024,direct,Canarias,Las Palmas,nuevo,True
cust-019277,30/10/2025,organic,Comunidad Valenciana,Valencia,habitual,False
cust-008533,8 de noviembre de 2025,organic,CATALUÑA,,habitual,True
cust-044630,28/11/2023,direct,andalucía,Sevilla,nuevo,True
cust-039638,8 de enero de 2026,email,andalucía,Sevilla,ocasional,True
cust-002462,2 de agosto de 2025,email,cataluña,Barcelona,nuevo,True
cust-005264,2024-09-26,email, Comunidad Valenciana ,Valencia,nuevo,False
cust-058542,29 de mayo de 2024,organic,CATALUÑA,Barcelona,nuevo,True
cust-028880,28 de octubre de 2025,organic, Galicia ,A Coruña,habitual,True
cust-016552,22/05/2026,paid_social, Andalucía ,Sevilla,nuevo,True
cust-049213,07/10/2025,affiliate,castilla-la mancha,Toledo,vip,True
cust-003272,01/10/2023,affiliate,Illes Balears,Palma,nuevo,False
cust-058350,30/06/2026,organic,MADRID,Madrid,vip,True
cust-034562,01/04/2024,direct,Cataluña,Barcelona,vip,False
cust-049382,2026-02-07,paid_search,andalucía,Sevilla,nuevo,True
cust-011328,12/06/2026,affiliate,cataluña,Barcelona,nuevo,True
cust-025152,2025-06-02,paid_search,ANDALUCÍA,Sevilla,habitual,False
cust-000798,2026-03-20,affiliate, Comunidad Valenciana ,Valencia,habitual,False
cust-032155,28 de septiembre de 2024,email, Madrid ,Madrid,nuevo,True
cust-033870,19/12/2023,email,Cataluña,Barcelona,habitual,True
cust-014024,14/08/2025,organic,Comunidad Valenciana,Valencia,vip,False
cust-041029,23 de marzo de 2026,paid_search,Aragón,Zaragoza,ocasional,True
cust-022937,9 de diciembre de 2025,paid_search,MADRID,Madrid,ocasional,True
cust-046733,7 de febrero de 2026,direct, Andalucía ,Sevilla,vip,True
cust-014548,29/01/2024,paid_social,Andalucía,Sevilla,habitual,True
cust-036139,28/11/2024,organic,Región de Murcia,Murcia,nuevo,True
cust-001761,7 de abril de 2025,email, Castilla y León ,Valladolid,ocasional,True
cust-032222,27 de febrero de 2024,paid_search, País Vasco ,Bilbao,vip,False
cust-015309,20 de septiembre de 2024,organic, Galicia ,A Coruña,habitual,True
cust-012701,2026-01-28,organic,Andalucía,Sevilla,habitual,False
cust-029194,3 de enero de 2025,email,Andalucía,Sevilla,nuevo,True
cust-044266,2024-05-17,paid_search, Región de Murcia ,Murcia,nuevo,True
cust-050024,20 de febrero de 2026,direct,REGIÓN DE MURCIA,Murcia,nuevo,True
cust-055850,13/12/2023,organic, Castilla y León ,Valladolid,habitual,True
cust-020537,28/06/2024,paid_search,Andalucía,Sevilla,ocasional,True
cust-058158,16 de abril de 2025,direct,CATALUÑA,Barcelona,nuevo,True
cust-002394,25 de noviembre de 2023,direct,madrid,Madrid,habitual,True
cust-024384,06/01/2025,paid_social,comunidad valenciana,Valencia,ocasional,True
cust-032737,2023-12-04,direct, Andalucía ,Sevilla,nuevo,False
cust-051115,03/03/2024,direct,andalucía,Sevilla,ocasional,True
cust-042383,2024-11-08,paid_search, Andalucía ,Sevilla,habitual,False
cust-004005,23 de febrero de 2024,email,Madrid,Madrid,nuevo,False
cust-021502,9 de abril de 2025,direct, Galicia ,A Coruña,habitual,True
cust-022224,26/03/2024,organic, Andalucía ,Sevilla,nuevo,True
cust-005014,14 de febrero de 2026,email,ASTURIAS,Oviedo,habitual,False
cust-018768,8 de marzo de 2025,organic,andalucía,Sevilla,habitual,False
cust-028884,14 de septiembre de 2023,email, Madrid ,Madrid,nuevo,True
cust-029359,21/02/2024,email,Andalucía,Sevilla,vip,True
cust-040711,10 de febrero de 2024,paid_social,Andalucía,Sevilla,vip,True
cust-035975,23/06/2026,direct,País Vasco,Bilbao,nuevo,False
cust-018820,2023-07-25,email,Canarias,Las Palmas,vip,True
cust-005197,01/06/2026,organic,Comunidad Valenciana,Valencia,ocasional,True
cust-030584,16/04/2024,direct, Cataluña ,Barcelona,nuevo,True
cust-008487,2025-11-11,direct,madrid,Madrid,nuevo,True
cust-056899,1 de noviembre de 2025,affiliate,Comunidad Valenciana,Valencia,ocasional,True
cust-051985,29 de mayo de 2026,direct,comunidad valenciana,Valencia,nuevo,True
cust-003687,29/10/2024,paid_social,Madrid,Madrid,nuevo,True
cust-047663,18 de noviembre de 2024,organic,andalucía,Sevilla,habitual,False
cust-010930,6 de marzo de 2025,direct, Andalucía ,Sevilla,habitual,True
cust-026258,24/01/2024,affiliate, Canarias ,Las Palmas,vip,True
cust-029765,28 de julio de 2025,direct,ARAGÓN,Zaragoza,ocasional,True
cust-045157,2025-12-09,direct, Andalucía ,Sevilla,ocasional,True
cust-002880,17 de octubre de 2025,paid_social,Aragón,Zaragoza,nuevo,True
cust-054485,2023-07-09,organic,Aragón,Zaragoza,vip,True
cust-009349,6 de mayo de 2026,paid_social,aragón,Zaragoza,nuevo,True
cust-038011,2024-07-25,paid_social,ANDALUCÍA,Sevilla,habitual,False
cust-051479,13/02/2026,paid_search,Madrid,Madrid,nuevo,False
cust-026424,4 de septiembre de 2023,paid_social, Galicia ,A Coruña,vip,True
cust-020842,20/12/2025,email,Comunidad Valenciana,Valencia,nuevo,True
cust-019777,08/04/2026,email,Comunidad Valenciana,Valencia,nuevo,True
cust-006635,25/07/2023,paid_social,ANDALUCÍA ,,nuevo,True
cust-014645,13/08/2023,paid_search,Región de Murcia,Murcia,vip,True
cust-029143,13 de agosto de 2025,direct, Comunidad Valenciana ,Valencia,nuevo,True
cust-051809,10/05/2025,direct, Galicia ,A Coruña,nuevo,True
cust-054991,2026-04-25,paid_search,Madrid,Madrid,nuevo,False
cust-033376,18/06/2026,organic,cataluña,Barcelona,ocasional,False
cust-029671,2026-03-05,paid_search,CATALUÑA,Barcelona,ocasional,True
cust-036460,2026-04-20,paid_search, Aragón ,Zaragoza,vip,True
cust-049646,16 de enero de 2026,paid_search,Región de Murcia,Murcia,ocasional,False
cust-058693,22/05/2025,direct,MADRID,Madrid,nuevo,True
cust-023692,03/05/2025,organic,Madrid,Madrid,nuevo,True
cust-014382,13 de noviembre de 2023,paid_search, Andalucía ,Sevilla,ocasional,True
cust-034994,2025-03-10,paid_social,Madrid,Madrid,ocasional,False
cust-036826,22/08/2024,direct,COMUNIDAD VALENCIANA,Valencia,vip,True
cust-022289,18/04/2026,organic,País Vasco,,ocasional,True
cust-045469,17 de enero de 2026,email,CASTILLA Y LEÓN,Valladolid,habitual,True
cust-038359,10 de marzo de 2026,organic,CANARIAS,Las Palmas,nuevo,True
cust-043658,2024-06-06,paid_search,CASTILLA-LA MANCHA,Toledo,ocasional,True
cust-058604,13 de febrero de 2024,direct, Cataluña ,Barcelona,habitual,True
cust-032330,05/01/2026,direct,illes balears,Palma,vip,True
cust-002912,07/08/2025,direct,región de murcia,Murcia,nuevo,True
cust-029313,2025-01-10,paid_search,ANDALUCÍA,Sevilla,ocasional,True
cust-041777,10/08/2024,affiliate,COMUNIDAD VALENCIANA,Valencia,ocasional,True
cust-012905,2026-02-15,email,ASTURIAS,Oviedo,ocasional,False
cust-014161,2024-01-12,paid_search,Comunidad Valenciana,Valencia,habitual,True
cust-000568,2023-07-16,direct, Cataluña ,,habitual,False
cust-049313,17 de diciembre de 2024,direct,Madrid,Madrid,nuevo,True
cust-017657,28 de mayo de 2026,organic,Castilla y León,Valladolid,nuevo,True
cust-020477,2 de mayo de 2024,organic,andalucía,Sevilla,habitual,True
cust-050323,2025-07-21,organic,cataluña,Barcelona,vip,True
cust-019154,9 de mayo de 2023,affiliate,canarias,Las Palmas,nuevo,False
cust-008365,11/07/2023,direct,REGIÓN DE MURCIA,Murcia,ocasional,True
cust-001057,20 de noviembre de 2025,paid_social,andalucía,Sevilla,ocasional,True
cust-050631,2024-11-06,organic,MADRID,Madrid,habitual,True
cust-010516,31 de diciembre de 2025,organic,Galicia,A Coruña,nuevo,False
cust-004802,2025-06-24,paid_search, Cataluña ,Barcelona,habitual,True
cust-044210,05/12/2025,paid_search,Andalucía,Sevilla,nuevo,True
cust-052528,2024-04-30,organic,Andalucía,Sevilla,ocasional,False
cust-054749,2025-08-01,email,NAVARRA,Pamplona,nuevo,True
cust-054413,18/05/2023,direct,Comunidad Valenciana,Valencia,habitual,True
cust-001355,2024-11-18,direct, Extremadura ,Badajoz,nuevo,True
cust-056929,14 de febrero de 2025,direct, Illes Balears ,Palma,nuevo,True
cust-033561,2024-12-31,paid_search,madrid,,nuevo,True
cust-015044,2025-10-04,direct,región de murcia ,Murcia,ocasional,False
cust-017597,20 de julio de 2024,organic,PAÍS VASCO,,ocasional,False
cust-031501,25/03/2026,direct,madrid,,habitual,False
cust-037340,17 de noviembre de 2025,affiliate,Cataluña,Barcelona,habitual,False
cust-049759,21 de enero de 2026,direct,ILLES BALEARS,Palma,ocasional,True
cust-019257,23 de enero de 2025,email,cataluña,Barcelona,vip,True
cust-014818,29/10/2024,affiliate,Galicia,A Coruña,ocasional,True
cust-008771,18 de mayo de 2026,direct,Illes Balears,Palma,habitual,True
cust-047317,10 de febrero de 2026,organic, Andalucía ,Sevilla,nuevo,True
cust-009061,7 de julio de 2025,email, Canarias ,Las Palmas,ocasional,True
cust-032066,27/10/2024,affiliate,CASTILLA-LA MANCHA,Toledo,habitual,False
cust-030222,03/01/2025,paid_social,andalucía,Sevilla,habitual,True
cust-016720,31 de julio de 2025,organic, Navarra ,Pamplona,nuevo,False
cust-029873,13 de marzo de 2025,paid_search,Comunidad Valenciana,Valencia,habitual,True
cust-001248,29/05/2024,affiliate,País Vasco,Bilbao,habitual,True
cust-030126,10 de marzo de 2025,paid_search,extremadura,Badajoz,habitual,True
cust-016800,26/01/2023,email, Madrid ,Madrid,nuevo,False
cust-000630,2024-05-15,direct,Castilla y León,Valladolid,nuevo,True
cust-044094,11/12/2024,paid_search,Aragón,Zaragoza,habitual,True
cust-024448,2026-03-30,email,andalucía,Sevilla,nuevo,True
cust-057833,20/07/2024,paid_social,Madrid,Madrid,nuevo,False
cust-042581,06/06/2026,organic,CANARIAS,Las Palmas,ocasional,True
cust-049256,25 de abril de 2024,organic,ANDALUCÍA,Sevilla,nuevo,True
cust-008112,2024-04-08,paid_social,andalucía,Sevilla,ocasional,False
cust-017766,16 de agosto de 2025,paid_social, Andalucía ,Sevilla,habitual,True
cust-045255,2026-06-18,organic,CASTILLA-LA MANCHA,Toledo,vip,True
cust-045486,2023-09-03,email, País Vasco ,Bilbao,nuevo,True
cust-027073,2024-12-25,organic,Comunidad Valenciana,Valencia,habitual,False
cust-004792,2025-06-01,direct,País Vasco,Bilbao,ocasional,False
cust-009629,2025-09-24,paid_search, Cataluña ,Barcelona,nuevo,True
cust-039873,17 de junio de 2026,direct,Andalucía,Sevilla,vip,False
cust-049418,14/12/2024,organic,Andalucía,Sevilla,nuevo,True
cust-007159,19 de febrero de 2026,direct,Andalucía,Sevilla,ocasional,True
cust-057219,2025-01-15,direct,COMUNIDAD VALENCIANA,Valencia,habitual,True
cust-003329,2025-08-06,direct, Madrid ,Madrid,nuevo,False
cust-059346,23 de enero de 2026,direct, Andalucía ,Sevilla,ocasional,True
cust-026820,2025-02-24,direct,Aragón,Zaragoza,nuevo,True
cust-055654,23/04/2023,paid_search, Cataluña ,Barcelona,ocasional,True
cust-004074,31/05/2023,paid_search,castilla-la mancha,Toledo,ocasional,False
cust-018171,2025-11-30,affiliate,Madrid,Madrid,nuevo,True
cust-054611,14/11/2024,paid_social,cataluña,Barcelona,habitual,True
cust-028182,18 de junio de 2024,paid_search, Galicia ,A Coruña,nuevo,False
cust-044953,27/03/2024,paid_search, Asturias ,Oviedo,habitual,True
cust-048979,2024-07-27,organic,COMUNIDAD VALENCIANA,Valencia,vip,True
cust-016329,05/03/2025,direct,cantabria,Santander,nuevo,False
cust-041224,25/12/2023,direct,MADRID,Madrid,habitual,False
cust-009273,5 de enero de 2026,organic,Andalucía,Sevilla,nuevo,True
cust-056300,30 de enero de 2025,affiliate,navarra,Pamplona,habitual,True
cust-034915,23/07/2024,email,Illes Balears,Palma,habitual,True
cust-036846,10 de octubre de 2025,organic,MADRID,Madrid,nuevo,False
cust-050979,19 de enero de 2024,organic,Comunidad Valenciana,Valencia,habitual,True
cust-048515,18/02/2026,paid_search,Cantabria,Santander,habitual,True
cust-058120,2025-01-27,paid_search,Andalucía,Sevilla,nuevo,True
cust-036571,21/02/2026,paid_search,Cantabria,Santander,vip,True
cust-021956,18 de abril de 2026,paid_search,Cataluña,Barcelona,ocasional,True
cust-007916,13 de enero de 2024,paid_search,madrid,Madrid,habitual,True
cust-039816,2024-02-17,paid_search,andalucía,Sevilla,habitual,True
cust-008582,2023-10-23,email,ANDALUCÍA,Sevilla,nuevo,False
cust-059013,2024-11-24,paid_social,illes balears,Palma,ocasional,False
cust-012914,2025-02-01,direct,cataluña,Barcelona,nuevo,True
cust-015507,2026-03-31,direct,GALICIA,A Coruña,habitual,True
cust-024816,2024-10-07,direct, Aragón ,,nuevo,False
cust-026272,2023-09-17,paid_social, Comunidad Valenciana ,Valencia,nuevo,True
cust-000265,2024-03-27,organic, Madrid ,Madrid,nuevo,True
cust-043743,9 de abril de 2025,paid_social,CATALUÑA,Barcelona,ocasional,True
cust-002706,2026-04-09,paid_social, Andalucía ,Sevilla,habitual,True
cust-021639,16 de febrero de 2025,direct,Asturias,Oviedo,ocasional,False
cust-009242,14/07/2024,paid_search, Andalucía ,Sevilla,ocasional,True
cust-001772,18/01/2025,direct, Cataluña ,Barcelona,habitual,True
cust-048276,14/10/2023,direct,Asturias,Oviedo,nuevo,True
cust-043740,16/01/2025,organic, Madrid ,Madrid,vip,True
cust-036163,9 de marzo de 2024,direct, Galicia ,A Coruña,vip,False
cust-025393,26/05/2024,direct, Andalucía ,Sevilla,habitual,True
cust-027332,27 de noviembre de 2025,paid_search, Andalucía ,Sevilla,ocasional,True
cust-051157,16/04/2024,direct,Galicia,A Coruña,ocasional,True
cust-024966,2025-04-06,organic,EXTREMADURA,Badajoz,nuevo,True
cust-021035,15/06/2024,organic,cataluña,Barcelona,habitual,True
cust-040050,20/03/2025,direct,Cataluña,Barcelona,nuevo,True
cust-004278,2023-12-29,organic,MADRID,,nuevo,False
cust-024037,2025-05-07,affiliate,ANDALUCÍA,Sevilla,nuevo,False
cust-019592,10/04/2023,organic, Comunidad Valenciana ,Valencia,nuevo,True
cust-050020,27/06/2026,organic, Región de Murcia ,Murcia,vip,True
cust-042279,2025-06-04,paid_search, Cataluña ,Barcelona,ocasional,True
cust-054051,14/12/2025,organic,madrid,Madrid,vip,True
cust-033770,2026-04-22,paid_search,madrid,Madrid,nuevo,True
cust-007605,2026-03-25,direct,galicia,A Coruña,habitual,False
cust-028612,7 de febrero de 2023,direct,CASTILLA-LA MANCHA,Toledo,nuevo,True
cust-052600,2025-08-04,paid_social,galicia,A Coruña,ocasional,False
cust-018533,2023-04-12,direct,Región de Murcia,,habitual,True
cust-005696,18/06/2024,affiliate,galicia,,nuevo,True
cust-021220,2025-03-07,organic, Comunidad Valenciana ,Valencia,ocasional,True
cust-036142,10/03/2024,email,extremadura,Badajoz,nuevo,False
cust-030252,2023-11-24,direct, Comunidad Valenciana ,Valencia,ocasional,False
cust-058193,11 de abril de 2026,affiliate,comunidad valenciana,Valencia,nuevo,False
cust-050907,24 de octubre de 2024,paid_search,CATALUÑA,Barcelona,habitual,False
cust-044524,06/04/2026,organic,COMUNIDAD VALENCIANA,Valencia,habitual,True
cust-059186,16 de septiembre de 2023,paid_social, Andalucía ,Sevilla,habitual,False
cust-019189,21/12/2025,paid_search,castilla-la mancha,Toledo,nuevo,False
cust-017541,28/02/2026,paid_search,Andalucía,Sevilla,ocasional,False
cust-030870,16 de abril de 2025,affiliate,Andalucía,,ocasional,False
cust-017262,19/02/2025,direct,PAÍS VASCO,Bilbao,nuevo,True
cust-000893,4 de noviembre de 2024,affiliate,comunidad valenciana,Valencia,habitual,False
cust-041867,10/05/2023,paid_social, Andalucía ,Sevilla,habitual,True
cust-006523,2025-10-04,email,Región de Murcia,Murcia,nuevo,True
cust-031185,4 de mayo de 2023,organic,cataluña,Barcelona,ocasional,True
cust-016428,23 de enero de 2024,paid_social,región de murcia,Murcia,habitual,True
cust-059012,11 de mayo de 2026,organic,ANDALUCÍA,Sevilla,vip,True
cust-051706,13/08/2024,email, Andalucía ,Sevilla,nuevo,True
cust-056042,16/06/2023,direct,EXTREMADURA,Badajoz,nuevo,False
cust-000187,23 de junio de 2025,paid_search,Castilla y León,Valladolid,ocasional,False
cust-056150,27/11/2025,paid_social,castilla-la mancha,,nuevo,True
cust-018268,2025-09-19,direct,galicia,A Coruña,nuevo,True
cust-015461,08/05/2024,direct,ANDALUCÍA,Sevilla,nuevo,False
cust-036344,2026-02-11,paid_search,Cataluña,Barcelona,ocasional,True
cust-026318,24/04/2026,direct, Canarias ,Las Palmas,ocasional,False
cust-049256,25 de abril de 2024,organic,ANDALUCÍA,Sevilla,nuevo,True
cust-046267,27 de noviembre de 2025,paid_search,ANDALUCÍA,Sevilla,nuevo,False
cust-058695,24 de septiembre de 2024,email, Cataluña ,Barcelona,habitual,False
cust-009022,15 de enero de 2025,direct,Cataluña,Barcelona,habitual,False
cust-008863,30 de septiembre de 2024,direct, Andalucía ,Sevilla,nuevo,True
cust-058565,12/09/2024,direct,Canarias,,nuevo,True
cust-049644,06/06/2026,paid_social,Comunidad Valenciana,Valencia,ocasional,True
cust-027788,2025-04-25,paid_search,Madrid,Madrid,nuevo,True
cust-059749,2025-06-14,paid_search,castilla y león ,Valladolid,ocasional,True
cust-012353,2025-03-06,organic,Andalucía,Sevilla,ocasional,True
cust-053155,08/10/2025,email,ANDALUCÍA,Sevilla,habitual,True
cust-055493,22/01/2023,paid_search, Extremadura ,Badajoz,habitual,False
cust-054980,2025-05-17,email,andalucía,Sevilla,nuevo,False
cust-028145,25/05/2025,direct,Canarias,Las Palmas,ocasional,False
cust-046717,22/06/2026,email, Extremadura ,,ocasional,True
cust-021362,25 de julio de 2025,organic,GALICIA,A Coruña,habitual,True
cust-016783,18/12/2025,direct,Madrid,Madrid,habitual,True
cust-007366,02/06/2025,direct,COMUNIDAD VALENCIANA,Valencia,nuevo,True
cust-006546,22 de junio de 2024,email, País Vasco ,Bilbao,nuevo,True
cust-058083,01/08/2025,paid_search,comunidad valenciana,Valencia,nuevo,True
cust-054451,2024-08-02,paid_social,andalucía,Sevilla,nuevo,True
cust-022666,8 de marzo de 2025,direct,CANARIAS,Las Palmas,nuevo,True
cust-045000,7 de noviembre de 2025,paid_search, Andalucía ,,nuevo,True
cust-033970,12/10/2023,organic, Cataluña ,Barcelona,habitual,True
cust-027982,2023-04-22,direct,CASTILLA Y LEÓN,Valladolid,vip,True
cust-013029,24/04/2023,email, Canarias ,Las Palmas,ocasional,True
cust-053624,20/05/2026,email, Castilla y León ,Valladolid,vip,False
cust-051671,07/04/2023,organic,ARAGÓN,Zaragoza,ocasional,True
cust-017125,25 de diciembre de 2025,email, Cataluña ,Barcelona,nuevo,False
cust-028000,11 de junio de 2025,affiliate,CATALUÑA,Barcelona,ocasional,True
cust-036937,10/03/2025,organic, Comunidad Valenciana ,,habitual,True
cust-016064,24/07/2023,direct, Navarra ,Pamplona,habitual,True
cust-054079,2 de noviembre de 2025,direct, País Vasco ,Bilbao,ocasional,True
cust-020755,16/04/2026,organic, Andalucía ,Sevilla,ocasional,True
cust-045401,8 de julio de 2023,direct,MADRID,Madrid,nuevo,True
cust-025426,9 de octubre de 2025,paid_social,madrid,Madrid,vip,True
cust-030593,2026-02-03,organic,Cataluña,Barcelona,habitual,True
cust-022356,7 de mayo de 2026,organic, Castilla y León ,Valladolid,ocasional,False
cust-029945,29/02/2024,direct, País Vasco ,Bilbao,ocasional,False
cust-020158,16/07/2025,organic, Canarias ,Las Palmas,vip,True
cust-024996,2025-11-21,paid_search,Cataluña,Barcelona,vip,True
cust-050149,19/03/2025,direct, País Vasco ,Bilbao,ocasional,False
cust-015001,28 de diciembre de 2023,organic,Comunidad Valenciana,Valencia,ocasional,True
cust-059842,2025-05-04,organic, Castilla y León ,Valladolid,habitual,True
cust-039685,2026-03-20,email,andalucía,Sevilla,ocasional,False
cust-020060,30/07/2025,paid_social,MADRID,Madrid,nuevo,True
cust-018057,31/10/2023,organic,ANDALUCÍA,Sevilla,nuevo,True
cust-034958,29/08/2025,affiliate,madrid,Madrid,habitual,True
cust-024170,2023-08-30,organic,andalucía,Sevilla,habitual,True
cust-035288,25/11/2023,organic,País Vasco,Bilbao,ocasional,True
cust-049611,26/08/2024,direct,Andalucía,Sevilla,nuevo,True
cust-035705,11/04/2023,direct, Andalucía ,Sevilla,nuevo,False
cust-042856,16/03/2026,direct,CANTABRIA,Santander,nuevo,False
cust-054238,2026-01-05,direct,CATALUÑA,Barcelona,nuevo,True
cust-006798,15/12/2023,organic,CANTABRIA,Santander,nuevo,True
cust-041251,18 de agosto de 2025,email,CANTABRIA,Santander,nuevo,True
cust-003886,02/06/2024,direct,ANDALUCÍA,Sevilla,nuevo,True
cust-043738,14/03/2024,organic,Andalucía,Sevilla,ocasional,True
cust-001236,3 de junio de 2024,paid_search,CASTILLA Y LEÓN,Valladolid,habitual,True
cust-046107,2024-06-25,email,Madrid,Madrid,vip,False
cust-006537,21/11/2025,email,ANDALUCÍA ,Sevilla,nuevo,True
cust-033299,2025-12-31,organic, Comunidad Valenciana ,Valencia,nuevo,True
cust-050441,2025-06-24,direct, Cataluña ,Barcelona,nuevo,True
cust-012221,16 de junio de 2024,direct,región de murcia,Murcia,ocasional,False
cust-021120,02/04/2026,direct, Cataluña ,,nuevo,True
cust-035945,2026-03-23,organic,CASTILLA Y LEÓN,Valladolid,habitual,True
cust-024488,2025-12-09,organic,madrid,Madrid,habitual,True
cust-007198,2025-10-10,paid_search,castilla-la mancha,Toledo,ocasional,False
cust-025886,08/08/2023,affiliate,País Vasco,Bilbao,ocasional,False
cust-019533,15 de marzo de 2024,paid_search,andalucía,Sevilla,habitual,True
cust-008946,07/09/2023,paid_social,CATALUÑA,Barcelona,nuevo,True
cust-044772,2023-11-10,affiliate,Madrid,Madrid,ocasional,True
cust-045828,07/01/2024,email, Cataluña ,Barcelona,nuevo,False
cust-059938,4 de junio de 2023,paid_search,Comunidad Valenciana,Valencia,ocasional,False
cust-058367,1 de agosto de 2024,direct,cataluña,Barcelona,ocasional,True
cust-021044,28 de diciembre de 2024,paid_social,Castilla y León,Valladolid,habitual,True
cust-006379,2026-06-30,direct,Castilla-La Mancha,Toledo,habitual,True
cust-012761,10 de mayo de 2026,email,Andalucía,,vip,False
cust-043099,2025-08-22,direct,Madrid,Madrid,ocasional,False
cust-009795,12 de junio de 2024,direct,Andalucía,Sevilla,habitual,True
cust-059242,25 de enero de 2023,organic, Comunidad Valenciana ,Valencia,ocasional,True
cust-024964,21 de marzo de 2025,organic,Canarias,Las Palmas,vip,True
cust-056571,01/05/2026,paid_social,Cataluña,Barcelona,vip,True
cust-053359,2026-01-08,paid_search,CASTILLA-LA MANCHA,Toledo,nuevo,True
cust-015650,27/02/2025,email,CASTILLA Y LEÓN,Valladolid,ocasional,True
cust-008281,22/06/2025,affiliate,Comunidad Valenciana,Valencia,nuevo,True
cust-032500,1 de febrero de 2026,direct,canarias,Las Palmas,habitual,False
cust-048053,4 de agosto de 2025,direct,COMUNIDAD VALENCIANA,Valencia,ocasional,True
cust-038337,3 de noviembre de 2024,paid_search,CASTILLA Y LEÓN,Valladolid,ocasional,False
cust-052684,6 de diciembre de 2025,direct,CANARIAS,Las Palmas,ocasional,False
cust-014300,17 de julio de 2024,paid_social,galicia,A Coruña,nuevo,True
cust-004128,12/03/2025,direct,galicia,A Coruña,ocasional,True
cust-008466,2025-11-07,direct,ANDALUCÍA,Sevilla,ocasional,True
cust-019009,26 de junio de 2024,email,CATALUÑA,Barcelona,ocasional,False
cust-023418,08/02/2026,direct, Cataluña ,Barcelona,vip,True
cust-011191,23 de junio de 2024,direct, Cataluña ,Barcelona,nuevo,True
cust-041676,30 de noviembre de 2025,paid_search,Cataluña,Barcelona,ocasional,True
cust-042618,15/03/2026,direct, Extremadura ,Badajoz,nuevo,False
cust-057580,20 de noviembre de 2025,direct,castilla y león,Valladolid,nuevo,False
cust-005676,2023-10-25,direct,cataluña,Barcelona,ocasional,True
cust-034745,2 de julio de 2024,direct,Madrid ,Madrid,nuevo,True
cust-001477,28/04/2024,affiliate,Castilla-La Mancha,Toledo,ocasional,False
cust-030525,2024-11-28,email,REGIÓN DE MURCIA,Murcia,nuevo,True
cust-001512,21/10/2025,direct,andalucía,,nuevo,True
cust-039595,2025-06-08,email,COMUNIDAD VALENCIANA,Valencia,nuevo,True
cust-042303,01/01/2023,organic,Comunidad Valenciana,Valencia,nuevo,False
cust-030839,13/05/2023,direct, Castilla y León ,,nuevo,False
cust-050251,22 de junio de 2025,direct, Cataluña ,Barcelona,habitual,True
cust-031196,27 de junio de 2025,paid_search, Andalucía ,Sevilla,nuevo,True
cust-039813,2024-07-20,paid_social, Madrid ,Madrid,nuevo,True
cust-011352,15/12/2024,affiliate,madrid,Madrid,nuevo,True
cust-038796,1 de abril de 2026,affiliate,Navarra,Pamplona,ocasional,True
cust-053191,16/10/2024,direct,región de murcia,Murcia,vip,False
cust-033182,2025-03-17,paid_social,Navarra,Pamplona,nuevo,True
cust-041883,22/01/2025,paid_search, Asturias ,Oviedo,habitual,False
cust-017445,2024-09-22,direct, Cataluña ,Barcelona,ocasional,False
cust-018300,18/02/2026,direct,andalucía,Sevilla,habitual,True
cust-007089,01/04/2026,affiliate,CASTILLA-LA MANCHA,Toledo,ocasional,True
cust-038790,2023-01-05,organic,MADRID,Madrid,habitual,False
cust-039997,14 de julio de 2024,direct, Andalucía ,Sevilla,habitual,False
cust-041855,04/03/2026,organic, Andalucía ,Sevilla,habitual,True
cust-059676,2025-04-26,affiliate,comunidad valenciana,Valencia,vip,True
cust-012860,2025-12-14,paid_search,Región de Murcia,Murcia,vip,False
cust-049528,2026-02-12,paid_search,andalucía,Sevilla,ocasional,True
cust-050066,11 de noviembre de 2024,paid_social,castilla y león,Valladolid,habitual,True
cust-007059,10/06/2024,direct,andalucía,Sevilla,nuevo,True
cust-055473,20 de noviembre de 2023,direct,MADRID,Madrid,habitual,True
cust-017675,28 de diciembre de 2025,direct, Cataluña ,Barcelona,ocasional,True
cust-024089,1 de octubre de 2023,email,ILLES BALEARS,Palma,nuevo,True
cust-007247,23 de julio de 2023,paid_search,CATALUÑA,Barcelona,habitual,True
cust-012168,06/08/2023,paid_search,Andalucía,Sevilla,nuevo,True
cust-014201,2023-07-25,paid_social,Andalucía,Sevilla,nuevo,True
cust-001743,29/12/2025,affiliate,extremadura,Badajoz,nuevo,True
cust-053671,11/12/2025,direct,Madrid,Madrid,ocasional,True
cust-025226,2024-11-13,organic,Galicia,A Coruña,habitual,True
cust-040797,12/11/2025,direct,Cataluña,Barcelona,habitual,True
cust-010067,20 de abril de 2024,direct, Madrid ,Madrid,vip,True
cust-058890,27 de febrero de 2026,direct, Madrid ,Madrid,nuevo,True
cust-030955,22 de julio de 2025,affiliate,GALICIA,A Coruña,ocasional,True
cust-029538,2024-08-21,email,castilla y león,Valladolid,nuevo,True
cust-056271,07/08/2023,organic, Castilla-La Mancha ,Toledo,nuevo,False
cust-039575,2025-09-29,email,Canarias,Las Palmas,habitual,False
cust-009431,1 de agosto de 2023,organic,Madrid,Madrid,habitual,True
cust-040236,14/12/2025,direct,andalucía,Sevilla,nuevo,True
cust-044459,2026-05-22,organic,Comunidad Valenciana,,ocasional,False
cust-006114,10/03/2024,organic,MADRID,Madrid,nuevo,False
cust-025910,2025-09-25,email,comunidad valenciana,Valencia,nuevo,False
cust-049734,2025-03-21,paid_search,Comunidad Valenciana,Valencia,nuevo,True
cust-041944,08/11/2024,direct,País Vasco,,habitual,True
cust-014466,29 de enero de 2025,direct,País Vasco,Bilbao,nuevo,True
cust-050809,19/02/2026,email,canarias,Las Palmas,nuevo,True
cust-031150,06/04/2026,direct,castilla y león,Valladolid,nuevo,False
cust-013784,23 de marzo de 2024,email,MADRID,Madrid,nuevo,True
cust-042952,2025-05-22,paid_search,aragón ,Zaragoza,ocasional,True
cust-005933,2024-01-05,affiliate,extremadura,Badajoz,ocasional,False
cust-016098,19 de octubre de 2023,email,CATALUÑA,Barcelona,vip,True
cust-038004,2025-08-17,paid_search,GALICIA,A Coruña,vip,False
cust-057983,14/11/2025,direct,Madrid,Madrid,ocasional,False
cust-014607,2025-10-08,affiliate,MADRID,Madrid,nuevo,False
cust-012956,18 de abril de 2026,direct, Aragón ,Zaragoza,vip,True
cust-023317,20 de abril de 2025,direct, Cataluña ,Barcelona,vip,True
cust-023313,05/01/2024,affiliate, Madrid ,Madrid,ocasional,True
cust-035290,9 de abril de 2025,email,andalucía,Sevilla,ocasional,True
cust-019585,2025-09-03,email,comunidad valenciana,Valencia,nuevo,True
cust-001820,19/12/2025,affiliate, Comunidad Valenciana ,Valencia,ocasional,False
cust-014009,25/01/2026,direct,Madrid,Madrid,habitual,False
cust-016564,18/04/2025,affiliate,madrid,Madrid,habitual,False
cust-028662,16 de agosto de 2025,paid_social,PAÍS VASCO,Bilbao,habitual,True
cust-019339,2026-04-18,affiliate,CANARIAS,Las Palmas,ocasional,True
cust-058199,4 de junio de 2025,paid_search, Madrid ,Madrid,habitual,True
cust-053832,2024-07-27,email,madrid,Madrid,nuevo,True
cust-002082,02/06/2023,email, Región de Murcia ,Murcia,habitual,True
cust-011945,12 de agosto de 2024,direct, Andalucía ,Sevilla,ocasional,False
cust-039193,23 de noviembre de 2023,organic,Andalucía,Sevilla,ocasional,True
cust-047924,31/12/2023,affiliate,ANDALUCÍA,Sevilla,ocasional,True
cust-002303,25 de julio de 2024,email, Asturias ,Oviedo,habitual,True
cust-042624,02/03/2026,organic, Cataluña ,Barcelona,ocasional,True
cust-016325,28/09/2023,direct, Cataluña ,Barcelona,nuevo,True
cust-054157,06/06/2026,direct,Madrid,Madrid,ocasional,False
cust-048602,18/11/2024,direct, Cataluña ,Barcelona,ocasional,True
cust-022094,2023-11-25,paid_search, Cataluña ,Barcelona,nuevo,True
cust-005736,11/09/2025,organic,Madrid,Madrid,ocasional,True
cust-001733,2023-08-21,direct,andalucía,Sevilla,ocasional,True
cust-057490,24 de mayo de 2024,organic,País Vasco,Bilbao,nuevo,False
cust-045132,22 de abril de 2026,organic,Comunidad Valenciana,Valencia,habitual,True
cust-024209,25 de diciembre de 2025,paid_social, Andalucía  ,Sevilla,habitual,True
cust-046526,14 de mayo de 2023,direct,ILLES BALEARS,Palma,ocasional,True
cust-023581,26/05/2025,paid_search,aragón,Zaragoza,habitual,False
cust-012017,05/08/2024,paid_search,madrid,Madrid,habitual,False
cust-053634,2025-09-27,organic,Castilla y León,Valladolid,habitual,False
cust-008544,6 de febrero de 2024,paid_search,CATALUÑA,Barcelona,habitual,True
cust-047962,31/03/2024,email,andalucía,Sevilla,nuevo,False
cust-020581,07/07/2025,affiliate,Cataluña,,nuevo,True
cust-012738,26/05/2026,affiliate,Galicia,A Coruña,ocasional,True
cust-036063,09/08/2025,direct,ANDALUCÍA,Sevilla,nuevo,True
cust-027505,05/02/2026,paid_search,CATALUÑA,Barcelona,habitual,False
cust-044138,27/03/2025,paid_social,región de murcia,Murcia,nuevo,False
cust-011431,2026-04-29,organic, Castilla y León ,Valladolid,nuevo,True
cust-000474,03/05/2025,paid_search,canarias,Las Palmas,habitual,True
cust-055181,11/10/2024,paid_search, Comunidad Valenciana ,Valencia,ocasional,True
cust-009865,7 de septiembre de 2025,direct,CANTABRIA,Santander,habitual,True
cust-011130,5 de abril de 2025,direct,Canarias,Las Palmas,ocasional,True
cust-012145,15/02/2026,direct,galicia,A Coruña,nuevo,True
cust-040427,16/02/2024,paid_search,Madrid,Madrid,nuevo,True
cust-045849,11 de marzo de 2026,direct,Madrid,Madrid,vip,True
cust-004489,31/12/2024,paid_search,ILLES BALEARS,Palma,habitual,True
cust-059608,13/12/2025,email,madrid ,Madrid,habitual,False
cust-010728,19 de mayo de 2026,direct, Andalucía ,Sevilla,nuevo,True
cust-007741,28 de julio de 2025,direct, Comunidad Valenciana ,Valencia,ocasional,False
cust-053971,2025-08-27,paid_social,illes balears,Palma,ocasional,True
cust-004888,2024-04-04,direct,país vasco,Bilbao,habitual,True
cust-024921,2026-02-10,paid_search,ARAGÓN,Zaragoza,ocasional,False
cust-036752,2023-10-22,direct, Illes Balears  ,Palma,ocasional,True
cust-013440,23 de mayo de 2025,paid_social,Illes Balears,Palma,nuevo,False
cust-055473,20 de noviembre de 2023,direct,MADRID ,Madrid,habitual,True
cust-054608,04/03/2025,direct,Asturias,Oviedo,nuevo,True
cust-011342,2023-11-05,organic,MADRID,Madrid,vip,False
cust-008394,10 de mayo de 2026,paid_search, Galicia ,A Coruña,ocasional,False
cust-043670,02/04/2025,organic,Madrid,Madrid,vip,True
cust-011177,28 de febrero de 2026,direct, Madrid ,Madrid,habitual,False
cust-020143,2024-06-06,paid_search,Andalucía,Sevilla,nuevo,False
cust-017700,5 de junio de 2026,organic,CATALUÑA,Barcelona,habitual,True
cust-053930,11 de enero de 2024,direct,Illes Balears,Palma,nuevo,True
cust-014546,03/08/2023,affiliate,Andalucía,,ocasional,True
cust-056442,2024-06-15,email, Madrid ,Madrid,ocasional,True
cust-029173,29 de junio de 2025,email, País Vasco ,Bilbao,nuevo,True
cust-037052,2024-05-28,paid_search,Madrid,Madrid,habitual,True
cust-021924,14 de enero de 2025,direct,MADRID,Madrid,ocasional,False
cust-022437,2025-11-26,paid_social,comunidad valenciana,Valencia,ocasional,False
cust-019789,2025-01-28,affiliate,cataluña,Barcelona,habitual,True
cust-041454,5 de febrero de 2026,paid_search,GALICIA,A Coruña,nuevo,False
cust-026511,5 de octubre de 2024,paid_search, Castilla-La Mancha ,Toledo,habitual,True
cust-010774,03/06/2026,organic,madrid,Madrid,nuevo,True
cust-040529,2025-04-27,direct, Comunidad Valenciana ,Valencia,habitual,True
cust-054356,30/01/2024,organic,madrid,Madrid,nuevo,True
cust-027781,2026-06-13,organic,ANDALUCÍA,Sevilla,nuevo,True
cust-034495,11 de enero de 2025,paid_social,NAVARRA,Pamplona,habitual,False
cust-052202,15 de febrero de 2025,paid_search,COMUNIDAD VALENCIANA,Valencia,nuevo,True
cust-052095,20/11/2024,paid_social,andalucía,Sevilla,habitual,True
cust-055309,3 de marzo de 2026,organic, Región de Murcia ,Murcia,ocasional,True
cust-049361,08/10/2023,direct, Galicia ,A Coruña,habitual,False
cust-017089,2023-02-11,organic, Andalucía ,Sevilla,habitual,True
cust-036593,2026-01-05,organic,andalucía,Sevilla,ocasional,False
cust-024059,2025-07-14,paid_social,Madrid,Madrid,nuevo,True
cust-014790,2024-12-19,email,ANDALUCÍA,Sevilla,ocasional,False
cust-011832,2024-10-12,direct, Cataluña ,Barcelona,nuevo,False
cust-059550,7 de noviembre de 2023,direct,cantabria,,ocasional,True
cust-033343,2025-06-19,direct, Madrid ,Madrid,ocasional,True
cust-039170,19/04/2024,email,andalucía,Sevilla,nuevo,False
cust-041676,30 de noviembre de 2025,paid_search,Cataluña ,Barcelona,ocasional,True
cust-053686,2025-12-09,paid_search,andalucía,Sevilla,habitual,False
cust-000177,2025-11-04,paid_search,COMUNIDAD VALENCIANA,Valencia,habitual,False
cust-032311,4 de septiembre de 2023,direct,castilla-la mancha,Toledo,vip,True
cust-005144,19/02/2024,paid_search, Andalucía ,Sevilla,nuevo,False
cust-001933,29/01/2025,email,Andalucía,Sevilla,habitual,True
cust-010934,01/04/2025,affiliate, Andalucía ,Sevilla,habitual,True
cust-047191,2025-02-25,direct,ANDALUCÍA,Sevilla,habitual,True
cust-017291,09/05/2026,organic,Cataluña,Barcelona,habitual,True
cust-007313,2024-02-03,direct,comunidad valenciana,Valencia,nuevo,True
cust-006158,11 de noviembre de 2023,email,castilla y león,Valladolid,ocasional,True
cust-059833,22/03/2026,email,castilla-la mancha,Toledo,habitual,True
cust-000938,2 de febrero de 2024,organic,ANDALUCÍA,Sevilla,nuevo,True
cust-047724,21/05/2025,direct,Andalucía,Sevilla,habitual,True
cust-056359,2023-06-21,paid_social,PAÍS VASCO,Bilbao,habitual,True
cust-004530,2023-05-09,organic,PAÍS VASCO,Bilbao,habitual,True
cust-044917,10 de noviembre de 2025,paid_social, Región de Murcia ,Murcia,nuevo,False
cust-048168,10 de mayo de 2024,direct,castilla y león,Valladolid,habitual,True
cust-028418,2026-06-28,organic,Aragón,Zaragoza,nuevo,False
cust-039463,2025-01-14,paid_search,Cataluña,Barcelona,ocasional,True
cust-034342,2025-01-29,direct, Andalucía ,Sevilla,habitual,True
cust-034792,2026-01-25,email, Comunidad Valenciana ,,nuevo,True
cust-055473,20 de noviembre de 2023,direct,MADRID,Madrid,habitual,True
cust-007022,28/10/2025,affiliate,Cataluña,Barcelona,nuevo,False
cust-033093,09/02/2026,direct,COMUNIDAD VALENCIANA,Valencia,ocasional,True
cust-042381,25 de julio de 2025,organic,Madrid,Madrid,ocasional,True
cust-024589,21/10/2023,email, Comunidad Valenciana ,Valencia,nuevo,True
cust-035744,2025-04-18,organic,madrid,Madrid,nuevo,True
cust-019993,23/06/2024,paid_search, País Vasco ,Bilbao,habitual,True
cust-029347,2026-01-31,organic, Andalucía ,Sevilla,ocasional,False
cust-037709,25/10/2025,email,Madrid,Madrid,habitual,False
cust-049806,14 de julio de 2025,paid_search, Andalucía ,,ocasional,True
cust-022501,2024-12-01,paid_social, Cataluña ,,habitual,False
cust-028729,2026-05-22,organic,madrid,Madrid,ocasional,True
cust-032186,13 de enero de 2025,direct,Galicia,A Coruña,nuevo,True
cust-001669,20/01/2026,email,COMUNIDAD VALENCIANA,Valencia,ocasional,False
cust-013058,5 de enero de 2026,organic, Galicia ,A Coruña,habitual,False
cust-053566,3 de noviembre de 2024,paid_search,GALICIA,A Coruña,habitual,False
cust-035747,2025-02-14,paid_search,andalucía,,nuevo,True
cust-034879,28 de diciembre de 2023,affiliate,región de murcia,Murcia,ocasional,True
cust-020648,15 de junio de 2024,paid_social, Cataluña ,Barcelona,nuevo,True
cust-028480,2025-01-28,email,Canarias,Las Palmas,habitual,True
cust-009414,12/06/2026,direct, Andalucía ,Sevilla,habitual,True
cust-030646,17 de junio de 2025,direct,Región de Murcia,Murcia,nuevo,True
cust-039388,9 de noviembre de 2025,direct,cataluña,Barcelona,ocasional,True
cust-037062,2025-09-27,email, Cantabria ,Santander,nuevo,False
cust-020116,2025-10-19,direct, Cataluña ,Barcelona,habitual,True
cust-025987,30 de abril de 2023,organic,Madrid,Madrid,nuevo,True
cust-026833,27 de abril de 2024,organic,asturias,Oviedo,habitual,False
cust-021692,20 de octubre de 2024,direct, Galicia ,A Coruña,nuevo,True
cust-010357,10 de enero de 2025,paid_search,andalucía,Sevilla,nuevo,True
cust-000115,2026-06-18,email,comunidad valenciana,Valencia,habitual,True
cust-056537,9 de abril de 2026,organic,PAÍS VASCO,Bilbao,vip,True
cust-013806,22 de noviembre de 2025,paid_search,ANDALUCÍA,Sevilla,habitual,True
cust-046093,2025-08-18,paid_social,COMUNIDAD VALENCIANA,Valencia,nuevo,True
cust-055861,2023-04-06,direct,madrid,Madrid,habitual,False
cust-017533,10 de abril de 2023,organic,andalucía,Sevilla,ocasional,False
cust-038583,27 de enero de 2023,paid_search,andalucía,Sevilla,habitual,True
cust-048005,10/08/2025,paid_search,madrid,Madrid,ocasional,False
cust-031955,16/04/2025,paid_search, Castilla-La Mancha ,Toledo,ocasional,True
cust-032422,8 de marzo de 2026,affiliate, Aragón ,Zaragoza,habitual,True
cust-008380,2023-11-03,organic,región de murcia,Murcia,habitual,False
cust-001290,10/06/2025,direct, Madrid ,Madrid,nuevo,False
cust-012496,16 de enero de 2024,direct,Andalucía,Sevilla,ocasional,True
cust-010457,16 de enero de 2025,paid_social,Madrid,Madrid,ocasional,False
cust-024181,2023-11-20,email,Comunidad Valenciana,Valencia,habitual,True
cust-052884,19 de abril de 2024,email,madrid,Madrid,nuevo,True
cust-026372,2023-04-25,organic,COMUNIDAD VALENCIANA,Valencia,nuevo,True
cust-048060,07/12/2025,direct,navarra,Pamplona,ocasional,True
cust-039804,19/12/2025,paid_social,andalucía,,habitual,False
cust-006738,2023-12-20,organic,cataluña,Barcelona,habitual,True
cust-051206,2023-01-15,direct,cataluña,Barcelona,habitual,True
cust-012173,28 de noviembre de 2024,email, Cataluña ,Barcelona,nuevo,False
cust-054064,2026-03-24,paid_search,Comunidad Valenciana,Valencia,ocasional,False
cust-033198,13/09/2023,affiliate, Cantabria  ,Santander,habitual,True
cust-038624,01/10/2024,direct,PAÍS VASCO,Bilbao,habitual,True
cust-033731,14 de junio de 2025,paid_social, Castilla y León ,Valladolid,vip,True
cust-049258,2024-12-18,paid_search,MADRID,Madrid,nuevo,True
cust-023877,2026-06-06,direct, Comunidad Valenciana ,Valencia,ocasional,True
cust-017666,05/05/2026,organic, Andalucía ,Sevilla,ocasional,False
cust-000135,2025-07-15,direct, Cataluña ,Barcelona,ocasional,True
cust-029639,31/10/2025,paid_social,CANARIAS,Las Palmas,nuevo,True
cust-013149,9 de enero de 2024,direct,cataluña,Barcelona,ocasional,True
cust-008826,16/07/2024,direct,CATALUÑA,Barcelona,ocasional,True
cust-012039,03/10/2025,organic, Andalucía ,Sevilla,nuevo,True
cust-002095,25/03/2023,email, Galicia ,A Coruña,nuevo,False
cust-007870,2024-11-30,organic,ANDALUCÍA,Sevilla,nuevo,True
cust-007260,18/05/2026,direct,cataluña,Barcelona,habitual,True
cust-043043,2024-08-14,organic,madrid,Madrid,ocasional,False
cust-008956,06/01/2025,organic,Castilla y León,Valladolid,habitual,False
cust-037781,2025-03-07,paid_search,illes balears,Palma,nuevo,True
cust-005809,03/11/2025,direct, Castilla-La Mancha ,Toledo,ocasional,True
cust-055357,2026-06-28,email, Madrid ,Madrid,nuevo,True
cust-043916,2025-02-05,paid_search,illes balears ,Palma,nuevo,True
cust-030283,23 de mayo de 2023,paid_social,Madrid,Madrid,nuevo,True
cust-005280,06/01/2025,direct, Canarias ,Las Palmas,nuevo,True
cust-040064,11/02/2024,paid_social, Cataluña ,Barcelona,nuevo,True
cust-011835,2023-01-12,direct, Madrid ,Madrid,nuevo,True
cust-015423,2025-10-04,direct,Castilla y León,Valladolid,ocasional,True
cust-038432,26 de septiembre de 2023,direct, Madrid ,Madrid,ocasional,True
cust-051347,31/03/2024,organic,Cataluña,Barcelona,habitual,False
cust-021695,12 de agosto de 2025,paid_search,CASTILLA Y LEÓN,Valladolid,ocasional,True
cust-030044,2023-04-15,organic, País Vasco ,Bilbao,nuevo,False
cust-059864,24 de junio de 2023,email,MADRID,Madrid,habitual,True
cust-036192,13/07/2024,organic,Asturias,Oviedo,vip,False
cust-043631,12/05/2026,paid_social, Madrid ,Madrid,habitual,True
cust-012940,01/12/2025,paid_search, País Vasco ,Bilbao,nuevo,True
cust-031622,2024-08-02,organic,Extremadura,Badajoz,nuevo,True
cust-010695,2023-03-20,direct, Castilla y León ,Valladolid,nuevo,True
cust-037622,2023-06-16,email, Andalucía ,Sevilla,habitual,False
cust-021055,14/10/2024,organic,madrid,Madrid,habitual,False
cust-001798,2025-09-30,direct,ANDALUCÍA,Sevilla,habitual,True
cust-016036,15 de enero de 2026,paid_social,CATALUÑA,Barcelona,habitual,False
cust-005193,13 de diciembre de 2024,organic, País Vasco ,Bilbao,nuevo,True
cust-034891,11/06/2026,organic,CANARIAS,,habitual,True
cust-044279,2 de diciembre de 2025,direct, País Vasco ,Bilbao,ocasional,False
cust-014903,2023-02-18,paid_search, Cataluña ,Barcelona,ocasional,True
cust-032437,08/05/2023,affiliate,CATALUÑA,Barcelona,ocasional,False
cust-034933,24/05/2024,paid_search, Asturias ,Oviedo,ocasional,False
cust-014540,11/08/2025,organic, País Vasco ,Bilbao,nuevo,False
cust-014646,25 de agosto de 2025,direct,Cataluña,Barcelona,nuevo,True
cust-050626,15 de diciembre de 2024,direct,MADRID,Madrid,ocasional,False
cust-052878,17 de enero de 2023,direct,MADRID,Madrid,habitual,True
cust-030548,2025-10-21,paid_search,Extremadura,Badajoz,ocasional,True
cust-010627,2026-04-18,organic,ANDALUCÍA,,nuevo,True
cust-040735,2025-10-17,direct,ANDALUCÍA,Sevilla,nuevo,True
cust-010663,2025-10-23,direct,País Vasco,Bilbao,nuevo,False
cust-054882,09/04/2025,paid_search,Andalucía,Sevilla,nuevo,True
cust-003935,14/02/2026,email,MADRID,Madrid,vip,True
cust-010965,12 de febrero de 2026,paid_search,illes balears,Palma,ocasional,True
cust-033713,22/10/2024,email,ANDALUCÍA,Sevilla,nuevo,True
cust-010814,23/08/2024,direct,Madrid ,,ocasional,True
cust-030576,21 de agosto de 2025,direct,castilla-la mancha,,nuevo,True
cust-032841,2024-03-19,organic,Comunidad Valenciana,,ocasional,True
cust-038131,25/08/2024,organic,ANDALUCÍA,Sevilla,habitual,True
cust-049891,24/02/2024,paid_social, Cataluña ,Barcelona,ocasional,True
cust-017393,18 de mayo de 2026,direct,comunidad valenciana,Valencia,habitual,True
cust-036092,02/09/2024,affiliate,EXTREMADURA,Badajoz,habitual,True
cust-002538,8 de febrero de 2026,organic, País Vasco ,Bilbao,vip,True
cust-008937,2025-07-12,organic,Asturias,Oviedo,ocasional,False
cust-026618,10/08/2025,paid_social,Comunidad Valenciana,Valencia,nuevo,True
cust-053606,22 de marzo de 2025,organic,Madrid,Madrid,habitual,False
cust-059969,7 de marzo de 2025,direct,Galicia,A Coruña,habitual,True
cust-056785,2024-07-17,affiliate,ANDALUCÍA,Sevilla,ocasional,False
cust-014343,2025-09-23,paid_social,REGIÓN DE MURCIA,Murcia,habitual,True
cust-058562,2025-09-22,affiliate,CATALUÑA,Barcelona,ocasional,False
cust-022453,02/01/2024,paid_search,Andalucía,Sevilla,ocasional,True
cust-033897,2024-07-15,paid_social,aragón,Zaragoza,nuevo,True
cust-025253,2023-01-27,organic,Galicia,A Coruña,ocasional,False
cust-050363,8 de agosto de 2024,direct,Comunidad Valenciana,Valencia,ocasional,True
cust-048035,9 de junio de 2026,direct,andalucía,Sevilla,ocasional,True
cust-012528,2026-06-14,direct,andalucía,Sevilla,ocasional,True
cust-010834,3 de noviembre de 2025,paid_social,Castilla-La Mancha,Toledo,habitual,False
cust-034421,04/01/2026,organic, Andalucía ,Sevilla,nuevo,True
cust-006300,2026-02-20,paid_social,cataluña,Barcelona,nuevo,True
cust-047229,30/07/2025,direct,madrid,Madrid,nuevo,True
cust-018212,2024-10-08,paid_social, Castilla-La Mancha ,Toledo,vip,True
cust-036826,22/08/2024,direct,COMUNIDAD VALENCIANA,Valencia,vip,True
cust-013264,07/05/2024,paid_social,andalucía,Sevilla,vip,True
cust-012426,3 de noviembre de 2025,direct,Andalucía,Sevilla,ocasional,True
cust-028846,2025-06-05,paid_search,Andalucía,Sevilla,ocasional,True
cust-036389,2026-03-07,email, País Vasco ,Bilbao,ocasional,True
cust-027199,2026-02-08,direct,CASTILLA-LA MANCHA,Toledo,nuevo,True
cust-012967,03/06/2026,email,ANDALUCÍA,Sevilla,ocasional,True
cust-005604,13/04/2026,paid_search, Andalucía ,Sevilla,nuevo,True
cust-008451,04/05/2025,direct,CATALUÑA,Barcelona,ocasional,True
cust-026075,2023-12-21,organic,Madrid,Madrid,nuevo,True
cust-038529,4 de julio de 2024,paid_social,canarias ,Las Palmas,ocasional,False
cust-003034,02/07/2023,direct,Castilla y León,Valladolid,habitual,True
cust-024276,2025-08-15,paid_social,MADRID,Madrid,ocasional,False
cust-001866,2024-04-09,paid_social,Madrid,,nuevo,True
cust-004256,27/06/2024,direct,CANARIAS,Las Palmas,ocasional,False
cust-016622,2026-04-12,organic,Andalucía,Sevilla,ocasional,True
cust-040946,2025-07-21,paid_search,Cataluña,Barcelona,nuevo,True
cust-019575,2025-09-29,direct,Castilla y León,Valladolid,vip,True
cust-021375,24 de mayo de 2024,organic,Galicia,A Coruña,vip,False
cust-046085,2025-08-05,affiliate,CATALUÑA,Barcelona,habitual,True
cust-027187,2025-06-05,direct, Comunidad Valenciana ,Valencia,ocasional,True
cust-017693,30 de junio de 2024,direct,GALICIA,A Coruña,vip,True
cust-007063,4 de diciembre de 2025,paid_social,CATALUÑA,Barcelona,habitual,True
cust-051987,2023-03-25,direct,andalucía,Sevilla,nuevo,True
cust-006451,27 de febrero de 2026,paid_social,MADRID,Madrid,ocasional,False
cust-036292,11 de octubre de 2025,paid_search,Cataluña,Barcelona,ocasional,True
cust-019005,12/01/2026,email,cataluña,Barcelona,nuevo,True
cust-023729,11/08/2025,email,MADRID,Madrid,habitual,True
cust-016635,2024-12-02,paid_search, Andalucía ,Sevilla,vip,True
cust-020564,25/01/2026,direct,MADRID,Madrid,ocasional,True
cust-057661,2024-02-06,affiliate, Andalucía ,Sevilla,nuevo,True
cust-003472,2025-05-20,direct,Comunidad Valenciana,Valencia,nuevo,True
cust-002286,2025-10-15,direct,Madrid,,ocasional,True
cust-024521,17 de noviembre de 2025,paid_search,Región de Murcia,Murcia,nuevo,True
cust-011750,8 de abril de 2026,paid_search, Madrid ,Madrid,ocasional,True
cust-026860,2023-01-11,paid_search,andalucía,,vip,False
cust-004497,6 de septiembre de 2023,paid_social,Madrid,Madrid,nuevo,False
cust-013034,04/07/2025,direct,REGIÓN DE MURCIA,Murcia,nuevo,False
cust-032188,2024-06-13,direct,CATALUÑA,Barcelona,ocasional,True
cust-051654,26/08/2023,affiliate,CANTABRIA,Santander,vip,True
cust-047891,2026-05-20,paid_social,Andalucía,Sevilla,vip,True
cust-028725,2026-01-02,organic,cataluña,Barcelona,habitual,True
cust-034642,19/11/2025,paid_search,GALICIA,A Coruña,habitual,True
cust-049188,2025-05-20,email,Cataluña,Barcelona,ocasional,True
cust-032244,2026-06-22,paid_search,Comunidad Valenciana,Valencia,habitual,False
cust-035118,12 de enero de 2024,organic,Andalucía,Sevilla,ocasional,False
cust-042039,2024-04-08,organic,andalucía,Sevilla,vip,True
cust-010716,2026-01-21,paid_social,Andalucía,,habitual,True
cust-024984,21/10/2023,email,PAÍS VASCO,Bilbao,habitual,True
cust-035272,2026-06-26,email,NAVARRA,Pamplona,nuevo,True
cust-035953,28 de marzo de 2023,organic, Andalucía ,Sevilla,ocasional,True
cust-041117,22 de mayo de 2023,direct,MADRID,Madrid,nuevo,True
cust-037459,28/10/2024,direct,castilla-la mancha,Toledo,ocasional,False
cust-045232,2026-02-11,direct, Canarias ,Las Palmas,nuevo,True
cust-040265,08/01/2024,email,Navarra,Pamplona,habitual,True
cust-003920,16/08/2024,affiliate,andalucía,Sevilla,vip,True
cust-058143,2023-06-14,affiliate,Cataluña,Barcelona,ocasional,True
cust-026177,2026-06-19,paid_social,País Vasco,Bilbao,habitual,True
cust-034497,29 de julio de 2025,direct, Aragón ,Zaragoza,ocasional,False
cust-007159,19 de febrero de 2026,direct,Andalucía,Sevilla,ocasional,True
cust-045846,2025-09-19,direct, Región de Murcia ,Murcia,nuevo,True
cust-002943,4 de agosto de 2023,paid_social, Canarias ,Las Palmas,nuevo,True
cust-025576,26 de febrero de 2024,paid_social,castilla-la mancha,Toledo,habitual,True
cust-027690,22 de agosto de 2025,paid_search,Castilla y León,Valladolid,nuevo,True
cust-020655,10/08/2025,paid_social,Canarias,Las Palmas,habitual,True
cust-008310,1 de diciembre de 2024,organic,ANDALUCÍA,Sevilla,nuevo,True
cust-008632,16 de noviembre de 2025,paid_social,Aragón,Zaragoza,ocasional,True
cust-000433,19 de diciembre de 2025,email,Madrid,Madrid,nuevo,True
cust-030494,28/10/2025,direct,COMUNIDAD VALENCIANA,Valencia,nuevo,True
cust-013340,13/10/2023,affiliate,illes balears,Palma,habitual,True
cust-059338,20/11/2025,affiliate,ANDALUCÍA,Sevilla,ocasional,True
cust-015275,10/01/2025,organic,canarias,Las Palmas,habitual,False
cust-049560,26 de enero de 2023,affiliate,Cataluña,Barcelona,nuevo,True
cust-049443,29/05/2026,direct,Madrid,,ocasional,True
cust-057890,2024-10-02,email,CANARIAS,Las Palmas,nuevo,False
cust-025496,7 de febrero de 2024,organic,Cataluña,Barcelona,ocasional,False
cust-048900,8 de diciembre de 2024,paid_search,País Vasco,Bilbao,ocasional,True
cust-015686,17/10/2024,paid_social,madrid,Madrid,vip,True
cust-016568,6 de enero de 2025,affiliate, Madrid ,Madrid,ocasional,True
cust-037548,05/01/2025,direct,Canarias,Las Palmas,habitual,True
cust-027667,2025-12-24,paid_search,comunidad valenciana,Valencia,ocasional,True
cust-019472,2025-05-14,paid_social, Comunidad Valenciana ,,vip,False
cust-034487,10/10/2025,email, Comunidad Valenciana ,Valencia,ocasional,False
cust-041852,2 de marzo de 2026,organic,CATALUÑA,Barcelona,ocasional,True
cust-039027,26 de abril de 2026,email,aragón,Zaragoza,vip,False
cust-043911,2024-11-23,direct,ILLES BALEARS,Palma,vip,True
cust-022765,2023-10-30,email, Galicia ,A Coruña,nuevo,True
cust-023939,2025-09-15,affiliate,REGIÓN DE MURCIA,Murcia,vip,True
cust-048842,11/06/2026,email,MADRID,Madrid,nuevo,True
cust-053864,2024-01-13,paid_social, Cataluña ,Barcelona,nuevo,True
cust-041023,30 de abril de 2024,paid_search,galicia,A Coruña,ocasional,True
cust-021344,06/09/2025,direct,CATALUÑA,,nuevo,True
cust-033703,03/10/2025,paid_search, Galicia ,A Coruña,ocasional,True
cust-052523,2023-07-16,organic,comunidad valenciana,Valencia,vip,True
cust-043974,08/01/2026,affiliate,andalucía,Sevilla,vip,True
cust-023987,17/10/2023,affiliate,Madrid,Madrid,nuevo,True
cust-012362,2025-05-25,direct,MADRID,Madrid,habitual,True
cust-039200,2025-11-27,direct, Illes Balears ,Palma,ocasional,True
cust-002714,25/04/2024,organic,galicia,A Coruña,nuevo,True
cust-034649,2025-05-26,direct,CATALUÑA,Barcelona,nuevo,True
cust-022433,17 de agosto de 2024,organic,Andalucía,Sevilla,nuevo,True
cust-055932,15 de febrero de 2026,direct,COMUNIDAD VALENCIANA,Valencia,nuevo,True
cust-027919,18/01/2024,direct,CATALUÑA,Barcelona,nuevo,False
cust-014162,05/11/2023,organic,extremadura,,nuevo,True
cust-052664,2023-12-26,organic,País Vasco,Bilbao,nuevo,False
cust-014777,27/05/2024,paid_search, Castilla y León ,Valladolid,nuevo,False
cust-004573,19/09/2025,paid_social, Madrid ,Madrid,ocasional,True
cust-032259,13/12/2025,organic, Cataluña ,Barcelona,ocasional,True
cust-001201,2025-06-13,organic, País Vasco ,Bilbao,ocasional,False
cust-041820,17 de octubre de 2025,paid_social,GALICIA,A Coruña,habitual,True
cust-030298,2025-03-04,organic,CASTILLA-LA MANCHA,Toledo,ocasional,False
cust-058173,19 de noviembre de 2024,organic, Castilla-La Mancha ,Toledo,ocasional,False
cust-022775,2025-08-11,organic,andalucía,Sevilla,ocasional,True
cust-041406,28 de mayo de 2026,direct,cataluña,Barcelona,nuevo,False
cust-010012,9 de febrero de 2023,organic,aragón ,Zaragoza,ocasional,True
cust-024081,30 de julio de 2023,email,comunidad valenciana,Valencia,nuevo,True
cust-001183,2026-05-21,affiliate, Comunidad Valenciana ,Valencia,ocasional,False
cust-003369,25/08/2025,paid_social,CATALUÑA,,nuevo,False
cust-016310,02/02/2026,paid_search,canarias,Las Palmas,ocasional,True
cust-059902,7 de julio de 2024,affiliate, Galicia ,A Coruña,nuevo,True
cust-059832,2024-01-25,direct, Castilla y León ,Valladolid,habitual,True
cust-007362,24 de julio de 2024,paid_social,cataluña,Barcelona,nuevo,True
cust-050746,01/03/2026,direct,ASTURIAS,Oviedo,nuevo,True
cust-023326,14/07/2023,organic,ANDALUCÍA,Sevilla,vip,True
cust-014039,2026-03-20,affiliate, Madrid ,Madrid,ocasional,True
cust-057004,26 de febrero de 2023,direct,madrid,Madrid,ocasional,False
cust-049197,2024-06-03,email,andalucía,Sevilla,nuevo,False
cust-028854,18/09/2025,organic, Canarias  ,Las Palmas,ocasional,True
cust-030078,18 de junio de 2024,direct,Castilla-La Mancha,Toledo,habitual,True
cust-008818,12 de septiembre de 2025,direct,Andalucía,Sevilla,nuevo,True
cust-017385,15/01/2026,direct,aragón,Zaragoza,ocasional,True
cust-024495,2025-05-07,paid_search, Comunidad Valenciana ,Valencia,ocasional,True
cust-001439,05/03/2026,email,Comunidad Valenciana,Valencia,habitual,False
cust-027263,2025-07-24,paid_social,Comunidad Valenciana,Valencia,nuevo,True
cust-006277,25/02/2024,organic, Extremadura ,Badajoz,nuevo,True
cust-007327,19/02/2026,affiliate,CASTILLA Y LEÓN,Valladolid,nuevo,False
cust-022511,2025-10-02,organic, Comunidad Valenciana ,Valencia,nuevo,True
cust-029036,23/06/2025,organic,aragón,Zaragoza,nuevo,False
cust-014968,2026-02-22,paid_search,Canarias,Las Palmas,nuevo,False
cust-000768,15/01/2025,affiliate,ANDALUCÍA,Sevilla,nuevo,True
cust-029369,11/01/2025,email,madrid,Madrid,nuevo,False
cust-052457,10 de diciembre de 2025,paid_search, Castilla-La Mancha ,Toledo,ocasional,True
cust-052190,01/04/2023,organic,Andalucía,Sevilla,vip,True
cust-057781,04/04/2023,paid_social,aragón,Zaragoza,nuevo,True
cust-039359,09/06/2025,paid_search,Andalucía,Sevilla,nuevo,False
cust-010885,11/12/2024,paid_social, Andalucía ,Sevilla,nuevo,True
cust-029727,2025-12-18,paid_social,CASTILLA Y LEÓN,,ocasional,True
cust-022373,2025-07-13,affiliate,MADRID ,Madrid,habitual,True
cust-004384,03/09/2024,organic,Castilla y León,,nuevo,False
cust-000343,08/11/2024,organic,Comunidad Valenciana,Valencia,ocasional,False
cust-003265,2023-10-27,organic,CATALUÑA,Barcelona,ocasional,True
cust-053255,12/04/2026,organic, Castilla-La Mancha ,Toledo,nuevo,False
cust-019263,10 de junio de 2026,paid_search, Aragón ,Zaragoza,habitual,True
cust-023101,2025-03-06,organic,andalucía,Sevilla,habitual,True
cust-055401,03/06/2026,paid_social, Comunidad Valenciana ,Valencia,ocasional,True
cust-049693,10/07/2025,paid_social,ANDALUCÍA,Sevilla,habitual,False
cust-002985,2025-06-20,paid_search,Andalucía,Sevilla,habitual,True
cust-044285,13 de junio de 2026,paid_social, Asturias ,Oviedo,ocasional,True
cust-020084,31/05/2025,direct,ANDALUCÍA ,Sevilla,ocasional,True
cust-023933,20/04/2025,paid_search,Galicia,A Coruña,nuevo,True
cust-050034,29/11/2024,paid_search,Galicia,A Coruña,ocasional,False
cust-058297,05/06/2026,organic,CATALUÑA,Barcelona,habitual,True
cust-054022,24 de abril de 2024,paid_social,CASTILLA-LA MANCHA,Toledo,ocasional,True
cust-004641,27 de abril de 2026,direct,REGIÓN DE MURCIA,Murcia,ocasional,True
cust-005100,10 de julio de 2024,organic,andalucía,Sevilla,habitual,False
cust-029636,13 de abril de 2026,paid_search,Madrid,,ocasional,False
cust-053374,29/10/2025,direct,Galicia,A Coruña,ocasional,True
cust-017322,2024-10-20,paid_search,extremadura,Badajoz,vip,False
cust-014947,12 de abril de 2026,organic, Región de Murcia ,Murcia,ocasional,True
cust-033736,07/05/2025,organic,madrid,,ocasional,True
cust-007892,2026-04-19,organic,galicia,A Coruña,ocasional,False
cust-002084,15/05/2024,direct,Aragón,Zaragoza,nuevo,True
cust-047131,7 de abril de 2026,direct,país vasco,Bilbao,habitual,False
cust-043710,7 de marzo de 2025,direct,País Vasco,,nuevo,True
cust-057683,08/06/2024,direct, Andalucía ,Sevilla,habitual,True
cust-013915,2026-06-20,paid_social,andalucía,Sevilla,nuevo,True
cust-047859,03/08/2024,direct,ANDALUCÍA,Sevilla,nuevo,True
cust-045090,26/01/2026,email,País Vasco,Bilbao,nuevo,True
cust-049256,25 de abril de 2024,organic,ANDALUCÍA ,Sevilla,nuevo,True
cust-047171,25 de diciembre de 2024,organic,CASTILLA Y LEÓN,Valladolid,nuevo,False
cust-028405,2025-07-08,paid_search,Madrid,Madrid,habitual,True
cust-008921,11/06/2025,email,CATALUÑA,Barcelona,habitual,True
cust-001980,11/09/2024,direct,asturias,Oviedo,nuevo,False
cust-036984,2025-01-22,direct, Galicia ,A Coruña,ocasional,True
cust-055800,16 de octubre de 2025,paid_search,madrid,Madrid,ocasional,True
cust-038266,10 de febrero de 2026,email,CATALUÑA,Barcelona,habitual,True
cust-002565,18/05/2026,affiliate,andalucía,Sevilla,nuevo,True
cust-033648,2026-06-11,paid_social,PAÍS VASCO,Bilbao,nuevo,True
cust-003733,7 de mayo de 2026,organic,CANARIAS,Las Palmas,ocasional,True
cust-022842,5 de abril de 2025,email, Castilla-La Mancha ,Toledo,nuevo,True
cust-043305,2025-02-11,paid_social,andalucía,Sevilla,habitual,True
cust-052702,20 de enero de 2024,paid_search,comunidad valenciana,Valencia,nuevo,False
cust-054048,2025-06-28,paid_social,Galicia,A Coruña,vip,True
cust-037352,2024-07-13,affiliate,CATALUÑA,Barcelona,nuevo,True
cust-040608,25/06/2025,email,madrid,Madrid,habitual,True
cust-036332,10 de julio de 2024,paid_social,Madrid,Madrid,vip,True
cust-054876,27 de septiembre de 2024,paid_social, Madrid ,Madrid,nuevo,False
cust-040737,2025-05-07,paid_search,ANDALUCÍA,Sevilla,nuevo,True
cust-055445,16 de agosto de 2025,paid_social,Madrid,Madrid,ocasional,False
cust-000855,2024-07-29,affiliate,Comunidad Valenciana,Valencia,nuevo,True
cust-026439,1 de febrero de 2026,paid_search, Andalucía ,Sevilla,habitual,True
cust-056707,07/07/2025,direct, Illes Balears ,Palma,ocasional,True
cust-012147,27 de mayo de 2024,organic,extremadura ,Badajoz,nuevo,True
cust-050660,2026-03-28,email,REGIÓN DE MURCIA,Murcia,nuevo,True
cust-009751,2025-10-08,email,castilla y león,Valladolid,habitual,True
cust-034670,10 de diciembre de 2025,affiliate,Comunidad Valenciana,Valencia,ocasional,False
cust-004659,14 de julio de 2025,organic,andalucía,Sevilla,ocasional,True
cust-017899,2024-12-03,organic,MADRID,Madrid,ocasional,True
cust-014405,2026-06-28,organic,EXTREMADURA,Badajoz,ocasional,False
cust-025668,2026-04-05,organic, Andalucía ,Sevilla,ocasional,True
cust-057594,2026-06-08,paid_social, Aragón ,Zaragoza,vip,True
cust-037972,14/08/2025,email, Madrid ,Madrid,ocasional,True
cust-021721,2023-11-25,direct,CATALUÑA ,Barcelona,nuevo,True
cust-008747,2024-07-27,direct,EXTREMADURA,Badajoz,vip,True
cust-017377,2023-01-23,paid_social,Región de Murcia,Murcia,ocasional,True
cust-012761,10 de mayo de 2026,email,Andalucía ,,vip,False
cust-010243,7 de diciembre de 2025,direct,Castilla y León,Valladolid,nuevo,True
cust-022751,2025-04-22,organic,Galicia,A Coruña,vip,True
cust-059648,9 de agosto de 2025,paid_social,Galicia,A Coruña,nuevo,True
cust-008453,2025-05-07,direct,ANDALUCÍA,Sevilla,habitual,True
cust-036848,5 de marzo de 2026,paid_search,comunidad valenciana,Valencia,nuevo,True
cust-023162,2026-02-17,paid_search, Cataluña ,Barcelona,habitual,True
cust-008277,23 de enero de 2025,email,madrid,Madrid,ocasional,False
cust-015381,19 de enero de 2026,direct,Comunidad Valenciana,,nuevo,True
cust-019268,08/09/2023,direct,cataluña,Barcelona,nuevo,True
cust-004873,2025-11-16,direct, Comunidad Valenciana ,,nuevo,False
cust-030735,2025-04-07,direct,CASTILLA Y LEÓN,Valladolid,vip,True
cust-029279,2025-02-28,affiliate,ARAGÓN,Zaragoza,habitual,True
cust-050776,20 de septiembre de 2023,paid_search,PAÍS VASCO,Bilbao,nuevo,True
cust-018791,13 de julio de 2025,paid_search,país vasco,Bilbao,nuevo,False
cust-002697,10 de enero de 2024,direct,COMUNIDAD VALENCIANA,Valencia,ocasional,True
cust-039123,2023-01-29,paid_search,REGIÓN DE MURCIA,Murcia,nuevo,True
cust-023641,2024-04-14,email,galicia,A Coruña,habitual,True
cust-014630,28/03/2026,direct,madrid,Madrid,vip,True
cust-040898,14/01/2025,direct,País Vasco,Bilbao,nuevo,False
cust-024943,22/08/2023,direct,región de murcia,Murcia,nuevo,True
cust-005758,2024-09-11,paid_social,Andalucía,Sevilla,vip,False
cust-001637,20 de enero de 2025,direct,Cataluña,Barcelona,ocasional,True
cust-018553,29 de abril de 2026,paid_search,Cataluña,Barcelona,nuevo,True
cust-049159,12/01/2026,direct,Región de Murcia ,Murcia,habitual,True
cust-011337,06/12/2025,affiliate, Aragón ,Zaragoza,habitual,False
cust-025796,09/08/2024,paid_social,ANDALUCÍA,Sevilla,vip,True
cust-005438,12 de diciembre de 2024,direct, Asturias ,Oviedo,nuevo,False
cust-032568,12 de abril de 2025,affiliate,cataluña,Barcelona,nuevo,True
cust-056418,8 de diciembre de 2024,affiliate,Andalucía,Sevilla,nuevo,True
cust-057779,2025-02-25,affiliate,Andalucía,Sevilla,nuevo,False
cust-020080,14/09/2025,direct, Andalucía ,Sevilla,habitual,True
cust-053549,18/08/2025,direct, Canarias ,,ocasional,False
cust-005805,31/05/2026,direct,CASTILLA-LA MANCHA,Toledo,ocasional,False
cust-038139,03/09/2023,paid_social,Madrid,Madrid,nuevo,True
cust-042825,11/08/2024,direct,madrid,Madrid,habitual,True
cust-008088,2026-02-17,email,ANDALUCÍA,Sevilla,vip,True
cust-014314,08/08/2025,direct,Illes Balears,Palma,nuevo,True
cust-038858,17 de octubre de 2023,paid_search,Comunidad Valenciana,Valencia,habitual,True
cust-010422,23/06/2024,direct,castilla-la mancha,Toledo,vip,True
cust-024872,2026-06-29,direct,Canarias,Las Palmas,ocasional,True
cust-036950,17/02/2023,paid_social,COMUNIDAD VALENCIANA,Valencia,nuevo,True
cust-056041,2 de septiembre de 2023,paid_search, Aragón ,Zaragoza,vip,True
cust-021913,20 de abril de 2025,affiliate,Madrid,Madrid,ocasional,True
cust-043586,1 de agosto de 2023,affiliate,Comunidad Valenciana,Valencia,habitual,False
cust-044060,28 de mayo de 2025,email, Castilla y León ,,ocasional,True
cust-033794,2025-11-04,email,Madrid,Madrid,habitual,False
cust-030752,23 de mayo de 2026,direct, País Vasco ,Bilbao,habitual,True
cust-036992,2024-03-27,paid_search,Madrid,Madrid,nuevo,False
cust-009090,11 de marzo de 2025,organic,CATALUÑA,Barcelona,ocasional,False
cust-031632,21 de septiembre de 2025,affiliate, Castilla-La Mancha ,Toledo,vip,False
cust-002577,19/10/2024,paid_search,MADRID,Madrid,nuevo,True
cust-016526,2 de abril de 2026,paid_social, Comunidad Valenciana ,Valencia,ocasional,True
cust-008067,2025-09-22,email,cataluña,Barcelona,habitual,True
cust-044142,28 de enero de 2024,email, Madrid  ,Madrid,nuevo,True
cust-004721,9 de marzo de 2025,email, Castilla y León ,Valladolid,habitual,True
cust-025754,12 de mayo de 2024,paid_search, País Vasco ,Bilbao,nuevo,True
cust-014014,20/07/2024,paid_social,Canarias ,Las Palmas,vip,True
cust-056364,2024-02-04,affiliate,cataluña,Barcelona,habitual,True
cust-025467,31 de enero de 2026,paid_search, Cataluña ,Barcelona,nuevo,True
cust-058396,09/12/2025,organic,Madrid,Madrid,nuevo,False
cust-031208,2025-04-05,direct, Navarra ,Pamplona,ocasional,True
cust-034071,19 de marzo de 2025,direct,Galicia,A Coruña,habitual,True
cust-022302,30/11/2025,organic,Cataluña,Barcelona,habitual,True
cust-005159,11/06/2023,paid_search,andalucía,Sevilla,ocasional,True
cust-045204,1 de febrero de 2025,paid_search,CANARIAS,Las Palmas,nuevo,True
cust-049576,30/06/2023,organic,GALICIA,A Coruña,ocasional,True
cust-051131,20 de julio de 2025,direct,galicia,A Coruña,nuevo,False
cust-024751,6 de diciembre de 2025,direct,andalucía,Sevilla,nuevo,True
cust-025924,2023-04-19,organic, Comunidad Valenciana ,Valencia,vip,True
cust-003178,13 de noviembre de 2025,paid_social, Cataluña ,Barcelona,nuevo,True
cust-028808,14 de junio de 2023,organic,país vasco,Bilbao,ocasional,False
cust-044281,2024-01-23,organic,Comunidad Valenciana,Valencia,nuevo,True
cust-037214,2025-06-18,email,MADRID,Madrid,ocasional,True
cust-044650,05/08/2024,organic,País Vasco,Bilbao,nuevo,True
cust-027122,27 de febrero de 2025,organic,País Vasco,Bilbao,nuevo,False
cust-034121,14 de noviembre de 2023,organic,CANTABRIA,Santander,nuevo,False
cust-055221,23/04/2026,paid_search, Cataluña ,Barcelona,nuevo,False
cust-045017,25 de enero de 2023,paid_social,Andalucía,Sevilla,habitual,True
cust-036961,26 de mayo de 2025,direct,Andalucía,Sevilla,habitual,True
cust-002263,2023-01-02,paid_search,Castilla y León,Valladolid,ocasional,False
cust-035432,21/05/2026,direct,Illes Balears,Palma,nuevo,True
cust-052669,13 de marzo de 2024,paid_social, Cantabria ,Santander,habitual,True
cust-049816,2026-04-12,paid_social,PAÍS VASCO,Bilbao,ocasional,True
cust-055512,19/06/2025,paid_social,madrid,Madrid,nuevo,True
cust-049420,2023-08-28,paid_social,Castilla y León ,Valladolid,habitual,True
cust-059749,2025-06-14,paid_search,castilla y león,Valladolid,ocasional,True
cust-050640,07/01/2024,affiliate,CATALUÑA,,habitual,False
cust-017297,2024-12-17,direct, Andalucía ,Sevilla,nuevo,False
cust-023493,4 de octubre de 2023,direct,Galicia,A Coruña,nuevo,False
cust-005551,29/08/2025,direct,aragón,Zaragoza,vip,True
cust-016260,2026-04-11,paid_social,galicia ,A Coruña,ocasional,True
cust-020640,11 de enero de 2025,paid_social, Región de Murcia ,Murcia,nuevo,True
cust-038020,2026-02-09,direct,Castilla y León,Valladolid,habitual,True
cust-059187,08/05/2026,organic, Madrid ,Madrid,ocasional,True
cust-053055,25/12/2025,direct, Andalucía ,Sevilla,ocasional,False
cust-038325,18 de enero de 2023,direct,país vasco,Bilbao,ocasional,True
cust-032922,08/11/2024,direct,Madrid,Madrid,nuevo,True
cust-016720,31 de julio de 2025,organic, Navarra ,Pamplona,nuevo,False
cust-020720,2024-06-02,paid_social,comunidad valenciana,Valencia,nuevo,True
cust-022769,24 de agosto de 2025,direct,País Vasco,Bilbao,ocasional,True
cust-025260,07/05/2025,paid_search,Aragón,Zaragoza,habitual,True
cust-026762,2023-06-27,email,EXTREMADURA,Badajoz,nuevo,True
cust-024157,30 de noviembre de 2024,organic, Canarias ,Las Palmas,ocasional,True
cust-040875,2026-01-14,paid_social,CATALUÑA,Barcelona,ocasional,True
cust-056825,12/10/2023,direct, Comunidad Valenciana ,Valencia,nuevo,True
cust-050178,2026-04-24,affiliate,PAÍS VASCO,Bilbao,habitual,True
cust-002353,23 de octubre de 2025,organic,Canarias,Las Palmas,ocasional,False
cust-039567,2025-09-10,organic,Andalucía,Sevilla,habitual,True
cust-049159,12/01/2026,direct,Región de Murcia,Murcia,habitual,True
cust-032215,17 de mayo de 2023,direct, Aragón ,Zaragoza,habitual,True
cust-005597,19 de octubre de 2024,direct, Cataluña ,Barcelona,ocasional,False
cust-044078,22 de julio de 2024,organic,Aragón,Zaragoza,habitual,True
cust-006061,29 de mayo de 2025,direct,Castilla y León,,nuevo,True
cust-026991,26 de agosto de 2025,direct, Castilla y León ,Valladolid,habitual,True
cust-005702,24 de enero de 2026,organic, Andalucía ,Sevilla,nuevo,True
cust-008025,2024-04-20,paid_search,Región de Murcia,Murcia,habitual,True
cust-023215,2023-08-20,paid_social,Galicia,A Coruña,habitual,True
cust-000182,3 de septiembre de 2023,email,PAÍS VASCO,Bilbao,nuevo,True
cust-046586,28/09/2024,direct, Galicia ,A Coruña,habitual,True
cust-006568,2026-02-07,affiliate,región de murcia,Murcia,ocasional,True
cust-001876,24 de octubre de 2024,direct,Madrid,Madrid,ocasional,True
cust-011802,05/04/2026,affiliate,país vasco,Bilbao,ocasional,True
cust-033884,27/12/2024,direct,canarias,Las Palmas,habitual,True
cust-020870,2024-10-22,direct,castilla y león,Valladolid,nuevo,True
cust-030895,25/12/2024,paid_search,ARAGÓN,Zaragoza,nuevo,True
cust-058354,15 de diciembre de 2023,affiliate,Illes Balears,Palma,habitual,False
cust-031794,2026-01-16,email, Castilla y León ,Valladolid,habitual,True
cust-008565,11/05/2023,direct,galicia,A Coruña,nuevo,True
cust-044210,05/12/2025,paid_search,Andalucía ,Sevilla,nuevo,True
cust-059541,7 de abril de 2025,paid_social, País Vasco ,Bilbao,ocasional,True
cust-027279,04/02/2025,paid_search, Región de Murcia ,Murcia,nuevo,True
cust-034702,6 de marzo de 2025,organic,castilla y león,Valladolid,ocasional,True
cust-011865,2025-12-08,affiliate,Galicia,A Coruña,nuevo,False
cust-029049,01/01/2025,direct,cataluña,Barcelona,ocasional,True
cust-034981,29/04/2025,paid_social,CATALUÑA,Barcelona,nuevo,False
cust-008557,2024-05-07,paid_social,Castilla y León,,nuevo,False
cust-040835,7 de noviembre de 2024,organic,andalucía,Sevilla,ocasional,False
cust-021591,2023-10-05,direct,NAVARRA,Pamplona,ocasional,True
cust-001453,2026-06-08,paid_search,castilla y león,Valladolid,ocasional,True
cust-005799,2023-03-30,direct,CATALUÑA,Barcelona,nuevo,True
cust-014262,1 de septiembre de 2025,paid_social, Andalucía ,,habitual,True
cust-022859,6 de junio de 2024,paid_search,madrid,Madrid,vip,True
cust-047615,2026-02-10,email, Comunidad Valenciana ,Valencia,ocasional,False
cust-015005,10/03/2024,organic,País Vasco,Bilbao,nuevo,True
cust-002361,14 de agosto de 2025,paid_social,Canarias,Las Palmas,habitual,True
cust-058653,4 de junio de 2025,paid_search,Cataluña,Barcelona,ocasional,True
cust-038990,9 de mayo de 2024,paid_search,Andalucía,Sevilla,nuevo,True
cust-046920,26/01/2024,paid_search,ILLES BALEARS,Palma,nuevo,True
cust-012427,17/03/2026,paid_search,país vasco,Bilbao,ocasional,True
cust-013076,29 de octubre de 2024,organic,región de murcia,Murcia,ocasional,False
cust-030274,27 de abril de 2026,direct,cataluña,Barcelona,habitual,False
cust-021878,2026-03-14,paid_search, Andalucía ,Sevilla,nuevo,True
cust-038664,19/06/2025,paid_social,Andalucía,Sevilla,nuevo,True
cust-042691,2024-05-21,paid_search, Andalucía ,,habitual,False
cust-023334,2023-04-06,affiliate,Andalucía,Sevilla,ocasional,False
cust-055565,20 de marzo de 2025,direct, Cataluña ,Barcelona,ocasional,True
cust-000550,21 de diciembre de 2024,paid_social,Madrid,Madrid,habitual,True
cust-056474,10/08/2025,email,CANARIAS,Las Palmas,habitual,True
cust-010992,17/06/2026,direct,Andalucía,,habitual,False
cust-012347,02/06/2023,paid_search,Andalucía,Sevilla,ocasional,False
cust-049283,5 de febrero de 2025,paid_social,Andalucía,Sevilla,ocasional,False
cust-046685,26/10/2024,direct,Castilla-La Mancha,Toledo,vip,True
cust-019061,8 de junio de 2024,email,MADRID,Madrid,ocasional,False
cust-057531,11 de mayo de 2025,direct,Canarias,Las Palmas,nuevo,True
cust-050314,2026-04-30,direct, Galicia ,,ocasional,False
cust-033494,17 de septiembre de 2023,organic,Cataluña,Barcelona,ocasional,False
cust-002556,11/11/2024,direct,CASTILLA Y LEÓN,Valladolid,nuevo,True
cust-021151,9 de diciembre de 2023,email,Castilla-La Mancha,Toledo,nuevo,True
cust-021901,2026-03-07,paid_social,ANDALUCÍA,Sevilla,nuevo,True
cust-040429,3 de diciembre de 2025,organic,andalucía,Sevilla,nuevo,True
cust-034282,21 de diciembre de 2024,direct,Aragón,Zaragoza,habitual,True
cust-036487,16/07/2025,direct,ANDALUCÍA,Sevilla,ocasional,True
cust-041433,30 de noviembre de 2025,direct,Madrid,Madrid,ocasional,False
cust-057599,2026-05-27,organic,ANDALUCÍA,,ocasional,True
cust-011591,9 de enero de 2023,paid_search,CATALUÑA,Barcelona,nuevo,False
cust-058373,20 de abril de 2026,organic,Madrid,Madrid,vip,True
cust-055579,12 de julio de 2024,paid_search,canarias,Las Palmas,ocasional,True
cust-052163,1 de agosto de 2024,paid_search, Aragón ,Zaragoza,habitual,False
cust-040573,10 de octubre de 2023,direct,Extremadura,,nuevo,False
cust-011112,2025-03-05,direct,Andalucía,Sevilla,ocasional,True
cust-013713,04/07/2025,direct, Galicia ,A Coruña,vip,True
cust-013347,1 de noviembre de 2024,paid_social,Extremadura,Badajoz,nuevo,False
cust-016199,2 de noviembre de 2024,email,Comunidad Valenciana,Valencia,nuevo,False
cust-017959,2026-03-13,paid_search,comunidad valenciana,Valencia,nuevo,False
cust-054272,18/11/2025,affiliate,ANDALUCÍA,Sevilla,nuevo,True
cust-021493,2025-02-20,organic,CATALUÑA,,nuevo,True
cust-049963,02/06/2026,direct,andalucía,Sevilla,nuevo,True
cust-015193,18/04/2024,direct, Andalucía ,Sevilla,nuevo,False
cust-030352,2024-05-18,direct,País Vasco,Bilbao,habitual,True
cust-055177,2024-01-02,direct,MADRID,Madrid,nuevo,True
cust-014575,2025-08-12,email,andalucía,Sevilla,habitual,True
cust-002012,14/07/2025,paid_search, Comunidad Valenciana ,Valencia,nuevo,False
cust-001518,30 de enero de 2026,organic,CANARIAS,,habitual,True
cust-006770,25 de febrero de 2025,direct,andalucía,Sevilla,habitual,True
cust-023369,15/03/2025,affiliate, Asturias ,Oviedo,habitual,True
cust-053872,5 de marzo de 2025,paid_search,andalucía,Sevilla,habitual,False
cust-045693,6 de mayo de 2025,paid_search,Castilla-La Mancha,Toledo,nuevo,True
cust-048370,05/05/2026,paid_search, Illes Balears ,Palma,habitual,False
cust-021656,1 de agosto de 2025,affiliate, Región de Murcia ,Murcia,nuevo,False
cust-038683,2023-11-06,direct,Canarias,Las Palmas,habitual,True
cust-054781,2024-10-11,direct,Comunidad Valenciana,Valencia,ocasional,False
cust-021985,2024-08-31,paid_search,Comunidad Valenciana,Valencia,nuevo,True
cust-025776,15 de septiembre de 2025,paid_social, Cataluña ,,habitual,True
cust-046816,21 de abril de 2026,direct,Madrid,Madrid,ocasional,True
cust-020534,29/06/2023,paid_social, Andalucía ,Sevilla,ocasional,False
cust-028912,29/07/2023,direct,andalucía,Sevilla,nuevo,False
cust-051310,15/10/2023,affiliate,andalucía,Sevilla,nuevo,False
cust-003978,2026-03-14,direct,GALICIA,A Coruña,ocasional,True
cust-013423,17/08/2023,paid_search,CANARIAS,Las Palmas,vip,False
cust-006844,19 de octubre de 2024,direct,castilla y león,Valladolid,nuevo,False
cust-048573,23/03/2025,paid_search, Comunidad Valenciana ,Valencia,ocasional,False
cust-049523,2023-10-03,email,Cantabria,Santander,ocasional,False
cust-003656,2024-10-23,paid_search,andalucía ,Sevilla,vip,True
cust-027309,04/11/2023,email, Canarias ,Las Palmas,nuevo,False
cust-052539,23 de mayo de 2025,paid_social,cantabria,Santander,habitual,True
cust-043729,2024-08-27,paid_social, Andalucía ,Sevilla,ocasional,True
cust-018863,1 de junio de 2026,direct,madrid,Madrid,ocasional,False
cust-051015,19/08/2024,affiliate,cataluña,Barcelona,ocasional,False
cust-004077,11/02/2025,paid_search,ANDALUCÍA,Sevilla,nuevo,True
cust-014758,2024-05-27,direct,CATALUÑA,Barcelona,habitual,False
cust-022016,07/02/2026,organic,MADRID,Madrid,nuevo,True
cust-056797,23/03/2025,direct,Andalucía,Sevilla,habitual,True
cust-055202,2026-03-22,affiliate,ANDALUCÍA,Sevilla,nuevo,True
cust-055649,14 de octubre de 2025,paid_search, Andalucía ,Sevilla,nuevo,True
cust-053596,30/09/2025,email, Cataluña ,Barcelona,habitual,True
cust-014531,28/07/2025,paid_social,CATALUÑA,Barcelona,habitual,True
cust-004836,19 de marzo de 2026,affiliate,País Vasco,Bilbao,nuevo,False
cust-035537,09/09/2025,paid_search,andalucía,,habitual,True
cust-055585,24 de febrero de 2026,email,andalucía,Sevilla,vip,False
cust-030028,24/07/2025,organic,MADRID,Madrid,vip,True
cust-052894,2026-04-15,paid_search,MADRID,Madrid,ocasional,True
cust-029067,4 de diciembre de 2023,paid_search, Madrid ,Madrid,nuevo,True
cust-050264,29 de noviembre de 2025,paid_search,asturias,Oviedo,ocasional,True
cust-046784,2025-11-26,organic,Comunidad Valenciana,,habitual,True
cust-014126,2026-05-14,paid_social,andalucía,Sevilla,nuevo,True
cust-027249,7 de abril de 2025,paid_search,CANARIAS,Las Palmas,vip,False
cust-020084,31/05/2025,direct,ANDALUCÍA,Sevilla,ocasional,True
cust-044323,2024-03-05,affiliate,MADRID,Madrid,ocasional,True
cust-039711,21 de marzo de 2025,direct,Castilla y León,Valladolid,ocasional,False
cust-048879,18 de octubre de 2025,direct, Canarias ,Las Palmas,nuevo,True
cust-045448,2025-08-14,organic,región de murcia,,nuevo,True
cust-027734,2023-11-16,affiliate,PAÍS VASCO,Bilbao,ocasional,False
cust-021703,14 de noviembre de 2025,paid_social, Galicia ,A Coruña,nuevo,True
cust-016720,31 de julio de 2025,organic, Navarra  ,Pamplona,nuevo,False
cust-031447,14 de abril de 2026,organic, Comunidad Valenciana ,Valencia,vip,True
cust-017756,13 de marzo de 2026,organic, País Vasco ,Bilbao,nuevo,True
cust-052196,19/07/2024,organic,castilla y león,,habitual,False
cust-045107,2024-12-07,paid_search,Madrid,Madrid,habitual,True
cust-027731,9 de abril de 2026,email,extremadura,Badajoz,habitual,True
cust-045077,04/04/2024,paid_search,ILLES BALEARS,Palma,ocasional,False
cust-020184,2026-01-04,paid_search,País Vasco,Bilbao,ocasional,True
cust-036358,10 de noviembre de 2025,organic,Andalucía,Sevilla,nuevo,True
cust-023641,2024-04-14,email,galicia,A Coruña,habitual,True
cust-002078,2024-12-25,organic, Comunidad Valenciana ,Valencia,nuevo,False
cust-034920,2026-04-16,direct, Madrid ,Madrid,habitual,False
cust-008117,26 de junio de 2023,email,CANARIAS,Las Palmas,ocasional,True
cust-054528,2024-12-10,organic,galicia,A Coruña,habitual,True
cust-011948,3 de marzo de 2026,paid_search,andalucía,Sevilla,vip,True
cust-021598,12/12/2023,paid_social,MADRID,Madrid,vip,True
cust-020074,2025-09-13,direct,MADRID,Madrid,nuevo,True
cust-032382,03/05/2025,paid_search,Región de Murcia,Murcia,vip,True
cust-054369,15/05/2023,email,CATALUÑA,Barcelona,vip,True
cust-041696,13 de marzo de 2025,organic,GALICIA,A Coruña,ocasional,True
cust-051000,28/01/2026,paid_social, Andalucía ,Sevilla,nuevo,True
cust-008102,06/09/2025,organic,Cantabria,Santander,nuevo,True
cust-016012,06/02/2026,direct, Andalucía ,Sevilla,ocasional,True
cust-053155,08/10/2025,email,ANDALUCÍA ,Sevilla,habitual,True
cust-058193,11 de abril de 2026,affiliate,comunidad valenciana ,Valencia,nuevo,False
cust-003321,31 de octubre de 2025,paid_social,madrid,Madrid,nuevo,True
cust-055022,2025-09-02,paid_search,REGIÓN DE MURCIA,Murcia,nuevo,True
cust-012353,2025-03-06,organic,Andalucía ,Sevilla,ocasional,True
cust-054058,2024-11-21,paid_search,madrid,Madrid,ocasional,False
cust-019170,20 de enero de 2024,email,Illes Balears,Palma,nuevo,False
cust-023641,2024-04-14,email,galicia ,A Coruña,habitual,True
cust-028003,2023-10-31,organic,COMUNIDAD VALENCIANA,Valencia,ocasional,False
cust-023626,18/02/2025,direct,Madrid,Madrid,habitual,False
cust-017018,25/04/2025,email, Comunidad Valenciana ,Valencia,habitual,False
cust-032606,23 de diciembre de 2023,paid_search,comunidad valenciana,Valencia,nuevo,True
cust-016714,2024-12-11,direct,andalucía,Sevilla,ocasional,True
cust-020510,27 de diciembre de 2025,organic,cataluña,Barcelona,ocasional,False
cust-017102,2025-04-30,paid_social,Andalucía,Sevilla,nuevo,False
cust-036930,20 de octubre de 2024,email,ANDALUCÍA ,Sevilla,nuevo,True
cust-025162,2025-02-17,direct,ARAGÓN,Zaragoza,habitual,True
cust-002117,11/07/2025,paid_search, Madrid ,Madrid,nuevo,True
cust-013132,2025-11-05,affiliate, Madrid ,Madrid,nuevo,False
cust-013239,11 de julio de 2024,organic, Castilla-La Mancha ,Toledo,nuevo,True
cust-035661,22/10/2024,paid_search,Andalucía,Sevilla,ocasional,True
cust-000074,2025-06-09,direct,comunidad valenciana,Valencia,nuevo,True
cust-043103,20 de febrero de 2024,direct,CATALUÑA,Barcelona,ocasional,True
cust-053593,20/08/2025,direct,castilla y león,Valladolid,ocasional,True
cust-017658,2024-07-25,direct, Andalucía ,,nuevo,True
cust-054421,2025-02-13,paid_search,CASTILLA-LA MANCHA,Toledo,vip,False
cust-037833,06/05/2026,direct,CATALUÑA,Barcelona,nuevo,True
cust-043696,25 de noviembre de 2025,direct,Andalucía,Sevilla,ocasional,True
cust-013796,2 de enero de 2024,direct,madrid,Madrid,nuevo,True
cust-038257,01/05/2025,paid_social,comunidad valenciana,Valencia,ocasional,True
cust-001713,2026-04-21,paid_social, Aragón ,Zaragoza,nuevo,True
cust-002211,28 de mayo de 2024,paid_search, Región de Murcia ,Murcia,nuevo,False
cust-036563,2025-02-08,organic, Comunidad Valenciana ,Valencia,ocasional,True
cust-039926,2024-08-09,paid_search,CANTABRIA ,Santander,vip,False
cust-031630,23/10/2025,direct,ILLES BALEARS,Palma,vip,False
cust-046591,2025-10-13,paid_social, Galicia ,A Coruña,nuevo,True
cust-009836,18 de septiembre de 2025,paid_search,andalucía,Sevilla,ocasional,True
cust-058900,28/11/2024,affiliate, Cataluña ,Barcelona,habitual,True
cust-019522,12/12/2025,direct,Comunidad Valenciana,Valencia,nuevo,True
cust-023637,12 de mayo de 2026,direct, Andalucía ,Sevilla,vip,False
cust-011451,2026-04-18,direct,Comunidad Valenciana,Valencia,nuevo,True
cust-038290,2024-07-29,organic,País Vasco,Bilbao,ocasional,True
cust-036378,07/03/2024,organic,andalucía,Sevilla,ocasional,True
cust-035294,2023-08-18,email,Castilla y León,Valladolid,vip,False
cust-028628,13/05/2025,paid_search,Andalucía,Sevilla,habitual,True
cust-043412,28/03/2025,paid_search,Madrid,Madrid,nuevo,False
cust-033332,21/01/2026,paid_search,Comunidad Valenciana,Valencia,nuevo,True
cust-053468,14/07/2025,affiliate,ANDALUCÍA,Sevilla,ocasional,False
cust-055896,26 de agosto de 2023,affiliate,andalucía,Sevilla,vip,True
cust-024817,2024-04-21,paid_social,CASTILLA Y LEÓN,Valladolid,habitual,True
cust-036287,23/08/2023,paid_search,Andalucía,Sevilla,habitual,False
cust-011602,2024-09-11,affiliate,cataluña,Barcelona,habitual,True
cust-048412,06/04/2026,paid_search,Castilla-La Mancha,Toledo,nuevo,True
cust-011103,29 de marzo de 2024,paid_search,Cataluña,Barcelona,habitual,False
cust-028854,18/09/2025,organic, Canarias ,Las Palmas,ocasional,True
cust-030184,2025-08-30,paid_search, Illes Balears ,Palma,habitual,False
cust-025948,25/02/2024,organic,madrid,Madrid,nuevo,True
cust-007035,22/06/2026,direct, Andalucía ,Sevilla,nuevo,True
cust-054454,2025-05-03,direct, Aragón ,Zaragoza,ocasional,False
cust-041899,10/11/2025,direct,ANDALUCÍA,Sevilla,vip,False
cust-001627,1 de marzo de 2025,paid_social,País Vasco,Bilbao,ocasional,False
cust-045721,11 de septiembre de 2023,direct,CATALUÑA,Barcelona,nuevo,False
cust-049152,4 de junio de 2026,direct,ANDALUCÍA,Sevilla,habitual,True
cust-033346,13 de febrero de 2024,direct,andalucía,Sevilla,nuevo,False
cust-037888,2 de enero de 2024,organic,Comunidad Valenciana,Valencia,ocasional,True
cust-040281,24 de abril de 2024,paid_social, Andalucía ,Sevilla,ocasional,True
cust-056848,28 de abril de 2026,direct,madrid,Madrid,nuevo,True
cust-013128,24 de junio de 2026,paid_search, Andalucía ,Sevilla,vip,True
cust-011830,11 de septiembre de 2023,paid_search, Madrid ,Madrid,ocasional,True
cust-008307,19 de noviembre de 2023,email,Castilla-La Mancha,Toledo,habitual,True
cust-036574,05/09/2024,paid_social,CATALUÑA,Barcelona,habitual,False
cust-059962,2025-07-10,organic,Andalucía,Sevilla,nuevo,False
cust-056323,2023-12-14,direct,ANDALUCÍA,Sevilla,nuevo,True
cust-032638,2024-03-01,direct,CASTILLA-LA MANCHA,Toledo,habitual,True
cust-051174,13 de enero de 2026,paid_social,castilla y león,Valladolid,ocasional,True
cust-003247,23/03/2024,paid_search,castilla-la mancha,Toledo,nuevo,False
cust-053670,14 de septiembre de 2025,direct,castilla-la mancha,Toledo,nuevo,False
cust-053353,2023-01-19,direct,GALICIA,A Coruña,nuevo,True
cust-059582,6 de julio de 2024,direct,comunidad valenciana,Valencia,habitual,True
cust-053564,24/09/2024,paid_social,COMUNIDAD VALENCIANA,Valencia,nuevo,True
cust-030896,24 de noviembre de 2024,email,MADRID,Madrid,vip,False
cust-036205,22 de enero de 2025,direct,Madrid,Madrid,ocasional,True
cust-040235,13/09/2023,email,Madrid,Madrid,habitual,False
cust-055715,2026-06-18,paid_search,Castilla-La Mancha ,Toledo,nuevo,False
cust-045095,2024-03-11,direct, Madrid ,Madrid,ocasional,False
cust-029833,2025-09-13,organic, Madrid ,Madrid,habitual,False
cust-054362,2025-07-06,direct,CANARIAS,Las Palmas,nuevo,True
cust-049579,2024-08-21,paid_search, Madrid ,Madrid,habitual,False
cust-034440,30/05/2024,affiliate,castilla y león,Valladolid,vip,True
cust-024657,11/08/2023,email, Andalucía ,Sevilla,ocasional,False
cust-054737,2025-08-08,affiliate,comunidad valenciana,Valencia,nuevo,True
cust-036412,2025-05-30,affiliate, Madrid ,Madrid,ocasional,False
cust-047240,22 de agosto de 2024,direct,ANDALUCÍA,Sevilla,ocasional,True
cust-017027,2024-08-15,organic,MADRID,Madrid,ocasional,True
cust-014060,2023-11-17,direct, Comunidad Valenciana ,Valencia,nuevo,False
cust-044467,2025-10-03,direct, Extremadura ,Badajoz,ocasional,True
cust-057087,02/03/2024,direct,comunidad valenciana,Valencia,ocasional,False
cust-014978,21 de febrero de 2025,paid_social,MADRID,Madrid,habitual,False
cust-026986,2025-01-30,organic,andalucía,Sevilla,vip,True
cust-039777,23 de febrero de 2026,direct, Andalucía ,,nuevo,False
cust-030496,24/12/2023,email,madrid,Madrid,ocasional,False
cust-052665,19 de enero de 2025,direct,CATALUÑA,Barcelona,ocasional,True
cust-057892,2024-12-19,email,Cataluña,Barcelona,ocasional,True
cust-047303,06/01/2026,affiliate,Andalucía,Sevilla,ocasional,False
cust-010448,25/12/2025,paid_search,CANTABRIA,Santander,ocasional,True
cust-050924,27 de julio de 2025,email,ANDALUCÍA,Sevilla,habitual,True
cust-016614,2025-07-19,direct, Castilla-La Mancha ,Toledo,habitual,True
cust-015761,2024-04-11,paid_search,ILLES BALEARS,Palma,ocasional,True
cust-054843,17/12/2024,direct,CATALUÑA,Barcelona,ocasional,False
cust-025147,2025-10-25,paid_search,cataluña,Barcelona,ocasional,True
cust-022667,26 de septiembre de 2023,email,CATALUÑA,Barcelona,vip,False
cust-000399,19 de mayo de 2024,email,MADRID,,ocasional,True
cust-037908,2025-06-14,organic,Comunidad Valenciana,Valencia,ocasional,False
cust-018933,2024-03-01,affiliate,andalucía,Sevilla,habitual,False
cust-051706,13/08/2024,email, Andalucía ,Sevilla,nuevo,True
cust-046019,01/05/2023,paid_search, Comunidad Valenciana ,Valencia,ocasional,False
cust-032890,24 de octubre de 2025,direct,Canarias,Las Palmas,nuevo,True
cust-043593,4 de septiembre de 2025,paid_search,PAÍS VASCO,,vip,True
cust-022566,20/02/2026,affiliate,Cataluña,Barcelona,vip,False
cust-047786,2025-07-16,organic, Andalucía ,Sevilla,ocasional,False
cust-003296,2024-08-07,organic, Madrid ,Madrid,nuevo,False
cust-046650,2025-10-24,paid_social, Andalucía ,Sevilla,ocasional,True
cust-033005,19 de enero de 2024,paid_search,Canarias,Las Palmas,ocasional,True
cust-024560,20 de abril de 2025,email, Galicia ,A Coruña,ocasional,True
cust-058487,8 de enero de 2023,direct,Madrid,Madrid,nuevo,False
cust-019062,2024-09-01,paid_search,andalucía,Sevilla,habitual,True
cust-010002,2023-11-26,email,Aragón,Zaragoza,nuevo,True
cust-038635,5 de junio de 2025,paid_search,ANDALUCÍA,Sevilla,ocasional,True
cust-015356,2023-05-28,organic,Galicia,A Coruña,ocasional,True
cust-043136,6 de mayo de 2026,paid_search,madrid,Madrid,ocasional,True
cust-057929,2025-01-12,affiliate,Comunidad Valenciana ,Valencia,habitual,True
cust-014119,06/05/2024,paid_social,castilla-la mancha,Toledo,ocasional,False
cust-051715,08/05/2026,direct,Comunidad Valenciana,Valencia,nuevo,True
cust-028751,2023-04-09,direct,Comunidad Valenciana,Valencia,ocasional,True
cust-056757,2024-04-12,direct, Asturias ,Oviedo,ocasional,True
cust-041382,7 de septiembre de 2024,organic,Madrid,Madrid,habitual,True
cust-028770,2025-11-22,direct, Galicia ,A Coruña,nuevo,True
cust-027067,22/05/2025,direct,Andalucía,Sevilla,ocasional,False
cust-005774,04/08/2023,direct, Andalucía ,Sevilla,vip,True
cust-056584,2024-04-26,organic,castilla y león,Valladolid,ocasional,True
cust-040796,2024-07-08,affiliate,ANDALUCÍA,Sevilla,vip,True
cust-041638,2023-09-27,organic,MADRID,Madrid,habitual,False
cust-018457,05/09/2025,affiliate,Región de Murcia,Murcia,vip,False
cust-046777,2024-12-14,email, Andalucía ,Sevilla,vip,True
cust-000195,2025-04-16,email,Cataluña,Barcelona,nuevo,True
cust-005224,02/03/2024,direct,CASTILLA Y LEÓN,Valladolid,habitual,True
cust-042088,01/08/2024,direct,Comunidad Valenciana,Valencia,ocasional,True
cust-000331,2026-02-08,direct, Illes Balears ,Palma,habitual,False
cust-000402,26 de junio de 2026,affiliate,madrid,Madrid,nuevo,False
cust-002637,10 de abril de 2026,email, Región de Murcia ,Murcia,habitual,True
cust-003403,17 de octubre de 2023,paid_social,EXTREMADURA,,ocasional,True
cust-056850,2025-05-03,paid_search,Illes Balears,Palma,vip,True
cust-019606,2024-03-13,organic,MADRID,Madrid,ocasional,False
cust-034756,27 de diciembre de 2024,organic, Castilla y León ,Valladolid,ocasional,True
cust-034432,2025-02-14,affiliate,aragón,Zaragoza,nuevo,True
cust-035928,01/11/2023,organic,galicia,A Coruña,habitual,True
cust-022064,2025-06-03,direct,CANARIAS,Las Palmas,habitual,True
cust-002323,7 de junio de 2026,email, Galicia ,,habitual,True
cust-006830,7 de julio de 2025,direct, Cataluña ,Barcelona,habitual,False
cust-035174,30/01/2025,affiliate,galicia,A Coruña,nuevo,True
cust-056211,13 de diciembre de 2023,direct,país vasco,Bilbao,nuevo,True
cust-034966,05/07/2023,organic, Andalucía ,,habitual,True
cust-005069,13/08/2023,affiliate,comunidad valenciana,Valencia,habitual,True
cust-007853,12/08/2023,organic, Galicia ,A Coruña,ocasional,False
cust-030256,7 de junio de 2025,direct, Cataluña ,Barcelona,ocasional,True
cust-012686,2024-12-03,direct,CATALUÑA,Barcelona,vip,False
cust-053676,19/09/2025,direct,andalucía,Sevilla,ocasional,False
cust-053977,2024-10-04,organic,cataluña,Barcelona,habitual,True
cust-049060,2025-04-21,paid_search,comunidad valenciana,,vip,True
cust-010880,28/12/2025,paid_social,cataluña,Barcelona,habitual,True
cust-023963,27/08/2025,paid_social,Galicia,A Coruña,habitual,False
cust-002924,2025-09-02,email,madrid,Madrid,nuevo,True
cust-049304,27/04/2024,organic, País Vasco ,Bilbao,nuevo,False
cust-015143,27 de diciembre de 2024,paid_search,Comunidad Valenciana,Valencia,nuevo,True
cust-007039,02/01/2024,paid_social,castilla-la mancha,Toledo,nuevo,False
cust-048261,07/08/2025,direct,Galicia,A Coruña,ocasional,False
cust-052779,18/07/2025,direct,Castilla-La Mancha,Toledo,nuevo,True
cust-011147,2024-04-03,direct,andalucía,Sevilla,ocasional,True
cust-019706,22/12/2024,paid_social,Castilla-La Mancha,Toledo,ocasional,True
cust-033550,2023-08-10,email, Andalucía ,Sevilla,nuevo,True
cust-052489,2 de septiembre de 2024,direct, Castilla y León ,Valladolid,nuevo,True
cust-005057,2025-12-27,organic,Andalucía,Sevilla,ocasional,True
cust-033691,2025-01-18,paid_social,CASTILLA Y LEÓN,Valladolid,habitual,True
cust-017225,16 de abril de 2026,paid_social,CATALUÑA,Barcelona,nuevo,True
cust-028738,27 de octubre de 2025,direct, Cataluña ,Barcelona,habitual,False
cust-042655,2024-08-24,direct,Canarias,,ocasional,False
cust-011266,2024-11-19,direct, Cataluña ,Barcelona,nuevo,True
cust-035875,01/08/2023,paid_social,aragón,Zaragoza,habitual,False
cust-057106,5 de noviembre de 2025,paid_search,canarias,Las Palmas,habitual,True
cust-042709,26 de febrero de 2025,paid_search,andalucía,Sevilla,ocasional,False
cust-049792,05/05/2025,email,MADRID,Madrid,vip,False
cust-011492,11 de noviembre de 2023,paid_social, Castilla-La Mancha ,Toledo,ocasional,True
cust-043778,21 de enero de 2026,organic, Madrid ,Madrid,nuevo,True
cust-018649,2026-04-24,paid_social,andalucía,Sevilla,ocasional,True
cust-031237,06/04/2025,direct,país vasco,Bilbao,ocasional,False
cust-040553,2024-05-21,direct,Región de Murcia,Murcia,nuevo,False
cust-048743,29/06/2025,paid_social,Madrid,Madrid,habitual,True
cust-031390,2024-05-14,direct,aragón,Zaragoza,habitual,True
cust-050788,3 de diciembre de 2025,email, Andalucía ,Sevilla,habitual,True
cust-001974,3 de abril de 2024,paid_social, Castilla-La Mancha ,Toledo,habitual,True
cust-049232,21 de mayo de 2024,organic,Región de Murcia,Murcia,ocasional,True
cust-013323,21 de mayo de 2024,organic,Canarias,Las Palmas,habitual,False
cust-049199,2024-04-05,organic,Andalucía,Sevilla,ocasional,True
cust-034987,09/07/2024,paid_social,ANDALUCÍA,Sevilla,nuevo,True
cust-057806,2025-09-18,email, Andalucía ,Sevilla,vip,True
cust-044023,31/07/2023,paid_search,COMUNIDAD VALENCIANA,,habitual,True
cust-022620,24 de enero de 2026,direct,ANDALUCÍA,Sevilla,vip,True
cust-039303,09/03/2024,paid_social,MADRID,Madrid,nuevo,False
cust-050983,13 de junio de 2026,paid_search,CANARIAS,Las Palmas,nuevo,True
cust-013818,19 de septiembre de 2025,direct,CATALUÑA,Barcelona,ocasional,False
cust-059585,2026-06-30,direct,andalucía,Sevilla,vip,True
cust-005418,2025-12-20,email, Andalucía ,Sevilla,vip,True
cust-005390,2024-12-01,paid_social,galicia,A Coruña,vip,True
cust-055786,30/01/2026,organic,CASTILLA Y LEÓN,Valladolid,nuevo,True
cust-001239,17 de febrero de 2024,direct,Cataluña,Barcelona,ocasional,False
cust-050283,17/08/2025,email,Castilla-La Mancha,Toledo,habitual,True
cust-007285,2024-11-29,paid_search,REGIÓN DE MURCIA,Murcia,ocasional,False
cust-024241,08/08/2024,direct,MADRID,Madrid,nuevo,True
cust-044144,2024-06-20,direct,Andalucía,Sevilla,nuevo,False
cust-039755,2023-03-25,organic,ANDALUCÍA,Sevilla,nuevo,False
cust-059818,2024-10-12,paid_social, Andalucía ,,nuevo,True
cust-024883,2025-06-30,email,canarias,Las Palmas,nuevo,True
cust-050526,15 de diciembre de 2023,paid_search,COMUNIDAD VALENCIANA,Valencia,nuevo,True
cust-050526,15 de diciembre de 2023,paid_search,COMUNIDAD VALENCIANA ,Valencia,nuevo,True
cust-024510,2024-08-17,paid_search,CATALUÑA,Barcelona,vip,True
cust-050344,8 de agosto de 2024,paid_search,CASTILLA-LA MANCHA,Toledo,nuevo,False
cust-007280,26/05/2026,organic,Cataluña,Barcelona,nuevo,True
cust-013670,2025-09-05,paid_social,MADRID,Madrid,ocasional,True
cust-012761,10 de mayo de 2026,email,Andalucía,,vip,False
cust-006377,27 de agosto de 2023,organic,castilla y león,Valladolid,ocasional,False
cust-030471,2024-09-05,paid_social,castilla y león,Valladolid,ocasional,True
cust-004576,11/06/2025,organic,Madrid,Madrid,nuevo,False
cust-032943,28 de noviembre de 2025,email,Castilla y León,Valladolid,ocasional,True
cust-008837,10/05/2025,paid_search,Canarias,Las Palmas,habitual,True
cust-035135,2025-10-03,affiliate, Galicia ,A Coruña,nuevo,False
cust-044391,2025-10-23,paid_social,Canarias,,habitual,True
cust-049801,28 de noviembre de 2024,paid_search,canarias,Las Palmas,nuevo,True
cust-048316,2025-09-24,organic,COMUNIDAD VALENCIANA,,nuevo,True
cust-033630,28/06/2024,paid_search,Andalucía,Sevilla,ocasional,True
cust-051789,24 de septiembre de 2025,organic,Galicia,A Coruña,habitual,True
cust-053707,2025-10-05,direct,illes balears,Palma,nuevo,False
cust-016810,2025-02-20,affiliate,Andalucía,Sevilla,habitual,True
cust-053806,1 de junio de 2023,affiliate,Cataluña,Barcelona,habitual,False
cust-023083,31 de enero de 2023,organic, Andalucía ,Sevilla,ocasional,False
cust-013925,2025-02-16,direct,Canarias,Las Palmas,nuevo,True
cust-012116,19/07/2024,direct, Comunidad Valenciana ,Valencia,nuevo,True
cust-016200,02/01/2025,direct,castilla-la mancha,Toledo,ocasional,True
cust-030277,05/02/2026,direct,COMUNIDAD VALENCIANA,Valencia,nuevo,False
cust-019959,2024-12-09,direct,CANARIAS,Las Palmas,habitual,False
cust-052475,25 de octubre de 2025,paid_search, Navarra ,Pamplona,nuevo,True
cust-040968,2026-02-19,organic,PAÍS VASCO,Bilbao,ocasional,True
cust-010639,7 de julio de 2024,email, Andalucía ,Sevilla,nuevo,True
cust-058771,2025-12-04,direct,CATALUÑA,,ocasional,True
cust-007256,2024-07-16,direct,REGIÓN DE MURCIA,Murcia,habitual,False
cust-005983,01/12/2024,direct,país vasco,Bilbao,ocasional,True
cust-034704,31 de octubre de 2024,direct,COMUNIDAD VALENCIANA,Valencia,nuevo,False
cust-023299,29 de marzo de 2023,organic, Madrid ,,nuevo,True
cust-006911,2025-09-29,organic,país vasco,Bilbao,nuevo,True
cust-016916,20 de julio de 2025,email,Asturias,,ocasional,False
cust-051401,2023-10-18,paid_search, Andalucía ,Sevilla,habitual,True
cust-027567,8 de mayo de 2026,affiliate,madrid,Madrid,habitual,False
cust-055477,2025-03-18,paid_search,cataluña,Barcelona,ocasional,True
cust-050803,7 de diciembre de 2025,paid_search,illes balears,Palma,habitual,True
cust-049286,14/03/2025,paid_search,aragón,Zaragoza,vip,True
cust-008967,25/11/2025,paid_search,cataluña,Barcelona,habitual,True
cust-023375,15 de noviembre de 2025,paid_search,Aragón,Zaragoza,ocasional,True
cust-013634,2025-03-29,paid_search,CATALUÑA,Barcelona,habitual,True
cust-006710,8 de marzo de 2024,direct, Cataluña ,,habitual,True
cust-016677,2 de mayo de 2023,direct,comunidad valenciana,Valencia,vip,True
cust-005595,13 de marzo de 2026,affiliate,CANTABRIA,Santander,nuevo,False
cust-011796,14/02/2024,direct,ILLES BALEARS,Palma,ocasional,False
cust-000249,2025-06-20,direct, Andalucía ,Sevilla,nuevo,False
cust-023122,14/03/2024,email, País Vasco ,Bilbao,nuevo,True
cust-030152,25 de mayo de 2026,email,PAÍS VASCO,Bilbao,vip,True
cust-010598,14/02/2024,paid_social,comunidad valenciana,Valencia,vip,True
cust-058225,2025-05-09,direct,andalucía,Sevilla,habitual,True
cust-042241,5 de enero de 2023,affiliate,ANDALUCÍA,Sevilla,nuevo,False
cust-031976,30 de enero de 2026,paid_search, Andalucía ,,ocasional,True
cust-001608,2025-12-30,direct, Andalucía ,Sevilla,ocasional,True
cust-036947,2024-06-14,paid_social,COMUNIDAD VALENCIANA,,habitual,True
cust-058587,2026-01-10,direct,ANDALUCÍA,Sevilla,nuevo,False
cust-012412,2024-03-14,paid_search,Andalucía,Sevilla,habitual,True
cust-012245,29 de noviembre de 2023,direct, Andalucía ,Sevilla,nuevo,True
cust-008642,03/06/2024,paid_social, Madrid ,Madrid,ocasional,True
cust-043644,7 de julio de 2025,email,Andalucía,Sevilla,ocasional,True
cust-030059,2023-12-06,direct,ANDALUCÍA,Sevilla,habitual,False
cust-011112,2025-03-05,direct,Andalucía ,Sevilla,ocasional,True
cust-049301,05/11/2025,paid_social, Andalucía ,Sevilla,ocasional,False
cust-029858,2025-02-09,paid_search,aragón,Zaragoza,nuevo,False
cust-049602,13 de enero de 2024,paid_search,MADRID,Madrid,nuevo,False
cust-053514,2025-04-24,direct,madrid ,Madrid,habitual,True
cust-053108,2024-09-06,organic,Cataluña,Barcelona,habitual,True
cust-054796,2023-11-20,direct,País Vasco,Bilbao,habitual,True
cust-010728,19 de mayo de 2026,direct, Andalucía  ,Sevilla,nuevo,True
cust-021409,20/05/2026,paid_search, Canarias ,Las Palmas,nuevo,True
cust-016178,2026-06-07,paid_social,galicia,A Coruña,nuevo,True
cust-024856,17/05/2026,paid_search,ANDALUCÍA,,nuevo,True
cust-030292,18 de octubre de 2024,paid_social,Castilla-La Mancha ,Toledo,habitual,True
cust-031228,5 de febrero de 2026,paid_social, Andalucía ,Sevilla,nuevo,True
cust-035017,18 de enero de 2026,paid_search, Cataluña ,Barcelona,nuevo,False
cust-007492,12 de abril de 2026,organic,GALICIA,A Coruña,nuevo,True
cust-004218,31 de diciembre de 2024,direct,andalucía,,ocasional,True
cust-020275,2025-11-20,paid_social,Andalucía,,ocasional,True
cust-034880,2024-08-14,organic,Cataluña,Barcelona,nuevo,True
cust-003741,2024-09-24,affiliate, Región de Murcia ,Murcia,nuevo,True
cust-028563,2025-06-03,paid_search,Cataluña,Barcelona,nuevo,True
cust-010979,14 de octubre de 2025,organic,MADRID,Madrid,ocasional,False
cust-028519,14 de julio de 2024,direct,comunidad valenciana,Valencia,nuevo,True
cust-031231,25/02/2023,organic, Cataluña ,Barcelona,nuevo,True
cust-005900,2023-12-05,paid_social,Andalucía,Sevilla,ocasional,False
cust-006998,07/03/2025,paid_search,NAVARRA,Pamplona,nuevo,True
cust-022970,29/11/2025,email,COMUNIDAD VALENCIANA,Valencia,nuevo,True
cust-032527,2025-05-06,direct,Cataluña,Barcelona,nuevo,True
cust-039219,15 de julio de 2024,paid_social,ANDALUCÍA,Sevilla,ocasional,True
cust-051650,2026-06-10,paid_search,MADRID,Madrid,ocasional,False
cust-036242,2026-01-29,direct, Castilla y León ,Valladolid,nuevo,True
cust-055295,11/12/2023,paid_social,Illes Balears,Palma,nuevo,True
cust-052545,2025-08-13,direct,Galicia,A Coruña,nuevo,False
cust-007584,2024-11-29,email,MADRID,Madrid,habitual,True
cust-044668,6 de marzo de 2024,paid_search,Galicia,A Coruña,habitual,True
cust-053429,2023-03-04,organic,CASTILLA Y LEÓN,Valladolid,habitual,True
cust-054660,04/05/2025,organic, Cataluña ,Barcelona,nuevo,False
cust-051163,24 de mayo de 2023,paid_social,ANDALUCÍA,,nuevo,True
cust-024098,02/09/2025,direct,Cataluña,Barcelona,vip,True
cust-017611,2024-02-13,email,Comunidad Valenciana,Valencia,ocasional,True
cust-034031,31/03/2025,direct, Asturias ,Oviedo,ocasional,False
cust-023203,13/03/2026,direct,Illes Balears,Palma,nuevo,False
cust-019826,2025-08-13,affiliate,Madrid,Madrid,ocasional,False
cust-050252,23 de julio de 2024,direct,comunidad valenciana,Valencia,habitual,True
cust-012117,3 de mayo de 2024,paid_search,madrid,Madrid,vip,False
cust-043749,1 de noviembre de 2023,affiliate, Galicia ,A Coruña,ocasional,False
cust-031702,27 de enero de 2025,email,ANDALUCÍA,Sevilla,ocasional,False
cust-034358,24 de noviembre de 2025,direct,madrid,Madrid,habitual,False
cust-056960,10 de abril de 2024,organic,CATALUÑA,Barcelona,habitual,False
cust-027250,28 de noviembre de 2024,paid_social,COMUNIDAD VALENCIANA,Valencia,habitual,False
cust-024533,03/09/2024,organic,comunidad valenciana,Valencia,habitual,False
cust-011734,15 de diciembre de 2025,email,cantabria,Santander,ocasional,False
cust-032914,27 de agosto de 2025,email,cantabria,Santander,habitual,False
cust-021225,2023-08-21,organic,Madrid,Madrid,nuevo,True
cust-021743,23/01/2025,email, Andalucía ,,nuevo,True
cust-012715,24/10/2025,direct, Madrid ,Madrid,vip,False
cust-032447,13 de noviembre de 2024,paid_social,CATALUÑA,Barcelona,nuevo,True
cust-017916,19/03/2026,affiliate,ILLES BALEARS,Palma,nuevo,False
cust-058487,8 de enero de 2023,direct,Madrid,Madrid,nuevo,False
cust-022557,22 de junio de 2024,paid_search,illes balears,Palma,nuevo,True
cust-057929,2025-01-12,affiliate,Comunidad Valenciana,Valencia,habitual,True
cust-057929,2025-01-12,affiliate,Comunidad Valenciana,Valencia,habitual,True
cust-046103,22/12/2025,email,Andalucía,Sevilla,nuevo,False
cust-049420,2023-08-28,paid_social,Castilla y León,Valladolid,habitual,True
cust-021276,04/03/2025,paid_social,cantabria,Santander,nuevo,True
cust-007159,19 de febrero de 2026,direct,Andalucía ,Sevilla,ocasional,True
cust-055928,2026-01-23,paid_social,ANDALUCÍA,Sevilla,ocasional,True
cust-008998,2025-10-30,affiliate,Cataluña,Barcelona,vip,True
cust-046774,23/12/2025,direct,ANDALUCÍA,Sevilla,nuevo,True
cust-043330,2023-09-03,direct,Castilla y León,Valladolid,ocasional,True
cust-048759,2025-12-21,organic, Madrid ,Madrid,nuevo,True
cust-046108,11 de julio de 2024,paid_social,cataluña,Barcelona,habitual,True
cust-032759,2024-09-18,paid_social,MADRID,Madrid,ocasional,True
cust-013740,2023-07-24,paid_social,ANDALUCÍA,Sevilla,nuevo,True
cust-050710,20/05/2025,paid_search,CATALUÑA,Barcelona,ocasional,True
cust-025004,12/11/2025,organic,Cataluña,Barcelona,ocasional,False
cust-007035,22/06/2026,direct, Andalucía ,Sevilla,nuevo,True
cust-044408,2025-09-30,direct,COMUNIDAD VALENCIANA,Valencia,ocasional,False
cust-019870,27/03/2023,paid_search, Andalucía ,Sevilla,habitual,False
cust-000956,02/03/2025,organic,galicia,,habitual,False
cust-051950,21/09/2025,direct,Madrid,Madrid,habitual,True
cust-013053,8 de octubre de 2024,direct,CATALUÑA,Barcelona,ocasional,True
cust-000510,02/05/2025,paid_search,cataluña,Barcelona,habitual,True
cust-017142,30/12/2025,email,Andalucía,Sevilla,vip,True
cust-056802,2024-04-27,affiliate,País Vasco,Bilbao,habitual,True
cust-023075,2024-09-20,paid_search, Comunidad Valenciana ,Valencia,nuevo,True
cust-010215,29/12/2024,email,aragón,Zaragoza,nuevo,True
cust-009920,2025-08-05,organic, Illes Balears ,Palma,nuevo,True
cust-013946,2025-08-04,organic,comunidad valenciana,Valencia,nuevo,False
cust-036045,29 de octubre de 2025,direct,CATALUÑA,Barcelona,habitual,True
cust-046821,2024-07-30,paid_social, Castilla y León ,Valladolid,habitual,True
cust-022067,02/10/2025,direct,Castilla y León,Valladolid,ocasional,False
cust-051398,21/04/2025,direct,Galicia,A Coruña,habitual,False
cust-052018,2024-03-27,paid_social, Madrid ,Madrid,nuevo,True
cust-047372,2025-09-26,paid_search,canarias,Las Palmas,ocasional,False
cust-013523,2026-02-27,affiliate, Cataluña ,Barcelona,habitual,True
cust-043974,08/01/2026,affiliate,andalucía ,Sevilla,vip,True
cust-042049,27/08/2023,email,PAÍS VASCO,Bilbao,nuevo,True
cust-017310,27 de noviembre de 2023,direct,NAVARRA,Pamplona,ocasional,True
cust-058414,2025-06-02,organic,MADRID,Madrid,nuevo,False
cust-056496,15 de diciembre de 2024,paid_search, Comunidad Valenciana ,Valencia,nuevo,True
cust-008347,2025-05-16,email,COMUNIDAD VALENCIANA,Valencia,ocasional,False
cust-042468,9 de junio de 2023,paid_social, Andalucía ,Sevilla,nuevo,True
cust-002194,16/05/2023,affiliate, Castilla y León ,Valladolid,habitual,False
cust-040268,24 de marzo de 2023,organic,Navarra,Pamplona,vip,True
cust-022901,2024-10-17,paid_social,Comunidad Valenciana,Valencia,nuevo,True
cust-058250,2026-02-15,affiliate,madrid,Madrid,nuevo,False
cust-045847,30 de octubre de 2025,paid_search,CATALUÑA,Barcelona,nuevo,False
cust-001896,04/02/2024,paid_social,Andalucía,Sevilla,ocasional,True
cust-027828,2025-01-21,paid_search,CASTILLA Y LEÓN,Valladolid,nuevo,True
cust-012816,07/04/2026,direct,madrid,Madrid,nuevo,True
cust-013909,2026-04-30,paid_social,Andalucía,Sevilla,ocasional,True
cust-009693,2025-09-03,email,ANDALUCÍA,Sevilla,habitual,True
cust-011343,01/01/2024,organic, Andalucía ,Sevilla,ocasional,True
cust-057925,13 de junio de 2026,email,CATALUÑA,Barcelona,habitual,True
cust-034324,16 de enero de 2023,paid_social,Castilla y León,Valladolid,habitual,True
cust-015820,18/10/2025,paid_social, Comunidad Valenciana ,Valencia,habitual,True
cust-019244,1 de diciembre de 2025,organic,madrid,Madrid,nuevo,True
cust-007807,05/04/2025,direct, Madrid ,Madrid,nuevo,True
cust-029940,23/03/2024,direct,cataluña,Barcelona,habitual,True
cust-046597,2024-03-03,organic,ANDALUCÍA,Sevilla,vip,True
cust-031362,2024-05-11,direct, Cataluña ,Barcelona,habitual,True
cust-031850,30/06/2026,email,MADRID,Madrid,nuevo,True
cust-033127,21 de octubre de 2025,organic,Madrid,Madrid,nuevo,False
cust-036153,2025-03-27,email,comunidad valenciana,Valencia,vip,True
cust-052189,20 de junio de 2026,paid_social,Andalucía,Sevilla,nuevo,False
cust-049211,18/04/2023,affiliate,andalucía,,habitual,False
cust-044142,28 de enero de 2024,email, Madrid ,Madrid,nuevo,True
cust-019279,18 de enero de 2026,paid_social,canarias,Las Palmas,nuevo,True
cust-007097,2025-06-20,organic,ARAGÓN,Zaragoza,nuevo,True
cust-018614,12/01/2025,email,madrid,Madrid,nuevo,True
cust-038676,2025-08-28,paid_search,CATALUÑA,Barcelona,nuevo,False
cust-031852,13 de febrero de 2026,organic,Cataluña,Barcelona,habitual,False
cust-042800,11 de noviembre de 2024,organic, Andalucía ,Sevilla,ocasional,True
cust-013936,25 de septiembre de 2023,affiliate, Cataluña ,Barcelona,ocasional,True
cust-036591,2024-07-25,direct,cataluña,Barcelona,habitual,True
cust-051270,2025-02-15,paid_social, Madrid ,Madrid,habitual,True
cust-033154,3 de diciembre de 2025,organic,comunidad valenciana,Valencia,ocasional,False
cust-019162,2024-09-07,email,Castilla y León,Valladolid,nuevo,False
cust-059021,2025-12-04,paid_social,CASTILLA Y LEÓN,Valladolid,habitual,False
cust-032769,30 de diciembre de 2024,paid_social,Cataluña,Barcelona,nuevo,True
cust-002305,30/04/2026,paid_search, Cataluña ,Barcelona,ocasional,True
cust-052805,28 de febrero de 2026,email,extremadura,Badajoz,nuevo,False
cust-033031,2024-07-21,direct, Canarias ,Las Palmas,nuevo,True
cust-047683,27/05/2026,paid_search,comunidad valenciana,Valencia,nuevo,True
cust-030752,23 de mayo de 2026,direct, País Vasco ,Bilbao,habitual,True
cust-038078,2024-07-04,paid_search,cataluña,Barcelona,ocasional,True
cust-022650,16 de septiembre de 2024,direct,cataluña,,nuevo,True
cust-052260,15 de junio de 2026,direct,Cataluña,Barcelona,ocasional,False
cust-032182,2026-02-23,organic,aragón,,nuevo,True
cust-023082,13 de junio de 2023,paid_social,PAÍS VASCO,Bilbao,nuevo,True
cust-027633,28/11/2024,organic,país vasco,,nuevo,False
cust-023451,22/05/2024,direct, Andalucía ,Sevilla,habitual,True
cust-024278,6 de abril de 2026,paid_search,andalucía,Sevilla,ocasional,False
cust-019362,13/05/2025,paid_social,GALICIA,A Coruña,ocasional,True
cust-012112,23/01/2026,organic, País Vasco ,Bilbao,nuevo,True
cust-016828,27 de abril de 2025,organic,Galicia,A Coruña,nuevo,True
cust-007520,09/03/2025,paid_social,Castilla-La Mancha,,ocasional,True
cust-045031,20/02/2025,paid_search,CANARIAS,Las Palmas,habitual,True
cust-019554,02/09/2024,affiliate, Castilla-La Mancha ,Toledo,ocasional,True
cust-055721,13/12/2024,direct, Madrid ,Madrid,nuevo,False
cust-001918,2025-01-05,paid_social,CASTILLA-LA MANCHA,Toledo,habitual,True
cust-058681,31 de marzo de 2024,paid_search, Cataluña ,Barcelona,nuevo,True
cust-028012,8 de diciembre de 2025,direct,extremadura,Badajoz,vip,True
cust-028078,9 de abril de 2025,paid_social,galicia,A Coruña,habitual,False
cust-013804,17/09/2023,paid_search,canarias,Las Palmas,ocasional,True
cust-048979,2024-07-27,organic,COMUNIDAD VALENCIANA,Valencia,vip,True
cust-048768,2025-09-09,paid_social,madrid,Madrid,nuevo,True
cust-025213,24 de marzo de 2026,email,andalucía,Sevilla,nuevo,True
cust-024893,19/04/2026,paid_search,ANDALUCÍA,Sevilla,habitual,True
cust-052662,29/03/2023,organic,Andalucía,Sevilla,nuevo,True
cust-032906,4 de mayo de 2023,paid_search,Castilla y León,Valladolid,vip,True
cust-053779,24/12/2025,email,madrid,Madrid,nuevo,True
cust-002934,19/09/2025,paid_search,Galicia,A Coruña,nuevo,False
cust-001522,13/08/2025,paid_social,ARAGÓN,Zaragoza,habitual,True
cust-047903,21 de enero de 2024,email, Andalucía ,Sevilla,nuevo,True
cust-033663,2023-05-19,organic,ANDALUCÍA,Sevilla,ocasional,True
cust-059478,2 de febrero de 2026,direct, Comunidad Valenciana ,,nuevo,False
cust-006910,2024-12-30,paid_social,illes balears,Palma,ocasional,False
cust-039375,15/03/2025,organic,ANDALUCÍA,Sevilla,ocasional,False
cust-018086,26/01/2026,organic,cataluña,Barcelona,nuevo,False
cust-035493,2023-05-09,organic,Canarias,Las Palmas,habitual,True
cust-041571,9 de febrero de 2026,direct,Madrid,Madrid,nuevo,True
cust-040611,2026-05-06,direct,cataluña,Barcelona,habitual,False
cust-030605,2024-05-21,paid_search, Comunidad Valenciana ,Valencia,nuevo,True
cust-048759,2025-12-21,organic, Madrid ,Madrid,nuevo,True
cust-035325,06/09/2025,direct,Andalucía,Sevilla,nuevo,True
cust-038005,14 de febrero de 2025,email,cataluña,Barcelona,ocasional,True
cust-028401,17 de abril de 2023,paid_search,madrid,Madrid,habitual,False
cust-016013,2024-07-09,organic,MADRID,Madrid,ocasional,False
cust-039661,31 de julio de 2023,direct,castilla y león,Valladolid,ocasional,True
cust-045399,2023-03-16,paid_social,GALICIA,A Coruña,habitual,False
cust-048751,30/05/2025,paid_search,Madrid,Madrid,ocasional,True
cust-021171,2023-11-22,organic, Comunidad Valenciana ,Valencia,habitual,True
cust-021986,22 de enero de 2024,paid_social,MADRID,Madrid,nuevo,True
cust-001700,17 de agosto de 2023,direct, País Vasco ,Bilbao,ocasional,True
cust-006273,24/02/2025,paid_search, Cataluña ,Barcelona,ocasional,True
cust-048110,14/12/2025,paid_search,PAÍS VASCO,Bilbao,ocasional,False
cust-018768,8 de marzo de 2025,organic,andalucía,Sevilla,habitual,False
cust-053094,16/02/2025,email, País Vasco ,Bilbao,habitual,True
cust-048957,30 de octubre de 2025,direct, País Vasco ,Bilbao,ocasional,True
cust-001540,2024-09-08,direct,EXTREMADURA,Badajoz,habitual,True
cust-029209,2026-05-12,email,castilla y león,Valladolid,nuevo,True
cust-049738,2025-07-10,email,extremadura,Badajoz,nuevo,False
cust-003933,19/10/2024,email,CANARIAS,Las Palmas,vip,True
cust-029390,2026-05-10,direct,Castilla y León,Valladolid,nuevo,False
cust-032630,2023-12-30,direct, Andalucía ,Sevilla,nuevo,True
cust-028846,2025-06-05,paid_search,Andalucía ,Sevilla,ocasional,True
cust-040459,2023-01-26,organic,Madrid,,nuevo,True
cust-004470,25/04/2024,direct,illes balears,Palma,nuevo,True
cust-007952,16/01/2026,organic, Canarias ,Las Palmas,habitual,True
cust-010796,2026-05-29,paid_social,Andalucía,Sevilla,nuevo,True
cust-030075,08/10/2023,direct,Andalucía,Sevilla,nuevo,True
cust-018080,29 de marzo de 2026,paid_search,Andalucía,Sevilla,nuevo,True
cust-002306,2025-08-26,affiliate,castilla-la mancha,Toledo,nuevo,True
cust-053798,8 de enero de 2024,affiliate,cataluña,Barcelona,nuevo,True
cust-016815,26/09/2025,direct,NAVARRA,Pamplona,habitual,False
cust-023360,17/03/2023,paid_search, Andalucía ,Sevilla,habitual,True
cust-005229,14/01/2024,paid_social,comunidad valenciana,Valencia,nuevo,False
cust-014821,2023-06-14,paid_social,illes balears,Palma,ocasional,False
cust-015419,2025-12-29,organic,aragón,Zaragoza,habitual,True
cust-025427,2026-05-03,paid_search,Andalucía,Sevilla,habitual,True
cust-018852,28 de abril de 2024,email,NAVARRA,Pamplona,ocasional,False
cust-053577,11 de abril de 2026,email,Castilla y León,Valladolid,habitual,True
cust-011806,1 de mayo de 2026,paid_search,ANDALUCÍA,Sevilla,ocasional,True
cust-033405,12/02/2026,organic,castilla-la mancha,Toledo,ocasional,True
cust-033391,2026-05-24,direct,ANDALUCÍA,Sevilla,nuevo,False
cust-004430,14 de marzo de 2024,paid_social,Andalucía,Sevilla,vip,True
cust-000119,01/03/2024,direct,ANDALUCÍA,Sevilla,vip,False
cust-011060,2025-06-09,paid_search,andalucía,Sevilla,habitual,False
cust-056655,9 de junio de 2026,affiliate,asturias,Oviedo,vip,True
cust-011445,2026-01-08,direct,MADRID,Madrid,vip,True
cust-020610,12/06/2026,paid_search,illes balears,Palma,nuevo,True
cust-035879,13 de septiembre de 2023,direct,cataluña,Barcelona,habitual,True
cust-048131,30/12/2025,direct,Galicia,A Coruña,nuevo,True
cust-044143,29/03/2026,direct,MADRID,Madrid,nuevo,False
cust-042348,2024-04-11,paid_social,galicia,A Coruña,nuevo,False
cust-034740,2025-12-21,direct,Madrid,Madrid,ocasional,False
cust-058866,21/07/2025,paid_search,MADRID,Madrid,habitual,True
cust-053133,06/11/2025,direct,ARAGÓN,Zaragoza,nuevo,True
cust-016469,11/03/2023,direct,Madrid,Madrid,habitual,True
cust-041212,08/09/2025,paid_search,cataluña,Barcelona,nuevo,True
cust-024488,2025-12-09,organic,madrid ,Madrid,habitual,True
cust-039858,15 de marzo de 2023,affiliate,andalucía,Sevilla,nuevo,True
cust-036354,2023-08-23,paid_search,madrid,Madrid,nuevo,True
cust-050277,12/03/2023,paid_social,castilla y león,Valladolid,nuevo,False
cust-013143,18 de mayo de 2025,paid_social,andalucía,Sevilla,ocasional,False
cust-007901,11/02/2026,direct,andalucía,Sevilla,ocasional,False
cust-041668,7 de enero de 2025,direct,GALICIA,A Coruña,habitual,True
cust-033539,2026-02-14,affiliate,Castilla y León,Valladolid,habitual,True
cust-035905,2024-02-19,affiliate,andalucía,Sevilla,habitual,False
cust-032170,2026-04-03,direct,galicia,A Coruña,ocasional,True
cust-050456,2026-02-19,email,PAÍS VASCO,Bilbao,habitual,True
cust-017804,09/06/2026,direct, Cataluña ,Barcelona,nuevo,True
cust-036930,20 de octubre de 2024,email,ANDALUCÍA,Sevilla,nuevo,True
cust-036664,2025-10-08,paid_search, Illes Balears ,Palma,ocasional,True
cust-039045,2023-02-19,direct,cataluña,Barcelona,ocasional,True
cust-055719,2025-06-16,direct,EXTREMADURA,Badajoz,nuevo,True
cust-051028,16 de febrero de 2024,direct,Castilla y León,Valladolid,ocasional,True
cust-052855,17/05/2024,direct, Andalucía ,Sevilla,nuevo,False
cust-021623,09/09/2024,affiliate, Madrid ,Madrid,nuevo,False
cust-015330,2025-09-30,organic,REGIÓN DE MURCIA,Murcia,vip,True
cust-025103,22 de abril de 2026,paid_social,Aragón,Zaragoza,ocasional,True
cust-028173,28/11/2024,organic,Comunidad Valenciana,Valencia,habitual,True
cust-048263,2024-05-31,email,Región de Murcia,Murcia,ocasional,True
cust-024908,01/11/2025,direct,Cataluña ,Barcelona,nuevo,False
cust-049798,02/03/2026,direct,ANDALUCÍA,Sevilla,ocasional,True
cust-017257,2025-04-03,paid_social,comunidad valenciana,Valencia,nuevo,False
cust-017886,2 de mayo de 2023,direct, Cataluña ,Barcelona,nuevo,True
cust-022948,1 de enero de 2025,affiliate,PAÍS VASCO,Bilbao,nuevo,True
cust-053536,11 de enero de 2026,paid_search,Andalucía,Sevilla,nuevo,False
cust-057024,24/04/2025,organic,galicia,A Coruña,habitual,True
cust-000766,22 de diciembre de 2025,direct,madrid,Madrid,ocasional,True
cust-042723,14 de mayo de 2026,direct,canarias,,habitual,True
cust-015310,29/12/2025,affiliate,Cataluña,Barcelona,nuevo,True
cust-012105,03/04/2025,email,ILLES BALEARS,Palma,habitual,True
cust-012360,22 de agosto de 2024,direct,ANDALUCÍA,Sevilla,nuevo,True
cust-054855,2025-06-23,paid_social,aragón,Zaragoza,vip,True
cust-053058,5 de octubre de 2025,direct,Canarias,Las Palmas,vip,False
cust-018434,20 de noviembre de 2024,email,Canarias,Las Palmas,ocasional,False
cust-040599,16/09/2025,paid_social,CASTILLA Y LEÓN,Valladolid,vip,True
cust-003851,13/01/2024,paid_search,Canarias ,Las Palmas,ocasional,False
cust-052349,11/02/2025,direct,MADRID,Madrid,ocasional,False
cust-011784,2025-02-25,affiliate,Castilla-La Mancha,Toledo,ocasional,True
cust-010369,29/10/2025,paid_search,Cataluña,Barcelona,nuevo,False
cust-031243,2023-08-16,paid_social,Castilla y León,Valladolid,ocasional,True
cust-045399,2023-03-16,paid_social,GALICIA,A Coruña,habitual,False
cust-010747,2025-05-08,paid_social,andalucía,Sevilla,nuevo,False
cust-012700,16/06/2023,paid_social, Castilla-La Mancha ,Toledo,ocasional,True
cust-008951,2025-08-06,direct,ILLES BALEARS,Palma,nuevo,False
cust-017013,12 de julio de 2023,direct,madrid,Madrid,habitual,True
cust-030292,18 de octubre de 2024,paid_social,Castilla-La Mancha,Toledo,habitual,True
cust-019039,2025-05-10,direct,cataluña,Barcelona,ocasional,False
cust-022280,03/03/2024,direct,Andalucía,Sevilla,ocasional,True
cust-050415,16 de marzo de 2025,organic,Canarias,Las Palmas,vip,False
cust-035643,15/10/2024,paid_social,Galicia,A Coruña,nuevo,False
cust-024209,25 de diciembre de 2025,paid_social, Andalucía ,Sevilla,habitual,True
cust-024190,2023-08-14,direct, Aragón ,Zaragoza,ocasional,False
cust-000447,22/07/2025,direct, País Vasco ,Bilbao,habitual,False
cust-007126,4 de mayo de 2025,organic, Comunidad Valenciana ,Valencia,nuevo,False
cust-007687,26 de febrero de 2026,affiliate,Andalucía,Sevilla,nuevo,True
cust-001946,2025-07-19,paid_search,cataluña,Barcelona,ocasional,False
cust-054445,06/12/2025,paid_search,ANDALUCÍA,Sevilla,ocasional,True
cust-027658,14/11/2025,paid_search,castilla y león,Valladolid,nuevo,True
cust-004130,2025-08-31,organic,CASTILLA-LA MANCHA,Toledo,nuevo,True
cust-053178,23 de mayo de 2025,organic, Illes Balears ,Palma,vip,True
cust-051276,05/12/2023,affiliate,CATALUÑA,Barcelona,ocasional,True
cust-005022,2024-01-18,paid_social,madrid,Madrid,habitual,False
cust-051883,2024-05-30,direct,MADRID,Madrid,nuevo,True
cust-024222,08/04/2026,organic,cataluña,Barcelona,ocasional,True
cust-029706,25/05/2024,paid_search,ANDALUCÍA,Sevilla,habitual,True
cust-010190,12 de febrero de 2026,affiliate, Aragón ,Zaragoza,habitual,True
cust-025921,2025-08-22,direct,CASTILLA-LA MANCHA,Toledo,nuevo,False
cust-051335,21 de febrero de 2024,organic,Madrid,Madrid,habitual,False
cust-048497,20/04/2024,paid_search,madrid,Madrid,habitual,True
cust-020940,13/04/2024,organic, Madrid ,Madrid,ocasional,True
cust-008536,2023-02-15,email, Asturias ,Oviedo,habitual,True
cust-048207,2025-08-04,paid_social,ASTURIAS,Oviedo,ocasional,True
cust-048703,13 de febrero de 2024,email,andalucía,Sevilla,nuevo,False
cust-005874,19 de marzo de 2025,paid_search,madrid,Madrid,ocasional,False
cust-020334,15/05/2023,organic,CATALUÑA,Barcelona,nuevo,False
cust-040420,6 de agosto de 2024,email,Madrid,Madrid,habitual,True
cust-036713,26 de diciembre de 2025,direct,Cataluña,Barcelona,habitual,True
cust-059330,01/11/2024,paid_search, Cataluña ,Barcelona,ocasional,True
cust-027137,8 de diciembre de 2024,affiliate,Cataluña,Barcelona,nuevo,False
cust-035021,10 de marzo de 2025,direct,Andalucía,Sevilla,nuevo,False
cust-003549,21/05/2025,affiliate,Castilla-La Mancha,Toledo,habitual,True
cust-022283,2024-01-28,direct,Madrid,Madrid,vip,False
cust-044883,04/03/2023,direct,Madrid,Madrid,ocasional,True
cust-004714,27 de septiembre de 2025,organic, Illes Balears ,Palma,nuevo,True
cust-003936,24 de julio de 2023,direct,MADRID,Madrid,ocasional,True
cust-056170,30/10/2024,paid_social,Madrid,Madrid,nuevo,True
cust-037077,2026-01-20,organic,CANARIAS,Las Palmas,vip,False
cust-030926,2024-02-15,email,castilla y león,Valladolid,vip,True
cust-041575,28 de enero de 2025,paid_search,Navarra,Pamplona,habitual,True
cust-049352,19/02/2026,paid_search,Andalucía,Sevilla,habitual,True
cust-016365,18/02/2025,paid_search,castilla-la mancha,Toledo,ocasional,True
cust-018123,2023-10-30,paid_search, Madrid ,Madrid,nuevo,True
cust-016522,2025-08-04,paid_social,Comunidad Valenciana,Valencia,ocasional,True
cust-028946,25/01/2026,direct,comunidad valenciana,Valencia,ocasional,True
cust-044967,2023-11-10,direct,ANDALUCÍA,,habitual,True
cust-047083,15/09/2024,email, Cantabria ,,nuevo,True
cust-052656,28 de diciembre de 2024,paid_social,madrid,Madrid,habitual,True
cust-003220,02/05/2025,direct,ANDALUCÍA,Sevilla,habitual,False
cust-012934,03/04/2024,direct,Andalucía,Sevilla,habitual,True
cust-055018,12/11/2024,direct,País Vasco,,habitual,True
cust-017574,6 de octubre de 2024,organic,Aragón,Zaragoza,ocasional,True
cust-003752,19 de enero de 2023,organic, Cataluña ,Barcelona,habitual,False
cust-047474,21/09/2024,paid_search, Canarias ,Las Palmas,habitual,False
cust-013355,17/01/2026,organic,cataluña,Barcelona,ocasional,False
cust-038949,03/02/2023,paid_search, Cataluña ,Barcelona,nuevo,False
cust-054362,2025-07-06,direct,CANARIAS,Las Palmas,nuevo,True
cust-036548,2023-09-25,email,madrid,Madrid,nuevo,False
cust-025101,2023-11-07,organic,castilla-la mancha,Toledo,habitual,False
cust-046556,24/08/2025,paid_search,galicia,A Coruña,nuevo,False
cust-024061,04/11/2024,paid_search,Madrid,Madrid,nuevo,False
cust-053644,8 de noviembre de 2023,organic,MADRID,Madrid,nuevo,True
cust-011768,5 de septiembre de 2024,organic, Madrid ,,nuevo,True
cust-043473,2026-05-20,email,Andalucía,Sevilla,habitual,True
cust-042794,05/06/2026,paid_search,CANARIAS,Las Palmas,vip,True
cust-022889,28/03/2026,direct,aragón,Zaragoza,ocasional,False
cust-029718,2025-07-04,direct,País Vasco,Bilbao,habitual,True
cust-041434,2025-01-13,paid_social,castilla-la mancha,Toledo,ocasional,True
cust-017027,2024-08-15,organic,MADRID ,Madrid,ocasional,True
cust-003837,2025-05-11,organic, Madrid ,Madrid,nuevo,True
cust-034101,9 de octubre de 2025,direct,andalucía,Sevilla,nuevo,True
cust-049303,1 de mayo de 2026,direct,cataluña,Barcelona,nuevo,True
cust-003708,2023-12-20,organic,Andalucía,Sevilla,ocasional,True
cust-045827,27 de junio de 2025,organic,ARAGÓN,Zaragoza,ocasional,True
cust-028502,13 de enero de 2025,organic, Madrid ,Madrid,ocasional,True
cust-018548,2024-03-05,paid_search,ANDALUCÍA,Sevilla,nuevo,True
cust-001286,21/09/2023,organic,Cataluña,Barcelona,nuevo,False
cust-043139,29 de octubre de 2025,paid_social,Andalucía,Sevilla,ocasional,True
cust-052544,7 de febrero de 2023,email, Madrid ,Madrid,nuevo,True
cust-041034,07/05/2026,direct,CATALUÑA,Barcelona,ocasional,False
cust-044334,03/01/2025,paid_search, Navarra ,Pamplona,nuevo,True
cust-030046,2023-12-31,paid_social, Aragón ,Zaragoza,nuevo,True
cust-002590,2026-05-04,affiliate,Comunidad Valenciana,Valencia,ocasional,False
cust-044513,16 de mayo de 2026,direct, Comunidad Valenciana ,Valencia,ocasional,False
cust-026572,24 de junio de 2025,direct, Madrid ,Madrid,ocasional,True
cust-044367,7 de junio de 2025,direct,madrid,,nuevo,True
cust-051391,24 de agosto de 2024,organic,Andalucía,Sevilla,nuevo,True
cust-044800,22/08/2024,direct,Castilla-La Mancha,Toledo,nuevo,False
cust-035832,2025-06-18,email,Madrid,Madrid,ocasional,True
cust-019946,09/09/2023,direct,ANDALUCÍA,Sevilla,ocasional,True
cust-015602,2024-11-04,direct,Comunidad Valenciana,Valencia,nuevo,True
cust-016639,14 de junio de 2025,paid_search,CATALUÑA,Barcelona,nuevo,True
cust-046611,4 de junio de 2026,organic,galicia,A Coruña,vip,False
cust-005779,27 de octubre de 2025,direct,ANDALUCÍA,Sevilla,nuevo,True
cust-057791,2026-01-31,paid_search,Comunidad Valenciana,Valencia,nuevo,True
cust-003244,04/08/2025,direct,Comunidad Valenciana,Valencia,ocasional,False
cust-058088,2024-02-02,paid_social,Cataluña,,ocasional,True
cust-008416,23 de febrero de 2026,direct,Navarra,Pamplona,nuevo,False
cust-005423,2023-10-21,email,ANDALUCÍA,Sevilla,nuevo,True
cust-012891,2024-11-24,organic, Región de Murcia ,Murcia,nuevo,True
cust-002232,2024-09-29,email,Andalucía,Sevilla,vip,True
cust-050221,2025-01-25,organic,CASTILLA Y LEÓN,Valladolid,habitual,True
cust-023694,1 de septiembre de 2025,direct,Cataluña,Barcelona,habitual,True
cust-051182,26/07/2024,direct,castilla y león,Valladolid,ocasional,True
cust-004847,17/08/2025,direct,castilla y león,Valladolid,habitual,True
cust-005856,2024-02-22,direct,PAÍS VASCO,Bilbao,ocasional,True
cust-056860,13/12/2024,organic, Madrid ,Madrid,ocasional,True
cust-044635,16 de junio de 2026,paid_search,canarias,Las Palmas,ocasional,True
cust-006793,20 de marzo de 2024,organic,aragón,Zaragoza,ocasional,True
cust-017803,2025-06-20,paid_search,País Vasco,Bilbao,ocasional,True
cust-038844,23/08/2024,direct,castilla y león,Valladolid,ocasional,True
cust-023748,18 de octubre de 2024,affiliate,EXTREMADURA,Badajoz,vip,True
cust-022500,06/06/2026,paid_social, Andalucía ,Sevilla,ocasional,False
cust-001732,2025-11-20,organic, Andalucía ,Sevilla,habitual,True
cust-027699,15 de junio de 2026,direct,cantabria,Santander,ocasional,False
cust-034818,04/03/2026,paid_search, Cataluña ,Barcelona,vip,True
cust-043303,2025-07-16,direct,castilla y león ,Valladolid,vip,True
cust-042165,07/06/2024,organic,Cantabria,Santander,habitual,True
cust-048860,16 de mayo de 2025,organic,NAVARRA,Pamplona,nuevo,True
cust-029905,06/09/2025,direct, Madrid ,,ocasional,True
cust-047194,18 de enero de 2025,affiliate,cataluña,Barcelona,nuevo,True
cust-052977,27 de junio de 2026,direct,Andalucía,Sevilla,habitual,True
cust-001614,17 de junio de 2026,organic,CATALUÑA,Barcelona,habitual,False
cust-034180,11 de septiembre de 2025,paid_search,GALICIA,A Coruña,vip,False
cust-039741,2024-01-22,affiliate,CATALUÑA,Barcelona,habitual,True
cust-041739,04/08/2024,paid_search,Extremadura,Badajoz,ocasional,True
cust-037839,2 de abril de 2025,direct, Galicia ,A Coruña,nuevo,True
cust-040116,6 de junio de 2024,paid_search,CATALUÑA,Barcelona,ocasional,True
cust-001973,25/07/2024,organic,comunidad valenciana,Valencia,ocasional,True
cust-000116,2024-07-06,direct,PAÍS VASCO,Bilbao,nuevo,False
cust-015800,14/07/2023,direct,Galicia,A Coruña,nuevo,True
cust-057686,2025-09-26,paid_social,Castilla-La Mancha,Toledo,nuevo,False
cust-027727,2026-03-27,affiliate,PAÍS VASCO,Bilbao,ocasional,True
cust-059285,16/09/2025,organic, Comunidad Valenciana ,Valencia,ocasional,False
cust-042254,09/10/2025,direct,Andalucía,Sevilla,vip,True
cust-028230,29 de diciembre de 2023,paid_search, Madrid ,Madrid,habitual,True
cust-046091,20 de abril de 2025,paid_social,CATALUÑA,Barcelona,habitual,True
cust-041819,26 de diciembre de 2024,direct,MADRID,Madrid,ocasional,True
cust-009717,20 de abril de 2026,direct,Comunidad Valenciana,Valencia,nuevo,True
cust-023295,2024-07-20,direct, Aragón ,Zaragoza,ocasional,True
cust-007488,24/02/2025,affiliate,CATALUÑA,Barcelona,habitual,False
cust-043717,11 de enero de 2026,organic,cataluña,Barcelona,habitual,True
cust-018267,21 de febrero de 2025,direct,Comunidad Valenciana,Valencia,habitual,True
cust-031541,2023-11-05,paid_social,Andalucía,Sevilla,habitual,True
cust-008189,14 de junio de 2026,email,madrid,Madrid,nuevo,True
cust-053598,19/03/2025,email, Región de Murcia  ,,ocasional,False
cust-057128,28 de mayo de 2026,paid_search,comunidad valenciana,Valencia,habitual,False
cust-003020,3 de marzo de 2026,direct,illes balears,Palma,ocasional,False
cust-040914,24 de marzo de 2026,paid_search,ARAGÓN,Zaragoza,ocasional,True
cust-037147,25/05/2024,direct,Cataluña,,habitual,True
cust-043636,2025-07-01,organic,Galicia,A Coruña,habitual,True
cust-046436,10 de octubre de 2024,direct,Madrid,Madrid,ocasional,False
cust-038159,2026-04-04,paid_search,Galicia,A Coruña,habitual,True
cust-010502,15/12/2024,email,Andalucía,Sevilla,habitual,True
cust-018560,2024-09-09,direct,andalucía,Sevilla,habitual,True
cust-045399,2023-03-16,paid_social,GALICIA ,A Coruña,habitual,False
cust-012708,01/11/2025,paid_search,ANDALUCÍA,Sevilla,ocasional,True
cust-045470,8 de junio de 2025,email,Cataluña,Barcelona,ocasional,True
cust-003554,23 de abril de 2023,direct,canarias,Las Palmas,nuevo,True
cust-026670,2024-08-31,direct,galicia,A Coruña,nuevo,True
cust-040721,2023-09-29,paid_search,Madrid,Madrid,habitual,False
cust-021187,2025-06-21,email,Castilla y León,Valladolid,habitual,True
cust-008003,24/09/2023,email, Andalucía ,Sevilla,ocasional,True
cust-048312,2023-07-06,direct,comunidad valenciana,Valencia,ocasional,True
cust-040990,22 de febrero de 2025,paid_social,madrid,Madrid,ocasional,True
cust-037053,09/02/2023,direct,CANARIAS,Las Palmas,nuevo,True
cust-010642,25 de enero de 2024,paid_social,andalucía,Sevilla,ocasional,False
cust-042003,2025-02-23,paid_search,ANDALUCÍA,,nuevo,True
cust-019230,15 de junio de 2024,direct, Comunidad Valenciana ,Valencia,ocasional,False
cust-020779,23 de marzo de 2024,direct,Cataluña,Barcelona,ocasional,True
cust-002253,16 de enero de 2023,affiliate,CANARIAS,Las Palmas,ocasional,False
cust-024050,29/01/2023,paid_search, Cataluña ,,habitual,True
cust-000258,05/01/2026,direct,Madrid,Madrid,nuevo,True
cust-051771,2026-01-04,direct,COMUNIDAD VALENCIANA,Valencia,nuevo,True
cust-000356,2024-06-07,direct, Andalucía ,Sevilla,ocasional,False
cust-024526,18 de agosto de 2023,organic, Madrid ,Madrid,habitual,True
cust-037686,11/02/2025,paid_social,COMUNIDAD VALENCIANA,Valencia,ocasional,True
cust-047494,2025-10-03,paid_search,Illes Balears,Palma,nuevo,True
cust-013970,06/12/2023,organic,Canarias,Las Palmas,nuevo,True
cust-052611,16 de enero de 2024,direct,país vasco,Bilbao,vip,True
cust-043916,2025-02-05,paid_search,illes balears,Palma,nuevo,True
cust-041397,27/06/2026,organic, Andalucía ,Sevilla,nuevo,False
cust-037409,29 de mayo de 2026,paid_social,COMUNIDAD VALENCIANA,Valencia,vip,False
cust-058733,07/01/2026,direct,cataluña,Barcelona,ocasional,True
cust-045227,13/12/2025,organic,Andalucía,Sevilla,ocasional,True
cust-035289,2023-11-12,paid_search,madrid,,nuevo,True
cust-019361,2024-10-09,paid_search,CASTILLA Y LEÓN,Valladolid,nuevo,True
cust-028942,13 de mayo de 2024,paid_social,andalucía,Sevilla,habitual,True
cust-013787,18/09/2023,direct, Región de Murcia ,,nuevo,False
cust-028020,16 de febrero de 2025,paid_search,CASTILLA-LA MANCHA,Toledo,nuevo,True
cust-003950,1 de agosto de 2024,paid_social,illes balears,Palma,nuevo,True
cust-013352,2025-11-13,organic,MADRID,Madrid,nuevo,False
cust-013594,4 de marzo de 2025,organic,andalucía,,ocasional,True
cust-020844,4 de noviembre de 2024,direct, Madrid ,Madrid,habitual,False
cust-053626,4 de junio de 2025,email,Cataluña,Barcelona,nuevo,True
cust-058675,19 de abril de 2026,email,comunidad valenciana,Valencia,nuevo,True
cust-057865,2023-02-24,direct,Cantabria,Santander,ocasional,True
cust-020957,19 de mayo de 2025,paid_search,PAÍS VASCO,Bilbao,ocasional,True
cust-058613,04/01/2026,paid_search,país vasco,Bilbao,nuevo,False
cust-005349,05/02/2023,direct, Asturias ,Oviedo,nuevo,False
cust-044231,2023-08-14,direct,extremadura,Badajoz,nuevo,True
cust-025140,11 de noviembre de 2024,direct,COMUNIDAD VALENCIANA,Valencia,ocasional,False
cust-000246,2024-07-16,paid_search,CASTILLA-LA MANCHA,Toledo,habitual,True
cust-024955,2025-10-28,direct,madrid,Madrid,habitual,True
cust-055417,2024-08-01,paid_search, Madrid ,Madrid,ocasional,True
cust-052033,2025-12-08,organic,Galicia,A Coruña,ocasional,True
cust-030987,03/10/2025,paid_social,Galicia ,A Coruña,vip,True
cust-009553,2025-10-15,direct,ANDALUCÍA,Sevilla,nuevo,True
cust-028438,20/12/2025,paid_social, Comunidad Valenciana ,Valencia,habitual,True
cust-039297,29/08/2023,paid_social, Comunidad Valenciana ,Valencia,ocasional,True
cust-055240,29/06/2023,affiliate,galicia,A Coruña,habitual,False
cust-030351,10 de febrero de 2026,affiliate,ANDALUCÍA,Sevilla,habitual,True
cust-037447,2025-06-12,direct,ANDALUCÍA,Sevilla,habitual,True
cust-048317,11/06/2026,email,andalucía,Sevilla,nuevo,False
cust-014125,29 de mayo de 2025,paid_social,Andalucía,Sevilla,vip,True
cust-008123,2025-05-21,paid_search,Comunidad Valenciana,Valencia,vip,False
cust-056542,07/09/2023,paid_social,país vasco,Bilbao,ocasional,False
cust-012986,10/07/2024,paid_social,Cataluña,,nuevo,True
cust-011334,2024-06-09,paid_search,illes balears,Palma,ocasional,True
cust-018357,2023-12-21,organic,Madrid,Madrid,habitual,True
cust-051164,26 de mayo de 2023,paid_search,andalucía,,nuevo,True
cust-008691,2025-03-02,email,Andalucía,Sevilla,habitual,False
cust-004753,15/04/2026,affiliate, Andalucía ,Sevilla,ocasional,True
cust-044799,20/02/2024,organic,Andalucía,Sevilla,ocasional,True
cust-026883,13/03/2023,paid_search,comunidad valenciana,Valencia,habitual,True
cust-018364,31 de octubre de 2025,direct,andalucía,Sevilla,ocasional,False
cust-016120,19/12/2023,email,canarias,Las Palmas,ocasional,True
cust-036790,23 de febrero de 2026,paid_social,madrid,Madrid,vip,True
cust-015204,11 de mayo de 2026,direct, Comunidad Valenciana ,Valencia,habitual,True
cust-027469,14/01/2023,direct,madrid,Madrid,nuevo,True
cust-011808,2023-02-06,affiliate, Comunidad Valenciana ,Valencia,ocasional,False
cust-017733,02/02/2025,email,castilla y león,Valladolid,ocasional,False
cust-002192,25 de octubre de 2023,organic, Andalucía ,Sevilla,habitual,False
cust-012876,2026-01-28,paid_search,Extremadura,Badajoz,nuevo,True
cust-043086,25/03/2026,direct,ARAGÓN,Zaragoza,nuevo,False
cust-051657,2024-07-17,paid_search,CANTABRIA,Santander,ocasional,True
cust-009722,17/02/2025,paid_search, Canarias ,Las Palmas,habitual,True
cust-055302,2024-07-11,direct, Andalucía ,Sevilla,nuevo,True
cust-031250,3 de agosto de 2025,direct,Madrid,Madrid,ocasional,True
cust-034270,19 de agosto de 2024,affiliate, Cataluña ,Barcelona,nuevo,True
cust-045065,19/02/2023,paid_search,ILLES BALEARS,Palma,nuevo,True
cust-004538,2026-01-18,direct,andalucía,Sevilla,ocasional,True
cust-055167,2023-12-24,direct, Andalucía ,,habitual,False
cust-042649,25 de noviembre de 2023,organic,andalucía,Sevilla,nuevo,True
cust-020232,2024-05-21,paid_search, Madrid ,Madrid,ocasional,True
cust-050641,2026-03-18,paid_social,CATALUÑA,Barcelona,nuevo,True
cust-005204,2026-04-29,email, Galicia ,A Coruña,nuevo,False
cust-046711,10/04/2025,affiliate,PAÍS VASCO,Bilbao,nuevo,True
cust-044304,2025-12-03,paid_search,ANDALUCÍA,Sevilla,ocasional,True
cust-001787,2024-09-06,paid_social,GALICIA,A Coruña,vip,False
cust-011493,15/09/2025,paid_social,COMUNIDAD VALENCIANA,Valencia,vip,True
cust-053544,2023-12-22,organic, Andalucía ,Sevilla,habitual,True
cust-049481,2023-01-17,paid_social,andalucía,Sevilla,habitual,False
cust-043456,14/10/2024,direct, Castilla-La Mancha ,Toledo,ocasional,True
cust-021669,04/09/2024,organic, País Vasco ,Bilbao,ocasional,True
cust-037841,24/11/2024,paid_search,CATALUÑA,,vip,False
cust-005310,2025-03-30,affiliate,illes balears,Palma,ocasional,True
cust-008984,07/02/2026,direct,cataluña,Barcelona,ocasional,True
cust-051670,2025-10-28,paid_search,Andalucía ,Sevilla,nuevo,True
cust-037364,03/04/2024,organic,galicia,A Coruña,ocasional,True
cust-041612,07/08/2023,paid_social,madrid,Madrid,nuevo,True
cust-037933,19/08/2024,direct,País Vasco,Bilbao,nuevo,True
cust-048521,10/04/2025,email, Illes Balears ,Palma,nuevo,True
cust-031513,20/12/2024,paid_social,COMUNIDAD VALENCIANA,Valencia,ocasional,True
cust-020160,29/01/2024,direct,Castilla-La Mancha,Toledo,habitual,False
cust-049236,2025-08-24,affiliate,andalucía,Sevilla,nuevo,True
cust-017939,11 de noviembre de 2023,affiliate, Madrid ,Madrid,habitual,False
cust-024597,26/08/2025,organic,extremadura,Badajoz,habitual,True
cust-014388,2025-04-19,paid_search,ARAGÓN,Zaragoza,habitual,True
cust-002227,2025-03-05,paid_search,Cataluña,Barcelona,nuevo,True
cust-040195,07/11/2024,paid_search,Madrid,Madrid,nuevo,True
cust-036641,1 de noviembre de 2025,organic,CANARIAS,Las Palmas,ocasional,True
cust-006355,2 de agosto de 2025,paid_social,comunidad valenciana,Valencia,habitual,False
cust-034562,01/04/2024,direct,Cataluña,Barcelona,vip,False
cust-024700,15 de diciembre de 2025,direct,castilla y león,Valladolid,ocasional,True
cust-051772,21 de junio de 2024,affiliate, Canarias ,Las Palmas,ocasional,True
cust-052558,23/10/2025,paid_social,ANDALUCÍA,Sevilla,habitual,False
cust-054531,09/12/2023,organic, Castilla-La Mancha ,Toledo,nuevo,True
cust-055604,25/09/2025,paid_social, Canarias ,Las Palmas,ocasional,True
cust-054151,2023-05-19,affiliate, Madrid ,Madrid,vip,False
cust-033497,21 de febrero de 2025,direct,CATALUÑA,Barcelona,nuevo,True
cust-054716,15 de octubre de 2025,affiliate, Madrid ,Madrid,nuevo,True
cust-008785,2026-05-14,paid_search,cataluña,Barcelona,ocasional,False
cust-050472,2024-02-14,direct,cataluña ,Barcelona,habitual,True
cust-017626,17 de agosto de 2025,direct, Comunidad Valenciana ,Valencia,vip,True
cust-015995,2023-11-07,paid_social,Illes Balears,Palma,nuevo,True
cust-007032,9 de enero de 2024,paid_search,ANDALUCÍA,Sevilla,habitual,True
cust-040230,06/08/2025,paid_search, Cataluña ,Barcelona,habitual,False
cust-015287,2026-06-08,organic,Asturias,Oviedo,ocasional,False
cust-014307,05/06/2023,organic,Castilla-La Mancha,Toledo,ocasional,False
cust-025621,27 de agosto de 2025,email,COMUNIDAD VALENCIANA,Valencia,habitual,True
cust-029331,14/06/2023,direct,cantabria,Santander,nuevo,True
cust-012179,17/06/2025,paid_social,MADRID,Madrid,vip,False
cust-042459,2026-06-04,organic,andalucía,Sevilla,habitual,True
cust-058961,30 de junio de 2026,paid_search, Andalucía ,Sevilla,habitual,True
cust-030218,2025-03-13,paid_search,País Vasco,Bilbao,ocasional,True
cust-027491,04/10/2025,direct,ANDALUCÍA,Sevilla,habitual,True
cust-038421,2024-05-15,paid_social,CATALUÑA,Barcelona,ocasional,False
cust-024693,18 de marzo de 2026,direct,Andalucía,Sevilla,habitual,False
cust-041429,04/02/2026,paid_search,CANARIAS,Las Palmas,habitual,False
cust-049265,14 de junio de 2025,paid_search,Andalucía,Sevilla,vip,True
cust-024369,8 de abril de 2026,email,ANDALUCÍA,Sevilla,vip,False
cust-035644,22 de mayo de 2026,paid_social, Castilla-La Mancha ,,habitual,True
cust-033222,29 de enero de 2023,email,Aragón,Zaragoza,habitual,True
cust-025987,30 de abril de 2023,organic,Madrid ,Madrid,nuevo,True
cust-041703,8 de agosto de 2023,paid_search,CATALUÑA,Barcelona,ocasional,True
cust-053899,3 de febrero de 2026,paid_search,andalucía,Sevilla,nuevo,True
cust-055664,2025-08-04,paid_social,País Vasco,Bilbao,vip,False
cust-030023,30 de agosto de 2023,direct, Illes Balears ,Palma,nuevo,True
cust-045535,2026-02-04,direct, Cataluña ,Barcelona,ocasional,True
cust-048867,2024-11-29,direct,comunidad valenciana,Valencia,ocasional,True
cust-014802,27/07/2024,organic, Cataluña ,Barcelona,vip,True
cust-004675,2025-05-19,paid_search, Castilla-La Mancha ,Toledo,ocasional,False
cust-058282,2025-01-22,direct,madrid,Madrid,habitual,True
cust-033280,01/08/2025,direct,región de murcia,Murcia,nuevo,True
cust-027250,28 de noviembre de 2024,paid_social,COMUNIDAD VALENCIANA ,Valencia,habitual,False
cust-049452,2026-01-02,paid_social, Castilla y León ,Valladolid,habitual,True
cust-047003,26/06/2026,organic,CASTILLA Y LEÓN,Valladolid,ocasional,True
cust-050723,14/07/2025,affiliate,Galicia,A Coruña,nuevo,True
cust-000828,2024-08-10,paid_social, País Vasco ,,nuevo,False
cust-055374,26 de septiembre de 2023,paid_search,Comunidad Valenciana,Valencia,nuevo,True
cust-033952,21 de febrero de 2025,paid_social, Cataluña ,Barcelona,ocasional,True
cust-033129,10 de febrero de 2026,paid_search,Madrid,Madrid,ocasional,True
cust-022372,10 de mayo de 2025,direct,Illes Balears,,vip,True
cust-025515,2025-01-17,direct,Cataluña,Barcelona,habitual,False
cust-050973,05/09/2025,email, Galicia ,A Coruña,ocasional,True
cust-007683,6 de agosto de 2024,email, Madrid ,Madrid,habitual,True
cust-032247,20/03/2025,direct,COMUNIDAD VALENCIANA,Valencia,ocasional,True
cust-032106,2025-08-24,organic,canarias,Las Palmas,nuevo,True
cust-028852,2024-10-29,direct,galicia,A Coruña,habitual,False
cust-005257,13/11/2023,direct,ASTURIAS,Oviedo,vip,False
cust-038770,23/11/2023,paid_social, Andalucía ,Sevilla,nuevo,True
cust-026543,28/02/2026,affiliate,Comunidad Valenciana,Valencia,nuevo,False
cust-045295,31 de octubre de 2025,paid_search, Asturias ,Oviedo,habitual,True
cust-019875,25/08/2024,paid_social,andalucía,Sevilla,nuevo,False
cust-008482,18/06/2026,organic, Madrid ,Madrid,habitual,True
cust-015305,18/01/2026,organic,extremadura,Badajoz,nuevo,True
cust-024442,05/03/2026,paid_search, Madrid ,Madrid,vip,True
cust-008229,2024-03-01,email,CASTILLA Y LEÓN,Valladolid,habitual,True
cust-014313,2023-08-05,direct, Canarias ,Las Palmas,habitual,True
cust-036468,5 de noviembre de 2025,affiliate, Madrid ,Madrid,habitual,True
cust-048932,20 de junio de 2026,direct,ANDALUCÍA,Sevilla,ocasional,True
cust-028244,2026-01-04,email,andalucía,Sevilla,habitual,True
cust-053801,2025-03-16,email, País Vasco ,Bilbao,nuevo,True
cust-008143,30 de diciembre de 2024,organic,comunidad valenciana,Valencia,habitual,False
cust-044169,2026-02-02,organic,ANDALUCÍA,Sevilla,ocasional,True
cust-001760,12 de junio de 2026,paid_search,PAÍS VASCO ,Bilbao,ocasional,False
cust-049099,10/06/2026,paid_search,madrid,,vip,True
cust-053598,19/03/2025,email, Región de Murcia ,,ocasional,False
cust-012945,2025-08-20,affiliate,Madrid,,habitual,False
cust-009200,14/03/2024,direct,Madrid,,nuevo,False
cust-021275,25/02/2026,organic,Comunidad Valenciana,Valencia,ocasional,False
cust-014781,10/04/2025,organic,Andalucía,Sevilla,nuevo,False
cust-011505,19 de octubre de 2025,organic, Andalucía ,Sevilla,ocasional,False
cust-044530,18 de noviembre de 2025,paid_social, Andalucía ,Sevilla,ocasional,True
cust-048626,31/08/2025,paid_social, Castilla-La Mancha ,Toledo,nuevo,False
cust-007415,2025-04-09,paid_search,Castilla y León,Valladolid,nuevo,False
cust-016094,29/01/2026,direct,madrid,Madrid,habitual,True
cust-013952,24/05/2026,direct,Cataluña,Barcelona,nuevo,True
cust-054291,10 de abril de 2023,paid_search,ANDALUCÍA,Sevilla,nuevo,True
cust-038145,30/07/2025,paid_social,CASTILLA-LA MANCHA,Toledo,nuevo,True
cust-037214,2025-06-18,email,MADRID ,Madrid,ocasional,True
cust-006512,2024-08-29,paid_search, Extremadura ,Badajoz,nuevo,True
cust-016683,23 de diciembre de 2025,affiliate, Andalucía ,Sevilla,habitual,True
cust-039959,2026-06-22,paid_social,CASTILLA-LA MANCHA,Toledo,habitual,False
cust-005812,2025-01-09,paid_search, Castilla y León ,Valladolid,ocasional,True
cust-021661,05/02/2026,direct,Cantabria,Santander,ocasional,True
cust-042323,02/01/2023,email, Madrid ,Madrid,habitual,False
cust-024748,13 de marzo de 2024,email, Comunidad Valenciana ,Valencia,ocasional,True
cust-031681,2023-11-28,direct,CASTILLA Y LEÓN,Valladolid,nuevo,False
cust-005243,2023-08-15,paid_social,Canarias,Las Palmas,ocasional,True
cust-024182,29/08/2024,affiliate,canarias,Las Palmas,habitual,True
cust-047774,2025-01-20,organic,Aragón,Zaragoza,habitual,True
cust-013610,2023-07-29,direct,galicia,A Coruña,ocasional,True
cust-016373,26/07/2025,affiliate, Extremadura ,Badajoz,habitual,False
cust-041462,1 de septiembre de 2025,email,CANTABRIA,Santander,nuevo,True
cust-013595,24/06/2026,organic, Asturias ,Oviedo,habitual,True
cust-007007,2025-01-31,paid_search,Castilla-La Mancha,Toledo,ocasional,False
cust-039446,07/05/2025,paid_social,CANARIAS,Las Palmas,vip,False
cust-036804,21/03/2024,paid_search,castilla-la mancha,Toledo,nuevo,False
cust-055715,2026-06-18,paid_search,Castilla-La Mancha,Toledo,nuevo,False
cust-023428,2023-08-02,direct,comunidad valenciana,Valencia,vip,True
cust-021608,16/05/2023,paid_search,cataluña,Barcelona,habitual,False
cust-001410,18/02/2023,direct,EXTREMADURA,Badajoz,vip,True
cust-019709,2024-04-12,paid_search,País Vasco,Bilbao,ocasional,False
cust-057135,8 de julio de 2024,organic,ANDALUCÍA,Sevilla,nuevo,True
cust-053188,28/12/2023,affiliate, Andalucía ,Sevilla,ocasional,True
cust-054099,19 de marzo de 2025,organic,Comunidad Valenciana,Valencia,habitual,False
cust-058949,2023-08-12,organic,País Vasco ,Bilbao,vip,False
cust-022815,17 de septiembre de 2024,paid_social,Comunidad Valenciana,Valencia,vip,False
cust-022687,10/01/2025,paid_social,MADRID,Madrid,ocasional,True
cust-045260,2025-09-04,organic,castilla y león,Valladolid,nuevo,True
cust-058283,9 de enero de 2026,direct, Andalucía ,Sevilla,habitual,True
cust-000608,01/04/2025,direct,andalucía,Sevilla,habitual,True
cust-000696,04/11/2024,paid_search,país vasco,Bilbao,vip,True
cust-057069,3 de diciembre de 2024,paid_social,MADRID,Madrid,habitual,True
cust-022071,28 de agosto de 2025,affiliate,CASTILLA-LA MANCHA,Toledo,nuevo,False
cust-044565,17 de diciembre de 2023,paid_search,País Vasco,,habitual,True
cust-036752,2023-10-22,direct, Illes Balears ,Palma,ocasional,True
cust-010144,2024-11-25,direct, Cataluña ,Barcelona,habitual,True
cust-012215,11 de diciembre de 2024,direct,ASTURIAS,,ocasional,True
cust-044287,10/12/2024,paid_social,Cataluña,Barcelona,ocasional,True
cust-059437,23 de junio de 2026,paid_social,ANDALUCÍA,Sevilla,habitual,True
cust-055180,19/08/2025,direct, Navarra ,Pamplona,nuevo,True
cust-021958,2024-10-01,affiliate, Cataluña ,Barcelona,ocasional,True
cust-023791,28 de noviembre de 2025,email, Comunidad Valenciana ,Valencia,habitual,True
cust-025033,06/09/2023,paid_search,andalucía,Sevilla,habitual,True
cust-039392,2025-12-05,organic,Comunidad Valenciana,Valencia,nuevo,True
cust-007548,2024-06-24,paid_search,Cataluña,Barcelona,ocasional,True
cust-054567,31/07/2025,paid_search, Cataluña ,Barcelona,habitual,False
cust-011988,2026-01-24,direct,Aragón,Zaragoza,nuevo,True
cust-027291,2025-08-05,email,Illes Balears,Palma,ocasional,True
cust-000126,11/06/2025,direct,madrid,Madrid,nuevo,False
cust-025857,2025-03-15,direct,ANDALUCÍA,Sevilla,ocasional,True
cust-008035,2026-01-17,email,comunidad valenciana,Valencia,vip,False
cust-030201,2024-01-07,direct, Cataluña ,Barcelona,nuevo,False
cust-017683,29 de agosto de 2024,paid_social,ANDALUCÍA,Sevilla,nuevo,True
cust-044127,28/12/2023,paid_search, Aragón ,,ocasional,True
cust-043801,2025-02-23,direct,Cataluña,Barcelona,ocasional,True
cust-027628,10 de octubre de 2025,organic, Canarias ,Las Palmas,ocasional,True
cust-045963,02/01/2025,paid_search,Andalucía,Sevilla,habitual,True
cust-014906,26/01/2026,direct,galicia,A Coruña,habitual,True
cust-028106,2023-09-04,affiliate,MADRID,Madrid,habitual,True
cust-002567,07/01/2026,paid_search,madrid,Madrid,ocasional,True
cust-051608,2024-10-14,paid_social,Cataluña,Barcelona,ocasional,True
cust-020643,7 de julio de 2023,paid_search,ANDALUCÍA,Sevilla,habitual,True
cust-036438,10 de enero de 2026,paid_search, Madrid ,Madrid,ocasional,True
cust-041839,2025-06-18,paid_search, Andalucía ,Sevilla,ocasional,False
cust-010176,20 de noviembre de 2023,paid_search,Cataluña,Barcelona,nuevo,True
cust-027758,2024-11-15,paid_social,COMUNIDAD VALENCIANA,Valencia,ocasional,False
cust-001106,1 de diciembre de 2025,direct,PAÍS VASCO,Bilbao,ocasional,True
cust-016458,8 de mayo de 2026,affiliate, Andalucía ,Sevilla,ocasional,True
cust-010591,2024-04-29,affiliate,andalucía,Sevilla,nuevo,True
cust-036909,2025-06-25,paid_search,extremadura,Badajoz,ocasional,False
cust-049023,14/04/2026,organic,illes balears,Palma,habitual,False
cust-030669,14/07/2024,organic,cataluña,Barcelona,ocasional,True
cust-058752,1 de abril de 2026,paid_search,Castilla y León,Valladolid,habitual,True
cust-057972,10/09/2024,direct,canarias,,habitual,True
cust-002514,15/04/2024,direct,Andalucía,Sevilla,habitual,False
cust-002942,17 de enero de 2024,organic,Asturias,,nuevo,False
cust-032968,2026-01-06,email, Canarias ,Las Palmas,nuevo,True
cust-010058,2025-10-14,direct,CATALUÑA,Barcelona,habitual,True
cust-048444,11 de marzo de 2026,paid_search,Aragón,Zaragoza,habitual,True
cust-044962,04/11/2024,paid_search, Andalucía  ,Sevilla,ocasional,True
cust-007878,2024-07-11,direct,Comunidad Valenciana,Valencia,ocasional,True
cust-012150,06/03/2025,direct,CASTILLA Y LEÓN,Valladolid,ocasional,True
cust-030653,2025-11-12,direct,andalucía,Sevilla,ocasional,True
cust-009798,22/07/2025,email, Illes Balears ,Palma,habitual,True
cust-021954,09/01/2026,email,andalucía,Sevilla,ocasional,True
cust-030608,28/01/2025,direct,País Vasco,Bilbao,vip,True
cust-035257,2026-04-19,paid_social,Castilla y León,Valladolid,ocasional,True
cust-044013,2023-05-01,paid_search,aragón,Zaragoza,vip,True
cust-054002,2025-10-16,organic, Andalucía ,Sevilla,ocasional,True
cust-036010,23 de diciembre de 2025,paid_social,Castilla-La Mancha,Toledo,nuevo,False
cust-016260,2026-04-11,paid_social,galicia,A Coruña,ocasional,True
cust-049865,4 de diciembre de 2025,organic,canarias,Las Palmas,nuevo,True
cust-000665,6 de abril de 2025,paid_social,REGIÓN DE MURCIA,,ocasional,False
cust-026076,05/10/2023,paid_search,cataluña,Barcelona,ocasional,False
cust-025117,26 de octubre de 2025,direct,andalucía,Sevilla,nuevo,True
cust-019829,2026-04-29,paid_social,COMUNIDAD VALENCIANA,Valencia,nuevo,True
cust-018931,13 de marzo de 2025,email,Illes Balears,Palma,nuevo,True
cust-009067,10 de julio de 2025,direct,CATALUÑA,Barcelona,nuevo,True
cust-019711,2026-01-08,email,ASTURIAS,Oviedo,ocasional,True
cust-008117,26 de junio de 2023,email,CANARIAS,Las Palmas,ocasional,True
cust-022038,19/10/2024,direct,Comunidad Valenciana,Valencia,habitual,True
cust-006635,25/07/2023,paid_social,ANDALUCÍA,,nuevo,True
cust-018393,3 de abril de 2026,direct,Región de Murcia,Murcia,ocasional,True
cust-042722,2024-11-23,organic,canarias,Las Palmas,nuevo,True
cust-033356,2024-12-01,paid_search, País Vasco ,Bilbao,ocasional,True
cust-031979,07/01/2026,email, Castilla y León ,Valladolid,habitual,True
cust-055850,13/12/2023,organic, Castilla y León  ,Valladolid,habitual,True
cust-021698,04/01/2025,email, Comunidad Valenciana ,Valencia,ocasional,True
cust-036280,2026-05-15,organic,Canarias,Las Palmas,ocasional,True
cust-039476,25/09/2023,paid_search,CATALUÑA,Barcelona,ocasional,True
cust-008957,2024-06-10,direct,MADRID,Madrid,nuevo,False
cust-030144,17/03/2026,organic,Andalucía,Sevilla,ocasional,True
cust-022512,18/03/2026,affiliate,COMUNIDAD VALENCIANA,Valencia,ocasional,True
cust-023378,23 de noviembre de 2025,direct,COMUNIDAD VALENCIANA,,vip,True
cust-053090,2025-01-31,direct,andalucía,Sevilla,habitual,False
cust-040445,2026-04-01,paid_social,castilla-la mancha,Toledo,habitual,True
cust-015714,30 de enero de 2024,direct, Comunidad Valenciana ,Valencia,nuevo,True
cust-010014,3 de mayo de 2026,affiliate,Andalucía,Sevilla,nuevo,True
cust-006391,2024-12-24,paid_search, Aragón ,Zaragoza,ocasional,False
cust-007424,16 de diciembre de 2025,organic, Andalucía ,Sevilla,ocasional,True
cust-054800,30/08/2025,paid_social,Galicia,A Coruña,habitual,True
cust-018697,11 de mayo de 2024,paid_social, País Vasco ,,habitual,True
cust-042210,2025-02-14,paid_social, Galicia ,A Coruña,habitual,True
cust-015463,18/04/2024,affiliate,GALICIA,A Coruña,nuevo,False
cust-016687,24/08/2025,direct,MADRID,Madrid,habitual,False
cust-014064,2026-04-30,organic,Cataluña,Barcelona,ocasional,True
cust-049960,02/11/2024,paid_search,MADRID,Madrid,nuevo,False
cust-040157,21 de mayo de 2024,paid_search, Comunidad Valenciana ,Valencia,nuevo,False
cust-028879,2024-08-06,affiliate,Galicia,A Coruña,habitual,True
cust-028235,13 de junio de 2023,email, Galicia ,A Coruña,vip,True
cust-020356,14/09/2025,organic, Andalucía ,Sevilla,ocasional,True
cust-001002,2025-02-19,organic,CATALUÑA,Barcelona,nuevo,True
cust-006670,2024-01-24,direct,comunidad valenciana,Valencia,habitual,True
cust-005989,01/02/2025,email, Andalucía ,Sevilla,habitual,False
cust-039744,10/10/2025,email,ANDALUCÍA,Sevilla,nuevo,False
cust-034424,5 de diciembre de 2025,direct, Madrid ,Madrid,ocasional,True
cust-008110,15 de abril de 2026,direct,CATALUÑA,Barcelona,ocasional,False
cust-020931,2025-08-15,paid_social,ANDALUCÍA,Sevilla,ocasional,False
cust-005253,02/04/2023,paid_search,canarias,Las Palmas,habitual,True
cust-052993,12 de enero de 2025,email,Cataluña,Barcelona,ocasional,True
cust-049380,2026-03-14,email,COMUNIDAD VALENCIANA,Valencia,nuevo,True
cust-035749,2023-07-30,direct,NAVARRA,Pamplona,nuevo,True
cust-006714,2023-02-19,direct, Illes Balears ,Palma,ocasional,True
cust-042094,05/11/2023,paid_search,NAVARRA,Pamplona,ocasional,True
cust-011228,13 de junio de 2025,direct, Asturias ,Oviedo,nuevo,True
cust-043487,25/05/2023,organic,REGIÓN DE MURCIA,Murcia,ocasional,False
cust-055982,12 de julio de 2025,organic,CATALUÑA,Barcelona,nuevo,True
cust-021711,26/01/2026,direct,ANDALUCÍA,,habitual,True
cust-022414,2023-02-13,direct, Illes Balears ,,habitual,True
cust-053682,2026-03-17,paid_search,comunidad valenciana,,vip,True
cust-023166,23 de octubre de 2025,organic, Galicia ,A Coruña,habitual,True
cust-033122,2023-03-31,organic, Madrid ,Madrid,vip,True
cust-012244,12/08/2025,paid_search,CANARIAS,Las Palmas,ocasional,False
cust-041310,6 de junio de 2025,direct,comunidad valenciana,Valencia,ocasional,True
cust-045124,2025-11-22,email,cataluña,Barcelona,ocasional,True
cust-020840,29 de septiembre de 2025,email,ANDALUCÍA,Sevilla,habitual,True
cust-052865,02/02/2024,organic,galicia,A Coruña,vip,True
cust-023156,19 de diciembre de 2024,direct,madrid ,Madrid,nuevo,True
cust-025059,19 de diciembre de 2025,direct,GALICIA,A Coruña,habitual,True
cust-003497,24/08/2025,organic,Cataluña,Barcelona,habitual,True
cust-028298,01/02/2025,organic,País Vasco,,vip,False
cust-030175,11/03/2025,email,Andalucía,Sevilla,habitual,True
cust-032525,21/11/2023,paid_search,galicia,A Coruña,ocasional,True
cust-036162,11/11/2023,direct,Andalucía,Sevilla,nuevo,True
cust-020647,24 de noviembre de 2024,organic,CATALUÑA,Barcelona,ocasional,True
cust-034865,22/10/2024,paid_social,cataluña,Barcelona,nuevo,False
cust-043767,12 de diciembre de 2025,direct,COMUNIDAD VALENCIANA,Valencia,nuevo,True
cust-025066,12 de marzo de 2025,email,Madrid,Madrid,ocasional,True
cust-057876,2026-02-13,paid_search,MADRID,Madrid,nuevo,False
cust-019497,11 de mayo de 2026,direct, Comunidad Valenciana ,Valencia,ocasional,False
cust-055610,07/06/2026,organic,andalucía,Sevilla,habitual,False
cust-055796,10 de septiembre de 2024,paid_social,CANTABRIA,Santander,vip,True
cust-057063,2026-03-06,email,CASTILLA-LA MANCHA,Toledo,ocasional,False
cust-036778,28/02/2025,paid_social, Cantabria ,Santander,habitual,False
cust-027721,6 de noviembre de 2025,organic,CASTILLA-LA MANCHA,,ocasional,True
cust-036192,13/07/2024,organic,Asturias,Oviedo,vip,False
cust-003246,17 de junio de 2026,organic,CATALUÑA,Barcelona,ocasional,False
cust-007979,11/11/2024,organic,Galicia,A Coruña,ocasional,True
cust-023095,2025-12-12,direct,andalucía,Sevilla,habitual,False
cust-017226,14 de junio de 2024,organic, Andalucía ,Sevilla,ocasional,False
cust-026196,25/11/2025,paid_social,Cataluña,Barcelona,ocasional,True
cust-043594,2026-01-25,paid_search,Andalucía,Sevilla,ocasional,True
cust-031850,30/06/2026,email,MADRID ,Madrid,nuevo,True
cust-030006,2023-07-30,paid_social,Andalucía,Sevilla,ocasional,True
cust-043303,2025-07-16,direct,castilla y león,Valladolid,vip,True
cust-031091,21 de diciembre de 2024,email, Illes Balears ,Palma,ocasional,True
cust-038283,27/11/2024,organic,madrid,Madrid,nuevo,False
cust-038179,2023-09-05,direct, Illes Balears ,Palma,vip,True
cust-044701,2025-08-30,paid_search,Cataluña,Barcelona,habitual,True
cust-001559,2026-05-14,paid_social, Madrid ,Madrid,nuevo,False
cust-042858,2026-02-07,paid_search, Cataluña ,Barcelona,nuevo,False
cust-033633,20 de junio de 2025,paid_social, Madrid ,Madrid,ocasional,True
cust-059784,2024-02-11,direct, País Vasco ,Bilbao,habitual,True
cust-001787,2024-09-06,paid_social,GALICIA,A Coruña,vip,False
cust-020503,2024-12-01,paid_search,cataluña,Barcelona,habitual,True
cust-058689,29/10/2024,paid_social,CATALUÑA,Barcelona,ocasional,True
cust-046348,2024-03-30,email, Castilla-La Mancha ,Toledo,nuevo,True
cust-006030,2023-10-04,direct, Castilla y León ,Valladolid,nuevo,True
cust-055384,28/05/2024,organic, Galicia ,A Coruña,habitual,False
cust-001934,2024-10-03,paid_search, Andalucía ,Sevilla,nuevo,True
cust-053477,26/04/2026,direct,canarias,Las Palmas,nuevo,True
cust-023109,17 de mayo de 2025,paid_search,cataluña,Barcelona,ocasional,True
cust-023456,28/03/2025,email,comunidad valenciana,Valencia,ocasional,True
cust-040490,10 de diciembre de 2024,email,Andalucía,Sevilla,habitual,False
cust-050292,10/10/2025,paid_social,cantabria,Santander,nuevo,True
cust-040699,9 de marzo de 2026,paid_search, Cataluña ,Barcelona,ocasional,False
cust-045692,13/12/2023,paid_search, Andalucía ,Sevilla,nuevo,True
cust-024515,17/06/2026,organic, Andalucía ,Sevilla,vip,False
cust-019308,13/02/2025,direct,navarra,Pamplona,habitual,True
cust-017833,22/09/2023,direct, Extremadura ,Badajoz,nuevo,True
cust-043555,2024-09-15,organic,Castilla y León,Valladolid,nuevo,True
cust-018793,2026-03-22,email,cataluña,Barcelona,nuevo,True
cust-034138,12/12/2024,organic,Aragón,Zaragoza,habitual,True
cust-007108,14 de diciembre de 2025,organic,Andalucía,Sevilla,ocasional,True
cust-011939,14/03/2026,email,país vasco,Bilbao,habitual,True
cust-022915,06/01/2025,direct, Andalucía ,Sevilla,nuevo,True
cust-000878,5 de noviembre de 2025,affiliate, Cataluña ,Barcelona,nuevo,False
cust-057381,14 de diciembre de 2023,direct,Galicia,,ocasional,False
cust-039590,2024-08-19,organic, Canarias ,Las Palmas,ocasional,True
cust-018468,2024-04-04,direct, Andalucía ,Sevilla,nuevo,True
cust-040183,10/10/2024,direct, Región de Murcia ,Murcia,habitual,True
cust-000645,2026-05-23,paid_social,Comunidad Valenciana,Valencia,ocasional,False
cust-005262,2026-01-14,affiliate,Madrid,Madrid,habitual,True
cust-012482,25/08/2025,direct, Comunidad Valenciana ,Valencia,nuevo,True
cust-000285,2026-02-11,email,Illes Balears,Palma,ocasional,False
cust-012891,2024-11-24,organic, Región de Murcia ,Murcia,nuevo,True
cust-015759,26/07/2025,paid_social, Comunidad Valenciana ,Valencia,nuevo,True
cust-003851,13/01/2024,paid_search,Canarias,Las Palmas,ocasional,False
cust-025339,2025-03-25,paid_social,ANDALUCÍA,Sevilla,ocasional,True
cust-002071,2023-05-18,direct,Andalucía,,nuevo,True
cust-035344,05/02/2023,paid_social, Canarias ,Las Palmas,habitual,True
cust-027009,22 de junio de 2026,direct,Castilla-La Mancha,Toledo,ocasional,True
cust-018610,05/12/2023,paid_social,ANDALUCÍA,Sevilla,ocasional,True
cust-048859,10 de abril de 2024,paid_search,navarra,Pamplona,ocasional,False
cust-011305,2024-01-01,direct,Andalucía,Sevilla,ocasional,True
cust-041931,2025-01-06,organic, Comunidad Valenciana ,Valencia,nuevo,True
cust-028849,26 de mayo de 2026,paid_social,cataluña,Barcelona,nuevo,True
cust-008815,27 de marzo de 2024,direct, Cantabria ,Santander,nuevo,False
cust-027430,16 de febrero de 2023,organic, Canarias ,Las Palmas,habitual,False
cust-039677,2025-02-23,direct,CATALUÑA,Barcelona,ocasional,True
cust-012250,17/03/2026,direct, Madrid ,Madrid,habitual,False
cust-039074,11/03/2025,email,Región de Murcia,Murcia,ocasional,True
cust-037647,19/01/2026,paid_social, Andalucía ,Sevilla,nuevo,True
cust-030211,1 de julio de 2024,affiliate,canarias,Las Palmas,ocasional,False
cust-044557,2026-05-18,direct, Extremadura ,Badajoz,ocasional,True
cust-037976,12 de noviembre de 2023,paid_social,Cataluña,Barcelona,nuevo,True
cust-005147,18/09/2024,direct, Andalucía ,Sevilla,nuevo,True
cust-054094,7 de julio de 2023,organic, Andalucía ,Sevilla,nuevo,False
cust-025505,2023-05-09,paid_social,Cataluña,Barcelona,nuevo,False
cust-041883,22/01/2025,paid_search, Asturias  ,Oviedo,habitual,False
cust-047794,1 de mayo de 2025,paid_social, Madrid ,Madrid,habitual,False
cust-040572,29/07/2024,organic,Comunidad Valenciana,Valencia,ocasional,True
cust-023172,2026-03-12,direct,madrid,Madrid,habitual,True
cust-026713,2024-11-18,paid_search, Andalucía ,Sevilla,habitual,False
cust-046183,17 de agosto de 2025,direct,andalucía,Sevilla,ocasional,True
cust-007391,2025-02-26,paid_search,madrid,Madrid,nuevo,False
cust-007048,08/12/2024,direct, Andalucía ,,habitual,True
cust-032999,14/06/2024,direct,illes balears,Palma,ocasional,False
cust-002220,2025-04-23,direct,Cataluña,Barcelona,habitual,True
cust-001745,10/01/2026,paid_social,CANARIAS,Las Palmas,ocasional,True
cust-039243,4 de enero de 2025,paid_search,comunidad valenciana,Valencia,habitual,True
cust-053453,2 de agosto de 2025,paid_social, Galicia ,A Coruña,ocasional,True
cust-041046,2026-05-28,email,CASTILLA Y LEÓN,Valladolid,habitual,True
cust-051914,2026-05-05,email,andalucía,Sevilla,ocasional,True
cust-023073,09/10/2024,email, Galicia ,A Coruña,nuevo,True
cust-025754,12 de mayo de 2024,paid_search, País Vasco  ,Bilbao,nuevo,True
cust-043093,28 de octubre de 2024,paid_search,cataluña,Barcelona,habitual,True
cust-035532,7 de septiembre de 2025,email,Comunidad Valenciana,Valencia,vip,True
cust-059608,13/12/2025,email,madrid,Madrid,habitual,False
cust-036785,2025-06-02,paid_social,Galicia,A Coruña,ocasional,True
cust-035587,2 de mayo de 2026,paid_social,comunidad valenciana,Valencia,ocasional,True
cust-017811,2 de marzo de 2026,direct, Cataluña ,Barcelona,nuevo,True
cust-003643,04/07/2024,direct,ANDALUCÍA,Sevilla,vip,True
cust-046877,24/05/2026,direct,castilla y león,Valladolid,ocasional,True
cust-059969,7 de marzo de 2025,direct,Galicia ,A Coruña,habitual,True
cust-056437,2025-12-10,direct,MADRID,Madrid,nuevo,False
cust-013082,2026-05-24,paid_search,Castilla-La Mancha,Toledo,habitual,True
cust-023223,26/05/2025,paid_social,CATALUÑA,,ocasional,True
cust-030555,02/05/2026,direct,CATALUÑA,,habitual,True
cust-001760,12 de junio de 2026,paid_search,PAÍS VASCO,Bilbao,ocasional,False
cust-040680,10 de diciembre de 2025,paid_social,Madrid,Madrid,ocasional,False
cust-033916,23/01/2023,email, Cataluña ,Barcelona,habitual,True
cust-012601,2025-05-17,direct,canarias,Las Palmas,habitual,True
cust-044183,18 de febrero de 2025,direct,COMUNIDAD VALENCIANA,,habitual,True
cust-008397,2026-05-01,organic,cataluña,Barcelona,ocasional,True
cust-009832,2025-06-18,paid_social,MADRID,Madrid,ocasional,False
cust-026932,10 de mayo de 2026,organic,REGIÓN DE MURCIA,Murcia,vip,False
cust-011408,14/08/2025,paid_search,madrid,Madrid,ocasional,True
cust-006989,09/05/2023,email, Aragón ,Zaragoza,ocasional,False
cust-057887,26 de septiembre de 2025,affiliate,Cataluña,Barcelona,nuevo,True
cust-058506,2025-07-29,direct,MADRID,Madrid,habitual,False
cust-022239,03/06/2026,paid_social,Andalucía,Sevilla,nuevo,True
cust-020282,08/12/2023,paid_search,COMUNIDAD VALENCIANA,Valencia,habitual,True
cust-056003,05/09/2024,email,Comunidad Valenciana,Valencia,ocasional,False
cust-045717,18 de diciembre de 2025,email,Cataluña,,nuevo,True
cust-007771,2024-12-05,paid_social,Canarias,Las Palmas,nuevo,True
cust-042245,29/05/2024,direct,Comunidad Valenciana,Valencia,nuevo,True
cust-002931,16 de marzo de 2026,paid_social,Comunidad Valenciana,Valencia,ocasional,True
cust-043532,22 de enero de 2026,paid_social,CANARIAS,Las Palmas,habitual,True
cust-030605,2024-05-21,paid_search, Comunidad Valenciana ,Valencia,nuevo,True
cust-004591,04/01/2023,email, Comunidad Valenciana ,Valencia,nuevo,False
cust-055359,28 de julio de 2025,paid_social,COMUNIDAD VALENCIANA,Valencia,ocasional,True
cust-025104,26 de mayo de 2026,direct, Cantabria ,Santander,ocasional,False
cust-056262,13 de agosto de 2024,paid_social,MADRID,Madrid,nuevo,True
cust-059969,7 de marzo de 2025,direct,Galicia,A Coruña,habitual,True
cust-005921,09/10/2025,direct,CATALUÑA,Barcelona,habitual,True
cust-021479,2024-04-03,email,MADRID,Madrid,habitual,True
cust-058159,2023-09-18,email,Madrid,Madrid,ocasional,True
cust-008383,08/12/2024,direct,REGIÓN DE MURCIA,Murcia,nuevo,True
cust-047880,2025-08-02,organic,Andalucía,Sevilla,ocasional,True
cust-050205,10 de agosto de 2024,organic,ANDALUCÍA,Sevilla,nuevo,True
cust-032940,2025-02-19,paid_search, Comunidad Valenciana ,Valencia,ocasional,False
cust-019430,15 de marzo de 2026,email,Andalucía,Sevilla,ocasional,True
cust-030276,2023-05-17,direct,cataluña,Barcelona,habitual,True
cust-008736,2023-03-06,paid_social,Galicia,A Coruña,nuevo,True
cust-036445,31 de diciembre de 2025,paid_social,cataluña,Barcelona,habitual,True
cust-010145,01/10/2024,affiliate,Galicia,A Coruña,habitual,False
cust-037638,27/02/2026,direct,andalucía,,habitual,False
cust-039800,2023-02-14,email,COMUNIDAD VALENCIANA,Valencia,habitual,True
cust-037332,2026-05-04,paid_social, Región de Murcia ,Murcia,vip,True
cust-019524,2023-03-27,affiliate,castilla-la mancha,,ocasional,False
cust-018365,01/02/2024,organic, Canarias ,Las Palmas,ocasional,False
cust-052147,09/07/2025,affiliate,Región de Murcia,Murcia,habitual,True
cust-026841,05/04/2023,direct, Cataluña ,Barcelona,nuevo,True
cust-043682,09/09/2023,organic,madrid,Madrid,habitual,False
cust-006843,19/09/2025,affiliate,castilla-la mancha,,nuevo,True
cust-017027,2024-08-15,organic,MADRID,Madrid,ocasional,True
cust-014151,20/06/2024,organic,Andalucía,Sevilla,nuevo,True
cust-023645,09/10/2023,affiliate,MADRID,Madrid,nuevo,False
cust-011991,13/11/2024,email,ANDALUCÍA,Sevilla,nuevo,True
cust-016247,2025-05-31,affiliate, Extremadura ,Badajoz,ocasional,True
cust-001440,2025-06-26,direct,Andalucía,,nuevo,True
cust-002631,2026-03-30,organic,madrid,Madrid,ocasional,True
cust-026592,26/04/2024,email,país vasco,Bilbao,habitual,False
cust-033822,06/05/2025,paid_social, Madrid ,Madrid,habitual,False
cust-004318,29/05/2026,direct,ANDALUCÍA,Sevilla,habitual,True
cust-044964,17/12/2023,paid_search, Comunidad Valenciana ,Valencia,ocasional,True
cust-057950,22/02/2024,direct,ANDALUCÍA,Sevilla,nuevo,True
cust-056697,06/04/2023,paid_search, Aragón ,Zaragoza,ocasional,True
cust-057285,2023-12-19,affiliate,CATALUÑA,Barcelona,habitual,True
cust-032738,03/08/2024,paid_search, Madrid ,Madrid,nuevo,True
cust-022009,01/01/2026,paid_social,Cantabria,Santander,ocasional,False
cust-018110,13/02/2025,direct,CATALUÑA,,nuevo,True
cust-047972,02/11/2023,email, Extremadura ,Badajoz,habitual,False
cust-002035,1 de octubre de 2025,direct,Comunidad Valenciana,Valencia,vip,False
cust-044142,28 de enero de 2024,email, Madrid ,Madrid,nuevo,True
cust-041595,2024-09-14,direct,andalucía,Sevilla,ocasional,False
cust-031023,2025-06-01,paid_search,ANDALUCÍA,Sevilla,habitual,True
cust-018945,2024-10-14,email,MADRID,Madrid,habitual,True
cust-050472,2024-02-14,direct,cataluña,Barcelona,habitual,True
cust-025611,2023-02-11,paid_search,ANDALUCÍA,Sevilla,vip,False
cust-022373,2025-07-13,affiliate,MADRID,Madrid,habitual,True
cust-025814,2023-08-12,direct,andalucía,Sevilla,nuevo,False
cust-042171,17 de abril de 2024,paid_social,Comunidad Valenciana,Valencia,vip,False
cust-055103,21 de marzo de 2026,organic,PAÍS VASCO ,Bilbao,vip,True
cust-043919,2023-05-30,paid_social,Castilla-La Mancha,Toledo,nuevo,True
cust-021418,2026-01-26,paid_search,MADRID,Madrid,nuevo,True
cust-001837,2025-07-10,direct,ANDALUCÍA,Sevilla,habitual,True
cust-040978,26 de abril de 2026,direct,ASTURIAS,,habitual,True
cust-003873,12 de junio de 2024,direct,castilla y león,Valladolid,nuevo,True
cust-057058,15 de agosto de 2024,paid_social,CANARIAS,Las Palmas,nuevo,True
cust-010763,10/05/2024,affiliate, Asturias ,Oviedo,nuevo,True
cust-013853,24/05/2026,paid_search,andalucía,Sevilla,habitual,False
cust-030393,10/09/2023,paid_social,cataluña,Barcelona,nuevo,True
cust-022266,19/10/2023,direct, Andalucía ,Sevilla,habitual,True
cust-031561,2023-03-07,organic,MADRID,Madrid,ocasional,True
cust-023235,31 de diciembre de 2025,paid_search,Madrid,,nuevo,True
cust-003250,2 de junio de 2024,paid_search,Aragón,,nuevo,True
cust-024843,26 de noviembre de 2024,email,Cantabria,Santander,ocasional,True
cust-012147,27 de mayo de 2024,organic,extremadura,Badajoz,nuevo,True
cust-046549,15 de enero de 2023,direct,REGIÓN DE MURCIA,Murcia,nuevo,True
cust-043510,2025-05-20,organic,galicia,A Coruña,ocasional,False
cust-015916,2025-05-11,direct,castilla-la mancha,Toledo,ocasional,False
cust-052964,27 de octubre de 2024,email, Andalucía ,,ocasional,True
cust-032764,18 de febrero de 2025,direct,CATALUÑA,Barcelona,habitual,False
cust-053010,2024-04-25,email, Andalucía ,Sevilla,ocasional,True
cust-039705,2024-12-29,direct,NAVARRA,Pamplona,nuevo,True
cust-008533,8 de noviembre de 2025,organic,CATALUÑA ,,habitual,True
cust-040299,1 de noviembre de 2025,organic,ANDALUCÍA,Sevilla,nuevo,True
cust-054666,12/08/2025,affiliate,cataluña,Barcelona,nuevo,True
cust-044561,2024-06-01,paid_search,MADRID,Madrid,habitual,True
cust-050577,2026-04-01,organic,canarias,Las Palmas,nuevo,True
cust-041677,27/05/2023,direct, Madrid ,Madrid,ocasional,False
cust-020668,30 de abril de 2026,organic,navarra,Pamplona,habitual,True
cust-048946,16 de abril de 2025,direct, Cataluña ,Barcelona,ocasional,True
cust-036599,22/08/2025,direct,Cantabria,,ocasional,True
cust-013608,11 de junio de 2023,direct, Cataluña ,Barcelona,ocasional,True
cust-042521,21/03/2024,paid_search, Madrid ,Madrid,nuevo,True
cust-043584,5 de febrero de 2025,direct,MADRID,Madrid,nuevo,True
cust-039841,2024-12-12,direct,COMUNIDAD VALENCIANA,Valencia,habitual,False
cust-038646,17 de agosto de 2025,paid_search,Canarias,Las Palmas,nuevo,True
cust-046887,2026-05-14,organic, Illes Balears ,Palma,habitual,True
cust-037771,23/08/2023,direct,GALICIA,A Coruña,habitual,True
cust-047814,23 de diciembre de 2025,paid_social, Comunidad Valenciana ,Valencia,habitual,True
cust-009401,10/05/2026,organic,Madrid,Madrid,ocasional,False
cust-035289,2023-11-12,paid_search,madrid,,nuevo,True
cust-035364,17 de marzo de 2023,paid_social,ANDALUCÍA,Sevilla,nuevo,False
cust-010653,25 de febrero de 2025,paid_search,MADRID,Madrid,ocasional,False
cust-023621,2023-11-01,direct,cataluña,Barcelona,nuevo,True
cust-034285,2026-01-02,direct,madrid,Madrid,nuevo,True
cust-042222,14/12/2025,paid_search,cataluña,Barcelona,ocasional,True
cust-040626,18 de septiembre de 2024,organic,andalucía,Sevilla,nuevo,False
cust-057580,20 de noviembre de 2025,direct,castilla y león,Valladolid,nuevo,False
cust-030723,2025-12-21,direct,MADRID,Madrid,ocasional,True
cust-050446,2024-02-07,paid_social, Madrid ,Madrid,nuevo,True
cust-023352,08/11/2024,organic,Andalucía,Sevilla,habitual,True
cust-009360,10 de febrero de 2026,organic,ANDALUCÍA,Sevilla,habitual,False
cust-048708,2024-09-04,organic,Cantabria,Santander,habitual,True
cust-001299,2024-03-08,affiliate,Extremadura,Badajoz,habitual,False
cust-024296,16 de diciembre de 2024,organic, Madrid ,Madrid,nuevo,True
cust-044111,2025-10-11,direct,cataluña,Barcelona,ocasional,True
cust-024835,2023-10-06,organic, Comunidad Valenciana ,Valencia,ocasional,True
cust-042042,3 de diciembre de 2025,paid_search,Asturias,Oviedo,nuevo,False
cust-016544,27/03/2026,email,Región de Murcia,Murcia,ocasional,False
cust-010098,16 de febrero de 2025,direct,madrid,Madrid,nuevo,True
cust-020107,29 de enero de 2024,paid_social,madrid,Madrid,nuevo,False
cust-053277,30/11/2025,paid_social, Madrid ,Madrid,ocasional,True
cust-058025,2026-02-14,direct, Illes Balears ,Palma,ocasional,True
cust-007294,2024-05-27,direct, Asturias ,Oviedo,habitual,True
cust-012891,2024-11-24,organic, Región de Murcia  ,Murcia,nuevo,True
cust-033715,7 de febrero de 2025,direct,Madrid,Madrid,habitual,True
cust-054743,15/03/2024,paid_social,Andalucía,Sevilla,ocasional,False
cust-015991,2024-01-22,paid_social,Comunidad Valenciana,Valencia,nuevo,True
cust-033363,5 de noviembre de 2025,organic,castilla y león,Valladolid,nuevo,True
cust-020542,2026-06-26,direct,Castilla-La Mancha,Toledo,habitual,False
cust-017161,18/04/2023,email,CATALUÑA,Barcelona,nuevo,False
cust-045576,2025-02-20,direct,Cataluña,Barcelona,nuevo,True
cust-000324,22 de febrero de 2026,direct, Castilla-La Mancha ,Toledo,ocasional,True
cust-007848,04/08/2024,organic,ANDALUCÍA,Sevilla,nuevo,True
cust-024488,2025-12-09,organic,madrid,Madrid,habitual,True
cust-016470,2023-10-06,email,andalucía,Sevilla,habitual,False
cust-033783,12 de junio de 2023,direct, Cataluña ,Barcelona,nuevo,False
cust-025585,18 de febrero de 2024,paid_social,Cataluña,Barcelona,ocasional,True
cust-057487,20 de octubre de 2025,paid_search,madrid,Madrid,nuevo,True
cust-036425,19/04/2024,direct,CANARIAS,Las Palmas,nuevo,True
cust-007230,4 de enero de 2023,email,NAVARRA,Pamplona,habitual,True
cust-020663,2024-04-05,direct,Madrid,Madrid,habitual,True
cust-019984,2024-07-22,paid_search, País Vasco ,Bilbao,habitual,True
cust-001411,2024-04-17,organic,PAÍS VASCO,Bilbao,nuevo,True
cust-059968,3 de marzo de 2024,email,región de murcia,Murcia,ocasional,True
cust-025468,19 de enero de 2025,paid_social,Galicia,A Coruña,habitual,True
cust-035313,2024-02-27,direct,Andalucía,Sevilla,nuevo,True
cust-026454,20/03/2024,paid_search,Castilla y León,Valladolid,habitual,True
cust-045066,2026-04-09,paid_social,Cataluña,Barcelona,habitual,True
cust-048820,27 de noviembre de 2025,paid_search,COMUNIDAD VALENCIANA,Valencia,ocasional,True
cust-023387,12 de abril de 2024,direct,CATALUÑA,Barcelona,vip,True
cust-025513,23/05/2023,direct, Madrid ,Madrid,nuevo,False
cust-035960,2 de abril de 2026,organic,madrid,Madrid,ocasional,True
cust-059749,2025-06-14,paid_search,castilla y león,Valladolid,ocasional,True
cust-012359,2023-06-30,direct,asturias,Oviedo,habitual,False
cust-035263,2023-06-18,paid_search,País Vasco,Bilbao,vip,True
cust-045631,8 de julio de 2025,organic,Castilla y León,Valladolid,nuevo,True
cust-044974,5 de abril de 2026,paid_social,madrid,Madrid,ocasional,False
cust-054605,2023-09-04,direct, Comunidad Valenciana ,Valencia,habitual,True
cust-039167,21/04/2023,organic,CATALUÑA,Barcelona,vip,False
cust-030407,1 de abril de 2023,paid_search,Andalucía,Sevilla,nuevo,True
cust-016513,2025-10-31,paid_search,aragón,Zaragoza,nuevo,False
cust-019190,15/03/2026,organic, Galicia ,A Coruña,nuevo,True
cust-013268,2023-12-04,direct, Andalucía ,Sevilla,habitual,True
cust-054809,30/06/2025,direct,andalucía,Sevilla,habitual,True
cust-023047,2025-02-06,paid_social,aragón,Zaragoza,habitual,False
cust-035294,2023-08-18,email,Castilla y León ,Valladolid,vip,False
cust-032726,15 de enero de 2024,email,ILLES BALEARS,Palma,nuevo,False
cust-036222,29 de junio de 2026,email,ANDALUCÍA,Sevilla,vip,True
cust-031669,2026-01-22,affiliate,asturias,Oviedo,nuevo,True
cust-005020,2025-05-02,email, Galicia ,A Coruña,ocasional,True
cust-031419,20 de mayo de 2026,direct,Asturias,Oviedo,nuevo,False
cust-052735,2025-10-27,direct,COMUNIDAD VALENCIANA,,vip,True
cust-010391,2025-01-28,direct,Madrid,Madrid,habitual,True
cust-047761,19 de junio de 2023,organic,Andalucía,Sevilla,ocasional,True
cust-000676,2024-05-25,direct, Comunidad Valenciana ,,habitual,False
cust-054429,23/05/2026,paid_social,CANARIAS,Las Palmas,nuevo,True
cust-015793,2025-05-17,paid_search,cataluña,Barcelona,habitual,True
cust-012867,29/07/2025,paid_social,Madrid,Madrid,habitual,True
cust-050266,22/01/2023,paid_social, Madrid ,Madrid,ocasional,False
cust-000500,31 de marzo de 2026,direct,CANTABRIA,Santander,ocasional,True
cust-007912,25/04/2024,organic,MADRID,Madrid,habitual,True
cust-030877,2023-07-31,direct,Comunidad Valenciana,Valencia,nuevo,True
cust-017897,7 de octubre de 2023,direct, Castilla y León ,Valladolid,habitual,True
cust-044750,8 de octubre de 2025,email,illes balears,Palma,habitual,False
cust-022394,30/06/2024,paid_search,PAÍS VASCO,Bilbao,nuevo,True
cust-021962,2023-08-23,organic,Madrid,Madrid,vip,True
cust-045231,2025-09-26,affiliate, Madrid ,Madrid,ocasional,True
cust-058330,07/12/2024,paid_search,Aragón,Zaragoza,nuevo,True
cust-023188,26 de septiembre de 2025,organic,illes balears,Palma,nuevo,True
cust-015440,2025-04-05,paid_social,CANARIAS,Las Palmas,ocasional,True
cust-017615,4 de junio de 2026,paid_social,COMUNIDAD VALENCIANA,Valencia,nuevo,True
cust-016436,2024-06-21,organic,ARAGÓN,Zaragoza,nuevo,True
cust-038131,25/08/2024,organic,ANDALUCÍA ,Sevilla,habitual,True
cust-053740,29 de abril de 2026,paid_search, Andalucía ,Sevilla,habitual,True
cust-028056,10 de abril de 2024,paid_social,Cataluña,Barcelona,nuevo,False
cust-006717,2025-11-13,organic, Canarias ,Las Palmas,vip,True
cust-057276,23/05/2023,direct,madrid,Madrid,habitual,True
cust-057585,03/11/2025,organic,andalucía,Sevilla,ocasional,False
cust-003397,29/06/2025,paid_social,Andalucía,Sevilla,ocasional,False
cust-000343,08/11/2024,organic,Comunidad Valenciana ,Valencia,ocasional,False
cust-055891,2026-03-26,direct,madrid,Madrid,vip,True
cust-024172,25 de septiembre de 2023,email, Galicia ,A Coruña,nuevo,True
cust-033547,18/11/2023,paid_search,CATALUÑA,Barcelona,nuevo,True
cust-041004,2026-02-23,affiliate,ANDALUCÍA,Sevilla,habitual,True
cust-039195,24 de febrero de 2025,direct,ANDALUCÍA,Sevilla,nuevo,False
cust-025521,2024-12-07,direct,CATALUÑA,Barcelona,ocasional,True
cust-051687,2026-01-11,affiliate, Cataluña ,Barcelona,nuevo,True
cust-021680,14/05/2026,email, Andalucía ,Sevilla,nuevo,True
cust-038978,23/11/2025,paid_social,CATALUÑA,Barcelona,ocasional,False
cust-003872,2023-09-17,paid_social, Madrid ,Madrid,ocasional,False
cust-012164,4 de junio de 2025,direct, Cantabria ,Santander,habitual,True
cust-035294,2023-08-18,email,Castilla y León,Valladolid,vip,False
cust-037332,2026-05-04,paid_social, Región de Murcia ,Murcia,vip,True
cust-010012,9 de febrero de 2023,organic,aragón,Zaragoza,ocasional,True
cust-031296,11 de mayo de 2026,paid_search,Andalucía,Sevilla,ocasional,True
cust-006735,2025-09-14,direct,Canarias,Las Palmas,ocasional,False
cust-052093,11/06/2025,direct, Galicia ,A Coruña,ocasional,True
cust-046506,2026-05-16,paid_search, Extremadura ,Badajoz,nuevo,True
cust-021015,5 de abril de 2026,direct,comunidad valenciana,Valencia,nuevo,True
cust-005695,6 de marzo de 2026,paid_search, Castilla-La Mancha ,Toledo,ocasional,False
cust-000357,2023-05-03,direct,Castilla-La Mancha,Toledo,habitual,True
cust-059573,2023-09-26,paid_search,Madrid,Madrid,ocasional,True
cust-049069,22/11/2024,email,CANTABRIA,Santander,vip,True
cust-008465,22/11/2024,email,andalucía,Sevilla,vip,True
cust-009902,04/10/2023,paid_social, País Vasco ,Bilbao,vip,False
cust-050806,13/12/2024,paid_search, Illes Balears ,Palma,ocasional,True
cust-033923,2023-10-15,paid_search,madrid,Madrid,nuevo,False
cust-040772,2023-08-21,paid_search,Andalucía,Sevilla,vip,True
cust-038277,2025-06-13,direct,castilla y león,Valladolid,habitual,False
cust-043727,15 de diciembre de 2025,paid_social,ANDALUCÍA,Sevilla,ocasional,True
cust-030065,2023-04-12,direct,Navarra,Pamplona,habitual,True
cust-041081,23 de marzo de 2025,organic, Extremadura ,Badajoz,nuevo,True
cust-017429,2025-11-16,affiliate,Madrid,Madrid,vip,True
cust-031020,2025-09-06,email,PAÍS VASCO,Bilbao,nuevo,True
cust-030669,14/07/2024,organic,cataluña ,Barcelona,ocasional,True
cust-005708,15/04/2023,direct,GALICIA,A Coruña,ocasional,True
cust-019064,21/03/2026,direct,Galicia,A Coruña,habitual,True
cust-044725,7 de mayo de 2024,organic,Cataluña,,ocasional,True
cust-012718,2025-10-07,direct,castilla y león,Valladolid,nuevo,True
cust-033470,27/09/2024,paid_search, Cataluña ,Barcelona,nuevo,True
cust-037603,8 de mayo de 2025,email,CATALUÑA,Barcelona,ocasional,True
cust-006946,23 de abril de 2024,direct, Andalucía ,,nuevo,True
cust-024452,2026-05-02,direct,Galicia,A Coruña,habitual,True
cust-052401,2023-07-31,direct,madrid,Madrid,habitual,False
cust-029242,08/08/2025,paid_search,andalucía,Sevilla,vip,False
cust-057775,19/12/2024,direct,MADRID,Madrid,habitual,False
cust-057867,08/05/2026,direct, Comunidad Valenciana ,Valencia,ocasional,True
cust-032137,2023-07-10,organic,EXTREMADURA,Badajoz,habitual,True
cust-034956,20/09/2024,paid_social, Aragón ,Zaragoza,ocasional,False
cust-049155,27 de febrero de 2026,paid_social,ASTURIAS,Oviedo,nuevo,True
cust-027075,2026-05-15,organic, País Vasco ,Bilbao,nuevo,True
cust-030844,22/09/2024,organic,COMUNIDAD VALENCIANA,Valencia,ocasional,True
cust-021947,27/10/2025,paid_social,comunidad valenciana,Valencia,ocasional,True
cust-053467,2026-04-16,direct,Cataluña,Barcelona,nuevo,True
cust-034380,24 de marzo de 2025,paid_search, Aragón ,Zaragoza,ocasional,False
cust-001654,8 de junio de 2026,paid_social,Región de Murcia,Murcia,habitual,False
cust-022452,18/04/2023,direct, Asturias ,Oviedo,nuevo,True
cust-044145,21/08/2024,paid_search, Andalucía ,Sevilla,ocasional,True
cust-021428,04/11/2025,paid_search,Galicia,A Coruña,ocasional,True
cust-039187,03/08/2025,organic,galicia,A Coruña,habitual,False
cust-050325,16/08/2025,paid_search,Canarias,,vip,True
cust-015353,12/05/2026,direct,País Vasco,Bilbao,ocasional,True
cust-024316,05/12/2025,organic,PAÍS VASCO,Bilbao,habitual,True
cust-051096,5 de julio de 2025,email,país vasco,Bilbao,nuevo,False
cust-034030,19 de junio de 2025,organic, Cataluña ,Barcelona,habitual,True
cust-053155,08/10/2025,email,ANDALUCÍA,Sevilla,habitual,True
cust-008831,29 de noviembre de 2023,direct, Cataluña ,Barcelona,habitual,True
cust-059046,2025-12-01,affiliate, País Vasco ,Bilbao,nuevo,True
cust-021793,11/02/2024,paid_social,ANDALUCÍA,Sevilla,ocasional,True
cust-054235,05/10/2023,paid_search,COMUNIDAD VALENCIANA,Valencia,nuevo,False
cust-051869,17 de mayo de 2025,organic,ANDALUCÍA,Sevilla,nuevo,True
cust-042737,21 de enero de 2025,direct, Castilla y León ,Valladolid,habitual,False
cust-033688,2023-11-05,organic,MADRID,Madrid,nuevo,True
cust-008475,03/07/2025,email,canarias,,vip,True
cust-010975,25 de septiembre de 2025,organic,Castilla y León,Valladolid,nuevo,True
cust-006259,20/08/2025,paid_search,castilla-la mancha,Toledo,habitual,True
cust-023123,19/01/2023,paid_search,CATALUÑA,Barcelona,nuevo,False
cust-012894,08/05/2023,affiliate,galicia,A Coruña,nuevo,False
cust-031850,30/06/2026,email,MADRID,Madrid,nuevo,True
cust-022901,2024-10-17,paid_social,Comunidad Valenciana ,Valencia,nuevo,True
cust-059914,05/09/2025,affiliate,cataluña,Barcelona,vip,True
cust-041347,4 de agosto de 2023,direct,ANDALUCÍA,Sevilla,ocasional,False
cust-051367,14/01/2026,direct,Cataluña,Barcelona,nuevo,True
cust-036058,12/01/2026,paid_search,país vasco,Bilbao,ocasional,True
cust-026003,13 de septiembre de 2023,organic,Cataluña,Barcelona,ocasional,True
cust-046075,15 de febrero de 2026,affiliate,comunidad valenciana,Valencia,nuevo,False
cust-004062,19 de marzo de 2026,paid_search,COMUNIDAD VALENCIANA,Valencia,nuevo,True
cust-046924,2024-09-04,direct,galicia,A Coruña,habitual,True
cust-016947,14/06/2024,direct,Región de Murcia,Murcia,habitual,True
cust-053826,23/04/2026,direct,cataluña,Barcelona,habitual,False
cust-015956,24 de enero de 2023,direct,Cataluña,Barcelona,nuevo,True
cust-031044,2024-05-01,direct, Comunidad Valenciana ,Valencia,nuevo,True
cust-027864,19 de marzo de 2025,paid_search, Cataluña ,Barcelona,nuevo,True
cust-007035,22/06/2026,direct, Andalucía  ,Sevilla,nuevo,True
cust-054979,2024-12-11,email,castilla-la mancha,Toledo,ocasional,True
cust-051670,2025-10-28,paid_search,Andalucía,Sevilla,nuevo,True
cust-029233,13 de abril de 2024,direct, Madrid ,Madrid,nuevo,False
cust-055506,15 de abril de 2023,direct,illes balears,Palma,ocasional,True
cust-028022,14 de noviembre de 2025,paid_search, Asturias ,Oviedo,nuevo,False
cust-001470,2023-12-20,paid_social, Andalucía ,Sevilla,ocasional,True
cust-023940,11 de marzo de 2026,paid_search,COMUNIDAD VALENCIANA,Valencia,ocasional,True
cust-029287,14/01/2025,paid_search,andalucía,Sevilla,vip,False
cust-037332,2026-05-04,paid_social, Región de Murcia  ,Murcia,vip,True
cust-054134,16 de noviembre de 2025,direct, Madrid ,Madrid,ocasional,False
cust-041912,2024-09-25,direct, Castilla y León ,Valladolid,nuevo,False
cust-036281,04/08/2025,direct, Madrid ,,nuevo,False
cust-058949,2023-08-12,organic,País Vasco,Bilbao,vip,False
cust-028478,2025-05-23,paid_social,Castilla y León,Valladolid,habitual,True
cust-034096,01/04/2026,direct,Andalucía,Sevilla,nuevo,True
cust-028295,21/01/2026,email,canarias,Las Palmas,vip,True
cust-034135,2024-11-12,direct, Madrid ,Madrid,nuevo,True
cust-009186,27/04/2026,direct, Aragón ,Zaragoza,nuevo,True
cust-046720,2024-06-23,organic,CATALUÑA,Barcelona,nuevo,True
cust-013931,2024-09-29,email, Cataluña ,Barcelona,nuevo,True
cust-046621,16 de mayo de 2024,paid_search,CANARIAS,Las Palmas,habitual,False
cust-014104,08/03/2026,direct, Madrid ,Madrid,vip,False
cust-059935,2026-06-22,organic, Cataluña ,Barcelona,vip,True
cust-023647,26 de mayo de 2026,paid_search,CATALUÑA,Barcelona,nuevo,False
cust-000789,16 de junio de 2026,paid_search, Aragón ,Zaragoza,ocasional,True
cust-047191,2025-02-25,direct,ANDALUCÍA,Sevilla,habitual,True
cust-033373,19 de diciembre de 2024,affiliate,cataluña,Barcelona,ocasional,True
cust-009303,26 de marzo de 2026,direct, Cataluña ,Barcelona,nuevo,True
cust-034917,2024-07-04,organic, Andalucía ,Sevilla,habitual,True
cust-036256,18/06/2024,paid_search,Castilla y León,Valladolid,ocasional,True
cust-008032,2026-06-05,direct, Comunidad Valenciana ,Valencia,habitual,True
cust-023000,07/12/2025,direct,CASTILLA Y LEÓN,Valladolid,ocasional,True
cust-036695,15/01/2026,paid_search,CATALUÑA,Barcelona,ocasional,True
cust-051670,2025-10-28,paid_search,Andalucía,Sevilla,nuevo,True
cust-019627,2024-12-08,paid_social,Madrid,Madrid,nuevo,False
cust-040293,08/03/2024,organic,cataluña,Barcelona,ocasional,True
cust-011155,2025-02-01,email,Madrid,Madrid,nuevo,True
cust-034924,23/11/2025,organic, Castilla y León ,Valladolid,ocasional,True
cust-026125,2024-01-30,organic,comunidad valenciana,Valencia,ocasional,True
cust-023450,30/01/2023,organic,GALICIA,A Coruña,habitual,True
cust-007709,2026-02-12,direct,CASTILLA Y LEÓN,Valladolid,habitual,False
cust-055093,2025-11-03,paid_social,madrid,Madrid,nuevo,False
cust-030357,22/08/2025,direct,Andalucía,Sevilla,ocasional,True
cust-017561,10/08/2025,paid_search,ILLES BALEARS,Palma,nuevo,False
cust-033954,22 de noviembre de 2024,direct, Comunidad Valenciana ,Valencia,ocasional,True
cust-009463,08/03/2026,direct,Madrid,Madrid,nuevo,True
cust-016751,29/03/2024,paid_social,aragón,Zaragoza,habitual,True
cust-008467,31 de diciembre de 2023,organic,asturias,Oviedo,habitual,True
cust-035748,15/05/2026,direct,Cataluña,Barcelona,habitual,True
cust-035807,2025-07-22,direct,COMUNIDAD VALENCIANA,Valencia,nuevo,True
cust-052687,28 de junio de 2023,paid_search, Comunidad Valenciana ,Valencia,habitual,True
cust-013820,04/01/2026,organic,ANDALUCÍA,Sevilla,nuevo,True
cust-038166,8 de octubre de 2025,email,Región de Murcia,Murcia,ocasional,False
cust-033328,31/03/2024,paid_social,MADRID,Madrid,ocasional,True
cust-012464,13 de octubre de 2025,email,cataluña,Barcelona,nuevo,True
cust-055113,2025-11-07,organic, Asturias ,Oviedo,ocasional,True
cust-037726,1 de enero de 2025,direct,GALICIA,A Coruña,nuevo,False
cust-046289,22 de enero de 2025,paid_search,CASTILLA-LA MANCHA,Toledo,nuevo,True
cust-051295,28 de mayo de 2026,direct,MADRID,Madrid,habitual,False
cust-013281,12 de septiembre de 2025,email,Región de Murcia,Murcia,nuevo,True
cust-009124,04/01/2025,direct,cataluña,,ocasional,True
cust-033818,17 de diciembre de 2024,email,castilla-la mancha,Toledo,nuevo,True
cust-049995,05/03/2026,email,andalucía,Sevilla,nuevo,True
cust-055646,2025-10-27,direct, Andalucía  ,Sevilla,habitual,True
cust-036676,02/05/2023,paid_social,cataluña,Barcelona,ocasional,True
cust-029420,14 de diciembre de 2024,direct,país vasco,Bilbao,habitual,False
cust-027231,9 de junio de 2025,paid_search, Castilla y León ,Valladolid,ocasional,True
cust-014316,26 de abril de 2025,paid_search,comunidad valenciana,Valencia,ocasional,False
cust-045388,11 de julio de 2025,paid_search,Cataluña,Barcelona,nuevo,True
cust-016652,2023-05-04,affiliate,Canarias,Las Palmas,nuevo,True
cust-055259,11/04/2026,paid_search, Comunidad Valenciana ,Valencia,habitual,False
cust-026437,21/09/2024,direct,ANDALUCÍA,Sevilla,vip,True
cust-014014,20/07/2024,paid_social,Canarias,Las Palmas,vip,True
cust-049686,17 de diciembre de 2025,organic,MADRID,,ocasional,True
cust-023443,25/06/2024,paid_social,canarias,Las Palmas,ocasional,True
cust-040282,24/09/2025,direct,Comunidad Valenciana,Valencia,ocasional,False
cust-054407,01/10/2023,direct,CATALUÑA,Barcelona,habitual,False
cust-002135,2023-07-04,direct, Andalucía ,Sevilla,ocasional,True
cust-043669,26 de julio de 2025,direct, Canarias ,Las Palmas,nuevo,True
cust-003677,28 de agosto de 2023,organic, Galicia ,A Coruña,habitual,True
cust-039504,2024-02-07,organic,ARAGÓN,Zaragoza,ocasional,True
cust-004507,2024-11-15,direct,Madrid,Madrid,ocasional,False
cust-027790,27 de enero de 2025,direct, Madrid ,Madrid,nuevo,True
cust-050375,19 de enero de 2024,direct,MADRID,Madrid,nuevo,True
cust-057519,11/04/2023,paid_social,comunidad valenciana,Valencia,habitual,True
cust-053713,2025-06-29,paid_social,castilla-la mancha,Toledo,ocasional,True
cust-030894,10 de abril de 2026,paid_search,CASTILLA Y LEÓN,Valladolid,habitual,True
cust-009395,2026-05-30,direct,madrid,Madrid,habitual,True
cust-006537,21/11/2025,email,ANDALUCÍA,Sevilla,nuevo,True
cust-031685,2024-02-26,direct,PAÍS VASCO,Bilbao,habitual,True
cust-023481,27/12/2024,paid_search,Región de Murcia,Murcia,ocasional,True
cust-030370,29/06/2024,direct,CASTILLA Y LEÓN,Valladolid,ocasional,True
cust-010966,08/04/2026,paid_search, Castilla-La Mancha ,Toledo,nuevo,True
cust-045085,2025-09-16,affiliate,castilla-la mancha,Toledo,habitual,True
cust-051551,28 de octubre de 2025,paid_search,Madrid,Madrid,ocasional,True
cust-027017,14 de mayo de 2026,direct, Región de Murcia ,,nuevo,True
cust-047779,20/10/2024,paid_search,Región de Murcia,Murcia,ocasional,True
cust-001084,03/02/2026,direct,comunidad valenciana,Valencia,ocasional,True
cust-043991,18/02/2026,paid_social,CATALUÑA,Barcelona,nuevo,True
cust-006054,2025-02-11,paid_search,COMUNIDAD VALENCIANA,Valencia,habitual,True
cust-035170,23 de mayo de 2026,affiliate,MADRID,Madrid,ocasional,True
cust-017257,2025-04-03,paid_social,comunidad valenciana,Valencia,nuevo,False
cust-051422,2023-04-16,email,CATALUÑA,,nuevo,True
cust-029618,11/12/2024,direct, Canarias ,Las Palmas,nuevo,True
cust-008640,2023-11-15,email,cataluña,,habitual,False
cust-020767,27/12/2024,direct,Cantabria,Santander,nuevo,False
cust-050095,2023-10-08,direct, Galicia ,A Coruña,nuevo,False
cust-001101,10/11/2025,direct,MADRID,Madrid,ocasional,True
cust-033335,12 de noviembre de 2023,email,Galicia,A Coruña,nuevo,False
cust-010297,22/10/2025,paid_search,Cataluña,Barcelona,habitual,False
cust-018837,2024-03-18,email,Comunidad Valenciana,Valencia,habitual,False
cust-032377,29 de diciembre de 2024,organic,cataluña,Barcelona,nuevo,False
cust-049159,12/01/2026,direct,Región de Murcia,Murcia,habitual,True
cust-024551,06/12/2024,direct, Comunidad Valenciana ,Valencia,nuevo,False
cust-033272,31/05/2023,paid_social,CATALUÑA,Barcelona,vip,True
cust-052732,2026-06-23,email, Cataluña ,Barcelona,habitual,True
cust-046735,2025-12-21,direct, Comunidad Valenciana ,Valencia,habitual,False
cust-001341,2026-03-11,affiliate,Canarias,Las Palmas,nuevo,True
cust-047271,2025-12-15,paid_social, Región de Murcia ,Murcia,ocasional,True
cust-005396,02/04/2026,direct,MADRID,Madrid,ocasional,True
cust-052589,13 de enero de 2023,paid_social,MADRID,Madrid,nuevo,False
cust-044000,2025-03-30,paid_search,canarias,Las Palmas,nuevo,True
cust-028323,17/06/2026,direct,Comunidad Valenciana,Valencia,ocasional,False
cust-027715,24/04/2026,organic,Galicia,A Coruña,nuevo,True
cust-058521,2026-05-05,affiliate,canarias,Las Palmas,habitual,True
cust-003776,25 de noviembre de 2025,affiliate, Comunidad Valenciana ,Valencia,ocasional,True
cust-033183,2025-09-12,email,Castilla y León,,ocasional,False
cust-004083,2026-04-29,paid_search,andalucía,Sevilla,habitual,True
cust-052807,9 de abril de 2026,paid_social,Andalucía,Sevilla,ocasional,True
cust-031270,22/03/2024,paid_search,ILLES BALEARS,Palma,vip,False
cust-012186,22 de octubre de 2025,paid_social,CATALUÑA,,nuevo,True
cust-045997,23/12/2024,organic,andalucía,Sevilla,nuevo,False
cust-032961,17/03/2026,paid_social, Cantabria ,Santander,habitual,True
cust-028697,29/12/2024,direct,andalucía,Sevilla,habitual,False
cust-037912,2025-11-04,direct, Illes Balears ,Palma,nuevo,False
cust-053867,29 de marzo de 2023,direct,ANDALUCÍA,Sevilla,nuevo,False
cust-042563,2024-01-18,paid_social,andalucía,Sevilla,habitual,True
cust-059927,11/01/2026,email, Andalucía ,Sevilla,ocasional,False
cust-052419,2023-07-24,paid_social,Madrid,Madrid,ocasional,False
cust-053091,18 de noviembre de 2023,email, Madrid ,Madrid,habitual,True
cust-018551,02/01/2026,organic, Madrid ,Madrid,nuevo,True
cust-001930,15 de julio de 2025,direct, Andalucía ,Sevilla,nuevo,False
cust-042725,04/05/2025,paid_search,cataluña,,nuevo,True
cust-002143,30/03/2024,paid_social,andalucía ,,nuevo,True
cust-009774,2024-12-19,organic,Madrid,Madrid,habitual,False
cust-042580,30/06/2024,organic,Madrid,Madrid,vip,False
cust-055715,2026-06-18,paid_search,Castilla-La Mancha,Toledo,nuevo,False
cust-030434,01/05/2025,email, Castilla y León ,Valladolid,nuevo,False
cust-056267,2024-09-07,organic,MADRID,Madrid,nuevo,False
cust-038625,2024-10-12,paid_social,Cataluña,Barcelona,ocasional,True
cust-056595,18 de abril de 2026,direct, Andalucía ,Sevilla,habitual,True
cust-032456,2026-03-13,email,madrid,Madrid,ocasional,False
cust-032988,26 de septiembre de 2024,paid_search,comunidad valenciana,Valencia,habitual,False
cust-033613,2024-11-29,paid_search,galicia,A Coruña,ocasional,True
cust-055274,30 de julio de 2024,organic,CANTABRIA,Santander,habitual,True
cust-006967,2023-10-14,paid_search,castilla y león,Valladolid,ocasional,True
cust-025575,05/04/2025,direct,madrid ,Madrid,vip,True
cust-031126,7 de junio de 2025,paid_search,madrid,Madrid,nuevo,False
cust-025673,2025-03-23,direct,PAÍS VASCO,Bilbao,habitual,True
cust-041754,24/02/2026,paid_search,illes balears,Palma,habitual,True
cust-057356,2026-03-13,email,comunidad valenciana,Valencia,ocasional,True
cust-045459,11 de enero de 2023,paid_search,ANDALUCÍA,Sevilla,ocasional,True
cust-033575,04/08/2023,organic, Madrid ,Madrid,nuevo,True
cust-006951,21/05/2026,organic,ILLES BALEARS,Palma,ocasional,True
cust-059996,05/02/2024,organic,cantabria,Santander,nuevo,True
cust-009787,9 de julio de 2023,paid_social,Cataluña,Barcelona,ocasional,False
cust-032485,28/04/2026,paid_search, Cataluña ,Barcelona,nuevo,True
cust-037578,14/06/2024,paid_search,CANARIAS,Las Palmas,ocasional,True
cust-034910,22/05/2026,direct,andalucía,Sevilla,vip,False
cust-028113,25 de marzo de 2025,paid_search,Navarra,Pamplona,vip,False
cust-015298,2024-06-10,email,MADRID,Madrid,habitual,False
cust-029261,2026-05-14,email,MADRID,,habitual,True
cust-055032,22/02/2025,paid_search,comunidad valenciana,Valencia,vip,True
cust-026636,2026-06-25,organic,Navarra,Pamplona,ocasional,True
cust-011704,17/09/2025,paid_social, Madrid ,Madrid,habitual,True
cust-032568,12 de abril de 2025,affiliate,cataluña ,Barcelona,nuevo,True
cust-051011,2024-08-12,direct,madrid,Madrid,ocasional,False
cust-051316,07/12/2025,direct,Galicia,,habitual,False
cust-026904,15/10/2024,direct,REGIÓN DE MURCIA,Murcia,ocasional,True
cust-001046,12 de noviembre de 2024,organic,cataluña,Barcelona,ocasional,False
cust-045366,13 de septiembre de 2024,affiliate,ANDALUCÍA,Sevilla,nuevo,True
cust-033849,2023-04-22,paid_search,ANDALUCÍA,Sevilla,vip,True
cust-008254,2026-03-29,organic,cataluña,Barcelona,ocasional,True
cust-013310,2024-01-06,paid_social,ANDALUCÍA,Sevilla,nuevo,True
cust-059207,2024-07-12,direct, Cataluña ,Barcelona,habitual,True
cust-057278,28/09/2025,direct,madrid,Madrid,nuevo,True
cust-059430,1 de junio de 2026,email,Comunidad Valenciana,Valencia,habitual,True
cust-033610,13/11/2025,paid_social,Andalucía,Sevilla,habitual,True
cust-026937,19 de octubre de 2023,email,Galicia,A Coruña,ocasional,True
cust-015780,2026-02-22,direct,CATALUÑA,Barcelona,nuevo,False
cust-030535,2026-05-01,direct,CATALUÑA,Barcelona,ocasional,True
cust-000161,18 de septiembre de 2024,affiliate,comunidad valenciana,Valencia,vip,True
cust-047652,24 de marzo de 2025,paid_social,CATALUÑA,Barcelona,nuevo,True
cust-030741,08/03/2025,email, Comunidad Valenciana ,Valencia,ocasional,False
cust-012849,11/08/2025,direct,galicia,A Coruña,nuevo,True
cust-017923,30/08/2025,organic,Cataluña,Barcelona,nuevo,False
cust-050059,2023-08-01,direct,canarias,Las Palmas,nuevo,False
cust-017329,3 de mayo de 2023,organic,andalucía,Sevilla,nuevo,True
cust-020705,2024-02-02,paid_social,Cataluña,Barcelona,ocasional,True
cust-025575,05/04/2025,direct,madrid,Madrid,vip,True
cust-015931,02/07/2025,email,comunidad valenciana,Valencia,habitual,True
cust-039891,14/04/2025,paid_social,ANDALUCÍA,Sevilla,vip,True
cust-008050,19 de marzo de 2023,direct,MADRID,Madrid,nuevo,False
cust-024908,01/11/2025,direct,Cataluña,Barcelona,nuevo,False
cust-045041,2023-12-26,paid_social,país vasco,Bilbao,ocasional,False
cust-040951,26/08/2024,organic,GALICIA,A Coruña,habitual,True
cust-057080,2025-06-09,organic,MADRID,,habitual,True
cust-020628,30 de septiembre de 2023,organic,andalucía,Sevilla,habitual,False
cust-011933,2026-01-25,paid_search, Madrid ,Madrid,nuevo,True
cust-059350,11 de agosto de 2024,paid_search,andalucía,Sevilla,habitual,True
cust-041937,30/07/2024,organic,ANDALUCÍA,Sevilla,habitual,True
cust-051444,2026-01-04,paid_search,canarias,Las Palmas,ocasional,True
cust-047373,2025-11-04,paid_search,castilla-la mancha,Toledo,nuevo,True
cust-026051,18 de agosto de 2023,organic,CATALUÑA,Barcelona,nuevo,True
cust-043878,16/03/2026,direct,canarias,Las Palmas,nuevo,True
cust-031551,9 de marzo de 2024,organic,madrid,Madrid,habitual,True
cust-056374,20/03/2026,direct,Madrid,Madrid,ocasional,True
cust-043815,2025-08-10,paid_social,CASTILLA Y LEÓN,Valladolid,ocasional,True
cust-029165,17/07/2023,organic,Cantabria,Santander,habitual,False
cust-008607,28/01/2025,email, Madrid ,Madrid,nuevo,True
cust-005722,07/05/2025,paid_social,Comunidad Valenciana,Valencia,nuevo,True
cust-049173,2026-06-27,email,CASTILLA Y LEÓN,Valladolid,habitual,True
cust-023156,19 de diciembre de 2024,direct,madrid,Madrid,nuevo,True
cust-025277,09/10/2024,organic,ANDALUCÍA,Sevilla,nuevo,True
cust-000378,28/02/2026,direct,cataluña,Barcelona,nuevo,True
cust-017519,25/05/2026,organic,cataluña,Barcelona,habitual,True
cust-044347,9 de junio de 2024,email,castilla y león,Valladolid,ocasional,True
cust-032263,2025-01-19,direct,andalucía,Sevilla,habitual,True
cust-036653,8 de diciembre de 2025,affiliate, Andalucía ,,nuevo,True
cust-032859,01/04/2024,paid_social,madrid,Madrid,nuevo,False
cust-039634,02/04/2023,direct,Madrid,Madrid,vip,True
cust-053594,29/05/2023,affiliate,ILLES BALEARS,Palma,nuevo,True
cust-020386,05/12/2024,direct,Galicia,A Coruña,vip,False
cust-014111,24/08/2023,direct,Galicia,A Coruña,ocasional,True
cust-001784,05/07/2024,email,Cataluña,Barcelona,ocasional,False
cust-058290,22 de octubre de 2025,affiliate,MADRID,Madrid,vip,False
cust-023359,12 de abril de 2024,email,cantabria,Santander,vip,True
cust-051438,2024-02-08,email,extremadura,Badajoz,vip,True
cust-019049,27 de diciembre de 2025,direct, Cataluña ,Barcelona,ocasional,False
cust-007731,2025-05-15,direct,PAÍS VASCO,Bilbao,ocasional,False
cust-008496,2024-01-10,direct,Madrid,Madrid,ocasional,False
cust-055092,2024-08-04,direct,GALICIA,A Coruña,vip,True
cust-011323,13/02/2026,direct,castilla-la mancha,Toledo,ocasional,False
cust-036167,10 de marzo de 2025,direct,CATALUÑA,Barcelona,nuevo,False
cust-034989,2025-03-05,paid_search,CATALUÑA,Barcelona,nuevo,True
cust-009180,10/04/2025,affiliate,Cataluña,Barcelona,ocasional,True
cust-051714,21/11/2025,paid_search,canarias,Las Palmas,vip,True
cust-022781,2024-10-27,direct,MADRID,Madrid,nuevo,False
cust-029988,6 de diciembre de 2025,organic,andalucía,Sevilla,ocasional,True
cust-056859,23/12/2024,paid_social,castilla y león,Valladolid,nuevo,False
cust-014074,2024-12-24,email,Madrid,Madrid,nuevo,False
cust-030903,2 de julio de 2025,direct, Castilla y León ,,ocasional,False
cust-023966,4 de octubre de 2023,organic,castilla y león,Valladolid,habitual,True
cust-021178,2025-09-10,direct,Castilla y León,Valladolid,ocasional,True
cust-036070,2025-01-26,organic, Cataluña ,Barcelona,nuevo,True
cust-010663,2025-10-23,direct,País Vasco,Bilbao,nuevo,False
cust-011918,27/01/2026,organic,Madrid,Madrid,nuevo,False
cust-031197,23/10/2024,paid_search,Canarias,Las Palmas,ocasional,True
cust-015671,2023-08-03,direct,CASTILLA Y LEÓN,Valladolid,ocasional,True
cust-033758,2026-05-03,organic,Cataluña,Barcelona,ocasional,True
cust-012352,2026-02-15,paid_search, Madrid ,Madrid,nuevo,True
cust-056050,4 de abril de 2026,email,región de murcia,Murcia,habitual,True
cust-050356,2025-12-11,organic,madrid,Madrid,ocasional,False
cust-034766,24 de septiembre de 2024,direct, Comunidad Valenciana ,,habitual,True
cust-032810,06/05/2023,direct,GALICIA,A Coruña,vip,True
cust-046715,05/06/2026,email, Galicia ,A Coruña,nuevo,False
cust-051181,2025-12-03,affiliate,ANDALUCÍA,Sevilla,nuevo,False
cust-025974,2026-01-11,organic, Navarra ,Pamplona,ocasional,True
cust-055967,21/04/2025,direct,castilla y león,Valladolid,ocasional,True
cust-026362,27 de junio de 2023,direct,País Vasco,Bilbao,habitual,True
cust-030742,2024-12-26,paid_search,Extremadura,Badajoz,ocasional,True
cust-039810,01/07/2025,direct,Andalucía,Sevilla,ocasional,False
cust-032367,30/08/2024,direct,CANARIAS,Las Palmas,habitual,True
cust-048791,17 de mayo de 2025,direct,cataluña,Barcelona,habitual,False
cust-000621,23/05/2026,direct,MADRID,Madrid,nuevo,True
cust-015219,22/04/2026,organic,Comunidad Valenciana,Valencia,ocasional,False
cust-032125,2024-08-01,organic,extremadura,Badajoz,nuevo,True
cust-046899,24 de mayo de 2023,paid_social, Cataluña ,Barcelona,nuevo,True
cust-046114,25/02/2023,direct,MADRID,Madrid,ocasional,True
cust-018045,2025-01-07,organic,cataluña,Barcelona,ocasional,False
cust-000826,02/12/2023,organic, Comunidad Valenciana ,Valencia,ocasional,True
cust-020263,2023-07-08,email,Canarias,Las Palmas,ocasional,False
cust-010419,31/10/2025,paid_social,comunidad valenciana,Valencia,ocasional,True
cust-043974,08/01/2026,affiliate,andalucía,Sevilla,vip,True
cust-038703,03/09/2025,organic,CANTABRIA,Santander,ocasional,True
cust-025453,16 de enero de 2024,paid_social,Andalucía,Sevilla,habitual,False
cust-036192,13/07/2024,organic,Asturias ,Oviedo,vip,False
cust-026695,2024-07-18,paid_social,cataluña,Barcelona,nuevo,True
cust-007308,11/12/2025,direct,Andalucía,Sevilla,nuevo,True
cust-004206,30/06/2026,direct, País Vasco ,Bilbao,ocasional,True
cust-008844,30 de marzo de 2024,organic,CASTILLA Y LEÓN,,nuevo,True
cust-032176,2023-07-15,paid_search,País Vasco,Bilbao,ocasional,True
cust-002287,2024-11-27,direct,Madrid,Madrid,ocasional,True
cust-040804,8 de junio de 2026,paid_search,GALICIA,A Coruña,nuevo,True
cust-014543,29/10/2024,paid_social,ANDALUCÍA,Sevilla,habitual,True
cust-059520,07/01/2024,organic, Madrid ,Madrid,ocasional,True
cust-055569,2026-03-19,direct,madrid,Madrid,nuevo,True
cust-041048,12/11/2024,paid_search,navarra,Pamplona,nuevo,False
cust-040467,26 de junio de 2024,paid_search, Galicia ,A Coruña,ocasional,True
cust-013938,20 de agosto de 2024,direct,cataluña,Barcelona,ocasional,True
cust-003050,07/06/2024,direct,CATALUÑA,Barcelona,nuevo,False
cust-017849,12 de junio de 2024,email, Andalucía ,Sevilla,habitual,True
cust-029304,20 de junio de 2024,affiliate,Andalucía,Sevilla,habitual,False
cust-025992,27/05/2026,organic,PAÍS VASCO,Bilbao,nuevo,True
cust-042088,01/08/2024,direct,Comunidad Valenciana ,Valencia,ocasional,True
cust-023284,2023-09-03,organic,madrid,Madrid,nuevo,True
cust-005959,2024-07-25,direct,Galicia,A Coruña,habitual,False
cust-058193,11 de abril de 2026,affiliate,comunidad valenciana,Valencia,nuevo,False
cust-019564,12 de mayo de 2025,direct,Andalucía,Sevilla,habitual,True
cust-052954,2026-05-23,email,Andalucía,,nuevo,True
cust-025887,12/02/2023,paid_social,Comunidad Valenciana,Valencia,nuevo,True
cust-017976,2023-07-30,email,región de murcia,Murcia,nuevo,True
cust-011525,29/06/2025,direct, Galicia ,A Coruña,ocasional,True
cust-030445,31 de mayo de 2026,direct,Andalucía,Sevilla,ocasional,True
cust-046907,7 de junio de 2025,email,comunidad valenciana,Valencia,ocasional,False
cust-037150,13 de octubre de 2025,email,País Vasco,Bilbao,vip,True
cust-045134,14 de enero de 2025,organic,Canarias,Las Palmas,nuevo,True
cust-012886,2026-02-02,direct, País Vasco ,Bilbao,ocasional,True
cust-016271,4 de mayo de 2025,direct,país vasco,Bilbao,habitual,False
cust-018941,21/04/2026,paid_search, Castilla y León ,Valladolid,ocasional,False
cust-055024,2024-07-06,direct,Asturias,Oviedo,habitual,True
cust-035466,07/03/2025,paid_search,comunidad valenciana,Valencia,nuevo,True
cust-028428,5 de junio de 2025,affiliate, Comunidad Valenciana ,Valencia,nuevo,True
cust-028558,1 de diciembre de 2023,direct,Andalucía,Sevilla,nuevo,True
cust-048114,2026-01-24,paid_social,GALICIA,A Coruña,habitual,True
cust-038275,2024-05-27,organic,Castilla y León,Valladolid,habitual,True
cust-030498,27 de marzo de 2025,organic,Castilla y León,Valladolid,ocasional,True
cust-021521,08/02/2026,email,madrid,Madrid,nuevo,True
cust-044327,2024-09-28,organic,cataluña,Barcelona,ocasional,True
cust-028406,25/01/2025,paid_social,Castilla-La Mancha,Toledo,vip,False
cust-013623,22/06/2026,organic,Comunidad Valenciana,,habitual,True
cust-023226,02/05/2026,paid_search,REGIÓN DE MURCIA,Murcia,habitual,True
cust-042446,2024-02-02,paid_search,Castilla-La Mancha,Toledo,vip,True
cust-016809,13 de abril de 2026,direct, Madrid ,,ocasional,True
cust-006077,27 de mayo de 2026,email,CATALUÑA ,,nuevo,False
cust-023905,2025-06-15,paid_search,comunidad valenciana,Valencia,vip,True
cust-006662,04/01/2023,direct,canarias,Las Palmas,nuevo,True
cust-046168,18 de diciembre de 2024,direct,navarra,Pamplona,habitual,False
cust-013377,20 de abril de 2023,paid_search,MADRID,Madrid,ocasional,True
cust-002500,2023-05-16,direct,EXTREMADURA,Badajoz,nuevo,True
cust-048190,2023-10-30,organic,país vasco,Bilbao,habitual,True
cust-055025,2026-02-16,direct, Cataluña ,Barcelona,nuevo,True
cust-046944,2023-05-07,affiliate,canarias,Las Palmas,habitual,True
cust-048048,13/07/2024,email,Comunidad Valenciana,Valencia,ocasional,True
cust-050090,23/04/2026,organic,ANDALUCÍA,Sevilla,ocasional,True
cust-000978,12/04/2026,email,asturias,Oviedo,vip,True
cust-021454,2025-06-21,organic,GALICIA,A Coruña,vip,True
cust-059248,18/02/2026,paid_search, Canarias ,Las Palmas,habitual,True
cust-038945,2025-12-22,direct,COMUNIDAD VALENCIANA,Valencia,ocasional,False
cust-008309,19/06/2024,paid_search, País Vasco ,,ocasional,False
cust-026784,12/10/2025,paid_search, Galicia ,A Coruña,nuevo,False
cust-047648,2026-02-26,direct, Galicia ,A Coruña,habitual,True
cust-012338,31 de julio de 2023,email,cataluña,Barcelona,vip,True
cust-003033,2025-04-26,direct,COMUNIDAD VALENCIANA,Valencia,ocasional,False
cust-056776,2024-02-22,paid_search,galicia,A Coruña,nuevo,True
cust-045928,05/01/2024,direct,Comunidad Valenciana,Valencia,ocasional,True
cust-004386,2026-03-21,organic,Extremadura,Badajoz,nuevo,True
cust-017426,13/07/2024,paid_social, Andalucía ,Sevilla,ocasional,False
cust-005612,17/10/2023,paid_social,PAÍS VASCO,Bilbao,habitual,True
cust-056280,30/12/2024,email,castilla-la mancha,Toledo,habitual,False
cust-038844,23/08/2024,direct,castilla y león,Valladolid,ocasional,True
cust-049678,24/11/2023,affiliate, Andalucía ,Sevilla,vip,False
cust-047423,13 de agosto de 2023,paid_search,castilla y león,Valladolid,nuevo,True
cust-050681,23/08/2025,affiliate,País Vasco,Bilbao,nuevo,True
cust-008088,2026-02-17,email,ANDALUCÍA,Sevilla,vip,True
cust-021081,02/02/2025,direct,EXTREMADURA,,nuevo,True
cust-031694,04/10/2023,affiliate,comunidad valenciana,Valencia,vip,True
cust-028851,4 de marzo de 2025,affiliate,comunidad valenciana,Valencia,habitual,False
cust-038953,2025-10-07,paid_social,comunidad valenciana,Valencia,habitual,True
cust-038604,2024-09-28,direct,galicia,A Coruña,habitual,False
cust-008533,8 de noviembre de 2025,organic,CATALUÑA,,habitual,True
cust-054585,2026-06-29,direct, Castilla y León ,Valladolid,ocasional,True
cust-030679,26/11/2025,paid_social,MADRID,Madrid,habitual,True
cust-025220,19 de noviembre de 2023,affiliate,COMUNIDAD VALENCIANA,Valencia,nuevo,True
cust-029187,6 de septiembre de 2024,organic,Comunidad Valenciana,Valencia,ocasional,False
cust-007056,06/11/2024,organic,Comunidad Valenciana,Valencia,nuevo,False
cust-026275,11/04/2026,paid_social,madrid,,vip,True
cust-032659,2023-04-03,paid_search,Galicia,A Coruña,habitual,True
cust-056888,7 de octubre de 2025,direct, Madrid ,Madrid,nuevo,True
cust-014017,14 de junio de 2026,paid_social,canarias,Las Palmas,nuevo,True
cust-045926,2024-05-30,organic,madrid,Madrid,habitual,False
cust-055646,2025-10-27,direct, Andalucía ,Sevilla,habitual,True
cust-018070,2023-03-03,paid_social,COMUNIDAD VALENCIANA,Valencia,vip,True
cust-055550,2026-04-14,paid_social,ANDALUCÍA,Sevilla,ocasional,False
cust-030752,23 de mayo de 2026,direct, País Vasco  ,Bilbao,habitual,True
cust-038012,2023-08-01,direct,comunidad valenciana,Valencia,ocasional,True
cust-008833,04/06/2023,direct,madrid,Madrid,habitual,False
cust-050808,29/05/2026,direct,andalucía,Sevilla,vip,False
cust-033829,06/05/2023,paid_search,GALICIA,A Coruña,nuevo,False
cust-049019,29/09/2024,paid_search,País Vasco,Bilbao,ocasional,True
cust-025062,2025-11-05,direct,galicia,A Coruña,habitual,True
cust-013884,2026-04-18,direct,Galicia,A Coruña,vip,True
cust-033054,21 de septiembre de 2024,email, Andalucía ,,habitual,True
cust-043984,16 de junio de 2026,paid_social, Illes Balears ,Palma,habitual,True
cust-013894,24 de agosto de 2024,direct, Asturias ,Oviedo,nuevo,True
cust-010858,19/01/2025,email,comunidad valenciana,Valencia,nuevo,False
cust-054924,21/07/2023,organic, Madrid ,Madrid,vip,False
cust-014844,22 de enero de 2024,organic, Madrid ,Madrid,habitual,True
cust-008319,2026-01-16,organic,Madrid,Madrid,nuevo,True
cust-027705,6 de octubre de 2025,direct,ARAGÓN,Zaragoza,ocasional,False
cust-003944,2026-06-14,paid_social,Illes Balears,Palma,ocasional,True
cust-028908,12 de junio de 2024,organic,MADRID,Madrid,nuevo,False
cust-032066,27/10/2024,affiliate,CASTILLA-LA MANCHA ,Toledo,habitual,False
cust-022988,06/02/2026,paid_search,madrid,Madrid,nuevo,True
cust-004482,05/11/2023,direct, Andalucía ,Sevilla,nuevo,True
cust-003499,02/08/2025,paid_social,ARAGÓN,Zaragoza,nuevo,True
cust-018827,2024-10-06,paid_social,ANDALUCÍA,Sevilla,vip,True
cust-010012,9 de febrero de 2023,organic,aragón,Zaragoza,ocasional,True
cust-034211,17/02/2025,paid_social,MADRID,Madrid,nuevo,True
cust-005407,03/07/2024,organic,Cataluña,Barcelona,habitual,True
cust-025294,07/02/2024,email,castilla y león,Valladolid,habitual,True
cust-003713,5 de septiembre de 2023,direct,región de murcia,Murcia,habitual,False
cust-047490,26 de noviembre de 2024,paid_social, Cantabria ,Santander,nuevo,False
cust-006482,2025-11-07,direct,NAVARRA,Pamplona,habitual,False
cust-059610,16 de agosto de 2025,direct, Cataluña ,Barcelona,ocasional,True
cust-004271,03/07/2025,direct,aragón,,nuevo,True
cust-023414,19 de noviembre de 2025,organic, Andalucía ,Sevilla,nuevo,True
cust-025155,13/03/2025,paid_search, Illes Balears ,Palma,habitual,True
cust-049542,10/08/2025,organic,madrid,Madrid,vip,True
cust-058056,2024-10-04,organic,cataluña,Barcelona,nuevo,True
cust-059454,2024-06-17,email, Illes Balears ,Palma,nuevo,True
cust-034810,11/04/2026,organic,COMUNIDAD VALENCIANA,Valencia,ocasional,True
cust-018737,2023-04-30,direct,CATALUÑA,Barcelona,nuevo,True
cust-046285,2025-08-21,paid_social, Andalucía ,Sevilla,ocasional,True
cust-044941,29/09/2024,paid_search, Navarra ,Pamplona,nuevo,True
cust-021152,28/10/2023,organic, Madrid ,Madrid,ocasional,True
cust-059736,17/07/2025,direct,Castilla-La Mancha,Toledo,ocasional,False
cust-052711,2025-02-26,organic,Asturias,Oviedo,ocasional,True
cust-047791,2023-10-04,email,Madrid,Madrid,nuevo,True
cust-042896,10 de enero de 2025,direct,andalucía,Sevilla,ocasional,True
cust-014942,2024-05-04,direct,Cataluña,,habitual,False
cust-027886,13 de junio de 2026,organic,Madrid,Madrid,ocasional,True
cust-059118,2025-01-02,direct,ANDALUCÍA,Sevilla,nuevo,False
cust-027881,13/09/2025,organic,comunidad valenciana,Valencia,nuevo,True
cust-023649,19 de diciembre de 2024,paid_search,CANARIAS,Las Palmas,nuevo,False
cust-038384,2025-09-13,direct, Cataluña ,Barcelona,nuevo,True
cust-004032,22/06/2025,organic, Cataluña ,Barcelona,nuevo,True
cust-033938,04/05/2025,affiliate,PAÍS VASCO,Bilbao,nuevo,True
cust-048246,26 de mayo de 2023,organic, Comunidad Valenciana ,Valencia,ocasional,True
cust-051874,26/08/2025,direct, Andalucía ,Sevilla,habitual,True
cust-057392,2026-02-17,email, Castilla-La Mancha ,Toledo,vip,True
cust-026202,30 de mayo de 2024,organic, Illes Balears ,Palma,habitual,True
cust-056519,2024-05-11,paid_social, Madrid ,Madrid,nuevo,False
cust-048315,09/03/2025,direct, Madrid ,Madrid,vip,True
cust-056492,23 de abril de 2026,organic, País Vasco ,Bilbao,habitual,True
cust-026239,14/05/2024,organic,comunidad valenciana,,nuevo,True
cust-050939,20 de febrero de 2024,paid_social,Galicia,A Coruña,nuevo,True
cust-024232,20/04/2026,organic, Madrid ,Madrid,nuevo,True
cust-046442,2 de enero de 2026,paid_search,Cataluña,Barcelona,habitual,False
cust-035780,2024-08-03,email,castilla y león,Valladolid,nuevo,True
cust-002784,21/01/2024,direct,Illes Balears,Palma,nuevo,True
cust-038309,18/08/2025,affiliate,CASTILLA Y LEÓN,Valladolid,ocasional,True
cust-049041,24 de marzo de 2026,email, Cataluña ,,nuevo,True
cust-044476,2026-01-03,affiliate,GALICIA,A Coruña,nuevo,False
cust-028279,9 de julio de 2025,paid_search, Cataluña ,Barcelona,ocasional,True
cust-039276,14 de septiembre de 2025,direct,cataluña,Barcelona,nuevo,False
cust-033198,13/09/2023,affiliate, Cantabria ,Santander,habitual,True
cust-040255,19 de febrero de 2023,direct,madrid,Madrid,nuevo,True
cust-059491,21/08/2023,paid_search,Andalucía,Sevilla,nuevo,True
cust-015044,2025-10-04,direct,región de murcia,Murcia,ocasional,False
cust-019419,20/02/2024,organic, Cataluña ,Barcelona,vip,True
cust-002896,23/09/2025,direct, Cantabria ,Santander,habitual,True
cust-029134,2025-12-14,affiliate,MADRID,Madrid,ocasional,True
cust-051557,4 de marzo de 2025,paid_search, Madrid ,,vip,False
cust-048759,2025-12-21,organic, Madrid  ,Madrid,nuevo,True
cust-041700,12 de junio de 2026,paid_social,CASTILLA-LA MANCHA,Toledo,nuevo,True
cust-051350,9 de abril de 2024,organic,CATALUÑA,,nuevo,False
cust-028207,03/07/2025,email,Aragón,Zaragoza,vip,False
cust-014618,28 de enero de 2024,direct,GALICIA,A Coruña,ocasional,False
cust-027216,2024-12-08,direct,cataluña,Barcelona,ocasional,True
cust-051099,22/06/2026,direct,CATALUÑA,Barcelona,ocasional,True
cust-028234,2024-12-09,organic,Cataluña,Barcelona,nuevo,True
cust-016385,22 de agosto de 2025,direct,MADRID,Madrid,habitual,True
cust-004463,2026-03-22,paid_social, Castilla-La Mancha ,Toledo,nuevo,True
cust-007376,25 de mayo de 2025,affiliate,madrid,Madrid,ocasional,True
cust-045978,19/06/2024,paid_search, Madrid ,Madrid,nuevo,True
cust-027436,12/07/2024,paid_search, Andalucía ,Sevilla,nuevo,True
cust-053897,06/06/2026,paid_search,CASTILLA Y LEÓN,Valladolid,ocasional,False
cust-058784,2023-02-06,organic,andalucía,Sevilla,vip,True
cust-005940,2024-08-06,paid_social,CASTILLA-LA MANCHA,Toledo,nuevo,True
cust-051061,2025-09-20,direct, Comunidad Valenciana ,Valencia,nuevo,True
cust-030987,03/10/2025,paid_social,Galicia,A Coruña,vip,True
cust-008857,13/01/2026,paid_search,Cataluña,Barcelona,habitual,True
cust-014864,14/05/2026,direct,Madrid,Madrid,nuevo,True
cust-026189,2025-09-05,affiliate,COMUNIDAD VALENCIANA,Valencia,ocasional,True
cust-012147,27 de mayo de 2024,organic,extremadura,Badajoz,nuevo,True
cust-026395,2023-02-12,paid_social,Comunidad Valenciana,Valencia,nuevo,True
cust-040951,26/08/2024,organic,GALICIA,A Coruña,habitual,True
cust-042651,19 de marzo de 2026,paid_search,Cataluña,Barcelona,nuevo,True
cust-042090,2024-02-13,direct, Andalucía ,Sevilla,ocasional,True
cust-057601,31/05/2024,paid_search,comunidad valenciana,Valencia,habitual,True
cust-057208,2023-07-07,organic,MADRID,Madrid,ocasional,True
cust-039959,2026-06-22,paid_social,CASTILLA-LA MANCHA ,Toledo,habitual,False
cust-008023,11 de abril de 2025,paid_search,andalucía,,vip,True
cust-057049,27 de noviembre de 2023,direct,castilla y león,Valladolid,habitual,True
cust-052843,6 de noviembre de 2023,organic,CASTILLA-LA MANCHA,Toledo,nuevo,True
cust-051498,20/11/2025,affiliate,Galicia,A Coruña,ocasional,False
cust-029660,2024-12-01,paid_social,ARAGÓN,Zaragoza,nuevo,False
cust-042542,05/08/2023,affiliate,ANDALUCÍA,Sevilla,nuevo,True
cust-000027,12/04/2025,paid_search, País Vasco ,Bilbao,habitual,True
cust-056449,2026-02-26,paid_social,illes balears,Palma,nuevo,True
cust-010259,18/07/2025,direct,MADRID,Madrid,vip,False
cust-050658,13/09/2025,direct,cataluña,Barcelona,nuevo,True
cust-039639,16/06/2023,paid_search,COMUNIDAD VALENCIANA,Valencia,nuevo,True
cust-025940,10/08/2023,organic,extremadura,Badajoz,ocasional,True
cust-056916,16 de enero de 2026,affiliate,Canarias,Las Palmas,ocasional,True
cust-040890,2023-06-09,organic,País Vasco,Bilbao,habitual,False
cust-027314,24/05/2024,direct,Canarias,Las Palmas,habitual,False
cust-039959,2026-06-22,paid_social,CASTILLA-LA MANCHA,Toledo,habitual,False
cust-052848,29 de septiembre de 2025,direct,NAVARRA,Pamplona,habitual,True
cust-018583,2025-06-12,email,CATALUÑA,Barcelona,habitual,True
cust-004216,3 de enero de 2025,paid_search,madrid,Madrid,nuevo,True
cust-027323,31/03/2023,organic,CASTILLA Y LEÓN,,nuevo,True
cust-010918,2024-05-12,organic, Cantabria ,Santander,nuevo,True
cust-013237,22/02/2026,email,cataluña,Barcelona,nuevo,True
cust-035727,12/11/2024,paid_social,cataluña,Barcelona,vip,True
cust-033275,31 de julio de 2025,direct, Andalucía ,Sevilla,vip,False
cust-004994,7 de junio de 2026,paid_search,GALICIA,A Coruña,habitual,False
cust-006313,11/01/2023,affiliate,Andalucía,Sevilla,habitual,False
cust-047178,22/06/2025,organic,canarias,Las Palmas,nuevo,True
cust-032507,04/04/2026,affiliate,Cataluña,Barcelona,nuevo,False
cust-035700,6 de agosto de 2023,direct,Galicia,A Coruña,nuevo,True
cust-042639,2025-11-09,paid_search,CATALUÑA,Barcelona,ocasional,False
cust-027326,09/06/2024,paid_social, País Vasco ,Bilbao,habitual,True
cust-002479,2025-09-11,direct,Castilla y León,Valladolid,nuevo,False
cust-004531,10/06/2023,email,Cataluña,Barcelona,ocasional,True
cust-059719,30/01/2026,direct,Galicia,A Coruña,nuevo,True
cust-018784,2026-02-26,organic,Madrid,,habitual,True
cust-040875,2026-01-14,paid_social,CATALUÑA ,Barcelona,ocasional,True
cust-053051,2026-04-14,email,ANDALUCÍA,Sevilla,ocasional,True
cust-035271,2024-06-14,paid_search,COMUNIDAD VALENCIANA,Valencia,nuevo,False
cust-009216,22/04/2025,affiliate,Canarias,Las Palmas,nuevo,True
cust-045653,2026-06-29,affiliate,madrid,Madrid,ocasional,True
cust-024692,2025-02-07,email,cataluña,Barcelona,nuevo,False
cust-040875,2026-01-14,paid_social,CATALUÑA,Barcelona,ocasional,True
cust-040703,2024-12-28,direct,castilla-la mancha,Toledo,habitual,False
cust-034724,03/03/2023,email,Asturias,Oviedo,ocasional,True
cust-045972,2026-06-18,email,Cataluña,Barcelona,habitual,True
cust-033860,2024-08-31,direct,galicia,A Coruña,ocasional,True
cust-007719,2025-03-28,affiliate,CASTILLA-LA MANCHA,Toledo,nuevo,True
cust-053671,11/12/2025,direct,Madrid,Madrid,ocasional,True
cust-013839,7 de marzo de 2024,paid_social,ANDALUCÍA,,ocasional,True
cust-019112,18/05/2023,organic,Cataluña,Barcelona,habitual,False
cust-055168,1 de septiembre de 2024,affiliate,Illes Balears,Palma,habitual,True
cust-001760,12 de junio de 2026,paid_search,PAÍS VASCO,Bilbao,ocasional,False
cust-038264,2 de diciembre de 2024,organic, Cataluña ,,habitual,True
cust-024560,20 de abril de 2025,email, Galicia ,A Coruña,ocasional,True
cust-046837,2025-08-13,paid_search,illes balears,Palma,nuevo,True
cust-017147,2024-04-06,organic, Illes Balears ,Palma,ocasional,True
cust-032634,2025-10-17,paid_search, Comunidad Valenciana ,Valencia,habitual,True
cust-048657,30/12/2025,direct,cataluña,Barcelona,habitual,True
cust-003015,19 de septiembre de 2025,organic,andalucía,Sevilla,nuevo,True
cust-056363,07/09/2025,direct, Galicia ,A Coruña,ocasional,True
cust-022829,2025-03-17,paid_social,Aragón,Zaragoza,nuevo,False
cust-020142,20/11/2024,organic,país vasco,Bilbao,nuevo,False
cust-016131,26/06/2024,email,andalucía,Sevilla,nuevo,False
cust-008363,2026-05-16,organic,navarra,Pamplona,habitual,False
cust-051009,13 de julio de 2025,paid_social,CATALUÑA,Barcelona,nuevo,True
cust-002199,13 de noviembre de 2023,email,comunidad valenciana,Valencia,ocasional,False
cust-024915,08/03/2025,paid_social,MADRID,Madrid,ocasional,True
cust-001184,11 de enero de 2025,direct, Cataluña ,Barcelona,habitual,True
cust-007629,05/09/2024,direct,Andalucía,Sevilla,vip,True
cust-007636,12/01/2026,organic,Castilla y León,Valladolid,nuevo,True
cust-059046,2025-12-01,affiliate, País Vasco ,Bilbao,nuevo,True
cust-018046,2024-10-10,organic,país vasco,Bilbao,habitual,False
cust-040193,30/04/2026,email,andalucía,Sevilla,vip,True
cust-055105,19 de junio de 2025,affiliate,CASTILLA-LA MANCHA,Toledo,vip,True
cust-018350,2023-10-08,direct,andalucía,Sevilla,ocasional,True
cust-003121,2023-01-01,affiliate, Madrid ,Madrid,habitual,True
cust-058047,10/08/2023,paid_social,GALICIA,A Coruña,vip,True
cust-053868,05/06/2025,paid_search, Madrid ,Madrid,habitual,False
cust-032891,30/03/2025,direct,ANDALUCÍA,Sevilla,vip,False
cust-048164,2025-12-07,direct,castilla y león,Valladolid,habitual,True
cust-009119,2025-07-23,direct, Castilla y León ,Valladolid,ocasional,False
cust-045418,12/03/2026,direct, Andalucía ,Sevilla,ocasional,True
cust-025715,27/05/2025,affiliate,comunidad valenciana,Valencia,ocasional,False
cust-001834,2023-06-18,affiliate,Castilla y León,Valladolid,vip,False
cust-013785,10 de enero de 2026,organic, Madrid ,Madrid,habitual,False
cust-027181,23 de enero de 2025,direct,CASTILLA Y LEÓN,Valladolid,nuevo,True
cust-059637,08/04/2024,paid_social,ANDALUCÍA,Sevilla,nuevo,True
cust-055103,21 de marzo de 2026,organic,PAÍS VASCO,Bilbao,vip,True
cust-049389,28/03/2024,affiliate,Madrid,Madrid,nuevo,False
cust-059145,25/12/2023,paid_social,COMUNIDAD VALENCIANA,Valencia,ocasional,False
cust-035995,10 de abril de 2026,paid_search, Madrid ,Madrid,habitual,True
cust-035050,16/01/2025,paid_search, Andalucía ,Sevilla,habitual,True
cust-034583,2023-02-15,organic,andalucía,Sevilla,habitual,False
cust-008271,12/04/2025,paid_social,cataluña,Barcelona,habitual,True
cust-053325,2026-01-03,email,CATALUÑA,Barcelona,ocasional,True
cust-007182,09/05/2024,organic,CANARIAS,Las Palmas,nuevo,False
cust-049920,09/12/2023,organic, Cataluña ,Barcelona,vip,False
cust-021229,30/07/2024,paid_search,Extremadura,,habitual,True
cust-026753,11/05/2026,paid_search,MADRID,Madrid,habitual,False
cust-043011,02/09/2023,direct,castilla y león,Valladolid,nuevo,False
cust-000554,23/11/2023,paid_search,MADRID,Madrid,habitual,False
cust-000862,11 de agosto de 2023,organic,Galicia,A Coruña,nuevo,True
cust-036552,15 de septiembre de 2024,paid_social, País Vasco ,Bilbao,ocasional,True
cust-054167,23/10/2025,paid_search,Castilla y León,Valladolid,nuevo,True
cust-013090,19 de agosto de 2025,paid_social, Madrid ,Madrid,ocasional,False
cust-010110,20 de febrero de 2024,organic, Madrid ,Madrid,ocasional,True
cust-051600,2026-04-05,organic,Galicia,A Coruña,nuevo,False
cust-005075,31 de julio de 2024,direct,Cataluña,Barcelona,ocasional,False
cust-011699,2025-08-13,organic, Canarias ,Las Palmas,ocasional,True
cust-057900,2025-06-17,direct,madrid,Madrid,nuevo,True
cust-055185,2025-10-14,paid_search, Illes Balears ,Palma,ocasional,True
cust-006063,26 de febrero de 2023,direct,PAÍS VASCO,Bilbao,habitual,True
cust-030923,1 de julio de 2024,affiliate,ANDALUCÍA,Sevilla,habitual,True
cust-037033,14 de octubre de 2023,direct,madrid,Madrid,nuevo,True
cust-026176,24/08/2025,direct,GALICIA,A Coruña,ocasional,True
cust-000928,26 de diciembre de 2025,paid_search,CATALUÑA,Barcelona,vip,False
cust-026706,15 de mayo de 2026,organic,Aragón,Zaragoza,habitual,True
cust-011101,31 de mayo de 2026,paid_search,ANDALUCÍA,Sevilla,habitual,True
cust-051521,08/09/2024,direct,país vasco,Bilbao,nuevo,True
cust-029705,9 de marzo de 2023,paid_search,País Vasco,Bilbao,vip,False
cust-041530,10 de enero de 2025,paid_search,madrid,Madrid,habitual,False
cust-021101,16 de septiembre de 2023,paid_social,Comunidad Valenciana,Valencia,nuevo,True
cust-027757,22 de diciembre de 2025,affiliate,MADRID,Madrid,vip,True
cust-033562,11 de abril de 2025,direct, Cataluña ,Barcelona,ocasional,True
cust-024140,2025-11-09,organic,ANDALUCÍA,Sevilla,habitual,True
cust-008353,18 de abril de 2026,email, Illes Balears ,Palma,vip,True
cust-014152,16 de marzo de 2026,paid_social,CATALUÑA,Barcelona,nuevo,False
cust-044005,16/01/2023,paid_search,comunidad valenciana,Valencia,habitual,True
cust-041085,2026-03-13,paid_social,madrid,Madrid,vip,True
cust-033990,2024-12-06,organic,MADRID,Madrid,ocasional,False
cust-030605,2024-05-21,paid_search, Comunidad Valenciana  ,Valencia,nuevo,True
cust-036840,7 de diciembre de 2024,direct,PAÍS VASCO,Bilbao,nuevo,False
cust-014989,04/04/2023,email,andalucía,Sevilla,nuevo,True
cust-034108,2025-09-22,affiliate,Castilla-La Mancha,Toledo,ocasional,True
cust-010663,2025-10-23,direct,País Vasco ,Bilbao,nuevo,False
cust-039926,2024-08-09,paid_search,CANTABRIA,Santander,vip,False
cust-027129,23/04/2024,paid_search,aragón,Zaragoza,ocasional,False
cust-014679,30 de abril de 2025,paid_search,andalucía,Sevilla,habitual,True
cust-056534,21 de septiembre de 2025,organic,MADRID,Madrid,nuevo,True
cust-031776,19 de mayo de 2026,paid_social,Aragón,Zaragoza,nuevo,True
cust-007619,27 de agosto de 2024,email,Andalucía,Sevilla,nuevo,False
cust-054240,21 de mayo de 2024,email,COMUNIDAD VALENCIANA,Valencia,vip,True
cust-056243,2026-03-20,paid_search,PAÍS VASCO,Bilbao,ocasional,True
cust-022656,2025-12-22,affiliate,CATALUÑA,Barcelona,vip,True
cust-036879,2026-04-15,email,CATALUÑA,Barcelona,nuevo,True
cust-041510,2025-12-22,email,ILLES BALEARS,Palma,ocasional,True
cust-014923,2024-11-19,direct,Madrid,Madrid,vip,True
cust-039507,26/07/2025,email, Andalucía ,Sevilla,ocasional,True
cust-035884,16/01/2023,organic,Extremadura,Badajoz,nuevo,True
cust-000308,11 de junio de 2026,paid_search, Aragón ,Zaragoza,habitual,False
cust-019490,6 de noviembre de 2025,organic,REGIÓN DE MURCIA,Murcia,ocasional,True
cust-025641,03/04/2023,paid_search,comunidad valenciana,Valencia,habitual,False
cust-009501,14 de junio de 2026,affiliate, Aragón ,Zaragoza,nuevo,True
cust-025654,19 de diciembre de 2023,paid_search,ANDALUCÍA,Sevilla,ocasional,False
cust-000462,10 de mayo de 2026,paid_social,castilla y león,Valladolid,habitual,True
cust-002873,2026-02-21,direct,MADRID,Madrid,habitual,False
cust-003163,3 de mayo de 2023,organic,galicia,,habitual,True
cust-029244,01/10/2023,organic,cataluña,Barcelona,nuevo,True
cust-059970,2024-03-05,direct,galicia,A Coruña,habitual,True
cust-028387,31/12/2023,organic,Madrid,Madrid,nuevo,True
cust-009842,2023-07-27,organic, Canarias ,Las Palmas,ocasional,True
cust-042952,2025-05-22,paid_search,aragón,Zaragoza,ocasional,True
cust-031760,15 de octubre de 2025,organic, Comunidad Valenciana ,Valencia,nuevo,True
cust-057580,20 de noviembre de 2025,direct,castilla y león ,Valladolid,nuevo,False
cust-054417,18/05/2024,paid_search,Andalucía,Sevilla,ocasional,True
cust-034738,2026-03-29,organic, Andalucía ,Sevilla,nuevo,True
cust-051107,23/03/2025,direct, Castilla-La Mancha ,Toledo,habitual,True
cust-015666,2025-11-02,email,Asturias,Oviedo,habitual,True
cust-038108,18 de enero de 2023,affiliate, Comunidad Valenciana ,Valencia,nuevo,False
cust-014689,2025-12-18,organic,Galicia,A Coruña,ocasional,False
cust-058653,4 de junio de 2025,paid_search,Cataluña ,Barcelona,ocasional,True
cust-035544,12 de marzo de 2026,paid_search,GALICIA,A Coruña,nuevo,True
cust-028698,2024-04-04,organic, Madrid ,,nuevo,True
cust-018600,14/06/2024,email,Madrid,Madrid,nuevo,True
cust-022195,25 de diciembre de 2024,organic,comunidad valenciana,Valencia,ocasional,True
cust-031726,30/10/2025,paid_search,cataluña,Barcelona,nuevo,True
cust-007701,16 de agosto de 2023,direct,ANDALUCÍA,Sevilla,habitual,True
cust-001083,2023-09-27,paid_search, Castilla-La Mancha ,Toledo,nuevo,True
cust-012393,6 de septiembre de 2023,paid_search,CATALUÑA,Barcelona,ocasional,True
cust-004092,2025-11-15,paid_search,CATALUÑA,Barcelona,ocasional,True
cust-008516,21/10/2024,affiliate,ANDALUCÍA,Sevilla,nuevo,True
cust-014742,2024-02-01,organic, Región de Murcia ,Murcia,nuevo,True
cust-054350,24/05/2025,direct,CATALUÑA,Barcelona,nuevo,True
cust-050709,3 de diciembre de 2023,email,Comunidad Valenciana,,nuevo,False
cust-047391,25 de febrero de 2025,email,andalucía,Sevilla,vip,True
cust-039047,26 de diciembre de 2023,paid_social,Andalucía,Sevilla,nuevo,True
cust-018353,22/09/2024,direct,Castilla y León,Valladolid,nuevo,True
cust-046519,14 de agosto de 2025,direct, Galicia ,A Coruña,nuevo,True
cust-058299,23/02/2026,paid_social,madrid,Madrid,nuevo,True
cust-021673,2026-02-11,organic,cataluña,Barcelona,nuevo,False
cust-030987,03/10/2025,paid_social,Galicia,A Coruña,vip,True
cust-054728,2025-11-03,affiliate,Andalucía,Sevilla,nuevo,True
cust-032938,20/08/2023,direct,andalucía,Sevilla,ocasional,True
cust-005877,01/11/2025,email, Andalucía ,Sevilla,ocasional,True
cust-044843,2025-07-30,organic,PAÍS VASCO,Bilbao,nuevo,False
cust-047968,29/07/2024,organic,ANDALUCÍA,Sevilla,ocasional,True
cust-045224,2024-06-24,affiliate,País Vasco,Bilbao,habitual,False
cust-017613,27/02/2023,paid_search,aragón,Zaragoza,habitual,True
cust-052228,3 de septiembre de 2025,direct, Castilla y León ,Valladolid,ocasional,True
cust-024379,2026-06-07,direct,CATALUÑA,Barcelona,habitual,False
cust-027058,18 de febrero de 2026,paid_social, Andalucía ,,nuevo,True
cust-047484,2025-04-30,paid_search, Madrid ,Madrid,habitual,False
cust-040322,16/08/2025,direct,ASTURIAS,Oviedo,vip,True
cust-029606,2023-01-21,affiliate,región de murcia,Murcia,nuevo,True
cust-024273,2025-09-23,email,aragón,Zaragoza,habitual,True
cust-057568,2026-02-10,email,PAÍS VASCO,Bilbao,nuevo,True
cust-038603,13/04/2024,direct,Madrid,Madrid,nuevo,True
cust-050233,27/05/2023,affiliate,país vasco,Bilbao,habitual,True
cust-027137,8 de diciembre de 2024,affiliate,Cataluña,Barcelona,nuevo,False
cust-006104,2025-04-06,email,COMUNIDAD VALENCIANA,Valencia,ocasional,False
cust-035805,2025-04-18,paid_social, Canarias ,Las Palmas,ocasional,True
cust-043262,21/06/2026,paid_social,CANARIAS,Las Palmas,nuevo,True
cust-025213,24 de marzo de 2026,email,andalucía ,Sevilla,nuevo,True
cust-020753,20/05/2024,direct, Comunidad Valenciana ,,nuevo,True
cust-008959,10/04/2025,paid_search,cataluña,Barcelona,ocasional,True
cust-017943,2025-08-09,paid_search,MADRID,,ocasional,True
cust-004226,15 de septiembre de 2024,affiliate,EXTREMADURA,Badajoz,ocasional,False
cust-051022,2026-05-16,paid_search,cataluña,Barcelona,nuevo,False
cust-040938,05/01/2024,email, Andalucía ,Sevilla,nuevo,True
cust-016288,1 de octubre de 2024,organic,Comunidad Valenciana,Valencia,habitual,True
cust-052666,9 de julio de 2025,paid_social,GALICIA,A Coruña,habitual,True
cust-042038,14 de mayo de 2025,organic,Andalucía,Sevilla,habitual,False
cust-046614,19/03/2024,paid_search,Comunidad Valenciana,Valencia,habitual,True
cust-047896,2025-03-13,organic, Andalucía ,Sevilla,vip,True
cust-045228,20/01/2025,organic, Cataluña ,Barcelona,nuevo,True
cust-023052,2025-03-29,paid_search,Canarias,Las Palmas,nuevo,False
cust-012328,2025-10-27,organic,Madrid,Madrid,nuevo,True
cust-015551,2 de junio de 2026,email, Castilla-La Mancha ,Toledo,habitual,True
cust-004385,2024-10-30,paid_search,Comunidad Valenciana,Valencia,nuevo,False
cust-031725,01/06/2026,organic,madrid,Madrid,nuevo,False
cust-056526,11 de mayo de 2026,organic,CASTILLA-LA MANCHA,Toledo,nuevo,True
cust-048532,11/08/2024,paid_search,GALICIA,A Coruña,nuevo,False
cust-007897,09/09/2023,paid_search,Madrid,Madrid,ocasional,False
cust-006701,15/06/2023,organic, Comunidad Valenciana ,Valencia,habitual,True
cust-028575,22/01/2023,direct,extremadura,Badajoz,ocasional,True
cust-026211,28 de junio de 2024,paid_social, Cataluña ,Barcelona,vip,True
cust-028380,15/04/2026,direct,ARAGÓN,Zaragoza,ocasional,True
cust-018262,23/10/2025,direct, Madrid ,Madrid,nuevo,True
cust-023492,2025-12-28,organic,EXTREMADURA,Badajoz,nuevo,True
cust-002434,24/02/2026,direct,ANDALUCÍA,,nuevo,False
cust-030968,29/05/2023,direct,comunidad valenciana,Valencia,nuevo,False
cust-058606,2023-06-30,direct, País Vasco ,Bilbao,nuevo,True
cust-017452,11/12/2024,organic,COMUNIDAD VALENCIANA,Valencia,vip,True
cust-059209,7 de febrero de 2026,direct,galicia,A Coruña,habitual,True
cust-029280,2024-12-13,organic,Cataluña,Barcelona,ocasional,False
cust-049041,24 de marzo de 2026,email, Cataluña  ,,nuevo,True
cust-039147,2 de octubre de 2025,paid_search,CANARIAS,Las Palmas,nuevo,False
cust-058071,23 de febrero de 2026,organic,Galicia,A Coruña,ocasional,True
cust-021251,20/07/2024,paid_social,ANDALUCÍA,Sevilla,nuevo,False
cust-030509,25 de febrero de 2024,direct,ANDALUCÍA,Sevilla,nuevo,False
cust-053925,19/05/2026,paid_social,cataluña,Barcelona,nuevo,False
cust-004264,01/09/2025,direct, Galicia ,A Coruña,ocasional,False
cust-006318,24 de junio de 2025,direct,MADRID,Madrid,habitual,True
cust-009093,22 de diciembre de 2024,paid_search,país vasco,Bilbao,nuevo,False
cust-053910,27/08/2025,paid_search,castilla y león,Valladolid,nuevo,True
cust-008969,24 de febrero de 2025,affiliate,región de murcia,Murcia,nuevo,True
cust-048116,2025-12-09,organic,MADRID,Madrid,ocasional,True
cust-008748,2024-06-03,paid_search,Andalucía,Sevilla,ocasional,True
cust-051147,2026-03-18,direct,MADRID,Madrid,ocasional,True
cust-046122,13/07/2023,direct,Castilla-La Mancha,Toledo,habitual,True
cust-008889,2024-10-18,paid_social, Comunidad Valenciana ,Valencia,habitual,False
cust-005933,2024-01-05,affiliate,extremadura ,Badajoz,ocasional,False
cust-011238,2025-11-06,email,canarias,Las Palmas,ocasional,True
cust-038081,17 de diciembre de 2024,direct,MADRID,Madrid,habitual,True
cust-049701,07/03/2025,paid_social, Cataluña ,Barcelona,habitual,False
cust-042338,2025-08-23,paid_search, Andalucía ,Sevilla,ocasional,True
cust-023692,03/05/2025,organic,Madrid ,Madrid,nuevo,True
cust-042258,19 de abril de 2026,paid_search, Galicia ,A Coruña,nuevo,False
cust-034578,2025-10-03,email,región de murcia,Murcia,habitual,True
cust-005881,2024-05-18,email,CASTILLA-LA MANCHA,Toledo,habitual,True
cust-054983,30 de abril de 2024,paid_social, País Vasco ,Bilbao,habitual,True
cust-023217,2025-10-29,email, Castilla y León ,Valladolid,ocasional,True
cust-038991,26/05/2025,paid_search,CATALUÑA,Barcelona,nuevo,True
cust-051807,2025-06-07,paid_search,COMUNIDAD VALENCIANA,Valencia,nuevo,False
cust-048414,23/08/2024,organic, Cataluña ,Barcelona,ocasional,True
cust-009009,10/11/2025,organic,Madrid,Madrid,ocasional,True
cust-018194,16/04/2023,paid_search,canarias,Las Palmas,nuevo,False
cust-058169,01/10/2023,paid_search,navarra,Pamplona,habitual,True
cust-040666,22 de noviembre de 2025,email,cantabria,Santander,nuevo,True
cust-014766,5 de junio de 2025,paid_social,CANARIAS,Las Palmas,habitual,False
cust-045464,02/05/2024,email, Andalucía ,Sevilla,habitual,False
cust-028846,2025-06-05,paid_search,Andalucía,Sevilla,ocasional,True
cust-022641,15 de agosto de 2025,paid_search,CASTILLA Y LEÓN,Valladolid,ocasional,True
cust-033318,30 de agosto de 2023,direct, Castilla-La Mancha ,Toledo,vip,True
cust-042487,2025-04-25,affiliate,ANDALUCÍA,,nuevo,True
cust-045833,28 de mayo de 2025,organic,CASTILLA-LA MANCHA,Toledo,nuevo,True
cust-008108,08/06/2023,organic,castilla-la mancha,Toledo,nuevo,True
cust-036272,26/08/2025,organic,PAÍS VASCO,Bilbao,habitual,False
cust-005375,2025-07-12,paid_search, Cataluña ,Barcelona,nuevo,True
cust-021591,2023-10-05,direct,NAVARRA,Pamplona,ocasional,True
cust-056528,21/03/2023,direct,MADRID,,nuevo,True
cust-057296,2024-12-31,organic, Asturias ,Oviedo,habitual,True
cust-050676,25/11/2024,direct,país vasco,Bilbao,vip,True
cust-009962,30 de mayo de 2024,paid_search,Extremadura,Badajoz,habitual,False
cust-027801,24/03/2025,direct, Canarias ,Las Palmas,habitual,True
cust-038222,15 de mayo de 2025,organic,CATALUÑA,Barcelona,nuevo,True
cust-049176,03/01/2026,email,CANARIAS,Las Palmas,ocasional,True
cust-013539,22 de mayo de 2025,paid_search,extremadura,Badajoz,nuevo,True
cust-041126,2026-04-12,organic, Andalucía ,Sevilla,vip,True
cust-004614,17 de septiembre de 2023,organic,Región de Murcia,Murcia,ocasional,True
cust-006570,2025-10-20,direct,asturias,Oviedo,ocasional,False
cust-037560,22 de noviembre de 2025,paid_search, Cataluña ,Barcelona,nuevo,True
cust-044228,2025-02-19,paid_search,Illes Balears,Palma,habitual,False
cust-004589,2025-06-27,email,cataluña,Barcelona,nuevo,True
cust-014608,02/11/2025,paid_social, Madrid ,Madrid,nuevo,False
cust-014239,13 de febrero de 2026,email,ANDALUCÍA,Sevilla,nuevo,False
cust-011714,26 de noviembre de 2024,organic,Illes Balears,Palma,nuevo,True
cust-038593,28 de septiembre de 2023,paid_search,MADRID,Madrid,vip,True
cust-006092,12 de octubre de 2024,direct, Madrid ,Madrid,vip,True
cust-023197,18 de noviembre de 2025,direct,canarias,Las Palmas,ocasional,False
cust-040665,03/01/2023,paid_social, Cataluña ,Barcelona,ocasional,False
cust-009974,2025-02-03,paid_social,Comunidad Valenciana,Valencia,habitual,True
cust-001787,2024-09-06,paid_social,GALICIA ,A Coruña,vip,False
cust-055538,25 de marzo de 2025,email,madrid,Madrid,habitual,True
cust-050442,13 de junio de 2024,email, Madrid ,Madrid,vip,True
cust-046418,21/12/2024,paid_social, Castilla y León  ,Valladolid,habitual,True
cust-056787,2025-02-07,email,país vasco,Bilbao,nuevo,True
cust-022121,2026-05-03,email,MADRID,Madrid,nuevo,True
cust-041087,04/04/2025,email, Andalucía ,Sevilla,nuevo,False
cust-016467,2024-10-02,paid_search,COMUNIDAD VALENCIANA,Valencia,nuevo,True
cust-018765,2024-04-06,affiliate,Región de Murcia,Murcia,ocasional,True
cust-018102,2026-02-19,paid_social,comunidad valenciana,Valencia,ocasional,True
cust-023665,22/05/2025,direct,galicia,A Coruña,habitual,False
cust-058949,2023-08-12,organic,País Vasco,Bilbao,vip,False
cust-055043,29 de abril de 2023,paid_search,castilla y león,Valladolid,nuevo,True
cust-059240,2025-11-29,direct,COMUNIDAD VALENCIANA,Valencia,nuevo,False
cust-024197,22/02/2024,direct,madrid,Madrid,ocasional,False
cust-028818,03/03/2025,direct,ANDALUCÍA,Sevilla,nuevo,False
cust-003787,28 de abril de 2026,paid_social, Canarias ,Las Palmas,ocasional,False
cust-037661,01/02/2025,organic,ANDALUCÍA,Sevilla,nuevo,True
cust-013491,2 de abril de 2026,affiliate,CASTILLA-LA MANCHA,Toledo,nuevo,True
cust-035499,21/08/2024,affiliate,asturias,,nuevo,False
cust-015668,04/02/2025,organic, Cataluña ,Barcelona,ocasional,False
cust-030493,2026-03-30,paid_search,Illes Balears,Palma,ocasional,True
cust-001255,2025-12-06,organic,ILLES BALEARS,Palma,nuevo,False
cust-053737,04/03/2025,direct, Andalucía ,Sevilla,habitual,True
cust-017346,28/12/2025,organic,ANDALUCÍA,Sevilla,vip,False
cust-024209,25 de diciembre de 2025,paid_social, Andalucía ,Sevilla,habitual,True
cust-054135,27/06/2026,email, País Vasco ,Bilbao,habitual,False
cust-020054,22 de enero de 2026,direct,andalucía,Sevilla,habitual,True
cust-003881,2025-05-30,organic,ANDALUCÍA,Sevilla,ocasional,True
cust-031783,26/01/2026,direct,EXTREMADURA,Badajoz,nuevo,True
cust-036712,23/01/2026,affiliate, Madrid ,Madrid,nuevo,True
cust-056334,2025-09-15,email,COMUNIDAD VALENCIANA,Valencia,nuevo,True
cust-046708,10 de febrero de 2025,direct,Andalucía,Sevilla,nuevo,True
cust-019476,13/04/2023,direct,cataluña,Barcelona,nuevo,True
cust-042149,2026-02-11,organic,Cataluña,Barcelona,habitual,True
cust-034027,2025-12-09,direct,ANDALUCÍA,Sevilla,habitual,False
cust-004569,14/03/2026,paid_search,comunidad valenciana,Valencia,nuevo,True
cust-040638,2026-01-08,organic,Madrid,Madrid,habitual,True
cust-007737,25 de julio de 2025,direct,Illes Balears,Palma,ocasional,False
cust-011837,2025-06-03,affiliate,andalucía,Sevilla,ocasional,True
cust-031408,29 de mayo de 2026,paid_social,Andalucía,Sevilla,habitual,True
cust-006077,27 de mayo de 2026,email,CATALUÑA,,nuevo,False
cust-011839,28/09/2024,paid_social,ARAGÓN,Zaragoza,ocasional,True
cust-033407,30 de noviembre de 2023,direct,canarias,Las Palmas,ocasional,True
cust-038896,27 de enero de 2026,direct, Comunidad Valenciana ,Valencia,ocasional,False
cust-047656,27 de abril de 2026,direct,COMUNIDAD VALENCIANA,Valencia,ocasional,True
cust-039549,20 de marzo de 2026,organic,extremadura,Badajoz,nuevo,True
cust-011706,2025-09-24,paid_search,Andalucía,Sevilla,nuevo,True
cust-004377,25/01/2026,direct,Madrid,Madrid,nuevo,True
cust-030052,20/08/2024,affiliate,región de murcia,Murcia,ocasional,True
cust-048472,15 de noviembre de 2025,paid_search,cataluña,Barcelona,nuevo,False
cust-030501,26/02/2026,direct, Aragón ,Zaragoza,ocasional,True
cust-045430,26 de junio de 2024,direct,cantabria,Santander,habitual,True
cust-013412,2 de julio de 2025,paid_search,comunidad valenciana,Valencia,nuevo,True
cust-014202,24/08/2025,organic, Andalucía ,Sevilla,habitual,True
cust-039868,2023-01-10,direct,NAVARRA,Pamplona,nuevo,True
cust-056273,2025-11-25,direct,CATALUÑA,Barcelona,vip,True
cust-045547,2023-04-18,direct,Castilla y León,Valladolid,ocasional,True
cust-021534,2024-12-24,organic,Región de Murcia,Murcia,nuevo,False
cust-030107,2023-08-15,paid_search,CATALUÑA,Barcelona,nuevo,False
cust-036692,2025-10-11,direct,Andalucía,Sevilla,ocasional,True
cust-005951,27 de mayo de 2026,paid_social,cataluña,Barcelona,habitual,False
cust-039249,2026-06-17,organic,cataluña,Barcelona,nuevo,False
cust-047301,10 de febrero de 2025,paid_social,MADRID,Madrid,ocasional,False
cust-059380,5 de febrero de 2025,organic, Cataluña ,Barcelona,ocasional,True
cust-015075,28 de junio de 2025,direct,CATALUÑA,Barcelona,nuevo,True
cust-055645,18/12/2025,organic,Comunidad Valenciana,Valencia,habitual,True
cust-044083,26/01/2025,paid_social,EXTREMADURA,,nuevo,True
cust-010904,12/04/2025,email,MADRID,,nuevo,True
cust-003955,23/04/2023,paid_social,Madrid,Madrid,nuevo,True
cust-034871,2026-06-12,direct,cataluña,Barcelona,habitual,True
cust-018578,31/05/2023,email,aragón,Zaragoza,nuevo,True
cust-000414,31/08/2023,direct,Andalucía,Sevilla,nuevo,False
cust-048610,29 de noviembre de 2025,direct,cataluña,Barcelona,habitual,True
cust-053783,2024-10-14,email, Asturias ,Oviedo,vip,False
cust-055123,2026-05-21,paid_search, Comunidad Valenciana ,Valencia,nuevo,True
cust-023489,2025-01-03,paid_social,madrid,Madrid,habitual,True
cust-034822,2023-03-02,organic,Castilla-La Mancha,Toledo,habitual,False
cust-018354,28 de mayo de 2026,direct, Castilla-La Mancha ,Toledo,habitual,True
cust-002733,8 de octubre de 2023,direct,Cataluña,Barcelona,ocasional,True
cust-040879,2026-01-07,paid_search,CATALUÑA,Barcelona,ocasional,False
cust-036068,11 de junio de 2026,direct,andalucía,Sevilla,nuevo,True
cust-028192,10 de marzo de 2025,affiliate,ILLES BALEARS,Palma,ocasional,False
cust-035124,2026-06-21,paid_social,comunidad valenciana,Valencia,ocasional,False
cust-016696,2023-06-29,direct, Comunidad Valenciana ,Valencia,habitual,False
cust-036150,12/01/2025,paid_search,CATALUÑA,Barcelona,ocasional,True
cust-000728,2024-06-10,paid_social, País Vasco ,,habitual,True
cust-043477,08/03/2025,direct,Andalucía,Sevilla,ocasional,True
cust-059874,2025-11-29,direct, Andalucía ,Sevilla,vip,False
cust-055601,2025-11-20,paid_social,COMUNIDAD VALENCIANA,Valencia,nuevo,False
cust-011136,2023-08-09,paid_search,madrid,Madrid,habitual,True
cust-040065,6 de agosto de 2024,direct,andalucía,Sevilla,habitual,True
cust-039151,27/02/2024,affiliate, Galicia ,A Coruña,nuevo,True
cust-026340,18 de noviembre de 2025,direct,Cataluña,Barcelona,vip,True
cust-057179,2025-03-30,direct,Madrid,,nuevo,True
cust-033537,20 de noviembre de 2025,paid_social,cataluña,Barcelona,ocasional,True
cust-021262,11 de abril de 2023,direct, Madrid ,Madrid,nuevo,True
cust-009781,30/11/2024,organic,CATALUÑA,,habitual,True
cust-051393,13/12/2025,direct,CATALUÑA,Barcelona,nuevo,False
cust-024875,2026-03-05,direct,Comunidad Valenciana,Valencia,nuevo,True
cust-055320,2024-11-09,direct, Comunidad Valenciana ,Valencia,ocasional,True
cust-039105,01/04/2025,paid_social, Cataluña ,Barcelona,vip,False
cust-009468,2024-05-10,paid_search,Madrid,Madrid,habitual,True
cust-032198,23 de febrero de 2025,email,CASTILLA Y LEÓN,Valladolid,vip,True
cust-024146,02/09/2025,affiliate, Andalucía ,Sevilla,nuevo,True
cust-021471,2026-01-20,organic,andalucía,Sevilla,nuevo,True
cust-053212,2026-04-15,paid_search,illes balears,Palma,habitual,True
cust-021688,10/03/2026,paid_search,Castilla y León,Valladolid,vip,False
cust-054049,06/06/2026,email,ANDALUCÍA,Sevilla,habitual,True
cust-054566,2026-03-07,paid_social,CASTILLA Y LEÓN,,habitual,True
cust-030302,2023-12-04,direct,CATALUÑA,Barcelona,nuevo,True
cust-016073,11 de noviembre de 2025,paid_search,andalucía,Sevilla,nuevo,False
cust-046583,2023-10-06,paid_search,Extremadura,Badajoz,ocasional,False
cust-021024,2025-10-16,direct,CATALUÑA,Barcelona,ocasional,True
cust-034205,7 de enero de 2026,paid_social,Comunidad Valenciana,Valencia,ocasional,False
cust-018751,21/09/2025,email,andalucía,Sevilla,habitual,False
cust-004028,28 de enero de 2023,direct,GALICIA,A Coruña,habitual,True
cust-048961,2023-10-13,organic, Comunidad Valenciana ,,habitual,True
cust-021394,06/01/2025,affiliate, Cataluña ,Barcelona,nuevo,True
cust-037348,2026-02-06,direct,MADRID,Madrid,nuevo,True
cust-027325,14 de marzo de 2025,organic,GALICIA,A Coruña,vip,True
cust-020435,6 de febrero de 2025,direct,Cataluña,Barcelona,ocasional,True
cust-045385,21 de mayo de 2026,paid_search,Navarra,Pamplona,habitual,True
cust-043625,2025-01-02,paid_social,Comunidad Valenciana,Valencia,ocasional,True
cust-016887,21 de agosto de 2024,direct, Madrid ,Madrid,vip,False
cust-003120,2024-06-15,organic,castilla y león,Valladolid,nuevo,True
cust-025790,27/05/2023,paid_search, Comunidad Valenciana ,Valencia,nuevo,True
cust-019444,10/01/2023,paid_search,asturias,Oviedo,ocasional,True
cust-055772,12 de febrero de 2024,direct,galicia,A Coruña,vip,True
cust-018256,2025-12-25,email,ANDALUCÍA,Sevilla,ocasional,True
cust-051403,8 de junio de 2025,organic,Illes Balears,,nuevo,False
cust-011106,27 de febrero de 2026,paid_social,GALICIA,A Coruña,ocasional,False
cust-022192,15/05/2023,paid_search, Cataluña ,Barcelona,nuevo,True
cust-035604,8 de mayo de 2023,organic, Andalucía ,Sevilla,ocasional,True
cust-030871,27/07/2023,paid_social,madrid,Madrid,ocasional,True
cust-024270,01/02/2024,direct,andalucía,Sevilla,vip,False
cust-002143,30/03/2024,paid_social,andalucía,,nuevo,True
cust-029224,29 de enero de 2025,affiliate, Madrid ,Madrid,vip,True
cust-017977,2026-01-06,direct,madrid,Madrid,ocasional,True
cust-012058,2023-09-28,organic,madrid,Madrid,nuevo,True
cust-026765,03/03/2023,direct,extremadura,Badajoz,nuevo,True
cust-055649,14 de octubre de 2025,paid_search, Andalucía ,Sevilla,nuevo,True
cust-050811,2025-09-12,organic, Andalucía ,,nuevo,True
cust-016244,03/02/2026,paid_search, Aragón ,Zaragoza,nuevo,True
cust-017594,25/01/2026,organic,MADRID,Madrid,habitual,False
cust-033900,2023-09-14,organic,MADRID,,nuevo,True
cust-053693,1 de diciembre de 2023,direct, Comunidad Valenciana ,,nuevo,True
cust-036585,14 de mayo de 2023,direct, Galicia ,A Coruña,vip,True
cust-023843,1 de noviembre de 2024,paid_search,Región de Murcia,Murcia,habitual,True
cust-024435,14/01/2024,organic, Cataluña ,Barcelona,vip,False
cust-019746,3 de febrero de 2024,paid_social,región de murcia,Murcia,vip,True
cust-036317,03/04/2026,organic,GALICIA,A Coruña,ocasional,True
cust-049038,3 de enero de 2026,direct,aragón,Zaragoza,nuevo,False
cust-004458,28/01/2024,direct,andalucía,Sevilla,vip,True
cust-043834,15/01/2026,email,Andalucía,Sevilla,nuevo,True
cust-037983,2026-04-04,direct, Illes Balears ,,nuevo,True
cust-003779,24/02/2026,paid_social, Andalucía ,Sevilla,nuevo,True
cust-038395,25 de noviembre de 2024,direct,madrid,Madrid,nuevo,True
cust-000383,2025-07-29,direct, País Vasco ,Bilbao,ocasional,True
cust-055122,2023-05-08,affiliate,andalucía,Sevilla,vip,True
cust-008512,15 de septiembre de 2024,email, País Vasco ,Bilbao,ocasional,False
cust-018576,22/01/2026,paid_search,MADRID,Madrid,ocasional,False
cust-011207,31 de enero de 2025,affiliate,ANDALUCÍA,Sevilla,ocasional,True
cust-005163,2024-05-29,email,Andalucía,Sevilla,vip,True
cust-050715,12 de noviembre de 2024,direct,Comunidad Valenciana,,habitual,True
cust-022740,2025-11-12,organic, Madrid ,Madrid,ocasional,True
cust-010692,27 de noviembre de 2025,direct,comunidad valenciana,Valencia,vip,True
cust-046427,25/12/2023,paid_search,extremadura,Badajoz,vip,False
cust-053775,01/07/2025,email,ANDALUCÍA,Sevilla,ocasional,True
cust-055649,14 de octubre de 2025,paid_search, Andalucía  ,Sevilla,nuevo,True
cust-053922,10 de octubre de 2025,direct,Galicia,A Coruña,nuevo,True
cust-057764,29 de mayo de 2025,direct,CASTILLA-LA MANCHA,Toledo,ocasional,True
cust-029055,25/10/2025,paid_social,madrid,Madrid,ocasional,False
cust-008302,27 de abril de 2026,affiliate,ARAGÓN,Zaragoza,nuevo,False
cust-055533,2025-09-12,paid_social,ANDALUCÍA,Sevilla,ocasional,True
cust-030532,23/12/2023,email,COMUNIDAD VALENCIANA,Valencia,nuevo,False
cust-016680,25/06/2026,organic,asturias,Oviedo,vip,True
cust-012691,2026-01-05,organic,extremadura,Badajoz,nuevo,True
cust-004303,5 de junio de 2026,organic, Cataluña ,Barcelona,nuevo,True
cust-049898,19 de abril de 2024,affiliate,NAVARRA,Pamplona,ocasional,True
cust-050277,12/03/2023,paid_social,castilla y león ,Valladolid,nuevo,False
cust-011653,28/10/2025,direct,PAÍS VASCO,Bilbao,nuevo,True
cust-008725,31/03/2026,direct,CASTILLA-LA MANCHA,Toledo,ocasional,False
cust-035564,26 de enero de 2023,email,PAÍS VASCO,Bilbao,habitual,True
cust-009723,03/12/2023,affiliate,andalucía,Sevilla,vip,False
cust-059936,7 de agosto de 2023,paid_search,Cataluña,Barcelona,nuevo,False
cust-046418,21/12/2024,paid_social, Castilla y León ,Valladolid,habitual,True
cust-004360,23 de mayo de 2025,direct,Extremadura,Badajoz,ocasional,False
cust-024881,30 de julio de 2025,direct,castilla-la mancha,Toledo,nuevo,True
cust-017131,2025-07-09,organic,andalucía,Sevilla,ocasional,False
cust-045267,20/06/2024,organic, Castilla-La Mancha ,Toledo,ocasional,False
cust-005829,2025-08-23,organic,Andalucía,Sevilla,habitual,True
cust-011271,2025-12-26,paid_search,cataluña,Barcelona,ocasional,True
cust-031596,2026-06-02,paid_search,país vasco,Bilbao,habitual,True
cust-006064,06/12/2025,email,Canarias,Las Palmas,habitual,False
cust-053572,2026-06-19,organic,comunidad valenciana,,ocasional,True
cust-025548,24/12/2024,paid_social,galicia,,ocasional,True
cust-043868,09/12/2024,paid_social,GALICIA,A Coruña,habitual,True
cust-014712,4 de diciembre de 2024,direct,castilla-la mancha,Toledo,habitual,True
cust-039563,31/05/2023,direct,Canarias,Las Palmas,vip,False
cust-025575,05/04/2025,direct,madrid,Madrid,vip,True
cust-031505,17 de octubre de 2023,affiliate,ANDALUCÍA,Sevilla,ocasional,True
cust-036779,24/02/2026,paid_social, Canarias ,Las Palmas,nuevo,True
cust-038254,2024-07-20,email,CATALUÑA,Barcelona,ocasional,True
cust-001597,26/02/2025,organic,Cataluña,Barcelona,habitual,False
cust-024989,16 de marzo de 2025,organic, Cataluña ,Barcelona,nuevo,True
cust-010749,20/11/2023,paid_search,Galicia,A Coruña,vip,True
cust-006662,04/01/2023,direct,canarias,Las Palmas,nuevo,True
cust-024649,10/04/2024,email,castilla-la mancha,Toledo,ocasional,True
cust-024999,17/06/2023,affiliate, Andalucía ,Sevilla,ocasional,False
cust-007169,2026-04-23,organic,Cataluña,Barcelona,vip,True
cust-037214,2025-06-18,email,MADRID,Madrid,ocasional,True
cust-020801,2025-07-02,direct, Galicia ,A Coruña,ocasional,True
cust-040202,16/10/2025,direct,CANARIAS,Las Palmas,nuevo,True
cust-027009,22 de junio de 2026,direct,Castilla-La Mancha ,Toledo,ocasional,True
cust-048087,16 de noviembre de 2024,direct,CATALUÑA,Barcelona,vip,True
cust-047213,28 de septiembre de 2023,organic,Región de Murcia,Murcia,habitual,True
cust-039926,2024-08-09,paid_search,CANTABRIA,Santander,vip,False
cust-047191,2025-02-25,direct,ANDALUCÍA ,Sevilla,habitual,True
cust-013023,24/09/2024,paid_search,andalucía,Sevilla,nuevo,True
cust-024599,2 de junio de 2025,direct,castilla-la mancha,Toledo,ocasional,False
cust-043409,2026-03-22,affiliate,GALICIA,A Coruña,nuevo,False
cust-039052,2026-04-25,direct,EXTREMADURA,Badajoz,nuevo,True
cust-027461,5 de noviembre de 2025,paid_social,Canarias,Las Palmas,nuevo,False
cust-032863,2025-07-31,direct,galicia,A Coruña,habitual,True
cust-042743,2024-05-03,organic,COMUNIDAD VALENCIANA,Valencia,vip,False
cust-057367,15/04/2026,direct,ANDALUCÍA,Sevilla,ocasional,True
cust-048128,08/09/2024,organic,comunidad valenciana,Valencia,nuevo,False
cust-042992,11 de octubre de 2024,direct,Andalucía,,habitual,True
cust-029289,2026-01-29,email,MADRID,Madrid,ocasional,True
cust-043066,03/04/2024,organic,ASTURIAS,Oviedo,ocasional,True
cust-028744,2024-10-26,paid_search,ANDALUCÍA,,ocasional,True
cust-017768,2024-08-21,paid_search, Región de Murcia ,Murcia,nuevo,True
cust-057007,17 de febrero de 2024,paid_search,andalucía,Sevilla,habitual,True
cust-057476,11 de diciembre de 2024,direct,REGIÓN DE MURCIA,Murcia,habitual,False
cust-042281,05/01/2023,affiliate,castilla y león,Valladolid,nuevo,False
cust-019617,11 de enero de 2026,organic, Navarra ,Pamplona,vip,True
cust-038658,2024-09-12,organic,Castilla-La Mancha,Toledo,vip,True
cust-003207,29 de septiembre de 2024,direct,MADRID,Madrid,nuevo,True
cust-049489,2024-05-16,affiliate,cataluña,Barcelona,habitual,True
cust-058049,2026-05-26,direct, Madrid ,Madrid,habitual,False
cust-053494,30/11/2025,paid_search,CASTILLA Y LEÓN,,ocasional,True
cust-028663,25/04/2024,direct,país vasco,Bilbao,ocasional,True
cust-043892,04/07/2024,affiliate,Madrid,Madrid,ocasional,False
cust-039045,2023-02-19,direct,cataluña ,Barcelona,ocasional,True
cust-058660,23 de noviembre de 2024,paid_search,andalucía,Sevilla,ocasional,True
cust-010793,23 de junio de 2025,paid_search,ILLES BALEARS,Palma,ocasional,True
cust-005933,2024-01-05,affiliate,extremadura,Badajoz,ocasional,False
cust-023920,02/09/2023,email,MADRID,Madrid,nuevo,False
cust-029764,2026-02-16,paid_social,ANDALUCÍA,Sevilla,habitual,True
cust-002281,2026-01-06,paid_social,canarias,Las Palmas,ocasional,True
cust-038255,13 de marzo de 2023,paid_social,Andalucía,Sevilla,nuevo,False
cust-014112,25/07/2025,affiliate, Cataluña ,Barcelona,vip,True
cust-053563,08/09/2024,direct,Cataluña,Barcelona,ocasional,True
cust-006853,07/11/2024,organic,Andalucía,Sevilla,nuevo,False
cust-009981,2025-04-27,direct,MADRID,Madrid,habitual,False
cust-023408,17/07/2025,direct,CASTILLA Y LEÓN,Valladolid,nuevo,False
cust-011081,26 de mayo de 2023,affiliate, Cataluña ,Barcelona,nuevo,True
cust-052736,2025-11-13,paid_social,Madrid,Madrid,ocasional,True
cust-047132,27/09/2023,direct,asturias,Oviedo,ocasional,True
cust-049101,2023-02-27,direct,GALICIA,A Coruña,nuevo,True
cust-054644,2025-12-22,email, País Vasco ,Bilbao,nuevo,True
cust-057491,23/10/2023,paid_social,illes balears,Palma,nuevo,True
cust-015453,2024-11-22,paid_social,País Vasco,Bilbao,ocasional,False
cust-046111,13/07/2025,affiliate,ARAGÓN,Zaragoza,nuevo,True
cust-015718,2023-02-09,organic,ANDALUCÍA,Sevilla,nuevo,False
cust-032385,2025-02-26,direct,PAÍS VASCO,Bilbao,habitual,True
cust-047081,2023-04-12,paid_search, Castilla-La Mancha ,Toledo,vip,True
cust-051162,25/05/2024,paid_search,castilla-la mancha,Toledo,habitual,True
cust-034866,2026-06-15,organic, Comunidad Valenciana ,Valencia,habitual,True
cust-051119,12/06/2023,paid_social,madrid,Madrid,nuevo,True
cust-036666,2025-07-18,direct,andalucía,Sevilla,nuevo,False
cust-055148,2025-07-15,paid_search,Aragón,Zaragoza,vip,False
cust-033163,23 de abril de 2026,affiliate,Andalucía,Sevilla,vip,True
cust-038844,23/08/2024,direct,castilla y león ,Valladolid,ocasional,True
cust-030095,05/01/2023,paid_social,Cataluña,Barcelona,nuevo,True
cust-008011,2025-11-27,paid_search,CASTILLA-LA MANCHA,Toledo,nuevo,True
cust-032612,2025-01-19,direct,Andalucía,Sevilla,nuevo,False
cust-050277,12/03/2023,paid_social,castilla y león,Valladolid,nuevo,False
cust-057144,2024-07-16,direct,ANDALUCÍA,Sevilla,ocasional,True
cust-033183,2025-09-12,email,Castilla y León,,ocasional,False
cust-015478,2023-01-20,organic,Castilla-La Mancha,Toledo,habitual,False
cust-032816,2023-06-05,affiliate,ANDALUCÍA,Sevilla,nuevo,False
cust-041751,20/10/2024,affiliate,cataluña,Barcelona,vip,True
cust-036014,2026-06-01,email,madrid,Madrid,nuevo,True
cust-007463,2023-03-06,paid_search,ASTURIAS,Oviedo,nuevo,False
cust-047679,2024-02-23,paid_search,MADRID,,ocasional,True
cust-019423,11 de julio de 2023,direct, Andalucía ,Sevilla,nuevo,False
cust-005782,20 de diciembre de 2025,affiliate,GALICIA,A Coruña,nuevo,False
cust-026522,2026-02-27,direct, Extremadura ,Badajoz,vip,True
cust-030322,16/12/2023,organic, Comunidad Valenciana ,Valencia,ocasional,True
cust-021591,2023-10-05,direct,NAVARRA ,Pamplona,ocasional,True
cust-000375,5 de agosto de 2023,direct,CASTILLA Y LEÓN,Valladolid,nuevo,True
cust-051436,15 de diciembre de 2024,email,MADRID,Madrid,habitual,False
cust-031330,28 de julio de 2025,direct,GALICIA,A Coruña,nuevo,True
cust-031112,28/11/2025,paid_search,Canarias,Las Palmas,habitual,True
cust-012122,24 de septiembre de 2024,paid_social,Asturias,Oviedo,ocasional,True
cust-007027,2024-08-19,email,castilla-la mancha,Toledo,nuevo,True
cust-053883,07/02/2023,email,canarias,Las Palmas,ocasional,True
cust-043550,06/07/2024,email,Galicia,A Coruña,ocasional,True
cust-049231,23/05/2026,paid_social,andalucía,Sevilla,nuevo,True
cust-006628,2026-01-05,paid_search,CASTILLA Y LEÓN,Valladolid,habitual,True
cust-026548,2023-03-24,paid_social,Canarias,Las Palmas,ocasional,False
cust-053511,2026-03-09,direct, Madrid ,Madrid,ocasional,True
cust-032685,2024-07-28,email,CATALUÑA,Barcelona,habitual,False
cust-023486,2026-05-17,direct,ANDALUCÍA,Sevilla,nuevo,False
cust-007899,03/10/2023,affiliate,ARAGÓN,Zaragoza,nuevo,True
cust-039124,13 de junio de 2026,direct,andalucía,Sevilla,vip,True
cust-020196,6 de mayo de 2025,paid_search,madrid,Madrid,ocasional,True
cust-055933,7 de mayo de 2025,organic, Castilla-La Mancha ,Toledo,ocasional,True
cust-016093,2026-03-15,direct, Cataluña ,Barcelona,ocasional,True
cust-021145,21/02/2025,affiliate,comunidad valenciana,Valencia,habitual,True
cust-016213,2026-05-28,direct,asturias,Oviedo,nuevo,True
cust-024514,31 de julio de 2024,direct,Canarias,Las Palmas,ocasional,True
cust-022384,2025-04-07,paid_search,Cataluña,Barcelona,vip,False
cust-004093,22/10/2024,direct, Andalucía ,Sevilla,ocasional,False
cust-029012,15/05/2023,email,Andalucía,Sevilla,habitual,True
cust-003011,15 de abril de 2025,direct,Cataluña,Barcelona,habitual,True
cust-042730,2025-05-27,organic, Comunidad Valenciana ,Valencia,nuevo,True
cust-030291,28/10/2025,paid_search,CATALUÑA,Barcelona,nuevo,True
cust-034901,2025-04-11,direct, Andalucía ,Sevilla,habitual,True
cust-003180,23/06/2026,organic, Cataluña ,Barcelona,nuevo,True
cust-014357,28 de abril de 2026,direct,ANDALUCÍA,Sevilla,habitual,True
cust-010086,2024-06-25,paid_social,MADRID,Madrid,ocasional,True
cust-019232,2025-10-19,paid_social,Castilla y León,Valladolid,nuevo,False
cust-054501,10 de enero de 2024,email,Madrid,Madrid,nuevo,False
cust-004928,2026-05-24,email,COMUNIDAD VALENCIANA,Valencia,habitual,False
cust-029065,24/09/2025,email, Cantabria ,Santander,nuevo,True
cust-017839,12 de julio de 2025,paid_search,Navarra,Pamplona,nuevo,False
cust-045285,27/03/2025,organic, Comunidad Valenciana ,Valencia,ocasional,True
cust-032108,2025-05-24,organic, Madrid ,Madrid,nuevo,False
cust-014289,2025-01-14,direct,Cataluña,Barcelona,ocasional,True
cust-052975,04/10/2025,direct,cataluña,Barcelona,habitual,True
cust-029379,24/04/2024,affiliate,Illes Balears,Palma,ocasional,True
cust-057998,03/07/2024,organic, Canarias ,Las Palmas,ocasional,True
cust-020516,12/01/2025,email,illes balears,Palma,nuevo,True
cust-046834,2024-05-18,paid_search, Madrid ,Madrid,nuevo,False
cust-021655,12 de noviembre de 2024,direct,andalucía,Sevilla,nuevo,True
cust-030355,2023-09-23,direct,castilla-la mancha,Toledo,ocasional,True
cust-058152,23 de noviembre de 2025,paid_social, Cataluña ,Barcelona,ocasional,False
cust-021232,2025-10-05,email, Madrid ,Madrid,nuevo,True
cust-056108,17/05/2025,paid_search,País Vasco,Bilbao,habitual,True
cust-011732,1 de diciembre de 2023,direct, Madrid ,Madrid,nuevo,True
cust-002032,30/06/2026,direct,cataluña,Barcelona,ocasional,True
cust-045858,28 de mayo de 2025,direct,COMUNIDAD VALENCIANA,Valencia,ocasional,False
cust-012706,07/08/2024,direct,castilla y león,Valladolid,ocasional,True
cust-053362,11/02/2024,paid_search,Castilla-La Mancha,,habitual,True
cust-011609,28/08/2025,paid_search,CASTILLA Y LEÓN,,habitual,True
cust-005172,10/09/2025,organic,cataluña,Barcelona,vip,False
cust-007942,23 de abril de 2026,paid_social,cataluña,Barcelona,ocasional,True
cust-022955,09/04/2026,affiliate, Comunidad Valenciana ,Valencia,habitual,True
cust-042496,2024-11-02,paid_social,Madrid,Madrid,ocasional,True
cust-036053,10/09/2023,email,cataluña,Barcelona,ocasional,False
cust-007284,2024-06-20,direct,GALICIA,A Coruña,ocasional,False
cust-025620,26 de abril de 2026,affiliate,CATALUÑA,Barcelona,vip,True
cust-042780,8 de agosto de 2024,paid_social,Castilla y León,Valladolid,habitual,True
cust-046837,2025-08-13,paid_search,illes balears ,Palma,nuevo,True
cust-042178,2024-07-27,email,cataluña,Barcelona,habitual,True
cust-002151,2026-01-19,direct,ANDALUCÍA,,ocasional,False
cust-026430,2023-07-25,paid_social, Cataluña ,Barcelona,ocasional,False
cust-052200,21/05/2024,affiliate,Asturias,Oviedo,vip,False
cust-010051,3 de abril de 2024,paid_search,cataluña,Barcelona,ocasional,True
cust-028403,30 de julio de 2023,direct,Castilla-La Mancha,Toledo,ocasional,True
cust-011052,18/11/2025,organic, Aragón ,Zaragoza,ocasional,True
cust-042596,2025-07-23,paid_search,Madrid,Madrid,vip,False
cust-037450,5 de febrero de 2024,organic,ANDALUCÍA,Sevilla,nuevo,True
cust-025086,10 de noviembre de 2024,organic,andalucía,Sevilla,habitual,False
cust-054278,30 de enero de 2026,organic,cataluña,Barcelona,vip,True
cust-013504,11 de febrero de 2026,organic,canarias,Las Palmas,nuevo,True
cust-027094,2025-03-11,email,ARAGÓN,Zaragoza,habitual,True
cust-022802,17/11/2023,affiliate, Cataluña ,Barcelona,ocasional,True
cust-034680,25 de marzo de 2024,organic,ANDALUCÍA,Sevilla,nuevo,True
cust-048672,2025-09-24,paid_search, Castilla y León ,Valladolid,nuevo,True
cust-052863,18/06/2025,affiliate, Castilla-La Mancha ,Toledo,nuevo,True
cust-038244,2024-07-17,direct,ILLES BALEARS,Palma,nuevo,True
cust-052554,6 de febrero de 2025,direct, Región de Murcia ,Murcia,nuevo,True
cust-021997,04/10/2023,paid_search,MADRID,Madrid,nuevo,True
cust-021054,11/05/2025,direct,illes balears,Palma,ocasional,False
cust-055299,04/02/2025,affiliate,MADRID,Madrid,ocasional,True
cust-030020,2026-05-03,paid_search, Andalucía ,Sevilla,ocasional,True
cust-025450,2025-01-24,direct,CATALUÑA,Barcelona,nuevo,False
cust-031325,17/04/2024,organic, Madrid ,Madrid,habitual,True
cust-018222,05/02/2025,direct,aragón,Zaragoza,nuevo,False
cust-023687,2025-10-07,organic,CASTILLA Y LEÓN,Valladolid,ocasional,True
cust-057629,12 de febrero de 2026,organic, Cataluña ,Barcelona,nuevo,True
cust-003199,2026-01-06,paid_search,ILLES BALEARS,Palma,nuevo,True
cust-026258,24/01/2024,affiliate, Canarias ,Las Palmas,vip,True
cust-022259,12/02/2024,paid_search,Cataluña,Barcelona,nuevo,True
cust-051935,30/10/2025,paid_search,aragón,Zaragoza,habitual,True
cust-031374,07/04/2024,email, Castilla-La Mancha ,Toledo,ocasional,True
cust-029251,12 de noviembre de 2025,direct, Cataluña ,Barcelona,ocasional,True
cust-046527,25/11/2024,organic,ANDALUCÍA,Sevilla,nuevo,True
cust-053671,11/12/2025,direct,Madrid ,Madrid,ocasional,True
cust-005373,22/06/2026,organic,Andalucía,Sevilla,habitual,False
cust-044330,8 de febrero de 2023,paid_search,ANDALUCÍA,Sevilla,ocasional,True
cust-039574,24 de octubre de 2023,paid_social,CASTILLA Y LEÓN,,ocasional,True
cust-016896,2023-04-11,affiliate,Galicia,A Coruña,nuevo,False
cust-044410,19 de agosto de 2023,organic,CATALUÑA,Barcelona,ocasional,True
cust-057966,14/01/2024,paid_search,país vasco,Bilbao,vip,True
cust-032354,20 de abril de 2025,organic,madrid,Madrid,nuevo,True
cust-056665,04/12/2024,email,aragón,Zaragoza,vip,True
cust-017169,2026-04-21,organic,ASTURIAS,Oviedo,habitual,True
cust-024611,2026-06-12,organic, Región de Murcia ,Murcia,nuevo,True
cust-050184,29/05/2026,paid_search,cataluña,Barcelona,habitual,True
cust-012116,19/07/2024,direct, Comunidad Valenciana  ,Valencia,nuevo,True
cust-036713,26 de diciembre de 2025,direct,Cataluña ,Barcelona,habitual,True
cust-050145,18 de junio de 2026,direct, Canarias ,Las Palmas,ocasional,False
cust-019123,6 de junio de 2026,organic,País Vasco,Bilbao,ocasional,True
cust-026035,13/06/2024,paid_search,CASTILLA Y LEÓN,Valladolid,vip,False
cust-053514,2025-04-24,direct,madrid,Madrid,habitual,True
cust-044006,16 de agosto de 2023,organic,Cataluña,Barcelona,ocasional,True
cust-033719,16 de junio de 2026,affiliate, Extremadura ,Badajoz,ocasional,True
cust-046847,21/07/2024,paid_search,Canarias,Las Palmas,habitual,True
cust-049033,2024-09-28,direct,Andalucía,,ocasional,True
cust-044709,2024-04-25,organic, Madrid ,Madrid,habitual,True
cust-057441,01/06/2026,direct, Comunidad Valenciana ,Valencia,nuevo,True
cust-013862,9 de julio de 2023,direct,madrid,Madrid,nuevo,True
cust-030253,9 de abril de 2023,email,COMUNIDAD VALENCIANA,,ocasional,False
cust-045161,26/03/2023,paid_social,Galicia,A Coruña,nuevo,True
cust-004389,13/02/2024,paid_search,castilla-la mancha,Toledo,habitual,True
cust-026251,27 de enero de 2026,direct,COMUNIDAD VALENCIANA,Valencia,nuevo,True
cust-016961,19 de abril de 2026,paid_social,MADRID,Madrid,habitual,True
cust-008784,2025-01-07,paid_search, Illes Balears ,Palma,habitual,False
cust-008886,2023-08-23,organic,Madrid,Madrid,vip,False
cust-053941,22/08/2025,email,andalucía,Sevilla,habitual,True
cust-007770,2023-08-26,affiliate, Cataluña ,Barcelona,ocasional,True
cust-040102,2023-02-11,direct, Cataluña ,Barcelona,nuevo,True
cust-031318,2026-06-07,paid_search,asturias,Oviedo,nuevo,False
cust-018768,8 de marzo de 2025,organic,andalucía ,Sevilla,habitual,False
cust-007353,02/06/2026,direct, Cantabria ,Santander,habitual,True
cust-039919,2023-07-25,paid_search,galicia,A Coruña,ocasional,False
cust-008016,13 de mayo de 2023,affiliate, Cataluña ,Barcelona,nuevo,True
cust-032634,2025-10-17,paid_search, Comunidad Valenciana  ,Valencia,habitual,True
cust-058029,2025-07-26,email,ANDALUCÍA,Sevilla,nuevo,True
cust-020078,2025-12-13,organic,Canarias,Las Palmas,nuevo,True
cust-050662,2026-01-04,organic,CATALUÑA,Barcelona,habitual,True
cust-004540,16 de junio de 2026,paid_social, Cataluña ,Barcelona,ocasional,True
cust-009292,2024-11-16,paid_social,Castilla y León,Valladolid,nuevo,True
cust-044969,20/05/2025,email,ANDALUCÍA,Sevilla,habitual,True
cust-029555,25 de septiembre de 2024,organic,cataluña,Barcelona,vip,True
cust-012399,4 de noviembre de 2023,paid_social,Madrid,,habitual,True
cust-033354,2025-04-03,paid_social, Cataluña ,Barcelona,ocasional,True
cust-043729,2024-08-27,paid_social, Andalucía  ,Sevilla,ocasional,True
cust-006499,7 de agosto de 2023,paid_search,cataluña,Barcelona,nuevo,True
cust-045059,17/04/2024,paid_search,región de murcia,Murcia,habitual,True
cust-024461,2026-03-28,organic, Canarias ,Las Palmas,habitual,True
cust-024669,3 de marzo de 2026,paid_search,Galicia,A Coruña,ocasional,True
cust-016311,14/06/2024,affiliate,REGIÓN DE MURCIA,Murcia,ocasional,True
cust-005220,11/06/2025,direct,cataluña,Barcelona,habitual,False
cust-015861,3 de septiembre de 2025,paid_search,PAÍS VASCO,Bilbao,nuevo,True
cust-032117,1 de septiembre de 2023,direct,Comunidad Valenciana,Valencia,nuevo,True
cust-029515,14/11/2025,paid_social, Cantabria ,Santander,ocasional,True
cust-001252,2023-12-15,organic, Cataluña ,Barcelona,ocasional,False
cust-005468,4 de marzo de 2024,organic,extremadura,Badajoz,ocasional,False
cust-014282,08/06/2023,paid_search, Galicia ,A Coruña,ocasional,True
cust-033893,11 de abril de 2026,organic,andalucía,Sevilla,ocasional,True
cust-050666,2025-06-30,paid_search,MADRID,Madrid,habitual,True
cust-017136,14/03/2023,paid_search,madrid,Madrid,nuevo,True
cust-012374,3 de mayo de 2023,organic,Galicia,A Coruña,ocasional,False
cust-020084,31/05/2025,direct,ANDALUCÍA,Sevilla,ocasional,True
cust-003651,8 de diciembre de 2024,affiliate,ANDALUCÍA,,nuevo,True
cust-011938,19 de septiembre de 2025,direct,cataluña,,ocasional,True
cust-030756,25/12/2025,paid_search,cataluña,Barcelona,vip,True
cust-059763,2025-08-05,organic,Región de Murcia,Murcia,nuevo,True
cust-012930,17 de agosto de 2025,direct,PAÍS VASCO,Bilbao,nuevo,False
cust-025283,07/09/2025,direct,CATALUÑA,Barcelona,nuevo,False
cust-053064,5 de abril de 2025,paid_search, Canarias ,Las Palmas,nuevo,True
cust-034745,2 de julio de 2024,direct,Madrid,Madrid,nuevo,True
cust-041619,16/06/2026,paid_search,Cataluña,Barcelona,ocasional,True
cust-050926,2024-11-20,email, Comunidad Valenciana ,Valencia,nuevo,True
cust-055894,11/01/2023,direct,MADRID,Madrid,vip,True
cust-058186,2026-05-09,direct, Madrid ,Madrid,ocasional,False
cust-051934,14 de mayo de 2026,paid_search,CASTILLA Y LEÓN,Valladolid,habitual,True
cust-005861,14 de junio de 2026,paid_social, Región de Murcia ,Murcia,nuevo,True
cust-038785,18/08/2023,direct,Cataluña,Barcelona,nuevo,True
cust-037480,2023-01-16,direct,País Vasco,Bilbao,habitual,True
cust-032142,11/11/2025,direct,Andalucía,Sevilla,ocasional,False
cust-040154,16/07/2023,direct,CATALUÑA,Barcelona,habitual,True
cust-001503,2023-07-26,direct, País Vasco ,Bilbao,vip,True
cust-022229,22 de octubre de 2024,affiliate,galicia,A Coruña,habitual,True
cust-046782,10/06/2025,paid_social, Cataluña ,Barcelona,habitual,False
cust-014549,15 de septiembre de 2024,paid_search,andalucía,Sevilla,nuevo,False
cust-047956,23/06/2025,email, Cataluña ,Barcelona,ocasional,True
cust-010177,07/04/2024,paid_social,extremadura,Badajoz,nuevo,False
cust-028914,2025-11-15,direct,CASTILLA-LA MANCHA,Toledo,habitual,True
cust-019681,7 de enero de 2025,organic,Madrid,Madrid,habitual,True
cust-015046,3 de septiembre de 2025,paid_social,ASTURIAS,Oviedo,ocasional,False
cust-008014,07/10/2025,email,ANDALUCÍA,Sevilla,nuevo,True
cust-056920,9 de octubre de 2023,paid_search, Madrid ,Madrid,habitual,False
cust-020928,2023-11-27,paid_social,Andalucía,Sevilla,habitual,True
cust-041803,2023-07-29,paid_social,illes balears,Palma,vip,True
cust-009624,4 de agosto de 2025,direct,cantabria,Santander,nuevo,False
cust-016211,06/01/2025,organic, Canarias ,Las Palmas,habitual,True
cust-052903,23 de noviembre de 2025,direct,MADRID,Madrid,ocasional,False
cust-015167,05/10/2024,direct, Cataluña ,Barcelona,ocasional,True
cust-032568,12 de abril de 2025,affiliate,cataluña,Barcelona,nuevo,True
cust-042316,7 de julio de 2025,direct,CASTILLA-LA MANCHA,Toledo,nuevo,True
cust-010477,09/01/2025,paid_search,castilla-la mancha,Toledo,vip,True
cust-036746,11/12/2025,organic,Asturias,,nuevo,True
cust-011037,17/12/2025,paid_search,COMUNIDAD VALENCIANA,Valencia,ocasional,False
cust-006976,2025-01-22,email,país vasco,Bilbao,nuevo,True
cust-013666,2026-02-02,paid_search,ANDALUCÍA,Sevilla,nuevo,True
cust-040273,2025-10-02,paid_search, Andalucía ,Sevilla,ocasional,True
cust-044314,12/09/2025,email, Andalucía ,Sevilla,nuevo,True
cust-043327,29/04/2025,direct,CANARIAS,Las Palmas,ocasional,True
cust-008224,07/07/2023,direct,CATALUÑA,Barcelona,ocasional,True
cust-018324,7 de enero de 2026,paid_search,canarias,Las Palmas,nuevo,False
cust-042204,2026-01-06,organic, Madrid ,Madrid,nuevo,True
cust-049193,05/03/2026,organic,CATALUÑA,Barcelona,nuevo,True
cust-024635,07/03/2024,paid_search,Cataluña,Barcelona,nuevo,True
cust-039367,3 de mayo de 2024,direct,Madrid,,habitual,False
cust-009461,29/04/2023,affiliate,castilla y león,Valladolid,nuevo,False
cust-036015,2026-05-20,direct,COMUNIDAD VALENCIANA,Valencia,ocasional,True
cust-058501,03/03/2023,paid_social,aragón,Zaragoza,habitual,False
cust-058633,4 de abril de 2025,email,Comunidad Valenciana,Valencia,ocasional,True
cust-043635,2025-12-17,paid_social,Región de Murcia,Murcia,ocasional,True
cust-005294,2023-01-16,paid_search,canarias,Las Palmas,nuevo,True
cust-014319,06/12/2025,organic,Andalucía,Sevilla,vip,False
cust-010224,28/02/2026,paid_search,NAVARRA,Pamplona,vip,True
cust-035380,2023-06-07,direct,Andalucía,,habitual,True
cust-008140,13 de marzo de 2023,direct,aragón,Zaragoza,nuevo,True
cust-030381,21/12/2024,email, Cantabria ,Santander,nuevo,True
cust-050472,2024-02-14,direct,cataluña,Barcelona,habitual,True
cust-059003,23/04/2026,direct,ANDALUCÍA,Sevilla,vip,False
cust-054015,2024-03-07,direct, Galicia ,A Coruña,nuevo,True
cust-036764,22 de enero de 2026,email, Cataluña ,Barcelona,ocasional,False
cust-052247,2023-11-24,direct,madrid,Madrid,ocasional,True
cust-005870,18/09/2023,email,madrid,Madrid,habitual,True
cust-010497,06/08/2024,paid_social,EXTREMADURA,Badajoz,habitual,True
cust-040100,29 de marzo de 2026,affiliate,castilla y león,Valladolid,nuevo,True
cust-041624,2025-01-04,organic,castilla-la mancha,Toledo,ocasional,False
cust-023731,2026-04-11,paid_social,REGIÓN DE MURCIA,Murcia,ocasional,True
cust-032483,18/03/2026,direct,CASTILLA-LA MANCHA,Toledo,vip,True
cust-038492,2025-11-20,direct,ANDALUCÍA,Sevilla,habitual,True
cust-053152,27 de febrero de 2024,direct,Cataluña,Barcelona,habitual,True
cust-014454,12 de diciembre de 2024,direct, País Vasco ,Bilbao,ocasional,True
cust-046002,28/06/2023,email,PAÍS VASCO,Bilbao,ocasional,True
cust-008518,2025-10-20,direct,ANDALUCÍA,Sevilla,nuevo,True
cust-015791,29 de diciembre de 2025,direct, Cataluña ,Barcelona,vip,True
cust-051481,05/04/2026,direct,Comunidad Valenciana,Valencia,vip,True
cust-041704,16 de febrero de 2026,direct, Cantabria ,Santander,ocasional,False
cust-052325,27/06/2023,organic,CANARIAS,Las Palmas,vip,False
cust-023339,25/07/2023,direct,ANDALUCÍA,,ocasional,True
cust-005404,9 de junio de 2026,direct, Asturias ,Oviedo,nuevo,False
cust-018169,2025-01-30,direct, Región de Murcia ,Murcia,ocasional,True
cust-025185,7 de abril de 2026,paid_search,castilla-la mancha,Toledo,habitual,True
cust-045702,2024-12-19,email,MADRID,Madrid,habitual,True
cust-037547,16/02/2023,organic, Galicia ,A Coruña,habitual,False
cust-027345,2026-01-21,affiliate,madrid,Madrid,ocasional,False
cust-040589,16 de junio de 2025,affiliate,castilla y león,Valladolid,ocasional,True
cust-025497,2023-03-31,paid_search,cataluña,Barcelona,habitual,True
cust-004813,2023-10-26,paid_social,MADRID,Madrid,ocasional,False
cust-004298,16/03/2024,direct,PAÍS VASCO,Bilbao,nuevo,False
cust-028047,27 de febrero de 2025,paid_social,CASTILLA Y LEÓN,Valladolid,habitual,True
cust-024560,20 de abril de 2025,email, Galicia  ,A Coruña,ocasional,True
cust-020338,2024-11-15,affiliate,Galicia,A Coruña,vip,True
cust-038109,25 de abril de 2025,email,castilla y león,Valladolid,ocasional,True
cust-033758,2026-05-03,organic,Cataluña,Barcelona,ocasional,True
cust-015217,2 de diciembre de 2025,email, Canarias ,,ocasional,False
cust-010814,23/08/2024,direct,Madrid,,ocasional,True
cust-010976,2024-08-24,direct,andalucía,Sevilla,habitual,True
cust-020288,13/12/2025,paid_social,MADRID,Madrid,ocasional,True
cust-040655,06/06/2026,direct,Región de Murcia,Murcia,ocasional,True
cust-033484,05/02/2026,affiliate,Comunidad Valenciana,,nuevo,False
cust-001977,27 de noviembre de 2025,direct,COMUNIDAD VALENCIANA,Valencia,ocasional,True
cust-051293,19/12/2025,organic, Cataluña ,Barcelona,nuevo,True
cust-057048,2 de junio de 2026,paid_social, Castilla-La Mancha ,Toledo,ocasional,False
cust-005526,10/02/2026,paid_social, Canarias ,Las Palmas,ocasional,True
cust-050695,15/04/2025,organic, Cataluña ,Barcelona,ocasional,True
cust-006314,2023-03-14,organic, Galicia ,A Coruña,nuevo,True
cust-052319,20/07/2025,affiliate,cataluña,Barcelona,vip,True
cust-015938,31/10/2024,email,illes balears ,Palma,nuevo,True
cust-035373,17 de diciembre de 2025,paid_social,MADRID,Madrid,nuevo,False
cust-049468,12/01/2023,paid_search,madrid,Madrid,nuevo,True
cust-051559,2023-12-22,direct,ILLES BALEARS,Palma,habitual,True
cust-044591,2025-12-24,direct, Cantabria ,Santander,vip,False
cust-013935,2024-10-27,affiliate,MADRID,Madrid,vip,True
cust-055195,2026-02-10,paid_social,ARAGÓN,Zaragoza,nuevo,True
cust-015008,7 de febrero de 2025,direct, Cataluña ,Barcelona,nuevo,False
cust-045694,22 de octubre de 2024,direct,COMUNIDAD VALENCIANA,Valencia,ocasional,True
cust-016912,06/03/2024,direct, Andalucía ,Sevilla,ocasional,False
cust-042712,2 de diciembre de 2023,direct,CANARIAS,Las Palmas,ocasional,False
cust-035059,25 de junio de 2026,affiliate, Andalucía ,Sevilla,habitual,False
cust-021061,29/07/2023,direct,Madrid,Madrid,habitual,False
cust-027452,6 de enero de 2023,paid_search, Cataluña ,Barcelona,vip,True
cust-042246,24 de junio de 2024,paid_search,Cataluña,Barcelona,ocasional,True
cust-033394,02/11/2025,paid_search,comunidad valenciana,,nuevo,False
cust-046767,14 de mayo de 2026,organic,EXTREMADURA,Badajoz,nuevo,True
cust-046729,7 de julio de 2023,paid_search,REGIÓN DE MURCIA,Murcia,nuevo,True
cust-029541,21/11/2024,email, Madrid ,Madrid,ocasional,False
cust-012885,2 de enero de 2025,email, Illes Balears ,Palma,nuevo,True
cust-007400,2024-03-13,direct, Cataluña ,Barcelona,habitual,True
cust-057092,2026-04-26,affiliate,ANDALUCÍA,Sevilla,vip,True
cust-034145,02/01/2024,paid_search,andalucía,,habitual,True
cust-055731,2024-06-03,direct, Illes Balears ,Palma,nuevo,True
cust-033198,13/09/2023,affiliate, Cantabria ,Santander,habitual,True
cust-007379,28 de diciembre de 2023,paid_social,ANDALUCÍA,Sevilla,vip,False
cust-057012,2025-09-19,paid_social,madrid,Madrid,ocasional,True
cust-026817,09/04/2024,email, Región de Murcia ,Murcia,ocasional,True
cust-024305,21/08/2025,organic,CASTILLA Y LEÓN,Valladolid,nuevo,True
cust-024958,12/12/2023,paid_search,Madrid,Madrid,nuevo,True
cust-003875,2 de diciembre de 2024,paid_search,CANTABRIA,Santander,habitual,True
cust-027964,26 de abril de 2026,paid_social,Comunidad Valenciana,Valencia,nuevo,False
cust-058727,10/04/2023,paid_social,MADRID,Madrid,habitual,True
cust-023692,03/05/2025,organic,Madrid,Madrid,nuevo,True
cust-038788,2 de mayo de 2025,direct,Canarias,Las Palmas,ocasional,True
cust-011080,2025-09-01,direct,Galicia,A Coruña,habitual,True
cust-006812,23 de enero de 2024,paid_search, Canarias ,Las Palmas,ocasional,False
cust-012929,7 de diciembre de 2025,organic,Andalucía,Sevilla,ocasional,True
cust-046326,04/01/2025,affiliate,MADRID,Madrid,nuevo,False
cust-041869,2023-08-25,email,REGIÓN DE MURCIA,Murcia,ocasional,False
cust-042088,01/08/2024,direct,Comunidad Valenciana,Valencia,ocasional,True
cust-055939,14/09/2025,paid_social,madrid,Madrid,nuevo,True
cust-014379,25 de mayo de 2026,paid_search,Illes Balears,Palma,nuevo,True
cust-054301,25/05/2023,organic,castilla y león,,ocasional,True
cust-019637,8 de septiembre de 2023,organic,MADRID,Madrid,nuevo,True
cust-011300,2023-11-19,organic,MADRID,Madrid,habitual,True
cust-030408,10 de diciembre de 2025,paid_social, Madrid ,Madrid,ocasional,False
cust-000761,2026-01-06,direct,MADRID,Madrid,habitual,True
cust-036328,2023-06-01,affiliate,castilla-la mancha,Toledo,habitual,True
cust-056359,2023-06-21,paid_social,PAÍS VASCO,Bilbao,habitual,True
cust-033974,13/03/2026,direct,comunidad valenciana,Valencia,vip,True
cust-039489,2023-10-14,paid_social,ANDALUCÍA,Sevilla,vip,True
cust-007158,21 de febrero de 2025,paid_social,andalucía,,nuevo,True
cust-035899,2024-11-26,direct,Castilla y León,Valladolid,nuevo,False
cust-008185,12 de octubre de 2024,affiliate, Región de Murcia ,Murcia,nuevo,True
cust-020871,22 de diciembre de 2025,organic,madrid,Madrid,ocasional,True
cust-025213,24 de marzo de 2026,email,andalucía,Sevilla,nuevo,True
cust-004910,11 de febrero de 2024,affiliate,Cataluña,Barcelona,nuevo,True
cust-052319,20/07/2025,affiliate,cataluña,Barcelona,vip,True
cust-007469,18 de febrero de 2026,email,MADRID,Madrid,nuevo,False
cust-019070,08/12/2024,direct,ARAGÓN,Zaragoza,habitual,False
cust-010028,12/12/2024,direct,Comunidad Valenciana,Valencia,habitual,True
cust-023585,05/05/2026,email, Comunidad Valenciana ,Valencia,nuevo,True
cust-029436,25 de febrero de 2026,paid_search,Andalucía,,habitual,True
cust-058805,18/11/2025,affiliate,Castilla-La Mancha,Toledo,nuevo,True
cust-013612,15/04/2025,direct,GALICIA,A Coruña,nuevo,True
cust-026831,25 de mayo de 2024,paid_search,Cataluña,Barcelona,habitual,False
cust-044151,5 de noviembre de 2023,organic,CATALUÑA,Barcelona,nuevo,False
cust-027750,04/02/2023,direct, Madrid ,Madrid,nuevo,True
cust-045546,12 de septiembre de 2024,direct,GALICIA,A Coruña,ocasional,True
cust-058043,2026-02-01,paid_social, Cataluña ,Barcelona,ocasional,True
cust-056007,25/05/2025,affiliate, Canarias ,Las Palmas,habitual,False
cust-029130,2025-04-01,direct, Región de Murcia ,Murcia,nuevo,True
cust-013630,2 de septiembre de 2025,organic,COMUNIDAD VALENCIANA,Valencia,nuevo,True
cust-056611,27/11/2023,direct,madrid,Madrid,nuevo,True
cust-050754,15 de junio de 2024,email,COMUNIDAD VALENCIANA,Valencia,nuevo,True
cust-057506,2025-04-01,direct,Madrid,Madrid,nuevo,True
cust-004373,01/08/2024,paid_social,Andalucía,Sevilla,vip,True
cust-006812,23 de enero de 2024,paid_search, Canarias ,Las Palmas,ocasional,False
cust-016260,2026-04-11,paid_social,galicia,A Coruña,ocasional,True
cust-030712,2026-05-21,direct,andalucía,Sevilla,ocasional,True
cust-014140,2025-09-03,direct,Andalucía,,vip,True
cust-000490,03/10/2025,affiliate,andalucía,Sevilla,habitual,True
cust-014136,23/06/2026,organic,CATALUÑA,Barcelona,habitual,True
cust-044625,2025-08-16,direct,REGIÓN DE MURCIA,Murcia,nuevo,False
cust-011384,28/11/2025,direct, Madrid ,Madrid,nuevo,True
cust-004853,11/10/2025,organic,Madrid,Madrid,habitual,True
cust-040429,3 de diciembre de 2025,organic,andalucía ,Sevilla,nuevo,True
cust-037570,2024-06-09,affiliate,Cataluña,Barcelona,ocasional,True
cust-019836,2026-01-24,direct,CASTILLA-LA MANCHA,Toledo,nuevo,False
cust-027210,30/06/2026,direct,illes balears,,nuevo,False
cust-013584,2024-06-05,direct, Castilla y León ,,ocasional,False
cust-009054,28/08/2024,affiliate,Castilla y León,Valladolid,ocasional,False
cust-002483,22/11/2024,paid_search,cantabria,Santander,nuevo,True
cust-027250,28 de noviembre de 2024,paid_social,COMUNIDAD VALENCIANA,Valencia,habitual,False
cust-027931,29 de noviembre de 2025,affiliate,Aragón,Zaragoza,vip,True
cust-028961,2025-12-22,email, País Vasco ,Bilbao,habitual,False
cust-017422,25/11/2025,affiliate,comunidad valenciana,Valencia,habitual,False
cust-013446,7 de junio de 2026,organic,ARAGÓN,Zaragoza,nuevo,False
cust-058753,31/05/2024,organic,comunidad valenciana,Valencia,habitual,True
cust-053131,2026-04-12,paid_search,REGIÓN DE MURCIA,Murcia,ocasional,True
cust-056349,2024-09-06,direct,Madrid,Madrid,nuevo,True
cust-048222,04/09/2024,paid_social,Asturias,Oviedo,vip,False
cust-023886,04/01/2024,affiliate, País Vasco ,Bilbao,ocasional,True
cust-056444,15/08/2023,affiliate,CASTILLA Y LEÓN,,nuevo,False
cust-058653,4 de junio de 2025,paid_search,Cataluña,Barcelona,ocasional,True
cust-031339,31/01/2026,organic,ANDALUCÍA,Sevilla,habitual,True
cust-026540,2024-11-16,paid_search, Castilla-La Mancha ,Toledo,nuevo,False
cust-041512,2025-09-19,email,Andalucía,,habitual,True
cust-048799,1 de abril de 2026,affiliate, Madrid ,Madrid,ocasional,True
cust-029590,01/11/2025,paid_search,CATALUÑA,Barcelona,ocasional,True
cust-024832,2025-12-12,organic,CANARIAS,Las Palmas,ocasional,False
cust-018297,10/11/2024,email,MADRID,Madrid,vip,False
cust-005273,13/06/2026,direct, Cataluña ,,nuevo,True
cust-016550,2024-08-20,email,comunidad valenciana,Valencia,habitual,False
cust-029065,24/09/2025,email, Cantabria ,Santander,nuevo,True
cust-032127,25 de febrero de 2023,direct,MADRID,Madrid,ocasional,False
cust-028211,28/12/2023,organic,ASTURIAS,Oviedo,nuevo,True
cust-038473,2026-05-14,paid_search,Andalucía,Sevilla,nuevo,False
cust-053245,20/07/2023,email,madrid,Madrid,nuevo,True
cust-048843,2025-04-30,email, Comunidad Valenciana ,Valencia,habitual,True
cust-008230,2026-05-08,direct,canarias,Las Palmas,habitual,True
cust-045250,27 de mayo de 2026,direct, Andalucía ,Sevilla,habitual,True
cust-017777,03/06/2023,affiliate,Illes Balears,Palma,ocasional,True
cust-004744,2024-09-27,paid_social,CATALUÑA,Barcelona,ocasional,True
cust-047918,28/12/2024,affiliate,CATALUÑA,Barcelona,ocasional,True
cust-052560,25 de junio de 2024,direct,país vasco,Bilbao,nuevo,False
cust-056487,11/12/2025,organic,Madrid,Madrid,nuevo,False
cust-037997,1 de abril de 2025,direct,Galicia,A Coruña,nuevo,False
cust-013554,2026-03-01,paid_social, Illes Balears ,,ocasional,True
cust-046063,2026-05-17,organic, Cantabria ,Santander,vip,True
cust-011642,30 de junio de 2025,organic,Canarias,Las Palmas,habitual,True
cust-020444,2025-04-24,email,CATALUÑA,Barcelona,ocasional,True
cust-057741,11 de julio de 2024,organic, Canarias ,Las Palmas,nuevo,True
cust-012363,16/01/2026,direct,MADRID,Madrid,nuevo,False
cust-021189,2025-12-02,paid_search,castilla y león,Valladolid,ocasional,True
cust-040429,3 de diciembre de 2025,organic,andalucía,Sevilla,nuevo,True
cust-055646,2025-10-27,direct, Andalucía ,Sevilla,habitual,True
cust-007456,17 de abril de 2025,email,Cataluña,Barcelona,ocasional,True
cust-024046,2024-08-22,affiliate,Comunidad Valenciana,Valencia,habitual,False
cust-025903,2023-03-20,paid_social, Cataluña ,Barcelona,habitual,True
cust-009827,26 de mayo de 2024,affiliate,Madrid,Madrid,ocasional,True
cust-004933,07/08/2025,direct,castilla y león,,nuevo,False
cust-025815,19/05/2026,organic, Castilla y León ,Valladolid,vip,False
cust-031048,16/02/2024,direct,CATALUÑA,Barcelona,ocasional,False
cust-043672,2023-11-14,direct,Canarias,Las Palmas,habitual,True
cust-032012,11 de febrero de 2026,email, Castilla-La Mancha ,Toledo,nuevo,True
cust-056862,2025-11-25,direct,Madrid,Madrid,habitual,False
cust-031870,2025-07-08,paid_search,Andalucía,Sevilla,ocasional,True
cust-024699,25 de mayo de 2025,direct, Illes Balears ,Palma,nuevo,False
cust-057355,25/01/2025,paid_social,galicia,A Coruña,ocasional,True
cust-051052,25 de enero de 2026,paid_search,castilla-la mancha,Toledo,ocasional,False
cust-042224,26 de junio de 2023,organic,madrid,Madrid,nuevo,False
cust-015597,11 de agosto de 2025,direct,Canarias,Las Palmas,nuevo,True
cust-055764,2023-11-21,direct,CASTILLA-LA MANCHA,Toledo,nuevo,True
cust-018524,18/11/2024,paid_search,Castilla y León,Valladolid,nuevo,False
cust-034202,2024-03-12,affiliate,región de murcia,Murcia,ocasional,True
cust-027026,2024-12-31,paid_social, Aragón ,Zaragoza,habitual,False
cust-055971,2024-05-08,direct,Madrid,Madrid,nuevo,False
cust-013384,02/03/2024,paid_search,madrid,Madrid,ocasional,True
cust-022025,01/09/2024,direct,país vasco,Bilbao,habitual,False
cust-039121,2024-12-26,affiliate,comunidad valenciana,Valencia,habitual,True
cust-047104,18/04/2024,direct,GALICIA,A Coruña,nuevo,True
cust-053598,19/03/2025,email, Región de Murcia ,,ocasional,False
cust-056218,8 de junio de 2026,direct,COMUNIDAD VALENCIANA,Valencia,nuevo,True
cust-034165,2024-02-26,direct,madrid,Madrid,ocasional,True
cust-049529,5 de noviembre de 2023,paid_search,canarias,Las Palmas,ocasional,False
cust-024194,2025-04-11,affiliate,COMUNIDAD VALENCIANA,Valencia,habitual,True
cust-023656,2024-10-21,email,Aragón,Zaragoza,nuevo,True
cust-034207,20/03/2025,email, Madrid ,Madrid,vip,True
cust-024749,17 de octubre de 2024,direct,comunidad valenciana,Valencia,nuevo,True
cust-025790,27/05/2023,paid_search, Comunidad Valenciana  ,Valencia,nuevo,True
cust-029350,22/06/2025,email,MADRID,Madrid,habitual,True
cust-046555,13 de diciembre de 2025,paid_search,Cataluña,,nuevo,True
cust-059608,13/12/2025,email,madrid,Madrid,habitual,False
cust-026538,01/07/2023,direct,madrid,Madrid,ocasional,True
cust-015515,18/06/2025,direct,Cataluña,Barcelona,nuevo,True
cust-043916,2025-02-05,paid_search,illes balears,Palma,nuevo,True
cust-028854,18/09/2025,organic, Canarias ,Las Palmas,ocasional,True
cust-000479,26 de marzo de 2025,organic,Comunidad Valenciana,Valencia,habitual,False
cust-023328,2024-04-30,affiliate,Cataluña,Barcelona,nuevo,False
cust-046586,28/09/2024,direct, Galicia  ,A Coruña,habitual,True
cust-012560,2024-01-06,direct,Asturias,Oviedo,nuevo,True
cust-054974,16/07/2024,direct, Comunidad Valenciana ,,nuevo,True
cust-037625,26/04/2026,direct,madrid,Madrid,nuevo,True
cust-041975,29 de noviembre de 2024,paid_search, Andalucía ,Sevilla,nuevo,True
cust-048017,09/11/2023,organic, Cataluña ,Barcelona,habitual,False
cust-032876,2023-11-06,paid_search,Comunidad Valenciana,Valencia,nuevo,True
cust-033217,2023-11-14,email,CATALUÑA,Barcelona,nuevo,False
cust-031574,14 de enero de 2026,direct,Andalucía,Sevilla,nuevo,True
cust-036624,2023-01-06,email, Illes Balears ,Palma,ocasional,False
cust-046006,2025-08-03,email,andalucía,Sevilla,ocasional,True
cust-022664,29 de agosto de 2025,email, Andalucía ,Sevilla,habitual,True
cust-029491,20/03/2026,affiliate,castilla y león,Valladolid,ocasional,True
cust-020640,11 de enero de 2025,paid_social, Región de Murcia ,Murcia,nuevo,True
cust-021247,17/05/2023,direct,Madrid,,ocasional,True
cust-000148,23 de mayo de 2026,direct,castilla-la mancha,Toledo,vip,True
cust-015166,2025-05-05,email,Canarias,Las Palmas,ocasional,True
cust-001400,26/11/2024,paid_social,Castilla y León,Valladolid,ocasional,True
cust-028093,08/12/2024,direct,Andalucía,Sevilla,ocasional,True
cust-005978,17 de octubre de 2025,paid_search,ANDALUCÍA,Sevilla,habitual,True
cust-017821,05/01/2025,email,comunidad valenciana,Valencia,habitual,True
cust-056359,2023-06-21,paid_social,PAÍS VASCO ,Bilbao,habitual,True
cust-051382,18/07/2025,organic,Canarias,Las Palmas,nuevo,False
cust-028389,2024-12-21,organic,navarra,Pamplona,vip,True
cust-010679,21 de diciembre de 2025,organic,madrid,Madrid,nuevo,False
cust-016994,2025-10-07,paid_social,galicia,A Coruña,ocasional,True
cust-036191,2024-01-10,organic,Comunidad Valenciana,Valencia,ocasional,True
cust-043689,2026-01-24,paid_social,País Vasco,Bilbao,habitual,True
cust-016839,07/08/2025,direct,CASTILLA Y LEÓN,Valladolid,habitual,False
cust-035276,19 de mayo de 2026,direct, Madrid ,Madrid,ocasional,True
cust-053571,23 de abril de 2025,paid_social,GALICIA,A Coruña,ocasional,True
cust-003841,30 de agosto de 2025,paid_social,CASTILLA-LA MANCHA,Toledo,ocasional,True
cust-019761,2024-07-28,direct,cataluña,Barcelona,nuevo,True
cust-050114,2024-12-20,organic,País Vasco,Bilbao,vip,False
cust-033810,2024-02-27,direct,PAÍS VASCO,Bilbao,nuevo,True
cust-045735,2024-06-10,direct,ASTURIAS,Oviedo,habitual,True
cust-020612,22 de noviembre de 2025,direct, Andalucía ,Sevilla,ocasional,False
cust-003089,13/03/2023,direct,cantabria,Santander,habitual,True
cust-059574,12 de enero de 2024,organic,Comunidad Valenciana,Valencia,habitual,True
cust-007639,29 de septiembre de 2025,direct,región de murcia,Murcia,habitual,True
cust-023061,13/11/2025,direct,Illes Balears,Palma,nuevo,True
cust-027009,22 de junio de 2026,direct,Castilla-La Mancha,Toledo,ocasional,True
cust-037900,27 de julio de 2024,direct,Cataluña,Barcelona,nuevo,True
cust-023815,2023-11-03,organic,comunidad valenciana,Valencia,habitual,False
cust-057083,14 de mayo de 2026,organic, Illes Balears ,Palma,nuevo,True
cust-035535,13/10/2023,direct,CASTILLA-LA MANCHA,,ocasional,False
cust-051384,2023-01-13,direct,Madrid,Madrid,nuevo,True
cust-033695,2024-05-08,email,MADRID,Madrid,nuevo,True
cust-053383,2026-02-09,paid_social,madrid,Madrid,nuevo,True
cust-020960,10/08/2023,direct, Castilla-La Mancha ,Toledo,ocasional,False
cust-041732,29 de mayo de 2026,paid_social,CATALUÑA,Barcelona,vip,True
cust-015567,2026-03-20,paid_social,andalucía,Sevilla,nuevo,False
cust-008258,09/08/2023,direct,CATALUÑA,Barcelona,nuevo,True
cust-046511,2025-11-04,paid_search,MADRID,Madrid,vip,True
cust-027475,2023-12-13,email,CATALUÑA,Barcelona,habitual,False
cust-026962,13/09/2023,email,Madrid,,nuevo,True
cust-058198,31 de enero de 2026,organic,madrid,Madrid,nuevo,False
cust-039272,2023-12-04,affiliate, Andalucía ,Sevilla,habitual,True
cust-001134,12 de diciembre de 2023,email,Asturias,Oviedo,ocasional,True
cust-020548,30 de octubre de 2023,direct,aragón,Zaragoza,ocasional,True
cust-009357,2024-08-02,affiliate,ILLES BALEARS,Palma,habitual,True
cust-039045,2023-02-19,direct,cataluña,Barcelona,ocasional,True
cust-054520,2026-02-13,paid_social,ANDALUCÍA,Sevilla,habitual,False
cust-033816,27/11/2024,email,Aragón,Zaragoza,nuevo,True
cust-039611,5 de octubre de 2025,organic, Cataluña ,Barcelona,ocasional,True
cust-003727,24 de agosto de 2025,organic,comunidad valenciana,Valencia,habitual,False
cust-034562,01/04/2024,direct,Cataluña ,Barcelona,vip,False
cust-025144,08/05/2026,direct, Cataluña ,Barcelona,vip,True
cust-029061,24/04/2023,direct, Aragón ,Zaragoza,habitual,False
cust-027526,22/04/2026,direct, Cataluña ,,habitual,True
cust-046143,14 de noviembre de 2025,organic,castilla-la mancha,Toledo,nuevo,True
cust-044496,2024-08-25,email,País Vasco,Bilbao,nuevo,False
cust-046837,2025-08-13,paid_search,illes balears,Palma,nuevo,True
cust-047439,25 de mayo de 2026,organic,CATALUÑA,Barcelona,vip,True
cust-024637,15 de marzo de 2026,affiliate,CATALUÑA,Barcelona,habitual,False
cust-023232,2026-01-02,direct,CATALUÑA,Barcelona,habitual,False
cust-022373,2025-07-13,affiliate,MADRID,Madrid,habitual,True
cust-013135,2 de septiembre de 2025,paid_search,aragón,Zaragoza,ocasional,True
cust-056963,2025-01-19,paid_social,galicia,A Coruña,ocasional,True
cust-057065,2023-02-22,direct, Andalucía ,,nuevo,True
cust-035618,23 de enero de 2026,paid_social,Madrid,Madrid,habitual,True
cust-026702,2023-02-10,email, Castilla y León ,Valladolid,nuevo,False
cust-001032,10 de abril de 2024,direct, Castilla-La Mancha ,Toledo,vip,True
cust-010645,18/05/2026,paid_social,CANARIAS,Las Palmas,vip,True
cust-009159,2023-05-17,direct,Comunidad Valenciana,Valencia,habitual,True
cust-050526,15 de diciembre de 2023,paid_search,COMUNIDAD VALENCIANA,Valencia,nuevo,True
cust-055103,21 de marzo de 2026,organic,PAÍS VASCO,Bilbao,vip,True
cust-036311,17 de abril de 2025,organic, Castilla y León ,Valladolid,ocasional,True
cust-029973,10 de agosto de 2025,paid_search,ANDALUCÍA,Sevilla,vip,True
cust-052834,14/04/2024,paid_search,MADRID,Madrid,habitual,True
cust-003896,2024-04-20,organic,MADRID,Madrid,vip,False
cust-017447,3 de enero de 2026,email, Madrid ,Madrid,nuevo,False
cust-007813,2025-05-24,direct,ANDALUCÍA,Sevilla,nuevo,True
cust-022183,05/06/2026,paid_social,ANDALUCÍA,Sevilla,ocasional,True
cust-035555,05/09/2025,paid_search,Illes Balears,Palma,nuevo,False
cust-051058,2024-06-06,paid_social,galicia,A Coruña,ocasional,True
cust-001291,22 de enero de 2026,email,EXTREMADURA,Badajoz,vip,False
cust-025114,14 de junio de 2023,organic,Andalucía,Sevilla,ocasional,True
cust-059738,1 de marzo de 2026,paid_social,Andalucía,Sevilla,nuevo,True
cust-016706,17 de julio de 2024,email,castilla-la mancha,Toledo,ocasional,False
cust-018407,2025-05-29,paid_social,castilla y león,Valladolid,habitual,False
cust-040951,26/08/2024,organic,GALICIA ,A Coruña,habitual,True
cust-035323,3 de mayo de 2026,paid_search, Andalucía ,,nuevo,True
cust-047282,10/05/2024,organic,ANDALUCÍA,Sevilla,nuevo,True
cust-020744,23/02/2026,organic, Canarias ,Las Palmas,habitual,True
cust-002143,30/03/2024,paid_social,andalucía,,nuevo,True
cust-054791,10 de febrero de 2026,direct,CASTILLA Y LEÓN,Valladolid,ocasional,False
cust-039148,21 de agosto de 2024,organic,PAÍS VASCO,Bilbao,nuevo,True
cust-058203,21 de julio de 2025,organic,comunidad valenciana,Valencia,ocasional,True
cust-006137,21/10/2023,direct, Andalucía ,Sevilla,nuevo,False
cust-043136,6 de mayo de 2026,paid_search,madrid ,Madrid,ocasional,True
cust-025076,2026-03-29,email, País Vasco ,Bilbao,ocasional,True
cust-009515,2025-06-24,paid_search,CANARIAS,Las Palmas,ocasional,True
cust-022158,12 de mayo de 2025,organic,Andalucía,Sevilla,nuevo,False
cust-058567,05/07/2025,direct, Cataluña ,Barcelona,nuevo,True
cust-013532,2023-11-12,paid_social,Comunidad Valenciana,Valencia,nuevo,True
cust-025226,2024-11-13,organic,Galicia,A Coruña,habitual,True
cust-056250,13 de enero de 2026,paid_social, Asturias ,Oviedo,habitual,True
cust-052798,10/04/2025,direct,andalucía,Sevilla,ocasional,True
cust-025754,12 de mayo de 2024,paid_search, País Vasco ,Bilbao,nuevo,True
cust-011355,2025-07-08,paid_social, Andalucía ,Sevilla,ocasional,True
cust-050102,09/04/2024,affiliate,ASTURIAS,,ocasional,True
cust-052994,2026-01-12,direct,Cataluña,Barcelona,habitual,True
cust-020669,2024-07-05,direct, Comunidad Valenciana ,Valencia,nuevo,True
cust-057835,09/08/2025,direct,ANDALUCÍA,Sevilla,vip,False
cust-015250,23 de octubre de 2025,paid_search,andalucía,Sevilla,vip,True
cust-032773,01/01/2023,direct,COMUNIDAD VALENCIANA,Valencia,nuevo,False
cust-028288,8 de abril de 2024,paid_search,Comunidad Valenciana,Valencia,nuevo,True
cust-018019,3 de noviembre de 2024,organic,REGIÓN DE MURCIA,Murcia,nuevo,False
cust-008660,30 de agosto de 2024,paid_social,CATALUÑA,Barcelona,nuevo,True
cust-002054,2026-06-22,direct,andalucía,Sevilla,nuevo,True
cust-047330,2025-05-03,organic,Comunidad Valenciana,Valencia,ocasional,True
cust-025987,30 de abril de 2023,organic,Madrid,Madrid,nuevo,True
cust-006328,07/08/2023,email, Galicia ,A Coruña,habitual,True
cust-022801,2025-12-25,email, País Vasco ,Bilbao,ocasional,True
cust-002403,17 de abril de 2023,email,canarias,Las Palmas,nuevo,True
cust-023291,25 de octubre de 2023,email,Illes Balears,Palma,vip,True
cust-032512,6 de febrero de 2023,direct, Andalucía ,Sevilla,nuevo,True
cust-047128,2023-10-24,paid_search, Castilla y León ,Valladolid,habitual,False
cust-001280,31 de enero de 2026,organic, Comunidad Valenciana ,,nuevo,True
cust-004280,29 de marzo de 2026,direct,MADRID,Madrid,ocasional,False
cust-023900,07/06/2025,paid_search, Cantabria ,Santander,ocasional,True
cust-010795,13/10/2025,direct,CASTILLA Y LEÓN,Valladolid,vip,True
cust-019164,21 de agosto de 2024,direct,Extremadura,Badajoz,habitual,False
cust-040084,12/03/2023,paid_social,CATALUÑA,Barcelona,ocasional,True
cust-003997,28/02/2024,paid_search, Madrid ,,habitual,True
cust-014501,20 de junio de 2024,paid_search,canarias,Las Palmas,ocasional,False
cust-007649,21 de septiembre de 2025,paid_search, Madrid ,Madrid,ocasional,True
cust-045554,22 de marzo de 2024,organic,illes balears,Palma,ocasional,False
cust-032634,2025-10-17,paid_search, Comunidad Valenciana ,Valencia,habitual,True
cust-041605,13 de diciembre de 2025,direct,ANDALUCÍA,Sevilla,habitual,True
cust-013998,2025-06-12,direct,Región de Murcia,Murcia,vip,True
cust-054689,8 de abril de 2026,organic,andalucía,Sevilla,ocasional,False
cust-009013,21/04/2024,paid_search,MADRID,,vip,False
cust-053409,2024-08-03,affiliate,andalucía,Sevilla,habitual,False
cust-017162,12/07/2025,affiliate,Andalucía,Sevilla,nuevo,True
cust-042299,18/04/2025,organic, Galicia ,A Coruña,habitual,True
cust-026258,24/01/2024,affiliate, Canarias  ,Las Palmas,vip,True
cust-034320,1 de mayo de 2023,email,comunidad valenciana,Valencia,nuevo,True
cust-027661,11/06/2024,affiliate, Madrid ,Madrid,ocasional,True
cust-003522,30 de agosto de 2024,affiliate, Región de Murcia ,Murcia,nuevo,True
cust-004058,07/04/2023,organic,cataluña,Barcelona,ocasional,True
cust-024175,2024-05-23,paid_social,comunidad valenciana,Valencia,habitual,False
cust-002498,08/08/2024,affiliate,madrid,Madrid,habitual,True
cust-040550,13/04/2025,paid_social,Andalucía,Sevilla,habitual,True
cust-020788,13 de julio de 2024,organic,comunidad valenciana,Valencia,habitual,True
cust-031824,04/07/2024,direct,PAÍS VASCO,Bilbao,ocasional,True
cust-053597,2023-06-25,email, Madrid ,Madrid,nuevo,False
cust-049583,2 de abril de 2026,paid_social,comunidad valenciana,,nuevo,True
cust-003251,29 de enero de 2026,affiliate,Canarias,Las Palmas,ocasional,False
cust-058462,2026-02-07,organic, Canarias ,Las Palmas,nuevo,True
cust-040042,2025-08-06,direct,CANARIAS,Las Palmas,ocasional,True
cust-049702,16/06/2025,direct,MADRID,Madrid,ocasional,False
cust-055108,2023-02-01,paid_social,castilla y león,Valladolid,nuevo,True
cust-021812,30 de marzo de 2024,email,PAÍS VASCO,,habitual,False
cust-035269,03/04/2026,direct,país vasco,Bilbao,nuevo,True
cust-059237,2 de marzo de 2026,paid_social,andalucía,Sevilla,ocasional,True
cust-014396,21 de marzo de 2023,direct,Illes Balears,Palma,ocasional,False
cust-024104,2026-01-14,organic,ILLES BALEARS,Palma,nuevo,False
cust-032686,2024-01-10,paid_search, Canarias ,Las Palmas,ocasional,True
cust-015197,01/07/2025,paid_social,andalucía,Sevilla,ocasional,False
cust-055803,14 de abril de 2023,paid_search,andalucía,Sevilla,ocasional,True
cust-004066,19/11/2025,direct,Cataluña,Barcelona,vip,True
cust-022117,14/03/2023,direct,País Vasco,Bilbao,nuevo,True
cust-031437,08/06/2025,affiliate,ANDALUCÍA,Sevilla,ocasional,True
cust-007227,01/08/2025,direct,Cataluña,,vip,False
cust-033684,01/12/2024,direct,canarias,Las Palmas,ocasional,False
cust-033083,2025-08-04,paid_social,MADRID,Madrid,habitual,False
cust-024554,2023-11-28,direct, Cataluña ,Barcelona,vip,True
cust-032376,3 de febrero de 2026,email, Cataluña ,Barcelona,ocasional,True
cust-037668,2 de marzo de 2025,paid_search,andalucía,Sevilla,nuevo,True
cust-031234,17/04/2026,direct,Madrid,Madrid,ocasional,True
cust-056000,31 de mayo de 2026,direct,Illes Balears,Palma,habitual,True
cust-052105,10 de julio de 2025,paid_search,comunidad valenciana,Valencia,ocasional,False
cust-036965,2023-06-22,paid_search,castilla y león,Valladolid,nuevo,True
cust-006615,2024-12-29,paid_search,andalucía,Sevilla,nuevo,True
cust-028200,2026-05-09,organic, Región de Murcia ,,nuevo,True
cust-005003,14 de junio de 2026,paid_search,ANDALUCÍA,Sevilla,nuevo,True
cust-026908,2025-01-30,organic,comunidad valenciana,Valencia,habitual,True
cust-010033,8 de noviembre de 2025,affiliate,andalucía,Sevilla,ocasional,True
cust-032461,13 de marzo de 2026,email, Cataluña ,Barcelona,ocasional,False
cust-006812,23 de enero de 2024,paid_search, Canarias  ,Las Palmas,ocasional,False
cust-057951,04/12/2025,organic,madrid,Madrid,habitual,True
cust-054362,2025-07-06,direct,CANARIAS ,Las Palmas,nuevo,True
cust-024460,04/03/2025,organic, Cataluña ,Barcelona,nuevo,True
cust-035307,08/11/2025,paid_search,galicia,A Coruña,nuevo,True
cust-052319,20/07/2025,affiliate,cataluña ,Barcelona,vip,True
cust-058451,20 de agosto de 2023,paid_social,Andalucía,Sevilla,vip,True
cust-006461,2026-04-15,affiliate,ILLES BALEARS,Palma,ocasional,False
cust-038529,4 de julio de 2024,paid_social,canarias,Las Palmas,ocasional,False
cust-026302,31 de agosto de 2024,affiliate, Comunidad Valenciana ,Valencia,ocasional,True
cust-013168,7 de julio de 2023,organic,CATALUÑA,Barcelona,habitual,True
cust-025010,02/05/2026,organic,Andalucía,Sevilla,nuevo,True
cust-011112,2025-03-05,direct,Andalucía,Sevilla,ocasional,True
cust-015594,2023-06-28,direct,Andalucía,Sevilla,nuevo,True
cust-003546,2026-05-07,direct, Andalucía ,,vip,False
cust-002116,2023-12-12,direct,illes balears,Palma,ocasional,True
cust-048529,29 de junio de 2025,email,CATALUÑA,Barcelona,nuevo,True
cust-016554,4 de noviembre de 2024,organic, Andalucía ,Sevilla,nuevo,False
cust-045016,16/08/2024,direct,CATALUÑA,Barcelona,habitual,False
cust-021595,2025-05-14,organic, Castilla-La Mancha ,Toledo,ocasional,True
cust-015628,2023-07-03,direct,andalucía,Sevilla,ocasional,True
cust-034745,2 de julio de 2024,direct,Madrid,Madrid,nuevo,True
cust-012201,26 de marzo de 2025,direct, País Vasco ,Bilbao,nuevo,True
cust-034641,2025-12-30,organic,Canarias,Las Palmas,ocasional,True
cust-015166,2025-05-05,email,Canarias ,Las Palmas,ocasional,True
cust-042748,15 de mayo de 2025,organic,ANDALUCÍA,Sevilla,nuevo,True
cust-015868,05/05/2024,email,Castilla y León,Valladolid,nuevo,True
cust-015938,31/10/2024,email,illes balears,Palma,nuevo,True
cust-036316,2023-08-21,direct,Andalucía,Sevilla,habitual,False
cust-000604,5 de diciembre de 2025,direct, Andalucía ,Sevilla,vip,False
cust-056216,2025-08-08,paid_search,castilla y león,,ocasional,True
cust-032411,08/05/2026,organic,Galicia,A Coruña,habitual,True
cust-020504,2023-09-29,affiliate,castilla-la mancha,Toledo,vip,True
cust-041968,2026-05-27,email,COMUNIDAD VALENCIANA,Valencia,ocasional,False
cust-027880,28 de abril de 2024,organic,Cataluña,Barcelona,ocasional,True
cust-058424,31/08/2025,paid_social,Madrid,Madrid,ocasional,True
cust-050608,12 de mayo de 2026,direct, Cantabria ,,habitual,True
cust-045014,21 de abril de 2025,direct,Asturias,Oviedo,vip,False
cust-019939,27/05/2026,email,Extremadura,Badajoz,habitual,True
cust-030971,22/09/2024,email,Aragón,Zaragoza,ocasional,True
cust-048659,2024-08-24,affiliate, Extremadura ,Badajoz,nuevo,False
cust-010801,2025-09-09,direct,Madrid,,vip,False
cust-039323,19 de junio de 2024,direct,Galicia,A Coruña,nuevo,False
cust-000767,2026-04-27,organic, Canarias ,Las Palmas,vip,True
cust-011684,26 de septiembre de 2025,email,galicia,A Coruña,habitual,True
cust-010803,2025-11-17,paid_social,comunidad valenciana,Valencia,nuevo,True
cust-001072,2025-12-04,paid_search,andalucía,Sevilla,nuevo,True
cust-025103,22 de abril de 2026,paid_social,Aragón ,Zaragoza,ocasional,True
cust-001723,22/04/2025,email, Navarra ,Pamplona,nuevo,True
cust-037201,14/03/2026,direct,ANDALUCÍA,Sevilla,habitual,False
cust-049406,09/06/2023,email, Castilla-La Mancha ,Toledo,ocasional,True
cust-021721,2023-11-25,direct,CATALUÑA,Barcelona,nuevo,True
cust-028584,2025-11-10,organic,canarias,Las Palmas,vip,False
cust-041411,8 de julio de 2024,paid_social,PAÍS VASCO,Bilbao,habitual,False
cust-013042,2026-02-05,paid_social,madrid,Madrid,nuevo,True
cust-015154,03/07/2024,direct, Cataluña ,Barcelona,habitual,True
cust-016383,24 de abril de 2024,paid_social, Galicia ,A Coruña,habitual,False
cust-051409,31/05/2026,direct,asturias,Oviedo,habitual,True
cust-001529,2024-11-14,paid_search,Madrid,Madrid,nuevo,True
cust-051706,13/08/2024,email, Andalucía  ,Sevilla,nuevo,True
cust-043052,23/04/2025,direct, Madrid ,,vip,True
cust-006194,30 de junio de 2025,organic,Madrid,Madrid,nuevo,True
cust-011212,07/05/2026,email, Castilla-La Mancha ,Toledo,habitual,True
cust-041546,13/06/2025,direct,Cataluña,Barcelona,nuevo,True
cust-049158,22/03/2026,email, Comunidad Valenciana ,Valencia,ocasional,True
cust-034729,15/11/2023,direct,Andalucía,Sevilla,vip,True
cust-024940,2024-04-29,paid_search,Castilla-La Mancha,Toledo,vip,True
cust-039135,24 de septiembre de 2025,paid_social,Andalucía,Sevilla,ocasional,True
cust-043072,2023-03-12,paid_search,MADRID,Madrid,habitual,True
cust-038650,2025-12-02,email,canarias,Las Palmas,ocasional,False
cust-001173,2023-06-06,organic,comunidad valenciana,Valencia,habitual,True
cust-025097,14 de julio de 2025,direct,ANDALUCÍA,Sevilla,ocasional,True
cust-032633,2023-02-03,affiliate,CANARIAS,Las Palmas,vip,False
cust-033183,2025-09-12,email,Castilla y León ,,ocasional,False
cust-003027,2025-10-04,organic,canarias,,vip,True
cust-012353,2025-03-06,organic,Andalucía,Sevilla,ocasional,True
cust-020400,2023-08-17,paid_social,país vasco,Bilbao,nuevo,True
cust-045211,2024-01-02,organic,REGIÓN DE MURCIA,Murcia,ocasional,True
cust-055065,29/01/2023,direct,comunidad valenciana,,habitual,False
cust-024829,24 de junio de 2026,paid_social,castilla y león,Valladolid,ocasional,False
cust-018774,2025-04-16,organic,GALICIA,,nuevo,True
cust-025239,4 de enero de 2025,direct, Andalucía ,Sevilla,nuevo,True
cust-023542,28 de octubre de 2023,organic,madrid,Madrid,nuevo,True
cust-018129,31/07/2024,direct,galicia,A Coruña,habitual,False
cust-023210,24 de noviembre de 2024,organic,ILLES BALEARS,Palma,habitual,False
cust-017423,19/02/2023,email,Cataluña,Barcelona,ocasional,True
cust-043939,2024-12-12,organic,país vasco,Bilbao,ocasional,True
cust-049848,5 de julio de 2025,affiliate,MADRID,Madrid,habitual,True
cust-005860,2024-04-19,affiliate,Andalucía,Sevilla,ocasional,True
cust-001863,26 de junio de 2026,direct, Extremadura ,Badajoz,nuevo,False
cust-042715,2026-03-28,affiliate,CASTILLA Y LEÓN,Valladolid,nuevo,True
cust-016946,9 de agosto de 2023,organic,REGIÓN DE MURCIA,Murcia,habitual,True
cust-008084,17/04/2023,direct,PAÍS VASCO,Bilbao,nuevo,False
cust-027682,11/04/2025,organic,madrid,Madrid,ocasional,True
cust-018372,2025-07-21,organic,andalucía,,nuevo,False
cust-036403,2023-01-04,email,galicia,A Coruña,habitual,False
cust-040361,2023-09-23,organic, País Vasco ,Bilbao,vip,True
cust-039586,27 de junio de 2023,email,Extremadura,Badajoz,nuevo,False
cust-024469,2026-05-17,organic,Andalucía,Sevilla,ocasional,True
cust-032934,2023-12-31,email,MADRID,,nuevo,False
cust-028063,6 de marzo de 2023,affiliate,Andalucía,Sevilla,ocasional,True
cust-054364,2023-11-27,organic,madrid,Madrid,nuevo,True
cust-015473,29 de enero de 2025,organic,ILLES BALEARS,Palma,ocasional,True
cust-007222,25/12/2025,affiliate,país vasco,Bilbao,nuevo,True
cust-002868,16 de junio de 2026,email,Andalucía,Sevilla,ocasional,True
cust-029944,22/02/2026,organic,GALICIA,A Coruña,habitual,False
cust-037432,2024-04-13,email,Asturias,Oviedo,nuevo,True
cust-015695,21 de enero de 2023,direct,ARAGÓN,Zaragoza,nuevo,False
cust-019669,5 de diciembre de 2024,direct,Galicia,A Coruña,nuevo,True
cust-058269,2025-08-27,paid_search,Illes Balears,Palma,habitual,True
cust-037565,23 de marzo de 2023,direct, Asturias ,Oviedo,nuevo,True
cust-016791,29/11/2024,paid_search,CASTILLA Y LEÓN,Valladolid,habitual,True
cust-028567,2023-10-18,direct,ANDALUCÍA,Sevilla,nuevo,True
cust-010782,3 de julio de 2024,paid_search,cataluña,Barcelona,habitual,True
cust-000783,30 de junio de 2026,paid_social,país vasco,Bilbao,nuevo,True
cust-036009,20 de marzo de 2025,direct,COMUNIDAD VALENCIANA,Valencia,vip,True
cust-024878,10/09/2024,email,ANDALUCÍA,Sevilla,habitual,True
cust-032206,20 de mayo de 2026,email,andalucía,Sevilla,nuevo,False
cust-007286,28 de octubre de 2025,paid_search,andalucía,Sevilla,vip,False
cust-013341,2026-02-19,organic,Andalucía,Sevilla,habitual,False
cust-016175,29/12/2025,email,Comunidad Valenciana,Valencia,ocasional,True
cust-031565,2026-05-17,organic, Galicia ,A Coruña,nuevo,True
cust-052269,8 de junio de 2025,paid_search,galicia,A Coruña,nuevo,True
cust-015938,31/10/2024,email,illes balears,Palma,nuevo,True
cust-039880,19/08/2025,direct,Andalucía,Sevilla,nuevo,True
cust-027706,2024-11-24,direct,madrid,Madrid,nuevo,False
cust-016398,14 de febrero de 2025,direct,madrid,Madrid,ocasional,True
cust-041008,2025-07-03,email,Madrid,,ocasional,False
cust-039292,2026-01-01,paid_search,ASTURIAS,Oviedo,nuevo,True
cust-022350,2023-11-23,email,CATALUÑA,Barcelona,habitual,False
cust-034074,25 de febrero de 2025,paid_search,CATALUÑA,Barcelona,vip,True
cust-016549,2026-01-12,email, Madrid ,Madrid,ocasional,True
cust-041690,03/12/2025,direct,PAÍS VASCO,Bilbao,habitual,True
cust-017500,5 de marzo de 2025,direct,cataluña,Barcelona,habitual,False
cust-008714,17 de julio de 2024,organic, Comunidad Valenciana ,Valencia,vip,False
cust-048928,06/12/2025,paid_social, Andalucía ,Sevilla,ocasional,True
cust-027810,2 de enero de 2025,paid_search, Comunidad Valenciana ,Valencia,habitual,True
cust-010999,28 de enero de 2026,affiliate, Andalucía ,Sevilla,ocasional,True
cust-046878,2025-02-11,affiliate,cataluña,Barcelona,vip,False
cust-037341,2025-08-02,direct, Aragón ,,habitual,False
cust-036449,1 de septiembre de 2023,direct,MADRID,Madrid,ocasional,True
cust-057457,2026-03-14,organic,andalucía,Sevilla,ocasional,True
cust-037218,14 de marzo de 2026,paid_search,Asturias,Oviedo,ocasional,False
cust-015159,08/05/2025,email,COMUNIDAD VALENCIANA,Valencia,ocasional,False
cust-009349,6 de mayo de 2026,paid_social,aragón ,Zaragoza,nuevo,True
cust-046586,28/09/2024,direct, Galicia ,A Coruña,habitual,True
cust-000177,2025-11-04,paid_search,COMUNIDAD VALENCIANA,Valencia,habitual,False
cust-045098,2025-01-27,paid_search,región de murcia,Murcia,ocasional,False
cust-008373,2023-12-30,direct,cataluña,Barcelona,nuevo,False
cust-055188,2024-07-20,direct, Cataluña ,,ocasional,True
cust-056238,2025-11-27,organic, Galicia ,A Coruña,vip,True
cust-031357,6 de febrero de 2026,direct, Castilla-La Mancha ,,ocasional,False
cust-024005,24 de septiembre de 2024,paid_social,andalucía,Sevilla,vip,True
cust-012459,01/02/2026,paid_social,Andalucía,Sevilla,habitual,True
cust-043937,10/10/2024,paid_social,Andalucía,Sevilla,nuevo,True
cust-024450,25 de noviembre de 2025,organic,aragón,Zaragoza,habitual,True
cust-035289,2023-11-12,paid_search,madrid ,,nuevo,True
cust-059046,2025-12-01,affiliate, País Vasco  ,Bilbao,nuevo,True
cust-032066,27/10/2024,affiliate,CASTILLA-LA MANCHA,Toledo,habitual,False
cust-013032,24/12/2023,paid_social,REGIÓN DE MURCIA,,ocasional,True
cust-045913,13 de abril de 2024,paid_social,andalucía,Sevilla,ocasional,True
cust-036734,31/05/2023,direct,galicia,A Coruña,habitual,True
cust-025108,16/07/2024,paid_social,madrid,Madrid,ocasional,True
cust-035318,2023-12-19,direct,Extremadura,Badajoz,nuevo,True
cust-033023,2025-11-28,organic, País Vasco ,Bilbao,habitual,True
cust-022974,17/01/2024,direct,CATALUÑA,Barcelona,nuevo,True
cust-018651,15/06/2025,organic,CATALUÑA,Barcelona,habitual,True
cust-016978,2026-02-09,email,Región de Murcia,Murcia,ocasional,True
cust-057072,1 de febrero de 2023,direct,canarias,Las Palmas,nuevo,True
cust-017869,2023-01-18,affiliate,madrid,Madrid,ocasional,True
cust-007107,2024-08-20,organic,Andalucía,Sevilla,ocasional,True
cust-035614,27/09/2025,paid_search,Cataluña,,nuevo,True
cust-022165,23/02/2026,email,CASTILLA Y LEÓN,Valladolid,habitual,True
cust-059660,2023-11-28,paid_search,galicia,A Coruña,nuevo,True
cust-001397,22/07/2024,direct,andalucía,Sevilla,nuevo,True
cust-058370,10 de mayo de 2024,paid_search,Galicia,A Coruña,ocasional,True
cust-052707,10/10/2025,organic, Cataluña ,Barcelona,nuevo,True
cust-039599,2025-09-02,direct, Cataluña ,Barcelona,nuevo,True
cust-056231,2026-05-03,paid_search,COMUNIDAD VALENCIANA,Valencia,habitual,False
cust-013376,13/07/2025,paid_search,illes balears,,nuevo,True
cust-012457,10/03/2026,direct,Cataluña,Barcelona,nuevo,False
cust-044370,20/03/2025,direct,CATALUÑA,Barcelona,habitual,True
cust-008762,2026-04-05,paid_search, Andalucía ,Sevilla,ocasional,True
cust-040258,2024-02-24,direct,MADRID,Madrid,ocasional,False
cust-052892,21 de mayo de 2025,paid_search, Madrid ,Madrid,nuevo,True
cust-056017,2024-03-09,direct,Andalucía,Sevilla,nuevo,False
cust-046496,2025-10-01,paid_search,Comunidad Valenciana,Valencia,nuevo,False
cust-017973,12 de enero de 2026,affiliate,CATALUÑA,Barcelona,nuevo,True
cust-042952,2025-05-22,paid_search,aragón,Zaragoza,ocasional,True
cust-055605,23/08/2023,paid_search,cataluña,Barcelona,habitual,False
cust-037034,2026-04-22,email,país vasco,Bilbao,vip,True
cust-014953,19/10/2023,paid_social,MADRID,Madrid,habitual,False
cust-039642,2024-11-06,organic,Navarra,Pamplona,ocasional,True
cust-017152,20 de enero de 2026,paid_social, Castilla-La Mancha ,Toledo,nuevo,True
cust-040657,03/12/2024,direct,Andalucía,Sevilla,vip,True
cust-040263,8 de noviembre de 2025,direct, Región de Murcia ,Murcia,ocasional,True
cust-047177,2024-04-17,direct,Cataluña,Barcelona,nuevo,False
cust-040598,18/07/2025,direct,ANDALUCÍA,Sevilla,nuevo,False
cust-047717,26 de octubre de 2024,paid_search,Extremadura,Badajoz,nuevo,True
cust-052043,16 de mayo de 2026,paid_social, Andalucía ,Sevilla,habitual,False
cust-014184,2024-04-08,paid_search, Canarias ,Las Palmas,vip,True
cust-014093,13 de marzo de 2025,email,canarias,Las Palmas,habitual,True
cust-045667,16 de mayo de 2026,direct,Canarias,Las Palmas,vip,False
cust-030042,2023-06-16,email,REGIÓN DE MURCIA,Murcia,vip,False
cust-053674,23 de septiembre de 2025,direct, Galicia ,A Coruña,nuevo,False
cust-018151,2025-08-27,paid_social,cataluña,Barcelona,habitual,False
cust-057811,22 de febrero de 2026,paid_search, Galicia ,A Coruña,ocasional,True
cust-014014,20/07/2024,paid_social,Canarias,Las Palmas,vip,True
cust-046441,2024-09-02,direct, Castilla y León ,Valladolid,nuevo,True
cust-011243,2024-03-02,organic, Comunidad Valenciana ,Valencia,habitual,True
cust-045415,16 de abril de 2026,direct, Cataluña ,Barcelona,nuevo,False
cust-020342,2 de noviembre de 2023,paid_search,galicia,A Coruña,habitual,False
cust-006430,24/03/2026,email,andalucía,Sevilla,habitual,False
cust-021717,15 de mayo de 2025,paid_search,comunidad valenciana,Valencia,nuevo,True
cust-014274,5 de abril de 2023,direct,galicia,A Coruña,nuevo,False
cust-041836,20 de mayo de 2025,direct,cataluña,Barcelona,ocasional,True
cust-035229,01/02/2025,direct,castilla y león,Valladolid,vip,False
cust-034715,24/12/2023,direct,Canarias,Las Palmas,habitual,True
cust-057320,26 de agosto de 2023,email,ANDALUCÍA,Sevilla,ocasional,True
cust-009583,17/08/2023,organic, Madrid ,Madrid,nuevo,True
cust-043888,06/11/2023,paid_social,andalucía,Sevilla,vip,True
cust-039472,2025-08-09,email,CATALUÑA,Barcelona,ocasional,True
cust-051044,10 de septiembre de 2024,organic,madrid,Madrid,ocasional,True
cust-050668,23/07/2024,paid_search,Madrid,Madrid,ocasional,False
cust-026527,2024-07-21,email,país vasco,Bilbao,ocasional,True
cust-025267,13/11/2025,direct,ANDALUCÍA,Sevilla,ocasional,True
cust-024782,2024-09-06,paid_social, Andalucía ,Sevilla,habitual,True
cust-037259,24/09/2023,direct,Andalucía,Sevilla,ocasional,True
