event_id,session_id,event_type,occurred_at,app_version,properties
evt-00069606,sess-00040880,checkout,2025-03-13 19:01:07.459215087,,"{""stage_rank"":2}"
evt-00872144,sess-00512622,checkout,2024-01-17 15:59:31.247566895,,"{""stage_rank"":2}"
evt-01194125,sess-00701848,page_view,2024-02-13 22:18:45.989287429,4.0.0,"{""stage_rank"":0}"
evt-00541760,sess-00318319,page_view,2025-01-22 20:41:56.202314769,4.2.0,"{""stage_rank"":0}"
evt-00017046,sess-00010096,add_to_cart,2026-01-08 21:02:07.683004505,,"{""stage_rank"":1}"
evt-00821211,sess-00482610,page_view,2025-09-07 12:58:08.263405169,4.4.0,"{""stage_rank"":0}"
evt-01379038,sess-00810303,page_view,2024-11-16 12:40:11.590496841,4.2.0,"{""stage_rank"":0}"
evt-00486101,sess-00285800,page_view,2024-04-16 11:54:09.765165832,4.0.0,"{""stage_rank"":0}"
evt-00118179,sess-00069301,page_view,2023-11-11 20:50:12.079731494,,"{""stage_rank"":0}"
evt-01287691,sess-00756807,add_to_cart,2024-10-17 00:24:42.841886769,,"{""stage_rank"":1}"
evt-00774156,sess-00455018,page_view,2023-06-01 22:28:46.971742453,3.8.0,"{""stage_rank"":0}"
evt-01060252,sess-00623268,checkout,2024-01-16 11:59:40.647696704,,"{""stage_rank"":2}"
evt-01422880,sess-00836172,page_view,2025-02-27 16:39:13.733935971,,"{""stage_rank"":0}"
evt-00347340,sess-00204100,purchase,2026-03-28 17:55:32.107010429,,"{""stage_rank"":3}"
evt-00132387,sess-00077663,page_view,2025-03-13 19:33:03.645460484,4.3.0,"{""stage_rank"":0}"
evt-01342202,sess-00788749,page_view,2023-08-08 04:54:27.866039054,3.8.0,"{""stage_rank"":0}"
evt-01390724,sess-00817182,page_view,2024-07-02 18:07:08.189470514,,"{""stage_rank"":0}"
evt-01470054,sess-00863778,page_view,2023-07-17 21:04:36.315021491,,"{""stage_rank"":0}"
evt-00056385,sess-00033076,page_view,2025-12-12 03:49:33.522127526,4.4.0,"{""stage_rank"":0}"
evt-00536575,sess-00315320,page_view,2025-01-27 21:59:45.268375945,4.2.0,"{""stage_rank"":0}"
evt-00114530,sess-00067186,add_to_cart,2025-12-12 17:47:45.313528706,,"{""stage_rank"":1}"
evt-00642359,sess-00377480,add_to_cart,2023-05-11 00:29:23.111261279,3.8.0,"{""stage_rank"":1}"
evt-00950897,sess-00559143,page_view,2023-08-20 01:39:16.828942074,,"{""stage_rank"":0}"
evt-01322768,sess-00777396,page_view,2026-01-31 22:47:04.310601216,,"{""stage_rank"":0}"
evt-00928666,sess-00546003,page_view,2025-08-21 19:25:05.111769882,4.4.0,"{""stage_rank"":0}"
evt-00725712,sess-00426477,page_view,2024-03-24 19:45:29.422016685,4.0.0,"{""stage_rank"":0}"
evt-00903152,sess-00530897,add_to_cart,2025-01-29 18:25:55.305514229,4.2.0,"{""stage_rank"":1}"
evt-01046898,sess-00615417,purchase,2023-05-25 20:08:39.077031397,,"{""stage_rank"":3}"
evt-01532205,sess-00900370,page_view,2024-04-30 15:45:14.487797325,,"{""stage_rank"":0}"
evt-00546634,sess-00321172,add_to_cart,2025-02-23 19:38:20.672397183,,"{""stage_rank"":1}"
evt-00495572,sess-00291392,page_view,2024-05-19 21:23:06.709013588,4.0.0,"{""stage_rank"":0}"
evt-00166855,sess-00097943,add_to_cart,2024-07-23 14:33:48.882562839,4.0.0,"{""stage_rank"":1}"
evt-00706664,sess-00415368,page_view,2025-12-30 04:28:19.086258107,4.4.0,"{""stage_rank"":0}"
evt-00194055,sess-00113933,page_view,2023-07-04 00:57:30.670093719,,"{""stage_rank"":0}"
evt-01169986,sess-00687703,checkout,2025-05-02 01:49:41.156110744,4.3.0,"{""stage_rank"":2}"
evt-00513068,sess-00301560,add_to_cart,2025-08-29 20:27:07.041825097,4.4.0,"{""stage_rank"":1}"
evt-01336745,sess-00785555,add_to_cart,2023-03-20 20:46:33.163569523,3.8.0,"{""stage_rank"":1}"
evt-00950428,sess-00558856,page_view,2025-03-20 21:14:37.985843175,4.3.0,"{""stage_rank"":0}"
evt-00461495,sess-00271358,page_view,2023-08-09 23:38:19.360261222,3.8.0,"{""stage_rank"":0}"
evt-00086612,sess-00050867,add_to_cart,2023-11-20 19:03:42.788747389,3.8.0,"{""stage_rank"":1}"
evt-00785063,sess-00461395,checkout,2024-01-13 00:06:58.334277052,3.8.0,"{""stage_rank"":2}"
evt-00462104,sess-00271709,checkout,2025-12-03 19:27:13.431113021,,"{""stage_rank"":2}"
evt-00896372,sess-00526881,checkout,2026-02-05 21:16:44.684483710,4.4.0,"{""stage_rank"":2}"
evt-01627390,sess-00956425,add_to_cart,2026-02-16 01:11:21.889151208,4.4.0,"{""stage_rank"":1}"
evt-00141312,sess-00082928,add_to_cart,2025-10-27 20:53:30.572243367,,"{""stage_rank"":1}"
evt-01509912,sess-00887241,add_to_cart,2023-06-19 22:29:10.401351567,,"{""stage_rank"":1}"
evt-01542638,sess-00906496,add_to_cart,2026-06-07 23:39:38.526712554,4.4.0,"{""stage_rank"":1}"
evt-01673493,sess-00983395,checkout,2024-09-29 22:26:34.554206835,4.1.0,"{""stage_rank"":2}"
evt-00631708,sess-00371116,page_view,2023-09-20 22:46:12.743125003,,"{""stage_rank"":0}"
evt-01350255,sess-00793469,add_to_cart,2024-08-02 17:33:51.569242228,4.1.0,"{""stage_rank"":1}"
evt-01108259,sess-00651464,page_view,2023-10-28 21:15:23.866169137,3.8.0,"{""stage_rank"":0}"
evt-00683987,sess-00401957,page_view,2025-07-24 01:14:34.564295707,4.3.0,"{""stage_rank"":0}"
evt-01548786,sess-00910111,add_to_cart,2024-01-07 14:36:14.448164503,3.8.0,"{""stage_rank"":1}"
evt-00308368,sess-00181113,add_to_cart,2023-12-15 22:54:51.733454529,,"{""stage_rank"":1}"
evt-00471308,sess-00277088,checkout,2025-05-02 21:29:49.789269215,4.3.0,"{""stage_rank"":2}"
evt-00690542,sess-00405894,add_to_cart,2025-02-14 12:43:42.322447792,4.3.0,"{""stage_rank"":1}"
evt-01534274,sess-00901572,page_view,2024-11-05 17:16:14.707442301,,"{""stage_rank"":0}"
evt-00157318,sess-00092375,page_view,2024-12-30 21:17:42.035885960,,"{""stage_rank"":0}"
evt-00480962,sess-00282775,page_view,2024-11-22 00:45:39.183628616,,"{""stage_rank"":0}"
evt-01136858,sess-00668193,page_view,2026-04-05 16:34:59.100986780,,"{""stage_rank"":0}"
evt-00420284,sess-00247103,page_view,2023-12-16 21:37:15.383705034,,"{""stage_rank"":0}"
evt-01221980,sess-00718144,add_to_cart,2023-06-28 14:07:54.901125596,,"{""stage_rank"":1}"
evt-01186875,sess-00697603,add_to_cart,2025-02-17 16:01:22.328144556,,"{""stage_rank"":1}"
evt-01383347,sess-00812831,page_view,2023-03-23 21:09:21.716173930,,"{""stage_rank"":0}"
evt-01236001,sess-00726431,add_to_cart,2026-02-20 23:09:17.657266536,,"{""stage_rank"":1}"
evt-00635236,sess-00373225,add_to_cart,2024-07-25 16:36:59.419287968,,"{""stage_rank"":1}"
evt-01701503,sess-00999790,add_to_cart,2024-08-28 00:53:04.481825496,,"{""stage_rank"":1}"
evt-00653875,sess-00384342,purchase,2024-01-04 20:14:41.760134907,3.8.0,"{""stage_rank"":3}"
evt-01657296,sess-00973984,add_to_cart,2023-12-08 22:19:27.895087051,3.8.0,"{""stage_rank"":1}"
evt-01175642,sess-00691046,add_to_cart,2024-04-20 19:56:57.237848901,4.0.0,"{""stage_rank"":1}"
evt-01331943,sess-00782733,add_to_cart,2023-08-16 23:56:20.199769733,3.8.0,"{""stage_rank"":1}"
evt-00616407,sess-00362117,add_to_cart,2025-11-22 16:03:17.400818103,4.4.0,"{""stage_rank"":1}"
evt-00775926,sess-00456017,page_view,2025-11-26 18:45:09.157019321,,"{""stage_rank"":0}"
evt-01436375,sess-00844053,add_to_cart,2023-11-16 22:52:02.901787872,3.8.0,"{""stage_rank"":1}"
evt-00399994,sess-00235128,add_to_cart,2025-02-05 20:00:35.229442626,,"{""stage_rank"":1}"
evt-01537988,sess-00903737,page_view,2025-06-06 01:18:04.215965066,,"{""stage_rank"":0}"
evt-01305256,sess-00767151,page_view,2024-08-21 02:32:52.867590011,4.1.0,"{""stage_rank"":0}"
evt-00254989,sess-00149865,page_view,2026-06-10 18:58:29.367185812,4.4.0,"{""stage_rank"":0}"
evt-00214181,sess-00125788,page_view,2023-09-16 17:50:02.184369641,,"{""stage_rank"":0}"
evt-00022623,sess-00013338,checkout,2025-10-16 23:13:40.911708429,4.4.0,"{""stage_rank"":2}"
evt-01095241,sess-00643791,page_view,2023-01-28 04:43:59.865546517,,"{""stage_rank"":0}"
evt-00073371,sess-00043124,checkout,2024-09-24 13:57:11.318460014,4.1.0,"{""stage_rank"":2}"
evt-00404288,sess-00237653,page_view,2025-12-15 17:47:37.875330317,,"{""stage_rank"":0}"
evt-00887502,sess-00521648,page_view,2023-05-09 22:57:13.933534638,3.8.0,"{""stage_rank"":0}"
evt-00795329,sess-00467453,add_to_cart,2025-06-01 17:04:08.576236362,,"{""stage_rank"":1}"
evt-00126955,sess-00074460,page_view,2023-11-14 22:37:21.400004447,,"{""stage_rank"":0}"
evt-00614135,sess-00360795,add_to_cart,2025-05-24 18:58:14.454907205,4.3.0,"{""stage_rank"":1}"
evt-00799266,sess-00469726,page_view,2023-07-21 16:45:00.291908799,,"{""stage_rank"":0}"
evt-00154147,sess-00090485,checkout,2024-07-17 19:56:16.966714698,4.0.0,"{""stage_rank"":2}"
evt-00311491,sess-00182996,add_to_cart,2026-04-11 21:15:05.507495233,4.4.0,"{""stage_rank"":1}"
evt-01209680,sess-00710914,page_view,2024-01-14 19:08:48.669430174,3.8.0,"{""stage_rank"":0}"
evt-00702409,sess-00412863,add_to_cart,2025-01-29 16:58:35.087877739,4.2.0,"{""stage_rank"":1}"
evt-01261534,sess-00741434,add_to_cart,2023-06-22 22:45:40.636400761,3.8.0,"{""stage_rank"":1}"
evt-00764845,sess-00449533,page_view,2025-03-13 18:31:25.736356869,4.3.0,"{""stage_rank"":0}"
evt-01448951,sess-00851435,add_to_cart,2025-11-12 18:33:51.302859910,4.4.0,"{""stage_rank"":1}"
evt-00761627,sess-00447634,page_view,2024-10-17 14:10:37.042883675,,"{""stage_rank"":0}"
evt-00798365,sess-00469206,add_to_cart,2026-01-26 21:02:38.269435428,4.4.0,"{""stage_rank"":1}"
evt-01457280,sess-00856276,add_to_cart,2025-07-11 00:26:47.835961225,4.3.0,"{""stage_rank"":1}"
evt-01701655,sess-00999871,checkout,2023-02-19 13:11:09.154512669,,"{""stage_rank"":2}"
evt-01193711,sess-00701608,page_view,2023-05-02 14:29:40.117896717,,"{""stage_rank"":0}"
evt-00031479,sess-00018489,page_view,2025-02-06 16:22:19.260561720,,"{""stage_rank"":0}"
evt-00912902,sess-00536728,checkout,2024-07-06 13:55:41.813320669,4.0.0,"{""stage_rank"":2}"
evt-01433157,sess-00842153,page_view,2023-12-24 17:07:48.620633376,,"{""stage_rank"":0}"
evt-00279775,sess-00164365,add_to_cart,2025-08-25 13:38:11.451199159,4.4.0,"{""stage_rank"":1}"
evt-01686994,sess-00991263,page_view,2024-08-20 18:22:25.533785888,4.1.0,"{""stage_rank"":0}"
evt-00903784,sess-00531263,add_to_cart,2025-02-28 22:23:02.170806445,4.3.0,"{""stage_rank"":1}"
evt-01217066,sess-00715258,add_to_cart,2023-02-04 20:32:22.320150995,3.8.0,"{""stage_rank"":1}"
evt-01451081,sess-00852659,page_view,2023-07-28 18:19:02.822358815,,"{""stage_rank"":0}"
evt-00874041,sess-00513740,page_view,2023-11-12 22:01:03.713983836,3.8.0,"{""stage_rank"":0}"
evt-00264956,sess-00155721,page_view,2023-11-14 20:06:08.832459798,3.8.0,"{""stage_rank"":0}"
evt-01475003,sess-00866704,page_view,2026-05-18 19:05:17.703036215,,"{""stage_rank"":0}"
evt-01543987,sess-00907297,page_view,2024-12-02 22:53:17.064230615,,"{""stage_rank"":0}"
evt-01623376,sess-00954045,page_view,2026-05-23 17:51:07.386059522,4.4.0,"{""stage_rank"":0}"
evt-00613058,sess-00360156,add_to_cart,2026-01-31 19:55:42.076745228,,"{""stage_rank"":1}"
evt-00699881,sess-00411387,page_view,2025-12-23 16:28:33.773227147,,"{""stage_rank"":0}"
evt-00743676,sess-00437048,checkout,2025-10-27 20:17:01.414297311,,"{""stage_rank"":2}"
evt-00083942,sess-00049316,add_to_cart,2025-09-06 18:37:45.136928415,,"{""stage_rank"":1}"
evt-01372113,sess-00806249,purchase,2024-12-30 18:41:27.403843575,,"{""stage_rank"":3}"
evt-00687415,sess-00404027,page_view,2023-09-25 19:48:37.108719550,,"{""stage_rank"":0}"
evt-00887898,sess-00521880,page_view,2025-09-05 22:08:19.501659522,,"{""stage_rank"":0}"
evt-00321598,sess-00188961,checkout,2025-03-26 04:32:04.097895540,4.3.0,"{""stage_rank"":2}"
evt-00437206,sess-00257013,add_to_cart,2024-10-31 22:24:46.685434565,,"{""stage_rank"":1}"
evt-00526584,sess-00309445,page_view,2023-08-03 17:19:01.492151607,3.8.0,"{""stage_rank"":0}"
evt-01637533,sess-00962398,add_to_cart,2026-02-12 14:26:25.708028032,4.4.0,"{""stage_rank"":1}"
evt-00989814,sess-00582073,page_view,2024-08-24 19:18:02.603265058,4.1.0,"{""stage_rank"":0}"
evt-01449006,sess-00851467,add_to_cart,2026-02-24 00:49:27.020397623,4.4.0,"{""stage_rank"":1}"
evt-00660866,sess-00388412,page_view,2025-10-06 05:17:56.932917719,,"{""stage_rank"":0}"
evt-01691596,sess-00993981,add_to_cart,2023-08-17 20:23:49.487855422,3.8.0,"{""stage_rank"":1}"
evt-00174128,sess-00102240,add_to_cart,2023-02-04 22:07:34.681888654,3.8.0,"{""stage_rank"":1}"
evt-00436786,sess-00256778,add_to_cart,2023-02-18 10:44:13.614641805,3.8.0,"{""stage_rank"":1}"
evt-00239847,sess-00141013,page_view,2024-05-18 20:07:37.763503637,,"{""stage_rank"":0}"
evt-00565178,sess-00332036,page_view,2025-04-27 22:37:38.698760027,,"{""stage_rank"":0}"
evt-00448643,sess-00263741,page_view,2024-08-23 20:31:33.485526843,4.1.0,"{""stage_rank"":0}"
evt-01576376,sess-00926281,page_view,2023-06-05 22:11:45.683777261,3.8.0,"{""stage_rank"":0}"
evt-00248074,sess-00145870,page_view,2023-02-11 19:23:30.223607511,3.8.0,"{""stage_rank"":0}"
evt-01508429,sess-00886361,page_view,2024-08-30 17:35:04.233463663,4.1.0,"{""stage_rank"":0}"
evt-00666262,sess-00391612,page_view,2024-11-05 07:51:57.329570663,4.1.0,"{""stage_rank"":0}"
evt-00701705,sess-00412443,page_view,2025-05-12 19:45:44.251965381,4.3.0,"{""stage_rank"":0}"
evt-01567190,sess-00920882,page_view,2024-08-24 16:44:14.077080673,4.1.0,"{""stage_rank"":0}"
evt-00156435,sess-00091852,page_view,2024-01-29 14:31:11.993160381,3.8.0,"{""stage_rank"":0}"
evt-01344898,sess-00790313,page_view,2025-05-16 00:55:00.379902467,,"{""stage_rank"":0}"
evt-01422660,sess-00836036,add_to_cart,2023-03-18 19:25:13.544971059,,"{""stage_rank"":1}"
evt-01521858,sess-00894282,page_view,2023-06-15 01:27:51.108908053,3.8.0,"{""stage_rank"":0}"
evt-01091276,sess-00641474,checkout,2023-06-01 18:21:03.806495073,3.8.0,"{""stage_rank"":2}"
evt-00668532,sess-00392945,page_view,2025-08-29 23:57:21.688885197,4.4.0,"{""stage_rank"":0}"
evt-00090454,sess-00053159,purchase,2025-10-29 20:28:25.519565801,4.4.0,"{""stage_rank"":3}"
evt-01319392,sess-00775399,page_view,2025-12-17 21:27:03.631970871,4.4.0,"{""stage_rank"":0}"
evt-00449412,sess-00264196,page_view,2024-10-26 17:49:30.018687923,4.1.0,"{""stage_rank"":0}"
evt-00938320,sess-00551705,add_to_cart,2025-11-11 18:04:11.062196314,4.4.0,"{""stage_rank"":1}"
evt-01615169,sess-00949176,page_view,2026-04-06 20:38:39.070486517,4.4.0,"{""stage_rank"":0}"
evt-00116335,sess-00068225,page_view,2023-03-22 01:30:18.439074331,,"{""stage_rank"":0}"
evt-01512820,sess-00888966,page_view,2023-10-05 19:53:56.395035050,,"{""stage_rank"":0}"
evt-00355959,sess-00209148,page_view,2024-01-23 00:36:10.615884543,3.8.0,"{""stage_rank"":0}"
evt-01647753,sess-00968390,add_to_cart,2024-04-06 17:01:10.505360203,,"{""stage_rank"":1}"
evt-01008182,sess-00592729,page_view,2026-01-31 23:32:50.806294685,,"{""stage_rank"":0}"
evt-00524304,sess-00308105,add_to_cart,2023-05-21 17:51:32.489711491,,"{""stage_rank"":1}"
evt-01523507,sess-00895255,add_to_cart,2023-08-23 20:10:09.826095100,3.8.0,"{""stage_rank"":1}"
evt-00952616,sess-00560132,page_view,2025-12-19 22:25:43.212223773,4.4.0,"{""stage_rank"":0}"
evt-00025959,sess-00015296,add_to_cart,2025-05-29 18:24:34.493055374,,"{""stage_rank"":1}"
evt-01094185,sess-00643179,page_view,2024-08-16 16:50:00.663324823,,"{""stage_rank"":0}"
evt-00801211,sess-00470896,page_view,2025-02-04 16:55:35.788838364,,"{""stage_rank"":0}"
evt-01640873,sess-00964375,add_to_cart,2023-04-24 18:18:40.887938497,,"{""stage_rank"":1}"
evt-00525505,sess-00308812,page_view,2023-05-17 23:49:24.847029835,3.8.0,"{""stage_rank"":0}"
evt-00566448,sess-00332776,page_view,2025-05-21 11:22:09.750021946,4.3.0,"{""stage_rank"":0}"
evt-00552962,sess-00324840,add_to_cart,2026-06-19 23:05:31.034640018,4.4.0,"{""stage_rank"":1}"
evt-01194571,sess-00702114,page_view,2025-01-29 16:54:37.582220475,,"{""stage_rank"":0}"
evt-00336973,sess-00198046,add_to_cart,2025-12-13 21:05:34.995119753,4.4.0,"{""stage_rank"":1}"
evt-00198393,sess-00116495,add_to_cart,2023-08-24 18:44:13.150497173,3.8.0,"{""stage_rank"":1}"
evt-00984180,sess-00578779,page_view,2024-07-18 23:06:02.189532897,,"{""stage_rank"":0}"
evt-01691923,sess-00994164,page_view,2025-08-26 22:58:01.486866726,,"{""stage_rank"":0}"
evt-01260358,sess-00740758,checkout,2026-01-03 23:48:19.453700712,4.4.0,"{""stage_rank"":2}"
evt-01009328,sess-00593405,add_to_cart,2024-08-18 21:50:01.379579973,,"{""stage_rank"":1}"
evt-00644042,sess-00378488,add_to_cart,2023-08-11 21:32:48.970189911,,"{""stage_rank"":1}"
evt-00517049,sess-00303909,page_view,2024-08-27 18:41:07.590388186,4.1.0,"{""stage_rank"":0}"
evt-01510608,sess-00887651,page_view,2026-03-25 19:32:00.585680148,4.4.0,"{""stage_rank"":0}"
evt-00805477,sess-00473401,page_view,2023-08-11 01:17:40.807489715,3.8.0,"{""stage_rank"":0}"
evt-01101684,sess-00647625,purchase,2023-05-11 15:33:26.106328856,,"{""stage_rank"":3}"
evt-01584538,sess-00931095,page_view,2023-02-19 18:36:55.436181355,,"{""stage_rank"":0}"
evt-00194693,sess-00114306,page_view,2023-01-31 23:10:18.576546550,,"{""stage_rank"":0}"
evt-00263460,sess-00154855,add_to_cart,2024-11-27 19:44:37.100648132,,"{""stage_rank"":1}"
evt-00355704,sess-00209004,page_view,2023-02-11 23:49:50.666266657,,"{""stage_rank"":0}"
evt-00502052,sess-00295163,add_to_cart,2026-05-10 02:58:55.024920275,4.4.0,"{""stage_rank"":1}"
evt-00407988,sess-00239863,page_view,2023-04-05 19:35:02.040523553,3.8.0,"{""stage_rank"":0}"
evt-00815531,sess-00479299,page_view,2025-09-23 19:05:11.917985737,,"{""stage_rank"":0}"
evt-00182754,sess-00107327,page_view,2026-02-14 18:16:56.282766192,,"{""stage_rank"":0}"
evt-01075892,sess-00632449,page_view,2023-02-28 02:52:58.873808121,,"{""stage_rank"":0}"
evt-00556130,sess-00326701,page_view,2024-11-23 23:01:59.449114858,4.2.0,"{""stage_rank"":0}"
evt-01085477,sess-00638064,page_view,2025-04-24 20:39:48.661392798,,"{""stage_rank"":0}"
evt-01158640,sess-00681034,add_to_cart,2023-01-29 21:33:40.377129135,3.8.0,"{""stage_rank"":1}"
evt-01487159,sess-00873826,page_view,2023-07-30 20:57:02.186270106,3.8.0,"{""stage_rank"":0}"
evt-00522826,sess-00307238,page_view,2023-08-17 15:24:48.321370424,,"{""stage_rank"":0}"
evt-00990021,sess-00582195,page_view,2024-02-18 20:51:00.326738552,4.0.0,"{""stage_rank"":0}"
evt-01274724,sess-00749169,page_view,2025-04-16 23:17:21.689009329,,"{""stage_rank"":0}"
evt-01653472,sess-00971757,add_to_cart,2024-07-06 00:47:52.299582578,,"{""stage_rank"":1}"
evt-01001758,sess-00588979,page_view,2024-10-08 23:33:45.664587921,4.1.0,"{""stage_rank"":0}"
evt-00412730,sess-00242667,add_to_cart,2025-10-16 20:54:59.360865759,,"{""stage_rank"":1}"
evt-00836384,sess-00491594,page_view,2025-06-07 01:19:14.231020942,4.3.0,"{""stage_rank"":0}"
evt-00307359,sess-00180516,page_view,2024-06-17 23:20:32.651014027,4.0.0,"{""stage_rank"":0}"
evt-00214809,sess-00126154,add_to_cart,2025-09-25 18:29:47.588629851,,"{""stage_rank"":1}"
evt-01234300,sess-00725418,checkout,2025-10-20 16:03:32.999475034,4.4.0,"{""stage_rank"":2}"
evt-01023810,sess-00601850,add_to_cart,2025-10-06 16:28:15.901922945,4.4.0,"{""stage_rank"":1}"
evt-01341442,sess-00788267,checkout,2024-10-25 00:34:01.949664888,,"{""stage_rank"":2}"
evt-01080761,sess-00635269,add_to_cart,2026-03-07 19:24:30.828786347,,"{""stage_rank"":1}"
evt-00562549,sess-00330497,page_view,2024-09-20 23:33:59.586514382,,"{""stage_rank"":0}"
evt-00174379,sess-00102381,add_to_cart,2024-05-27 18:23:27.326709601,,"{""stage_rank"":1}"
evt-01669649,sess-00981130,add_to_cart,2024-08-05 13:09:15.907716121,,"{""stage_rank"":1}"
evt-00509678,sess-00299615,page_view,2026-03-27 21:43:40.398630860,4.4.0,"{""stage_rank"":0}"
evt-00516849,sess-00303774,page_view,2025-12-01 19:52:12.087545718,4.4.0,"{""stage_rank"":0}"
evt-01628360,sess-00957004,add_to_cart,2023-07-03 23:52:45.247230759,,"{""stage_rank"":1}"
evt-01319931,sess-00775730,page_view,2026-02-14 17:59:54.188836863,4.4.0,"{""stage_rank"":0}"
evt-00547255,sess-00321533,checkout,2023-08-18 00:12:31.132324384,,"{""stage_rank"":2}"
evt-00746398,sess-00438662,page_view,2024-08-17 00:06:23.646625307,,"{""stage_rank"":0}"
evt-00008572,sess-00005098,checkout,2025-05-24 22:07:18.441546670,4.3.0,"{""stage_rank"":2}"
evt-01461306,sess-00858645,page_view,2023-08-25 22:32:05.789669262,3.8.0,"{""stage_rank"":0}"
evt-00683579,sess-00401721,add_to_cart,2023-11-21 02:37:18.774413768,,"{""stage_rank"":1}"
evt-00164964,sess-00096867,page_view,2026-01-23 18:10:37.949203949,4.4.0,"{""stage_rank"":0}"
evt-01047496,sess-00615755,page_view,2023-05-12 10:00:42.224986696,,"{""stage_rank"":0}"
evt-00232347,sess-00136574,page_view,2024-01-31 17:56:23.877237413,3.8.0,"{""stage_rank"":0}"
evt-01554708,sess-00913616,purchase,2024-05-07 22:11:38.331731553,,"{""stage_rank"":3}"
evt-00262092,sess-00154065,purchase,2024-09-09 13:54:24.320248453,,"{""stage_rank"":3}"
evt-01426951,sess-00838558,add_to_cart,2024-02-12 21:22:24.973992363,4.0.0,"{""stage_rank"":1}"
evt-01611397,sess-00946918,page_view,2025-02-11 21:02:12.544835958,,"{""stage_rank"":0}"
evt-00315395,sess-00185300,checkout,2025-07-06 14:22:44.124591563,4.3.0,"{""stage_rank"":2}"
evt-01582515,sess-00929911,page_view,2025-11-19 20:50:59.439493376,4.4.0,"{""stage_rank"":0}"
evt-01102456,sess-00648077,purchase,2025-03-15 20:25:38.864531667,4.3.0,"{""stage_rank"":3}"
evt-00086233,sess-00050649,page_view,2024-08-18 04:00:44.163945018,4.1.0,"{""stage_rank"":0}"
evt-01176100,sess-00691310,add_to_cart,2025-09-26 03:12:50.951935433,4.4.0,"{""stage_rank"":1}"
evt-00068387,sess-00040170,add_to_cart,2023-07-04 04:53:51.031806140,3.8.0,"{""stage_rank"":1}"
evt-01669612,sess-00981108,page_view,2025-12-09 18:16:22.033505384,4.4.0,"{""stage_rank"":0}"
evt-00122453,sess-00071809,page_view,2023-02-22 23:23:41.385057259,3.8.0,"{""stage_rank"":0}"
evt-00521806,sess-00306668,page_view,2026-01-26 00:00:46.256104804,,"{""stage_rank"":0}"
evt-00206752,sess-00121423,purchase,2025-05-31 17:39:01.234729753,,"{""stage_rank"":3}"
evt-01523463,sess-00895229,add_to_cart,2024-02-27 21:52:35.776083254,4.0.0,"{""stage_rank"":1}"
evt-00954190,sess-00561064,checkout,2026-05-27 16:04:21.092043781,,"{""stage_rank"":2}"
evt-01151163,sess-00676643,page_view,2023-12-21 21:04:12.005459229,,"{""stage_rank"":0}"
evt-00801257,sess-00470924,page_view,2024-08-04 12:05:30.863709382,4.1.0,"{""stage_rank"":0}"
evt-01580281,sess-00928582,add_to_cart,2024-06-13 16:21:20.035421421,,"{""stage_rank"":1}"
evt-01618139,sess-00950967,page_view,2025-04-15 18:04:58.905725666,4.3.0,"{""stage_rank"":0}"
evt-01219615,sess-00716744,add_to_cart,2023-11-02 23:07:44.325975811,,"{""stage_rank"":1}"
evt-00607848,sess-00357116,page_view,2024-04-05 20:39:27.153132727,,"{""stage_rank"":0}"
evt-00931126,sess-00547459,page_view,2025-06-19 18:28:56.456055093,,"{""stage_rank"":0}"
evt-01370985,sess-00805607,page_view,2023-08-17 23:53:47.224231653,,"{""stage_rank"":0}"
evt-00923710,sess-00543046,page_view,2024-07-16 23:54:53.295931666,4.0.0,"{""stage_rank"":0}"
evt-00784415,sess-00461016,add_to_cart,2024-01-12 16:24:14.701342851,,"{""stage_rank"":1}"
evt-01274928,sess-00749291,add_to_cart,2026-04-23 23:07:37.185283788,4.4.0,"{""stage_rank"":1}"
evt-01571408,sess-00923359,page_view,2023-04-13 18:14:02.453652842,3.8.0,"{""stage_rank"":0}"
evt-00125549,sess-00073628,page_view,2023-11-30 23:41:40.273421665,3.8.0,"{""stage_rank"":0}"
evt-00921460,sess-00541710,page_view,2025-08-01 00:11:34.369291011,4.4.0,"{""stage_rank"":0}"
evt-01522971,sess-00894952,page_view,2025-12-24 18:52:11.526765545,,"{""stage_rank"":0}"
evt-01066671,sess-00626986,add_to_cart,2025-11-29 18:02:54.578232503,,"{""stage_rank"":1}"
evt-00098795,sess-00057985,page_view,2026-03-31 20:33:02.481825167,4.4.0,"{""stage_rank"":0}"
evt-01452286,sess-00853360,checkout,2025-03-12 20:32:15.751244547,4.3.0,"{""stage_rank"":2}"
evt-00777928,sess-00457192,checkout,2023-01-23 18:05:27.129852136,3.8.0,"{""stage_rank"":2}"
evt-01180765,sess-00694006,add_to_cart,2024-12-26 23:51:24.120988344,,"{""stage_rank"":1}"
evt-00624338,sess-00366778,add_to_cart,2024-09-16 22:41:13.747950613,,"{""stage_rank"":1}"
evt-00445676,sess-00261975,page_view,2024-07-14 17:59:10.689239712,4.0.0,"{""stage_rank"":0}"
evt-01080459,sess-00635098,checkout,2024-03-19 17:54:34.371363895,4.0.0,"{""stage_rank"":2}"
evt-01071839,sess-00630033,checkout,2025-04-17 14:24:58.005878379,,"{""stage_rank"":2}"
evt-00645308,sess-00379254,page_view,2026-05-07 19:08:11.050541990,,"{""stage_rank"":0}"
evt-00331991,sess-00195125,page_view,2025-09-17 18:56:13.540808870,4.4.0,"{""stage_rank"":0}"
evt-00714422,sess-00419878,add_to_cart,2023-08-25 18:57:17.879984304,,"{""stage_rank"":1}"
evt-00342684,sess-00201392,add_to_cart,2025-10-26 17:06:43.547315430,,"{""stage_rank"":1}"
evt-00551711,sess-00324117,add_to_cart,2026-06-26 16:31:00.127717215,4.4.0,"{""stage_rank"":1}"
evt-00824561,sess-00484586,checkout,2024-07-14 17:31:55.070920870,,"{""stage_rank"":2}"
evt-01598257,sess-00939191,page_view,2024-02-11 15:57:56.947110059,,"{""stage_rank"":0}"
evt-00749530,sess-00440513,add_to_cart,2025-02-21 22:57:04.249255477,,"{""stage_rank"":1}"
evt-01242605,sess-00730299,checkout,2024-02-13 16:03:48.040796908,,"{""stage_rank"":2}"
evt-00471460,sess-00277187,page_view,2025-10-15 15:44:04.834320768,4.4.0,"{""stage_rank"":0}"
evt-00754216,sess-00443279,add_to_cart,2025-11-11 20:03:42.245409900,4.4.0,"{""stage_rank"":1}"
evt-00450110,sess-00264598,page_view,2023-12-15 14:30:09.682216013,3.8.0,"{""stage_rank"":0}"
evt-01185434,sess-00696739,page_view,2024-04-11 20:07:59.494591798,,"{""stage_rank"":0}"
evt-00273939,sess-00160970,page_view,2025-12-17 16:14:17.034207811,,"{""stage_rank"":0}"
evt-00124667,sess-00073100,page_view,2025-01-02 18:16:22.106939857,,"{""stage_rank"":0}"
evt-00764746,sess-00449475,page_view,2023-07-13 20:42:41.282612003,3.8.0,"{""stage_rank"":0}"
evt-00843887,sess-00496030,add_to_cart,2024-02-26 01:37:46.820469398,,"{""stage_rank"":1}"
evt-01022946,sess-00601373,page_view,2024-12-14 22:32:33.891749703,,"{""stage_rank"":0}"
evt-00499721,sess-00293813,add_to_cart,2024-07-01 20:28:46.996790478,,"{""stage_rank"":1}"
evt-01541976,sess-00906115,page_view,2024-12-01 14:54:42.850126402,,"{""stage_rank"":0}"
evt-00527762,sess-00310127,page_view,2025-08-22 16:13:21.330002423,4.4.0,"{""stage_rank"":0}"
evt-01109953,sess-00652455,page_view,2025-06-02 22:46:25.610735228,,"{""stage_rank"":0}"
evt-00049518,sess-00029041,page_view,2023-07-15 22:38:34.556857552,3.8.0,"{""stage_rank"":0}"
evt-00089160,sess-00052383,page_view,2025-12-19 16:15:07.647821098,,"{""stage_rank"":0}"
evt-01001341,sess-00588741,page_view,2024-03-04 20:27:15.032373792,,"{""stage_rank"":0}"
evt-00777194,sess-00456766,add_to_cart,2024-11-12 21:30:07.528830109,,"{""stage_rank"":1}"
evt-00411232,sess-00241791,add_to_cart,2023-08-10 20:15:37.314727845,,"{""stage_rank"":1}"
evt-00852590,sess-00501177,page_view,2025-12-21 21:32:17.274750434,,"{""stage_rank"":0}"
evt-01008613,sess-00592983,add_to_cart,2023-02-01 23:56:23.940108072,3.8.0,"{""stage_rank"":1}"
evt-01417416,sess-00832948,page_view,2024-01-09 16:07:19.378669232,3.8.0,"{""stage_rank"":0}"
evt-01207523,sess-00709650,page_view,2024-12-01 23:50:32.800205769,4.2.0,"{""stage_rank"":0}"
evt-00022643,sess-00013349,page_view,2025-12-25 22:54:00.740610347,,"{""stage_rank"":0}"
evt-00435337,sess-00255916,page_view,2025-05-23 18:15:52.752447669,,"{""stage_rank"":0}"
evt-00621594,sess-00365171,checkout,2024-02-17 16:46:27.983632632,4.0.0,"{""stage_rank"":2}"
evt-01372909,sess-00806721,page_view,2023-09-24 23:39:58.271300988,3.8.0,"{""stage_rank"":0}"
evt-00393954,sess-00231549,page_view,2023-09-29 20:18:45.978264366,,"{""stage_rank"":0}"
evt-00835862,sess-00491282,add_to_cart,2026-05-30 18:06:13.021114283,4.4.0,"{""stage_rank"":1}"
evt-00887540,sess-00521669,add_to_cart,2025-01-07 23:11:21.372535320,4.2.0,"{""stage_rank"":1}"
evt-01563010,sess-00918446,add_to_cart,2025-12-21 19:11:31.285754928,4.4.0,"{""stage_rank"":1}"
evt-00882251,sess-00518559,checkout,2025-02-12 01:37:54.350703277,,"{""stage_rank"":2}"
evt-00248265,sess-00145993,page_view,2025-10-19 19:18:24.280463597,,"{""stage_rank"":0}"
evt-00308176,sess-00180999,add_to_cart,2025-04-28 16:34:17.416757298,4.3.0,"{""stage_rank"":1}"
evt-00934435,sess-00549412,add_to_cart,2026-05-16 00:06:43.145676342,4.4.0,"{""stage_rank"":1}"
evt-00269241,sess-00158240,page_view,2024-09-28 19:38:42.509193960,,"{""stage_rank"":0}"
evt-00622114,sess-00365473,add_to_cart,2023-08-11 18:40:42.311369541,3.8.0,"{""stage_rank"":1}"
evt-00909537,sess-00534705,checkout,2025-08-26 21:14:05.263158114,4.4.0,"{""stage_rank"":2}"
evt-00744204,sess-00437367,page_view,2025-03-04 23:48:51.312324387,4.3.0,"{""stage_rank"":0}"
evt-00127067,sess-00074529,add_to_cart,2024-06-03 14:31:25.349488335,,"{""stage_rank"":1}"
evt-00632507,sess-00371612,page_view,2024-01-30 21:48:37.533836199,3.8.0,"{""stage_rank"":0}"
evt-01562304,sess-00918047,page_view,2024-02-25 20:25:14.374322453,4.0.0,"{""stage_rank"":0}"
evt-00919267,sess-00540397,page_view,2023-05-19 18:40:16.031197202,,"{""stage_rank"":0}"
evt-00336712,sess-00197903,page_view,2026-04-14 17:51:26.047877209,4.4.0,"{""stage_rank"":0}"
evt-00521621,sess-00306558,page_view,2023-02-02 18:41:32.095392285,,"{""stage_rank"":0}"
evt-00665704,sess-00391292,add_to_cart,2024-06-15 15:05:29.438219102,,"{""stage_rank"":1}"
evt-00607221,sess-00356760,add_to_cart,2025-08-04 17:07:55.165953174,4.4.0,"{""stage_rank"":1}"
evt-00512944,sess-00301488,page_view,2025-06-21 22:20:41.870038849,4.3.0,"{""stage_rank"":0}"
evt-00530619,sess-00311782,add_to_cart,2025-07-28 19:11:22.457755153,4.3.0,"{""stage_rank"":1}"
evt-00941848,sess-00553793,page_view,2024-01-24 21:29:37.673916151,3.8.0,"{""stage_rank"":0}"
evt-01479820,sess-00869525,page_view,2025-09-29 19:11:59.782493630,,"{""stage_rank"":0}"
evt-00978836,sess-00575622,add_to_cart,2023-11-27 20:32:47.238962407,,"{""stage_rank"":1}"
evt-01619657,sess-00951853,page_view,2026-04-17 20:44:40.997820002,,"{""stage_rank"":0}"
evt-00229530,sess-00134878,purchase,2024-10-01 01:45:14.829251896,4.1.0,"{""stage_rank"":3}"
evt-01537118,sess-00903209,page_view,2023-01-22 15:50:39.770909214,3.8.0,"{""stage_rank"":0}"
evt-00156297,sess-00091761,add_to_cart,2025-12-05 19:30:29.830700934,,"{""stage_rank"":1}"
evt-01419639,sess-00834235,checkout,2023-05-27 22:41:53.889965444,3.8.0,"{""stage_rank"":2}"
evt-00553916,sess-00325407,page_view,2025-12-16 23:42:17.245261981,,"{""stage_rank"":0}"
evt-00440895,sess-00259170,page_view,2026-01-22 15:26:53.927218974,,"{""stage_rank"":0}"
evt-00003259,sess-00001945,page_view,2024-09-21 19:05:58.556623696,,"{""stage_rank"":0}"
evt-00552420,sess-00324529,page_view,2026-02-24 14:34:13.334018630,4.4.0,"{""stage_rank"":0}"
evt-01341785,sess-00788482,purchase,2023-01-11 19:35:09.487863014,,"{""stage_rank"":3}"
evt-01170978,sess-00688282,checkout,2024-06-25 12:22:57.380021074,4.0.0,"{""stage_rank"":2}"
evt-00975489,sess-00573604,checkout,2024-02-01 17:40:38.406388086,4.0.0,"{""stage_rank"":2}"
evt-01612253,sess-00947432,page_view,2026-03-21 23:09:52.890019700,,"{""stage_rank"":0}"
evt-00711362,sess-00418104,add_to_cart,2025-08-05 13:28:24.428799886,4.4.0,"{""stage_rank"":1}"
evt-00664937,sess-00390819,add_to_cart,2026-06-09 21:20:15.566752009,,"{""stage_rank"":1}"
evt-00984550,sess-00578991,page_view,2026-06-24 19:42:52.774407941,4.4.0,"{""stage_rank"":0}"
evt-00616371,sess-00362100,add_to_cart,2024-10-21 21:40:05.840700331,,"{""stage_rank"":1}"
evt-00834557,sess-00490504,add_to_cart,2023-09-21 22:53:14.466208486,3.8.0,"{""stage_rank"":1}"
evt-01382837,sess-00812534,add_to_cart,2024-05-02 22:08:52.715805328,4.0.0,"{""stage_rank"":1}"
evt-01500657,sess-00881746,page_view,2023-04-19 20:09:53.742680095,3.8.0,"{""stage_rank"":0}"
evt-00566897,sess-00333038,add_to_cart,2023-02-01 23:13:39.835392826,3.8.0,"{""stage_rank"":1}"
evt-00143329,sess-00084115,add_to_cart,2024-01-02 22:08:36.709314791,3.8.0,"{""stage_rank"":1}"
evt-01669239,sess-00980899,page_view,2025-03-07 20:22:30.379830685,4.3.0,"{""stage_rank"":0}"
evt-01442866,sess-00847880,add_to_cart,2023-09-30 15:32:38.368538855,3.8.0,"{""stage_rank"":1}"
evt-01422289,sess-00835808,add_to_cart,2024-01-08 17:47:02.556077352,,"{""stage_rank"":1}"
evt-00615059,sess-00361330,page_view,2025-01-24 18:17:26.811327333,,"{""stage_rank"":0}"
evt-00180222,sess-00105807,add_to_cart,2024-05-24 22:37:42.950247485,,"{""stage_rank"":1}"
evt-00677550,sess-00398227,checkout,2025-08-25 18:45:05.183328768,4.4.0,"{""stage_rank"":2}"
evt-01089617,sess-00640514,page_view,2026-01-31 21:54:23.323285086,4.4.0,"{""stage_rank"":0}"
evt-01658069,sess-00974422,purchase,2023-01-16 18:35:33.814662191,3.8.0,"{""stage_rank"":3}"
evt-01320907,sess-00776314,add_to_cart,2025-01-25 14:42:50.767110515,,"{""stage_rank"":1}"
evt-00328234,sess-00192912,add_to_cart,2024-08-18 15:06:23.506384607,4.1.0,"{""stage_rank"":1}"
evt-01617879,sess-00950796,add_to_cart,2025-06-30 21:11:29.978709701,4.3.0,"{""stage_rank"":1}"
evt-00088721,sess-00052125,page_view,2025-07-15 18:52:41.754369172,,"{""stage_rank"":0}"
evt-00771662,sess-00453527,page_view,2026-05-19 20:54:10.843847075,4.4.0,"{""stage_rank"":0}"
evt-00595776,sess-00350028,page_view,2023-04-08 23:05:40.683391600,,"{""stage_rank"":0}"
evt-00655656,sess-00385375,page_view,2026-01-28 14:33:25.378226587,,"{""stage_rank"":0}"
evt-00188069,sess-00110444,page_view,2026-02-16 20:18:03.024298716,4.4.0,"{""stage_rank"":0}"
evt-00142858,sess-00083842,add_to_cart,2024-09-25 17:49:50.643354828,4.1.0,"{""stage_rank"":1}"
evt-00284625,sess-00167221,page_view,2025-12-20 22:17:52.481843268,4.4.0,"{""stage_rank"":0}"
evt-01576986,sess-00926647,page_view,2026-05-19 17:21:13.156768066,4.4.0,"{""stage_rank"":0}"
evt-00440796,sess-00259113,page_view,2023-10-09 20:25:48.440022366,3.8.0,"{""stage_rank"":0}"
evt-01550441,sess-00911061,add_to_cart,2025-08-09 00:07:28.761357276,,"{""stage_rank"":1}"
evt-00894928,sess-00526020,page_view,2024-10-25 16:36:36.391955420,4.1.0,"{""stage_rank"":0}"
evt-01456072,sess-00855573,page_view,2024-01-06 23:47:45.994561772,,"{""stage_rank"":0}"
evt-00449875,sess-00264465,page_view,2024-02-11 10:36:16.031857372,,"{""stage_rank"":0}"
evt-00623228,sess-00366132,page_view,2024-06-26 02:34:08.875950396,,"{""stage_rank"":0}"
evt-00499707,sess-00293803,page_view,2023-10-06 20:03:21.099688273,,"{""stage_rank"":0}"
evt-01228298,sess-00721884,add_to_cart,2024-01-08 21:44:55.522490091,,"{""stage_rank"":1}"
evt-01028026,sess-00604328,add_to_cart,2026-05-09 17:18:05.116985958,,"{""stage_rank"":1}"
evt-01550286,sess-00910959,checkout,2025-10-19 13:43:51.973824329,4.4.0,"{""stage_rank"":2}"
evt-00805557,sess-00473449,checkout,2025-12-24 01:46:52.295485410,4.4.0,"{""stage_rank"":2}"
evt-00873101,sess-00513189,page_view,2026-03-23 23:53:23.653007035,4.4.0,"{""stage_rank"":0}"
evt-01151603,sess-00676901,page_view,2026-01-06 21:06:50.009536686,4.4.0,"{""stage_rank"":0}"
evt-00326654,sess-00191972,add_to_cart,2024-08-27 17:16:30.739770394,4.1.0,"{""stage_rank"":1}"
evt-01673762,sess-00983539,add_to_cart,2023-01-19 21:54:32.237007078,3.8.0,"{""stage_rank"":1}"
evt-01604680,sess-00942947,page_view,2025-01-23 23:45:39.400716766,4.2.0,"{""stage_rank"":0}"
evt-01447686,sess-00850689,purchase,2025-12-21 02:53:12.828456847,4.4.0,"{""stage_rank"":3}"
evt-00297443,sess-00174742,page_view,2025-07-04 20:34:29.439029961,,"{""stage_rank"":0}"
evt-01633302,sess-00959891,page_view,2024-08-12 14:31:57.436855567,,"{""stage_rank"":0}"
evt-00312624,sess-00183675,purchase,2023-07-08 22:30:32.166791131,,"{""stage_rank"":3}"
evt-01135640,sess-00667476,page_view,2025-07-03 18:41:57.222914849,4.3.0,"{""stage_rank"":0}"
evt-00271227,sess-00159394,checkout,2023-05-04 20:59:35.945459170,3.8.0,"{""stage_rank"":2}"
evt-00596653,sess-00350538,page_view,2023-01-12 18:54:34.665017365,3.8.0,"{""stage_rank"":0}"
evt-01554221,sess-00913326,add_to_cart,2024-04-23 04:01:27.938853835,4.0.0,"{""stage_rank"":1}"
evt-00476341,sess-00280077,page_view,2024-06-23 21:31:41.085308707,,"{""stage_rank"":0}"
evt-01550615,sess-00911163,page_view,2025-11-09 19:05:23.546513266,4.4.0,"{""stage_rank"":0}"
evt-01487158,sess-00873825,page_view,2023-01-03 15:15:10.808856815,3.8.0,"{""stage_rank"":0}"
evt-00205844,sess-00120874,add_to_cart,2024-08-12 05:06:27.448675362,4.1.0,"{""stage_rank"":1}"
evt-00632454,sess-00371580,page_view,2026-06-14 19:57:14.080678444,,"{""stage_rank"":0}"
evt-00176608,sess-00103686,page_view,2026-05-19 22:10:02.876339086,4.4.0,"{""stage_rank"":0}"
evt-00063212,sess-00037128,page_view,2025-06-29 20:26:05.635486624,4.3.0,"{""stage_rank"":0}"
evt-00561872,sess-00330109,add_to_cart,2025-05-13 20:57:28.764575645,4.3.0,"{""stage_rank"":1}"
evt-01608453,sess-00945168,purchase,2025-12-07 23:05:33.265189153,4.4.0,"{""stage_rank"":3}"
evt-01434103,sess-00842716,checkout,2023-07-14 23:42:42.674670192,,"{""stage_rank"":2}"
evt-00862186,sess-00506805,page_view,2024-09-10 14:10:18.304332151,,"{""stage_rank"":0}"
evt-01098081,sess-00645467,checkout,2026-01-31 18:18:47.801083750,4.4.0,"{""stage_rank"":2}"
evt-00836177,sess-00491469,page_view,2025-07-16 22:32:49.990026877,4.3.0,"{""stage_rank"":0}"
evt-01216795,sess-00715106,add_to_cart,2025-09-08 03:35:47.727346547,,"{""stage_rank"":1}"
evt-01215664,sess-00714419,checkout,2025-01-26 20:32:42.812741256,,"{""stage_rank"":2}"
evt-00866617,sess-00509396,page_view,2025-10-13 21:24:32.314932767,4.4.0,"{""stage_rank"":0}"
evt-00801669,sess-00471164,page_view,2023-02-03 12:03:29.327715243,,"{""stage_rank"":0}"
evt-00664122,sess-00390338,checkout,2026-06-26 13:41:44.575697326,4.4.0,"{""stage_rank"":2}"
evt-00517251,sess-00304030,page_view,2023-01-19 00:38:38.870205007,3.8.0,"{""stage_rank"":0}"
evt-00914937,sess-00537911,checkout,2026-02-28 17:37:48.320603014,,"{""stage_rank"":2}"
evt-00657418,sess-00386402,page_view,2024-02-11 16:11:00.360655503,4.0.0,"{""stage_rank"":0}"
evt-01033013,sess-00607271,page_view,2024-02-04 21:37:45.703864523,4.0.0,"{""stage_rank"":0}"
evt-00485700,sess-00285554,page_view,2024-12-23 15:28:44.173734311,4.2.0,"{""stage_rank"":0}"
evt-01418234,sess-00833413,page_view,2024-05-25 17:06:42.109704177,,"{""stage_rank"":0}"
evt-00892267,sess-00524439,add_to_cart,2025-06-21 15:54:53.019411498,4.3.0,"{""stage_rank"":1}"
evt-01516056,sess-00890869,add_to_cart,2025-11-06 00:06:38.324201162,,"{""stage_rank"":1}"
evt-01205705,sess-00708589,add_to_cart,2023-04-05 22:09:02.219111961,,"{""stage_rank"":1}"
evt-01295647,sess-00761483,add_to_cart,2025-12-07 17:53:43.199536312,,"{""stage_rank"":1}"
evt-00606840,sess-00356538,add_to_cart,2026-02-18 20:40:11.795408841,,"{""stage_rank"":1}"
evt-00984744,sess-00579117,page_view,2023-02-07 00:01:12.838621974,,"{""stage_rank"":0}"
evt-00621613,sess-00365180,add_to_cart,2023-01-19 19:01:03.643470513,3.8.0,"{""stage_rank"":1}"
evt-01606550,sess-00944053,checkout,2023-10-20 19:23:36.404207844,3.8.0,"{""stage_rank"":2}"
evt-01429869,sess-00840237,page_view,2024-06-15 23:32:39.005777111,,"{""stage_rank"":0}"
evt-00109677,sess-00064378,page_view,2023-10-27 19:54:37.856777295,3.8.0,"{""stage_rank"":0}"
evt-00389680,sess-00229043,page_view,2024-03-06 18:36:58.442164562,,"{""stage_rank"":0}"
evt-01179231,sess-00693112,page_view,2024-07-02 21:03:37.768780495,,"{""stage_rank"":0}"
evt-00376431,sess-00221267,page_view,2023-04-14 12:39:55.066627387,,"{""stage_rank"":0}"
evt-00170198,sess-00099932,page_view,2024-08-27 19:13:28.917064485,,"{""stage_rank"":0}"
evt-00808160,sess-00474946,checkout,2025-01-07 17:04:22.269215777,,"{""stage_rank"":2}"
evt-00207080,sess-00121622,checkout,2023-07-12 00:47:04.750952373,,"{""stage_rank"":2}"
evt-00053382,sess-00031314,page_view,2024-01-18 11:30:47.552742000,,"{""stage_rank"":0}"
evt-01242592,sess-00730291,page_view,2025-09-23 19:24:31.780323004,4.4.0,"{""stage_rank"":0}"
evt-00244624,sess-00143818,checkout,2024-07-02 14:12:35.282711205,,"{""stage_rank"":2}"
evt-00046785,sess-00027421,page_view,2025-07-05 12:56:56.085617155,,"{""stage_rank"":0}"
evt-00049136,sess-00028823,page_view,2025-02-19 22:58:22.756532844,,"{""stage_rank"":0}"
evt-01669948,sess-00981308,add_to_cart,2026-03-22 17:37:47.812203128,,"{""stage_rank"":1}"
evt-01042808,sess-00613004,checkout,2024-08-22 20:49:58.963305306,,"{""stage_rank"":2}"
evt-00002505,sess-00001485,page_view,2025-08-23 23:11:29.849758179,4.4.0,"{""stage_rank"":0}"
evt-00115030,sess-00067471,add_to_cart,2024-01-25 16:29:04.825182200,,"{""stage_rank"":1}"
evt-00752488,sess-00442252,checkout,2024-04-22 23:56:40.042963640,4.0.0,"{""stage_rank"":2}"
evt-01146475,sess-00673872,add_to_cart,2025-12-20 22:11:30.949006778,,"{""stage_rank"":1}"
evt-00061066,sess-00035861,add_to_cart,2023-11-03 15:58:43.799270085,3.8.0,"{""stage_rank"":1}"
evt-01017946,sess-00598443,page_view,2023-12-20 19:10:20.274418454,,"{""stage_rank"":0}"
evt-00665181,sess-00390974,page_view,2024-04-21 00:31:04.654728512,4.0.0,"{""stage_rank"":0}"
evt-00887353,sess-00521556,page_view,2023-08-06 23:49:28.771895619,,"{""stage_rank"":0}"
evt-00712975,sess-00419030,page_view,2026-02-01 16:13:40.480166523,4.4.0,"{""stage_rank"":0}"
evt-01618075,sess-00950926,page_view,2024-12-18 00:11:11.060088385,4.2.0,"{""stage_rank"":0}"
evt-01431707,sess-00841315,page_view,2023-11-14 17:59:38.986102604,3.8.0,"{""stage_rank"":0}"
evt-00945986,sess-00556258,page_view,2023-07-30 17:04:45.671919426,3.8.0,"{""stage_rank"":0}"
evt-00879043,sess-00516671,page_view,2024-08-29 20:03:18.652223113,4.1.0,"{""stage_rank"":0}"
evt-00339783,sess-00199710,checkout,2025-06-26 01:06:06.396500620,,"{""stage_rank"":2}"
evt-01528101,sess-00897942,page_view,2026-03-21 19:40:43.212208481,,"{""stage_rank"":0}"
evt-00801037,sess-00470790,page_view,2026-02-11 00:24:58.764255160,,"{""stage_rank"":0}"
evt-00136574,sess-00080127,page_view,2024-07-16 00:51:19.032059343,,"{""stage_rank"":0}"
evt-01587191,sess-00932656,add_to_cart,2025-10-22 21:55:17.648512549,4.4.0,"{""stage_rank"":1}"
evt-01665975,sess-00979008,add_to_cart,2023-07-20 22:42:03.037500428,3.8.0,"{""stage_rank"":1}"
evt-00508423,sess-00298890,add_to_cart,2023-08-16 19:58:10.899132561,3.8.0,"{""stage_rank"":1}"
evt-00291776,sess-00171407,page_view,2023-04-25 21:22:44.170565235,,"{""stage_rank"":0}"
evt-01603713,sess-00942386,page_view,2026-04-14 18:35:18.909848958,,"{""stage_rank"":0}"
evt-00484863,sess-00285059,page_view,2025-07-26 20:19:39.284064481,,"{""stage_rank"":0}"
evt-00483875,sess-00284467,add_to_cart,2023-04-11 02:27:39.585062823,3.8.0,"{""stage_rank"":1}"
evt-00525665,sess-00308908,page_view,2023-10-18 22:31:32.717891534,,"{""stage_rank"":0}"
evt-00815418,sess-00479231,add_to_cart,2023-07-27 19:04:04.075520522,,"{""stage_rank"":1}"
evt-00651214,sess-00382751,purchase,2026-02-16 16:54:44.693119071,,"{""stage_rank"":3}"
evt-00064285,sess-00037757,add_to_cart,2024-08-13 21:05:38.517419259,,"{""stage_rank"":1}"
evt-00501273,sess-00294713,page_view,2024-12-30 22:19:06.860688144,4.2.0,"{""stage_rank"":0}"
evt-00905698,sess-00532413,page_view,2025-09-09 22:08:37.026305764,,"{""stage_rank"":0}"
evt-00715578,sess-00420531,page_view,2024-01-20 22:32:27.458343504,3.8.0,"{""stage_rank"":0}"
evt-01103934,sess-00648929,checkout,2024-12-18 17:15:47.239308176,4.2.0,"{""stage_rank"":2}"
evt-01109298,sess-00652063,add_to_cart,2024-12-07 20:55:55.395259139,,"{""stage_rank"":1}"
evt-01563537,sess-00918750,page_view,2026-04-03 21:13:19.929376266,,"{""stage_rank"":0}"
evt-01023051,sess-00601430,checkout,2025-05-25 19:18:43.617856556,4.3.0,"{""stage_rank"":2}"
evt-01679339,sess-00986788,add_to_cart,2023-04-13 19:51:12.610789505,,"{""stage_rank"":1}"
evt-00226276,sess-00132951,checkout,2024-02-23 20:02:03.461217251,,"{""stage_rank"":2}"
evt-00115609,sess-00067812,page_view,2023-06-25 19:46:49.614385526,,"{""stage_rank"":0}"
evt-00113477,sess-00066592,add_to_cart,2026-03-14 19:27:33.036509695,4.4.0,"{""stage_rank"":1}"
evt-01134101,sess-00666570,checkout,2026-03-01 14:53:27.288810471,4.4.0,"{""stage_rank"":2}"
evt-00666829,sess-00391954,add_to_cart,2023-05-20 20:35:22.937419039,3.8.0,"{""stage_rank"":1}"
evt-00711593,sess-00418239,page_view,2024-01-18 19:11:25.133507662,,"{""stage_rank"":0}"
evt-00868936,sess-00510738,page_view,2024-02-14 22:24:12.668446285,4.0.0,"{""stage_rank"":0}"
evt-00490261,sess-00288243,page_view,2025-07-31 00:15:12.597799320,,"{""stage_rank"":0}"
evt-00505319,sess-00297051,page_view,2024-02-05 17:27:40.107218244,,"{""stage_rank"":0}"
evt-00936481,sess-00550615,page_view,2023-10-19 20:56:04.409535753,,"{""stage_rank"":0}"
evt-01477317,sess-00868056,page_view,2025-01-20 16:51:40.811753753,,"{""stage_rank"":0}"
evt-01661121,sess-00976175,page_view,2025-09-09 20:01:39.976670852,4.4.0,"{""stage_rank"":0}"
evt-00724243,sess-00425648,checkout,2023-09-25 13:08:09.318355296,,"{""stage_rank"":2}"
evt-01617448,sess-00950526,add_to_cart,2023-01-09 16:00:56.550306245,,"{""stage_rank"":1}"
evt-00097661,sess-00057344,page_view,2024-08-23 20:51:41.593068371,,"{""stage_rank"":0}"
evt-01602998,sess-00941966,page_view,2024-10-25 23:51:44.665655210,,"{""stage_rank"":0}"
evt-00740385,sess-00435113,page_view,2025-01-16 15:51:01.404729925,4.2.0,"{""stage_rank"":0}"
evt-00139135,sess-00081663,page_view,2023-12-15 14:26:50.145003099,,"{""stage_rank"":0}"
evt-00875286,sess-00514500,add_to_cart,2024-08-05 19:54:42.855113242,4.1.0,"{""stage_rank"":1}"
evt-01281507,sess-00753142,page_view,2023-10-24 20:07:45.531615215,,"{""stage_rank"":0}"
evt-00536155,sess-00315080,checkout,2024-11-11 23:20:36.267263217,,"{""stage_rank"":2}"
evt-00445037,sess-00261593,page_view,2026-04-15 19:57:34.006559354,,"{""stage_rank"":0}"
evt-01573586,sess-00924642,page_view,2024-04-25 19:46:30.423939186,4.0.0,"{""stage_rank"":0}"
evt-00067678,sess-00039751,page_view,2025-04-14 22:07:27.935506583,,"{""stage_rank"":0}"
evt-00111740,sess-00065588,page_view,2023-12-24 13:06:35.593666437,,"{""stage_rank"":0}"
evt-01192750,sess-00701030,add_to_cart,2024-12-18 22:18:50.913931374,,"{""stage_rank"":1}"
evt-00410984,sess-00241644,add_to_cart,2023-06-24 22:04:50.976265068,,"{""stage_rank"":1}"
evt-00121558,sess-00071284,add_to_cart,2023-10-21 02:13:55.036076270,3.8.0,"{""stage_rank"":1}"
evt-00904496,sess-00531686,add_to_cart,2025-03-21 20:56:40.535987668,4.3.0,"{""stage_rank"":1}"
evt-01558169,sess-00915631,page_view,2024-12-29 17:20:01.592548193,4.2.0,"{""stage_rank"":0}"
evt-01119693,sess-00658113,page_view,2024-10-13 18:38:35.199818196,4.1.0,"{""stage_rank"":0}"
evt-00203755,sess-00119648,page_view,2025-07-01 23:11:43.881240612,4.3.0,"{""stage_rank"":0}"
evt-00212638,sess-00124848,add_to_cart,2024-02-22 15:45:36.782803084,,"{""stage_rank"":1}"
evt-00237474,sess-00139609,page_view,2023-06-16 22:55:19.404229620,,"{""stage_rank"":0}"
evt-00107513,sess-00063103,page_view,2023-07-31 19:38:59.607895131,,"{""stage_rank"":0}"
evt-01242422,sess-00730193,page_view,2026-05-14 18:32:47.462574323,,"{""stage_rank"":0}"
evt-00415023,sess-00244010,add_to_cart,2025-01-10 16:42:15.064215635,4.2.0,"{""stage_rank"":1}"
evt-01644480,sess-00966471,purchase,2023-04-19 22:51:15.918709259,,"{""stage_rank"":3}"
evt-00446208,sess-00262299,add_to_cart,2024-11-22 18:08:27.682816953,,"{""stage_rank"":1}"
evt-00109008,sess-00063983,add_to_cart,2026-06-28 20:34:24.141373902,4.4.0,"{""stage_rank"":1}"
evt-00341200,sess-00200529,checkout,2025-06-25 21:41:04.449349548,4.3.0,"{""stage_rank"":2}"
evt-01266010,sess-00744057,page_view,2024-09-15 20:29:30.747394556,4.1.0,"{""stage_rank"":0}"
evt-01026078,sess-00603185,add_to_cart,2026-03-25 00:54:33.861947592,,"{""stage_rank"":1}"
evt-00166546,sess-00097766,page_view,2025-06-15 17:55:23.210300567,4.3.0,"{""stage_rank"":0}"
evt-01157647,sess-00680452,page_view,2024-04-13 20:15:27.749394278,4.0.0,"{""stage_rank"":0}"
evt-01239100,sess-00728225,page_view,2025-10-29 21:56:41.137464914,,"{""stage_rank"":0}"
evt-01085877,sess-00638307,page_view,2024-10-06 23:15:38.947044259,4.1.0,"{""stage_rank"":0}"
evt-00480661,sess-00282595,page_view,2025-07-18 18:50:04.396218801,,"{""stage_rank"":0}"
evt-00855398,sess-00502806,page_view,2024-05-17 15:27:00.855333178,4.0.0,"{""stage_rank"":0}"
evt-01382210,sess-00812159,checkout,2024-01-20 22:14:51.931809433,3.8.0,"{""stage_rank"":2}"
evt-01323210,sess-00777663,page_view,2024-10-01 19:54:56.550429053,4.1.0,"{""stage_rank"":0}"
evt-01561465,sess-00917557,page_view,2023-07-18 17:02:39.963800053,,"{""stage_rank"":0}"
evt-00287363,sess-00168825,checkout,2026-04-10 01:48:02.793793925,4.4.0,"{""stage_rank"":2}"
evt-00510006,sess-00299807,page_view,2025-03-26 18:48:37.409474068,,"{""stage_rank"":0}"
evt-01269604,sess-00746149,page_view,2024-11-14 20:15:12.442785140,,"{""stage_rank"":0}"
evt-01160143,sess-00681908,add_to_cart,2024-09-26 20:03:54.616614067,4.1.0,"{""stage_rank"":1}"
evt-00153165,sess-00089902,page_view,2025-07-04 12:45:51.932595799,4.3.0,"{""stage_rank"":0}"
evt-00610978,sess-00358946,add_to_cart,2025-04-30 21:51:12.876849378,,"{""stage_rank"":1}"
evt-00894605,sess-00525835,page_view,2026-05-31 19:36:01.232895646,4.4.0,"{""stage_rank"":0}"
evt-00325425,sess-00191248,add_to_cart,2024-04-29 18:05:14.389195179,4.0.0,"{""stage_rank"":1}"
evt-01244658,sess-00731507,page_view,2026-01-23 18:09:46.517279673,4.4.0,"{""stage_rank"":0}"
evt-01415675,sess-00831919,page_view,2025-12-25 23:22:29.888472108,,"{""stage_rank"":0}"
evt-00340555,sess-00200166,add_to_cart,2025-09-18 23:41:21.171545410,,"{""stage_rank"":1}"
evt-00030065,sess-00017665,add_to_cart,2024-07-24 12:49:29.119382463,,"{""stage_rank"":1}"
evt-00658222,sess-00386881,page_view,2025-01-27 17:47:40.024598102,,"{""stage_rank"":0}"
evt-00625372,sess-00367383,add_to_cart,2025-05-15 19:20:37.774171578,4.3.0,"{""stage_rank"":1}"
evt-01360722,sess-00799615,page_view,2025-03-09 19:29:50.880614071,,"{""stage_rank"":0}"
evt-01440889,sess-00846727,checkout,2025-07-09 21:40:04.589168190,4.3.0,"{""stage_rank"":2}"
evt-00134501,sess-00078898,page_view,2025-04-07 00:52:23.407381675,4.3.0,"{""stage_rank"":0}"
evt-00797362,sess-00468628,checkout,2023-10-01 22:15:09.509310864,3.8.0,"{""stage_rank"":2}"
evt-00579023,sess-00340159,page_view,2023-09-08 20:07:01.499452638,,"{""stage_rank"":0}"
evt-01317606,sess-00774347,add_to_cart,2025-12-21 15:31:32.030312526,4.4.0,"{""stage_rank"":1}"
evt-00948499,sess-00557707,checkout,2024-08-12 17:44:13.195601583,4.1.0,"{""stage_rank"":2}"
evt-00264301,sess-00155342,page_view,2023-05-15 16:20:18.456773681,,"{""stage_rank"":0}"
evt-00137539,sess-00080717,page_view,2026-02-15 21:05:34.656226519,,"{""stage_rank"":0}"
evt-01536580,sess-00902921,page_view,2024-10-09 22:03:05.141808275,4.1.0,"{""stage_rank"":0}"
evt-01124129,sess-00660743,page_view,2023-08-13 18:24:18.680412413,,"{""stage_rank"":0}"
evt-01083995,sess-00637183,checkout,2025-01-19 21:23:00.684241791,4.2.0,"{""stage_rank"":2}"
evt-01051694,sess-00618237,checkout,2024-01-02 19:43:59.380719266,3.8.0,"{""stage_rank"":2}"
evt-01482986,sess-00871383,page_view,2024-12-20 19:44:50.136438082,4.2.0,"{""stage_rank"":0}"
evt-01179543,sess-00693282,page_view,2023-12-24 23:53:50.993087925,,"{""stage_rank"":0}"
evt-00949683,sess-00558420,page_view,2024-11-29 16:23:08.056969645,,"{""stage_rank"":0}"
evt-00372803,sess-00219145,page_view,2025-05-29 20:13:13.462326922,4.3.0,"{""stage_rank"":0}"
evt-00622661,sess-00365793,page_view,2024-04-12 13:31:27.792238420,,"{""stage_rank"":0}"
evt-01047415,sess-00615711,page_view,2025-10-02 21:54:40.332702612,,"{""stage_rank"":0}"
evt-00663545,sess-00389999,page_view,2025-02-22 21:13:21.840661468,,"{""stage_rank"":0}"
evt-01556412,sess-00914593,page_view,2023-12-20 01:44:42.573209281,,"{""stage_rank"":0}"
evt-01628449,sess-00957053,page_view,2024-07-01 14:52:50.946583938,4.0.0,"{""stage_rank"":0}"
evt-01019439,sess-00599317,page_view,2024-07-23 21:54:55.999471036,4.0.0,"{""stage_rank"":0}"
evt-00821052,sess-00482512,page_view,2026-05-09 17:43:34.984220227,4.4.0,"{""stage_rank"":0}"
evt-00485355,sess-00285352,page_view,2025-07-04 19:27:23.771389089,,"{""stage_rank"":0}"
evt-00727642,sess-00427626,page_view,2023-07-10 18:53:17.894517758,3.8.0,"{""stage_rank"":0}"
evt-00203850,sess-00119703,page_view,2024-06-19 19:39:25.211859396,,"{""stage_rank"":0}"
evt-00214321,sess-00125864,page_view,2023-08-05 12:20:10.978178146,,"{""stage_rank"":0}"
evt-01176632,sess-00691603,page_view,2025-04-01 02:08:12.098848116,4.3.0,"{""stage_rank"":0}"
evt-00439657,sess-00258461,page_view,2023-07-16 14:35:34.006669626,,"{""stage_rank"":0}"
evt-00666327,sess-00391648,page_view,2026-04-16 21:13:15.628089384,,"{""stage_rank"":0}"
evt-01474101,sess-00866147,page_view,2026-05-01 23:28:52.360509631,4.4.0,"{""stage_rank"":0}"
evt-00276626,sess-00162566,add_to_cart,2025-04-05 18:07:35.254023929,,"{""stage_rank"":1}"
evt-01372044,sess-00806210,add_to_cart,2023-08-26 23:49:51.014951340,3.8.0,"{""stage_rank"":1}"
evt-00999598,sess-00587739,add_to_cart,2023-08-20 16:13:29.386910835,,"{""stage_rank"":1}"
evt-00057482,sess-00033716,add_to_cart,2025-01-25 12:46:49.042848626,4.2.0,"{""stage_rank"":1}"
evt-00482939,sess-00283929,page_view,2024-02-26 02:02:09.041744442,4.0.0,"{""stage_rank"":0}"
evt-00550859,sess-00323632,page_view,2023-01-21 20:39:00.225923754,3.8.0,"{""stage_rank"":0}"
evt-01527227,sess-00897435,page_view,2023-01-28 15:49:00.959572259,3.8.0,"{""stage_rank"":0}"
evt-00482678,sess-00283782,page_view,2024-06-06 19:28:12.284610863,4.0.0,"{""stage_rank"":0}"
evt-01066160,sess-00626683,checkout,2023-12-31 18:14:26.063214906,,"{""stage_rank"":2}"
evt-00210060,sess-00123395,page_view,2026-02-28 16:52:44.968639905,4.4.0,"{""stage_rank"":0}"
evt-01696029,sess-00996583,page_view,2024-08-16 20:09:11.907024726,,"{""stage_rank"":0}"
evt-01336606,sess-00785472,add_to_cart,2023-09-29 16:39:34.441152810,,"{""stage_rank"":1}"
evt-01023422,sess-00601631,add_to_cart,2023-09-01 17:22:16.592610821,3.8.0,"{""stage_rank"":1}"
evt-00673786,sess-00396038,page_view,2025-08-31 00:08:49.637474166,,"{""stage_rank"":0}"
evt-01386322,sess-00814597,page_view,2024-02-26 21:50:40.273953082,4.0.0,"{""stage_rank"":0}"
evt-00298460,sess-00175315,add_to_cart,2025-01-28 23:15:00.143780632,,"{""stage_rank"":1}"
evt-00032154,sess-00018881,add_to_cart,2024-01-22 20:39:06.074358355,,"{""stage_rank"":1}"
evt-00910408,sess-00535233,page_view,2024-04-21 23:12:56.812175019,,"{""stage_rank"":0}"
evt-00965829,sess-00567950,page_view,2023-09-16 22:33:35.916916035,3.8.0,"{""stage_rank"":0}"
evt-00340031,sess-00199851,page_view,2026-01-20 14:00:58.361548620,4.4.0,"{""stage_rank"":0}"
evt-00215822,sess-00126753,page_view,2024-10-07 23:07:55.360161600,,"{""stage_rank"":0}"
evt-01583686,sess-00930608,purchase,2023-11-27 18:29:09.833277214,,"{""stage_rank"":3}"
evt-01438724,sess-00845466,page_view,2024-08-25 23:26:40.896785348,4.1.0,"{""stage_rank"":0}"
evt-00416135,sess-00244677,purchase,2023-12-29 03:56:20.825766013,,"{""stage_rank"":3}"
evt-00532998,sess-00313215,page_view,2026-01-31 13:10:08.087228775,4.4.0,"{""stage_rank"":0}"
evt-00255642,sess-00150255,checkout,2024-07-11 14:42:13.922874669,,"{""stage_rank"":2}"
evt-00319375,sess-00187655,page_view,2023-06-26 18:28:37.043050509,,"{""stage_rank"":0}"
evt-00796591,sess-00468194,add_to_cart,2025-09-01 19:25:47.716861167,,"{""stage_rank"":1}"
evt-00442599,sess-00260176,checkout,2023-07-21 23:43:14.103090806,3.8.0,"{""stage_rank"":2}"
evt-00793286,sess-00466253,page_view,2024-12-26 20:59:42.161109885,,"{""stage_rank"":0}"
evt-01606507,sess-00944033,page_view,2026-02-08 15:47:29.548341476,,"{""stage_rank"":0}"
evt-01365812,sess-00802602,purchase,2025-04-23 01:58:56.585948904,4.3.0,"{""stage_rank"":3}"
evt-01595691,sess-00937693,page_view,2025-07-07 20:04:52.904342354,4.3.0,"{""stage_rank"":0}"
evt-00773820,sess-00454808,page_view,2023-06-20 22:07:07.869466915,3.8.0,"{""stage_rank"":0}"
evt-00059244,sess-00034772,page_view,2023-08-18 20:46:59.624312366,3.8.0,"{""stage_rank"":0}"
evt-00109086,sess-00064029,page_view,2025-11-10 19:48:45.583671861,4.4.0,"{""stage_rank"":0}"
evt-01450039,sess-00852067,page_view,2026-03-08 18:57:11.607794329,,"{""stage_rank"":0}"
evt-00525999,sess-00309101,page_view,2024-01-04 20:02:05.186562057,,"{""stage_rank"":0}"
evt-00102335,sess-00060081,page_view,2026-01-11 18:35:57.050736241,4.4.0,"{""stage_rank"":0}"
evt-01389839,sess-00816674,checkout,2026-04-20 15:58:14.997618879,,"{""stage_rank"":2}"
evt-01156230,sess-00679634,add_to_cart,2023-06-16 18:53:50.128609849,3.8.0,"{""stage_rank"":1}"
evt-00238125,sess-00139987,page_view,2025-07-04 18:19:01.264505540,4.3.0,"{""stage_rank"":0}"
evt-00775378,sess-00455711,page_view,2026-06-26 19:17:30.360747196,4.4.0,"{""stage_rank"":0}"
evt-00401411,sess-00235979,page_view,2023-05-19 21:54:56.025558800,3.8.0,"{""stage_rank"":0}"
evt-00940153,sess-00552792,add_to_cart,2025-07-22 10:52:16.041377054,,"{""stage_rank"":1}"
evt-01128275,sess-00663161,add_to_cart,2023-06-15 17:24:00.168158030,3.8.0,"{""stage_rank"":1}"
evt-00571578,sess-00335785,add_to_cart,2026-06-03 23:36:41.511479180,4.4.0,"{""stage_rank"":1}"
evt-01232520,sess-00724367,page_view,2024-11-23 18:03:56.045377100,,"{""stage_rank"":0}"
evt-00883611,sess-00519364,page_view,2024-06-26 18:45:14.572513989,4.0.0,"{""stage_rank"":0}"
evt-01568970,sess-00921952,add_to_cart,2024-02-25 17:58:31.886777560,4.0.0,"{""stage_rank"":1}"
evt-01178644,sess-00692785,purchase,2023-06-23 17:22:57.583691975,3.8.0,"{""stage_rank"":3}"
evt-00799741,sess-00470017,checkout,2025-10-11 19:59:00.666107415,,"{""stage_rank"":2}"
evt-01084087,sess-00637238,add_to_cart,2024-08-22 12:04:55.209796856,4.1.0,"{""stage_rank"":1}"
evt-00222333,sess-00130599,add_to_cart,2024-01-01 16:03:32.546614481,,"{""stage_rank"":1}"
evt-01355864,sess-00796761,checkout,2023-03-12 19:51:04.386404669,,"{""stage_rank"":2}"
evt-00915892,sess-00538463,page_view,2026-03-23 20:35:06.174717561,,"{""stage_rank"":0}"
evt-01164591,sess-00684514,page_view,2026-03-18 13:54:42.514483046,,"{""stage_rank"":0}"
evt-00692122,sess-00406803,page_view,2023-10-14 20:41:21.617365547,3.8.0,"{""stage_rank"":0}"
evt-01508524,sess-00886413,page_view,2025-04-18 22:22:44.452384748,,"{""stage_rank"":0}"
evt-01061404,sess-00623951,checkout,2025-10-23 22:01:31.667006907,4.4.0,"{""stage_rank"":2}"
evt-00156545,sess-00091916,page_view,2023-07-12 21:26:08.998999881,,"{""stage_rank"":0}"
evt-00829749,sess-00487608,page_view,2026-03-05 23:01:50.242071399,4.4.0,"{""stage_rank"":0}"
evt-00473744,sess-00278523,page_view,2025-05-14 20:12:43.802554549,4.3.0,"{""stage_rank"":0}"
evt-01632142,sess-00959203,page_view,2023-03-10 18:29:24.666800091,,"{""stage_rank"":0}"
evt-00173080,sess-00101645,add_to_cart,2026-04-19 17:38:51.689121782,4.4.0,"{""stage_rank"":1}"
evt-01478988,sess-00869040,page_view,2024-06-14 23:35:24.138687641,,"{""stage_rank"":0}"
evt-01568130,sess-00921440,page_view,2026-03-07 00:17:24.754525842,,"{""stage_rank"":0}"
evt-01527231,sess-00897438,page_view,2025-12-21 22:52:31.003479107,,"{""stage_rank"":0}"
evt-00947101,sess-00556915,page_view,2023-02-25 18:17:34.267076564,3.8.0,"{""stage_rank"":0}"
evt-00473874,sess-00278600,page_view,2025-09-03 23:00:59.641278593,,"{""stage_rank"":0}"
evt-01125622,sess-00661602,purchase,2025-11-06 13:52:13.133344886,4.4.0,"{""stage_rank"":3}"
evt-01630679,sess-00958351,page_view,2026-02-26 22:49:37.437515424,4.4.0,"{""stage_rank"":0}"
evt-00641063,sess-00376699,add_to_cart,2025-01-02 14:06:16.292289976,4.2.0,"{""stage_rank"":1}"
evt-00993655,sess-00584313,page_view,2023-07-08 18:02:58.708635472,,"{""stage_rank"":0}"
evt-00490152,sess-00288177,add_to_cart,2024-12-24 22:22:44.873107399,4.2.0,"{""stage_rank"":1}"
evt-00409103,sess-00240518,checkout,2024-08-20 20:23:18.091302824,,"{""stage_rank"":2}"
evt-01548513,sess-00909959,checkout,2025-02-24 00:19:26.279411944,4.3.0,"{""stage_rank"":2}"
evt-00110799,sess-00065050,page_view,2023-12-26 18:33:43.242275068,,"{""stage_rank"":0}"
evt-00824581,sess-00484597,checkout,2024-12-26 22:08:10.107976749,4.2.0,"{""stage_rank"":2}"
evt-00952024,sess-00559795,page_view,2025-04-09 21:21:45.192041649,4.3.0,"{""stage_rank"":0}"
evt-00277885,sess-00163285,page_view,2024-07-18 20:07:12.230625499,,"{""stage_rank"":0}"
evt-00868936,sess-00510738,page_view,2024-02-14 22:24:12.668446285,4.0.0,"{""stage_rank"":0}"
evt-00465471,sess-00273710,page_view,2025-07-31 00:23:28.066443643,,"{""stage_rank"":0}"
evt-00846093,sess-00497336,add_to_cart,2025-06-30 14:27:29.965721538,,"{""stage_rank"":1}"
evt-01199054,sess-00704729,page_view,2024-05-21 00:17:28.954697177,4.0.0,"{""stage_rank"":0}"
evt-00916220,sess-00538651,add_to_cart,2024-11-22 02:50:30.611641022,4.2.0,"{""stage_rank"":1}"
evt-01420355,sess-00834652,page_view,2025-06-30 23:00:20.041416339,4.3.0,"{""stage_rank"":0}"
evt-01279287,sess-00751834,add_to_cart,2025-01-13 15:11:30.566716860,,"{""stage_rank"":1}"
evt-00108859,sess-00063897,add_to_cart,2024-05-23 20:07:30.291403272,,"{""stage_rank"":1}"
evt-00904986,sess-00531987,checkout,2023-05-31 18:39:26.885094289,3.8.0,"{""stage_rank"":2}"
evt-01278561,sess-00751404,page_view,2025-02-19 18:55:55.270449900,,"{""stage_rank"":0}"
evt-01452480,sess-00853464,checkout,2024-09-22 22:39:45.597333518,4.1.0,"{""stage_rank"":2}"
evt-01577440,sess-00926913,page_view,2023-09-21 23:41:03.823091006,3.8.0,"{""stage_rank"":0}"
evt-00325951,sess-00191550,page_view,2026-06-11 21:49:22.642135752,4.4.0,"{""stage_rank"":0}"
evt-01068822,sess-00628238,page_view,2026-03-17 19:59:38.871029919,,"{""stage_rank"":0}"
evt-01112810,sess-00654124,page_view,2025-05-02 22:18:38.761786326,,"{""stage_rank"":0}"
evt-00784110,sess-00460839,checkout,2024-01-18 13:37:52.178209347,,"{""stage_rank"":2}"
evt-00771196,sess-00453262,add_to_cart,2024-07-02 22:22:16.011087872,4.0.0,"{""stage_rank"":1}"
evt-00266960,sess-00156913,checkout,2025-04-04 16:34:48.083818683,,"{""stage_rank"":2}"
evt-00308644,sess-00181274,page_view,2025-12-20 22:45:28.304932545,,"{""stage_rank"":0}"
evt-01571414,sess-00923363,page_view,2023-05-28 19:57:31.449128251,3.8.0,"{""stage_rank"":0}"
evt-01186715,sess-00697509,page_view,2024-10-07 15:53:40.200161164,,"{""stage_rank"":0}"
evt-00723888,sess-00425438,page_view,2023-04-07 17:58:04.862665116,3.8.0,"{""stage_rank"":0}"
evt-00741312,sess-00435646,page_view,2024-09-26 22:38:53.131012359,4.1.0,"{""stage_rank"":0}"
evt-00372167,sess-00218786,add_to_cart,2023-04-12 21:52:01.595570662,3.8.0,"{""stage_rank"":1}"
evt-00167405,sess-00098266,add_to_cart,2023-01-29 23:27:26.711416243,,"{""stage_rank"":1}"
evt-01126259,sess-00661962,page_view,2025-05-19 23:39:53.551409122,4.3.0,"{""stage_rank"":0}"
evt-00092305,sess-00054249,page_view,2023-12-11 15:11:40.694401858,,"{""stage_rank"":0}"
evt-01119176,sess-00657804,add_to_cart,2024-05-02 22:13:20.530214302,,"{""stage_rank"":1}"
evt-00308470,sess-00181168,page_view,2023-01-15 21:48:05.219171854,,"{""stage_rank"":0}"
evt-01448321,sess-00851067,page_view,2025-06-25 17:53:50.788373342,4.3.0,"{""stage_rank"":0}"
evt-00532666,sess-00313014,checkout,2025-11-20 16:56:16.342069644,,"{""stage_rank"":2}"
evt-00611118,sess-00359032,add_to_cart,2025-12-01 17:35:37.462875202,,"{""stage_rank"":1}"
evt-00143163,sess-00084023,page_view,2025-03-09 22:44:18.163182678,,"{""stage_rank"":0}"
evt-00261392,sess-00153655,add_to_cart,2024-04-20 22:24:23.299956713,,"{""stage_rank"":1}"
evt-01367102,sess-00803350,page_view,2023-01-29 00:42:47.309238910,3.8.0,"{""stage_rank"":0}"
evt-00407820,sess-00239756,page_view,2025-02-05 18:56:16.647515687,,"{""stage_rank"":0}"
evt-01078729,sess-00634112,add_to_cart,2025-04-08 14:03:40.814737579,4.3.0,"{""stage_rank"":1}"
evt-01563249,sess-00918587,page_view,2026-06-27 14:21:23.515118495,4.4.0,"{""stage_rank"":0}"
evt-01457647,sess-00856496,page_view,2023-09-20 20:17:58.671310258,3.8.0,"{""stage_rank"":0}"
evt-01612888,sess-00947810,add_to_cart,2025-01-06 14:50:39.893659463,4.2.0,"{""stage_rank"":1}"
evt-00569387,sess-00334488,checkout,2025-12-09 18:41:27.962440060,,"{""stage_rank"":2}"
evt-01483150,sess-00871477,page_view,2024-08-08 17:32:32.850426462,4.1.0,"{""stage_rank"":0}"
evt-00828340,sess-00486779,page_view,2026-02-27 22:17:30.503777764,4.4.0,"{""stage_rank"":0}"
evt-00722842,sess-00424817,page_view,2025-04-19 21:39:26.240423660,,"{""stage_rank"":0}"
evt-00299785,sess-00176088,add_to_cart,2025-03-13 15:06:52.372647219,,"{""stage_rank"":1}"
evt-00772096,sess-00453788,add_to_cart,2025-12-15 13:35:45.803236358,4.4.0,"{""stage_rank"":1}"
evt-00359451,sess-00211219,add_to_cart,2023-07-06 20:58:31.897543049,,"{""stage_rank"":1}"
evt-00904253,sess-00531532,add_to_cart,2025-08-10 20:57:19.133833070,4.4.0,"{""stage_rank"":1}"
evt-00491647,sess-00289035,add_to_cart,2026-02-27 20:02:40.905245371,,"{""stage_rank"":1}"
evt-01568029,sess-00921382,page_view,2026-02-19 14:33:33.786841099,4.4.0,"{""stage_rank"":0}"
evt-00497398,sess-00292465,page_view,2025-07-07 18:30:00.218285244,,"{""stage_rank"":0}"
evt-00872082,sess-00512585,add_to_cart,2026-05-10 19:35:08.286429074,4.4.0,"{""stage_rank"":1}"
evt-01130681,sess-00664596,add_to_cart,2025-07-14 17:29:29.965331697,4.3.0,"{""stage_rank"":1}"
evt-00634800,sess-00372967,checkout,2025-09-09 22:39:50.891693077,4.4.0,"{""stage_rank"":2}"
evt-00489709,sess-00287908,add_to_cart,2024-07-16 23:31:04.319019688,,"{""stage_rank"":1}"
evt-00962344,sess-00565845,add_to_cart,2024-05-22 21:00:22.148861401,,"{""stage_rank"":1}"
evt-01690218,sess-00993159,add_to_cart,2024-01-21 23:05:49.955470085,,"{""stage_rank"":1}"
evt-01164927,sess-00684709,page_view,2026-05-06 17:32:31.041889718,4.4.0,"{""stage_rank"":0}"
evt-01586366,sess-00932173,page_view,2024-04-27 22:25:48.409217408,,"{""stage_rank"":0}"
evt-00149717,sess-00087874,page_view,2025-07-26 17:04:56.654217870,4.3.0,"{""stage_rank"":0}"
evt-00214990,sess-00126258,add_to_cart,2023-03-04 18:51:49.509057742,3.8.0,"{""stage_rank"":1}"
evt-01364350,sess-00801757,page_view,2023-02-21 15:00:28.338463912,,"{""stage_rank"":0}"
evt-00952498,sess-00560058,add_to_cart,2025-06-27 21:20:01.453143681,,"{""stage_rank"":1}"
evt-00675133,sess-00396800,checkout,2025-04-25 20:08:09.372660647,,"{""stage_rank"":2}"
evt-00657965,sess-00386724,add_to_cart,2026-02-27 22:25:45.816296209,4.4.0,"{""stage_rank"":1}"
evt-01187239,sess-00697824,page_view,2026-03-25 00:38:32.609241033,,"{""stage_rank"":0}"
evt-00346211,sess-00203448,page_view,2023-12-16 16:32:30.460942446,3.8.0,"{""stage_rank"":0}"
evt-01096133,sess-00644324,page_view,2024-06-19 00:34:05.590887913,,"{""stage_rank"":0}"
evt-01422827,sess-00836140,page_view,2024-11-24 17:03:46.603243261,4.2.0,"{""stage_rank"":0}"
evt-00689426,sess-00405239,page_view,2026-01-22 17:14:08.502913335,,"{""stage_rank"":0}"
evt-00906182,sess-00532701,add_to_cart,2024-08-14 15:00:53.479332251,4.1.0,"{""stage_rank"":1}"
evt-01079665,sess-00634653,add_to_cart,2023-01-03 20:33:16.303190682,,"{""stage_rank"":1}"
evt-01123115,sess-00660139,purchase,2026-03-07 23:00:22.734302352,,"{""stage_rank"":3}"
evt-00734097,sess-00431459,page_view,2024-08-15 11:24:20.669022465,,"{""stage_rank"":0}"
evt-00888337,sess-00522132,add_to_cart,2024-09-11 16:03:57.340515620,4.1.0,"{""stage_rank"":1}"
evt-01128839,sess-00663512,add_to_cart,2025-07-29 19:55:32.732062063,,"{""stage_rank"":1}"
evt-00303831,sess-00178454,page_view,2024-08-29 20:27:46.509463010,4.1.0,"{""stage_rank"":0}"
evt-01532361,sess-00900466,checkout,2026-01-12 15:21:01.711494095,4.4.0,"{""stage_rank"":2}"
evt-00632138,sess-00371386,page_view,2025-07-11 22:37:38.765887587,,"{""stage_rank"":0}"
evt-00294972,sess-00173279,add_to_cart,2024-08-24 16:27:45.996164725,,"{""stage_rank"":1}"
evt-00544192,sess-00319725,add_to_cart,2025-08-17 00:52:38.212599146,4.4.0,"{""stage_rank"":1}"
evt-01138364,sess-00669079,add_to_cart,2026-02-07 22:03:41.677036501,4.4.0,"{""stage_rank"":1}"
evt-00064563,sess-00037908,add_to_cart,2025-12-11 21:34:30.758160652,,"{""stage_rank"":1}"
evt-00449560,sess-00264282,page_view,2025-03-25 22:56:35.595675313,,"{""stage_rank"":0}"
evt-01392486,sess-00818223,page_view,2023-09-07 22:23:46.720432634,3.8.0,"{""stage_rank"":0}"
evt-01372154,sess-00806272,add_to_cart,2024-01-05 18:42:37.995369354,,"{""stage_rank"":1}"
evt-00720502,sess-00423418,page_view,2025-07-13 21:21:44.683619734,,"{""stage_rank"":0}"
evt-01034413,sess-00608090,page_view,2023-02-27 22:22:28.379531362,3.8.0,"{""stage_rank"":0}"
evt-00814321,sess-00478587,page_view,2023-10-17 14:10:25.759084180,3.8.0,"{""stage_rank"":0}"
evt-00175643,sess-00103120,add_to_cart,2023-01-14 19:33:18.522321277,,"{""stage_rank"":1}"
evt-01681827,sess-00988224,add_to_cart,2024-02-18 18:39:54.874834098,4.0.0,"{""stage_rank"":1}"
evt-01540008,sess-00904963,page_view,2025-04-17 00:57:56.648063101,,"{""stage_rank"":0}"
evt-00551590,sess-00324056,page_view,2024-03-07 22:52:17.387254017,4.0.0,"{""stage_rank"":0}"
evt-01331649,sess-00782562,add_to_cart,2023-03-09 03:33:02.662416958,3.8.0,"{""stage_rank"":1}"
evt-00966631,sess-00568423,checkout,2024-05-19 01:14:38.526301449,4.0.0,"{""stage_rank"":2}"
evt-01056287,sess-00620960,checkout,2024-01-18 01:35:57.449183196,,"{""stage_rank"":2}"
evt-01259776,sess-00740422,page_view,2023-01-13 20:59:59.657963339,,"{""stage_rank"":0}"
evt-00423020,sess-00248702,page_view,2024-11-10 18:29:08.090773125,4.2.0,"{""stage_rank"":0}"
evt-01342140,sess-00788707,page_view,2026-05-05 18:00:13.503986716,,"{""stage_rank"":0}"
evt-00939735,sess-00552541,add_to_cart,2025-02-08 23:04:18.157219332,4.3.0,"{""stage_rank"":1}"
evt-01581605,sess-00929382,page_view,2023-07-05 23:22:05.588258489,3.8.0,"{""stage_rank"":0}"
evt-00343688,sess-00201956,checkout,2026-05-01 13:55:45.255309620,4.4.0,"{""stage_rank"":2}"
evt-00821049,sess-00482511,page_view,2023-02-23 15:30:31.045713687,,"{""stage_rank"":0}"
evt-00287769,sess-00169059,add_to_cart,2023-08-14 19:22:12.502138339,,"{""stage_rank"":1}"
evt-01100632,sess-00646999,add_to_cart,2024-03-17 19:52:25.045541919,,"{""stage_rank"":1}"
evt-01316999,sess-00773993,checkout,2023-02-24 14:15:01.109677624,,"{""stage_rank"":2}"
evt-00778984,sess-00457795,page_view,2024-03-07 19:57:23.191672429,,"{""stage_rank"":0}"
evt-00391753,sess-00230272,add_to_cart,2024-10-18 13:13:05.333955727,,"{""stage_rank"":1}"
evt-01335862,sess-00785023,add_to_cart,2026-05-26 10:50:39.095847931,,"{""stage_rank"":1}"
evt-01369684,sess-00804836,add_to_cart,2025-04-17 16:44:16.654055069,,"{""stage_rank"":1}"
evt-00345076,sess-00202779,page_view,2025-08-18 12:57:53.842184912,,"{""stage_rank"":0}"
evt-01096169,sess-00644346,page_view,2023-09-05 02:12:05.758567980,,"{""stage_rank"":0}"
evt-00372510,sess-00218989,page_view,2025-03-31 18:26:18.360527104,,"{""stage_rank"":0}"
evt-01101728,sess-00647652,page_view,2024-01-08 21:40:36.315345909,3.8.0,"{""stage_rank"":0}"
evt-00459800,sess-00270361,page_view,2025-01-26 17:51:39.568965394,,"{""stage_rank"":0}"
evt-00439455,sess-00258346,page_view,2024-01-02 15:41:29.894227677,3.8.0,"{""stage_rank"":0}"
evt-01365537,sess-00802431,page_view,2025-02-27 19:03:34.778749837,4.3.0,"{""stage_rank"":0}"
evt-01523508,sess-00895256,page_view,2023-04-24 14:50:05.637566552,3.8.0,"{""stage_rank"":0}"
evt-00944893,sess-00555609,page_view,2025-09-12 01:31:22.534501005,,"{""stage_rank"":0}"
evt-01223907,sess-00719299,add_to_cart,2025-09-08 03:13:37.809090332,4.4.0,"{""stage_rank"":1}"
evt-00153558,sess-00090139,purchase,2025-01-02 19:07:53.639843525,4.2.0,"{""stage_rank"":3}"
evt-00924593,sess-00543579,page_view,2024-05-12 21:23:57.500310422,4.0.0,"{""stage_rank"":0}"
evt-00058578,sess-00034367,page_view,2025-02-14 20:08:42.766431341,4.3.0,"{""stage_rank"":0}"
evt-00762996,sess-00448442,page_view,2024-01-13 20:29:03.416459402,,"{""stage_rank"":0}"
evt-01608718,sess-00945339,page_view,2026-01-10 22:20:49.260378667,,"{""stage_rank"":0}"
evt-01345193,sess-00790485,page_view,2026-03-13 18:25:13.082373252,,"{""stage_rank"":0}"
evt-01653643,sess-00971849,checkout,2025-12-13 20:52:07.148072958,,"{""stage_rank"":2}"
evt-01209843,sess-00711006,page_view,2025-08-22 20:25:26.199124404,4.4.0,"{""stage_rank"":0}"
evt-01242705,sess-00730353,add_to_cart,2023-01-31 02:57:10.109512337,3.8.0,"{""stage_rank"":1}"
evt-00947408,sess-00557086,add_to_cart,2025-08-22 00:08:40.638153645,4.4.0,"{""stage_rank"":1}"
evt-00567186,sess-00333207,page_view,2024-09-20 17:59:46.786314159,4.1.0,"{""stage_rank"":0}"
evt-01632239,sess-00959266,add_to_cart,2024-10-05 16:47:58.634155395,4.1.0,"{""stage_rank"":1}"
evt-01535823,sess-00902494,add_to_cart,2025-02-24 01:06:16.402205137,,"{""stage_rank"":1}"
evt-00531630,sess-00312385,page_view,2025-10-02 01:17:52.968289007,,"{""stage_rank"":0}"
evt-01020059,sess-00599683,page_view,2023-08-14 21:53:11.155849774,3.8.0,"{""stage_rank"":0}"
evt-01117599,sess-00656902,checkout,2026-04-16 15:39:51.962616559,4.4.0,"{""stage_rank"":2}"
evt-00418931,sess-00246341,page_view,2024-04-20 02:13:47.320545582,4.0.0,"{""stage_rank"":0}"
evt-00840431,sess-00493969,page_view,2026-03-22 17:54:15.043581197,,"{""stage_rank"":0}"
evt-01326302,sess-00779466,checkout,2025-07-10 22:53:02.170422028,,"{""stage_rank"":2}"
evt-01072864,sess-00630657,checkout,2023-06-14 21:29:29.708220362,,"{""stage_rank"":2}"
evt-00892268,sess-00524440,page_view,2023-06-15 15:18:11.133968171,,"{""stage_rank"":0}"
evt-01635365,sess-00961112,page_view,2023-03-12 21:50:49.489502687,3.8.0,"{""stage_rank"":0}"
evt-00370582,sess-00217824,add_to_cart,2024-01-31 18:55:40.657834591,3.8.0,"{""stage_rank"":1}"
evt-01422709,sess-00836063,page_view,2024-08-28 19:51:33.501036454,,"{""stage_rank"":0}"
evt-00572888,sess-00336556,add_to_cart,2025-08-12 23:28:36.538230297,4.4.0,"{""stage_rank"":1}"
evt-01058434,sess-00622198,page_view,2024-12-09 22:08:29.344342811,,"{""stage_rank"":0}"
evt-00015689,sess-00009295,page_view,2025-10-03 00:51:34.399160186,4.4.0,"{""stage_rank"":0}"
evt-01672279,sess-00982689,page_view,2024-07-23 19:41:27.412318934,4.0.0,"{""stage_rank"":0}"
evt-00990816,sess-00582666,page_view,2025-05-29 19:14:25.741560545,4.3.0,"{""stage_rank"":0}"
evt-00605972,sess-00356032,purchase,2026-05-01 00:22:36.262658236,4.4.0,"{""stage_rank"":3}"
evt-01328150,sess-00780537,checkout,2025-06-26 17:28:49.236744523,,"{""stage_rank"":2}"
evt-00657435,sess-00386412,page_view,2025-07-15 00:18:10.022272300,,"{""stage_rank"":0}"
evt-01231375,sess-00723694,page_view,2023-12-19 21:31:51.261766904,3.8.0,"{""stage_rank"":0}"
evt-00430476,sess-00253025,add_to_cart,2024-12-26 18:24:50.929584392,4.2.0,"{""stage_rank"":1}"
evt-00123907,sess-00072659,page_view,2024-07-21 20:23:13.815393504,4.0.0,"{""stage_rank"":0}"
evt-00588405,sess-00345744,checkout,2026-02-05 20:22:44.996516020,4.4.0,"{""stage_rank"":2}"
evt-00030053,sess-00017659,page_view,2025-04-11 03:30:56.608687816,,"{""stage_rank"":0}"
evt-01164276,sess-00684317,checkout,2024-06-25 16:10:48.999521030,,"{""stage_rank"":2}"
evt-00777972,sess-00457218,add_to_cart,2025-01-26 18:16:26.438602771,,"{""stage_rank"":1}"
evt-01179039,sess-00692994,page_view,2026-02-04 19:27:54.400463573,4.4.0,"{""stage_rank"":0}"
evt-00601229,sess-00353242,add_to_cart,2024-03-24 21:12:37.714761489,4.0.0,"{""stage_rank"":1}"
evt-01627694,sess-00956608,page_view,2025-08-04 22:50:34.132872979,,"{""stage_rank"":0}"
evt-00485570,sess-00285472,page_view,2025-08-19 19:40:29.557323638,4.4.0,"{""stage_rank"":0}"
evt-01506135,sess-00885010,page_view,2026-02-07 01:35:21.184327115,4.4.0,"{""stage_rank"":0}"
evt-00179342,sess-00105276,page_view,2024-02-21 21:50:24.214546687,,"{""stage_rank"":0}"
evt-00259272,sess-00152397,page_view,2026-02-10 23:27:39.934470693,,"{""stage_rank"":0}"
evt-01596475,sess-00938142,checkout,2023-08-04 20:26:03.790502127,3.8.0,"{""stage_rank"":2}"
evt-01186944,sess-00697645,checkout,2023-10-20 22:37:52.997215035,3.8.0,"{""stage_rank"":2}"
evt-01540918,sess-00905497,checkout,2024-04-25 18:55:15.762735879,4.0.0,"{""stage_rank"":2}"
evt-01254158,sess-00737135,page_view,2023-11-26 13:52:45.320988986,,"{""stage_rank"":0}"
evt-01347664,sess-00791944,page_view,2026-01-12 23:52:11.493050310,,"{""stage_rank"":0}"
evt-00587177,sess-00345006,add_to_cart,2026-05-22 13:29:36.588894729,,"{""stage_rank"":1}"
evt-00716754,sess-00421216,add_to_cart,2023-10-17 21:02:10.544767131,3.8.0,"{""stage_rank"":1}"
evt-00134912,sess-00079136,page_view,2023-01-16 23:15:05.703581285,,"{""stage_rank"":0}"
evt-01296588,sess-00762063,add_to_cart,2025-03-16 16:25:40.838930374,4.3.0,"{""stage_rank"":1}"
evt-00972119,sess-00571628,add_to_cart,2024-11-23 18:23:31.603312551,,"{""stage_rank"":1}"
evt-00204149,sess-00119885,add_to_cart,2025-12-15 17:05:34.386896022,,"{""stage_rank"":1}"
evt-00548887,sess-00322476,page_view,2024-08-11 21:16:38.573037831,,"{""stage_rank"":0}"
evt-01565388,sess-00919816,page_view,2026-01-08 20:15:40.116333392,4.4.0,"{""stage_rank"":0}"
evt-00942604,sess-00554246,add_to_cart,2025-01-06 20:03:51.712454194,4.2.0,"{""stage_rank"":1}"
evt-01313240,sess-00771787,page_view,2026-06-30 17:12:12.083509775,4.4.0,"{""stage_rank"":0}"
evt-01111173,sess-00653170,checkout,2023-09-14 01:04:31.952901217,,"{""stage_rank"":2}"
evt-01211513,sess-00711943,page_view,2025-06-13 20:48:54.462982991,4.3.0,"{""stage_rank"":0}"
evt-01400550,sess-00823025,add_to_cart,2023-10-26 23:40:06.514368988,,"{""stage_rank"":1}"
evt-00742985,sess-00436635,add_to_cart,2023-03-18 20:52:43.885267189,3.8.0,"{""stage_rank"":1}"
evt-00655183,sess-00385100,checkout,2024-01-19 18:55:04.540453661,,"{""stage_rank"":2}"
evt-01621312,sess-00952844,page_view,2024-05-20 20:32:44.778776963,,"{""stage_rank"":0}"
evt-01578555,sess-00927559,page_view,2025-06-10 23:23:40.355992816,,"{""stage_rank"":0}"
evt-00803350,sess-00472153,purchase,2023-06-10 16:04:00.440857306,,"{""stage_rank"":3}"
evt-01055254,sess-00620355,add_to_cart,2025-08-12 20:53:18.354114470,4.4.0,"{""stage_rank"":1}"
evt-00468243,sess-00275332,page_view,2024-08-27 17:55:54.509885778,4.1.0,"{""stage_rank"":0}"
evt-01681401,sess-00987984,add_to_cart,2025-03-21 19:19:56.881788611,4.3.0,"{""stage_rank"":1}"
evt-00065762,sess-00038597,checkout,2025-12-17 21:24:04.418159715,4.4.0,"{""stage_rank"":2}"
evt-00872191,sess-00512651,page_view,2023-09-16 14:31:48.704964986,3.8.0,"{""stage_rank"":0}"
evt-01386625,sess-00814769,page_view,2023-12-09 15:35:47.822677095,3.8.0,"{""stage_rank"":0}"
evt-01023936,sess-00601927,page_view,2024-08-19 21:35:12.700847846,,"{""stage_rank"":0}"
evt-00109898,sess-00064512,purchase,2023-07-08 16:20:32.521837742,3.8.0,"{""stage_rank"":3}"
evt-00577924,sess-00339508,purchase,2026-05-11 18:50:15.588495168,4.4.0,"{""stage_rank"":3}"
evt-01474846,sess-00866604,page_view,2025-03-20 21:39:06.470012342,,"{""stage_rank"":0}"
evt-01555978,sess-00914332,add_to_cart,2023-06-27 19:55:22.893648789,3.8.0,"{""stage_rank"":1}"
evt-00211936,sess-00124448,add_to_cart,2024-01-31 22:54:00.848383721,,"{""stage_rank"":1}"
evt-01252823,sess-00736340,page_view,2023-01-10 15:03:26.785907345,,"{""stage_rank"":0}"
evt-00918900,sess-00540192,add_to_cart,2025-11-23 10:22:11.414736457,,"{""stage_rank"":1}"
evt-00627267,sess-00368517,page_view,2024-11-23 19:41:27.852958951,4.2.0,"{""stage_rank"":0}"
evt-01130412,sess-00664428,purchase,2023-02-04 15:12:26.945105162,,"{""stage_rank"":3}"
evt-01691236,sess-00993773,add_to_cart,2025-08-09 19:01:35.528369987,4.4.0,"{""stage_rank"":1}"
evt-01118140,sess-00657207,checkout,2024-04-23 00:22:09.369026663,,"{""stage_rank"":2}"
evt-00808502,sess-00475156,page_view,2024-01-22 23:52:47.717026362,3.8.0,"{""stage_rank"":0}"
evt-00257870,sess-00151564,page_view,2023-11-13 23:22:20.584356152,3.8.0,"{""stage_rank"":0}"
evt-01228124,sess-00721782,page_view,2026-03-06 22:47:26.089638873,4.4.0,"{""stage_rank"":0}"
evt-01545439,sess-00908161,page_view,2023-08-26 19:21:34.975687184,,"{""stage_rank"":0}"
evt-01371307,sess-00805789,add_to_cart,2023-08-30 01:43:48.048840474,3.8.0,"{""stage_rank"":1}"
evt-00709321,sess-00416921,page_view,2024-05-06 18:31:39.108265116,,"{""stage_rank"":0}"
evt-00505747,sess-00297311,page_view,2025-07-25 00:04:45.172205296,,"{""stage_rank"":0}"
evt-01629779,sess-00957826,checkout,2025-04-16 23:33:49.340955612,4.3.0,"{""stage_rank"":2}"
evt-01299356,sess-00763686,page_view,2024-02-03 01:16:59.107156612,4.0.0,"{""stage_rank"":0}"
evt-00379720,sess-00223221,checkout,2026-01-07 16:58:17.612588428,,"{""stage_rank"":2}"
evt-00892634,sess-00524659,add_to_cart,2024-06-29 00:25:18.979340021,,"{""stage_rank"":1}"
evt-00076780,sess-00045130,page_view,2023-07-31 15:52:55.428774433,3.8.0,"{""stage_rank"":0}"
evt-00051705,sess-00030326,page_view,2023-11-27 17:49:59.319357457,,"{""stage_rank"":0}"
evt-00099656,sess-00058499,page_view,2024-09-19 16:20:48.730711354,,"{""stage_rank"":0}"
evt-00014814,sess-00008773,page_view,2023-02-18 19:27:09.847048011,,"{""stage_rank"":0}"
evt-01121593,sess-00659222,add_to_cart,2026-04-28 18:55:08.649252062,,"{""stage_rank"":1}"
evt-00320833,sess-00188507,page_view,2023-10-12 20:50:51.169193297,3.8.0,"{""stage_rank"":0}"
evt-00197559,sess-00115994,page_view,2025-04-01 01:57:27.056795793,,"{""stage_rank"":0}"
evt-00577430,sess-00339219,page_view,2025-07-03 19:43:25.884470544,,"{""stage_rank"":0}"
evt-00797444,sess-00468673,page_view,2024-08-01 17:54:24.877424302,,"{""stage_rank"":0}"
evt-00919667,sess-00540623,add_to_cart,2025-06-05 12:47:11.801073811,4.3.0,"{""stage_rank"":1}"
evt-01634324,sess-00960511,page_view,2024-03-25 12:45:26.234161694,,"{""stage_rank"":0}"
evt-00406969,sess-00239244,page_view,2025-10-19 00:04:47.383809042,,"{""stage_rank"":0}"
evt-00861012,sess-00506122,add_to_cart,2023-07-03 17:58:34.868590374,,"{""stage_rank"":1}"
evt-00575551,sess-00338111,page_view,2024-03-18 22:20:21.849529219,,"{""stage_rank"":0}"
evt-01369477,sess-00804717,add_to_cart,2025-07-24 22:46:08.054094581,,"{""stage_rank"":1}"
evt-01596181,sess-00937980,checkout,2025-02-26 21:33:03.439197712,,"{""stage_rank"":2}"
evt-01268899,sess-00745741,add_to_cart,2023-12-12 18:55:23.508072936,3.8.0,"{""stage_rank"":1}"
evt-00243911,sess-00143401,page_view,2024-07-24 22:39:36.496468595,,"{""stage_rank"":0}"
evt-00078624,sess-00046209,checkout,2025-06-07 02:18:56.052504891,,"{""stage_rank"":2}"
evt-00023362,sess-00013767,checkout,2025-02-24 21:15:57.013966551,4.3.0,"{""stage_rank"":2}"
evt-00652841,sess-00383721,page_view,2026-02-10 18:34:55.310723241,,"{""stage_rank"":0}"
evt-00653633,sess-00384196,add_to_cart,2023-01-21 20:24:36.369335132,,"{""stage_rank"":1}"
evt-00096739,sess-00056804,page_view,2025-02-16 19:36:59.424430769,,"{""stage_rank"":0}"
evt-01237520,sess-00727286,add_to_cart,2024-09-18 18:55:44.442158069,4.1.0,"{""stage_rank"":1}"
evt-00457066,sess-00268754,page_view,2025-05-17 19:27:47.372445246,,"{""stage_rank"":0}"
evt-00612419,sess-00359790,page_view,2026-02-15 16:17:47.449774191,,"{""stage_rank"":0}"
evt-01152512,sess-00677438,page_view,2025-07-28 19:12:15.992510216,,"{""stage_rank"":0}"
evt-00544938,sess-00320171,page_view,2025-02-06 01:50:30.486956961,4.3.0,"{""stage_rank"":0}"
evt-01405934,sess-00826167,page_view,2026-05-03 19:40:21.739209225,4.4.0,"{""stage_rank"":0}"
evt-00170149,sess-00099901,add_to_cart,2025-03-19 21:14:36.001918484,,"{""stage_rank"":1}"
evt-00551957,sess-00324255,page_view,2023-05-19 18:04:16.428708579,,"{""stage_rank"":0}"
evt-00788911,sess-00463671,page_view,2024-07-16 20:00:26.684425324,4.0.0,"{""stage_rank"":0}"
evt-01200166,sess-00705380,page_view,2025-08-21 15:54:44.941899503,4.4.0,"{""stage_rank"":0}"
evt-01339099,sess-00786902,checkout,2023-03-28 22:10:39.618817437,3.8.0,"{""stage_rank"":2}"
evt-00786415,sess-00462185,page_view,2025-10-11 21:16:43.994550996,4.4.0,"{""stage_rank"":0}"
evt-01678197,sess-00986127,page_view,2023-12-17 01:18:43.022248059,,"{""stage_rank"":0}"
evt-01265708,sess-00743868,add_to_cart,2026-05-10 23:05:32.560602190,4.4.0,"{""stage_rank"":1}"
evt-00104720,sess-00061462,page_view,2025-01-10 16:38:33.139057410,,"{""stage_rank"":0}"
evt-01477836,sess-00868371,add_to_cart,2023-01-08 21:21:10.271391448,3.8.0,"{""stage_rank"":1}"
evt-01306281,sess-00767719,checkout,2024-11-29 16:44:24.114388433,,"{""stage_rank"":2}"
evt-01514218,sess-00889796,page_view,2024-03-01 17:06:26.256170196,4.0.0,"{""stage_rank"":0}"
evt-00014678,sess-00008689,checkout,2024-06-27 23:50:02.503856510,,"{""stage_rank"":2}"
evt-00224876,sess-00132135,page_view,2024-10-02 16:19:55.010087023,4.1.0,"{""stage_rank"":0}"
evt-01485757,sess-00873000,checkout,2024-05-22 21:04:28.481903230,,"{""stage_rank"":2}"
evt-01436918,sess-00844373,page_view,2025-04-27 18:26:20.177592832,4.3.0,"{""stage_rank"":0}"
evt-00022382,sess-00013205,add_to_cart,2023-07-12 15:27:42.781598754,,"{""stage_rank"":1}"
evt-00279096,sess-00163975,add_to_cart,2024-11-05 18:23:20.782304778,4.1.0,"{""stage_rank"":1}"
evt-00559499,sess-00328715,page_view,2026-02-11 22:07:28.706728958,4.4.0,"{""stage_rank"":0}"
evt-01111635,sess-00653435,page_view,2026-04-30 23:20:43.205987273,4.4.0,"{""stage_rank"":0}"
evt-00675248,sess-00396868,add_to_cart,2024-08-14 16:54:41.508011594,4.1.0,"{""stage_rank"":1}"
evt-01296358,sess-00761920,add_to_cart,2023-05-12 21:42:13.839227081,3.8.0,"{""stage_rank"":1}"
evt-01087560,sess-00639299,page_view,2023-10-27 21:22:54.420225397,3.8.0,"{""stage_rank"":0}"
evt-00217720,sess-00127884,checkout,2023-10-22 00:24:12.222094453,,"{""stage_rank"":2}"
evt-00150819,sess-00088535,page_view,2026-04-05 18:30:43.860515332,4.4.0,"{""stage_rank"":0}"
evt-00280207,sess-00164601,add_to_cart,2025-11-07 20:14:26.846764524,,"{""stage_rank"":1}"
evt-01578263,sess-00927393,checkout,2025-08-23 21:15:48.029214386,,"{""stage_rank"":2}"
evt-00483051,sess-00283988,add_to_cart,2023-10-14 18:36:05.271560923,3.8.0,"{""stage_rank"":1}"
evt-00687531,sess-00404092,add_to_cart,2024-11-23 03:03:19.887166224,4.2.0,"{""stage_rank"":1}"
evt-01172422,sess-00689130,page_view,2023-07-14 16:49:58.393766197,,"{""stage_rank"":0}"
evt-00397118,sess-00233428,add_to_cart,2023-05-24 20:43:46.684033526,,"{""stage_rank"":1}"
evt-00633607,sess-00372266,page_view,2024-08-06 16:29:26.295545999,4.1.0,"{""stage_rank"":0}"
evt-00214470,sess-00125954,page_view,2023-02-14 17:48:04.330702450,,"{""stage_rank"":0}"
evt-01206718,sess-00709190,page_view,2023-07-07 13:01:49.405048744,3.8.0,"{""stage_rank"":0}"
evt-01249462,sess-00734368,page_view,2024-09-22 18:40:40.813223621,4.1.0,"{""stage_rank"":0}"
evt-01601457,sess-00941081,page_view,2025-01-01 14:28:54.779056843,,"{""stage_rank"":0}"
evt-00683731,sess-00401804,page_view,2026-01-26 21:23:31.055044891,4.4.0,"{""stage_rank"":0}"
evt-00596738,sess-00350589,page_view,2026-04-04 03:07:52.430344649,,"{""stage_rank"":0}"
evt-00244366,sess-00143674,page_view,2023-10-20 22:04:28.852802186,3.8.0,"{""stage_rank"":0}"
evt-01577965,sess-00927223,page_view,2026-04-14 20:18:41.800998433,,"{""stage_rank"":0}"
evt-00520496,sess-00305922,checkout,2024-10-07 00:23:35.671303546,4.1.0,"{""stage_rank"":2}"
evt-01044487,sess-00614011,page_view,2023-07-05 02:05:31.663786747,3.8.0,"{""stage_rank"":0}"
evt-00259158,sess-00152329,page_view,2025-12-17 16:22:19.303800568,4.4.0,"{""stage_rank"":0}"
evt-00773937,sess-00454878,page_view,2023-11-15 21:21:47.047109272,,"{""stage_rank"":0}"
evt-00584577,sess-00343453,page_view,2023-07-14 04:58:18.707220536,3.8.0,"{""stage_rank"":0}"
evt-01517532,sess-00891719,page_view,2026-04-17 21:59:00.296308829,,"{""stage_rank"":0}"
evt-01594250,sess-00936847,page_view,2023-10-30 20:26:37.164379983,,"{""stage_rank"":0}"
evt-01433624,sess-00842440,page_view,2023-01-17 17:59:40.046929951,,"{""stage_rank"":0}"
evt-01469688,sess-00863554,page_view,2026-03-28 15:10:50.198758008,4.4.0,"{""stage_rank"":0}"
evt-00771261,sess-00453294,page_view,2024-01-04 21:30:57.569779728,,"{""stage_rank"":0}"
evt-01521111,sess-00893857,add_to_cart,2024-05-03 22:49:26.733328820,4.0.0,"{""stage_rank"":1}"
evt-01236450,sess-00726681,checkout,2024-10-14 19:28:08.625905660,4.1.0,"{""stage_rank"":2}"
evt-00276882,sess-00162710,add_to_cart,2025-08-20 16:35:40.332830799,4.4.0,"{""stage_rank"":1}"
evt-01697704,sess-00997570,add_to_cart,2025-08-04 19:04:07.249061828,,"{""stage_rank"":1}"
evt-01197056,sess-00703545,page_view,2023-07-08 16:38:34.355724855,,"{""stage_rank"":0}"
evt-01274633,sess-00749115,page_view,2023-12-07 20:33:09.398464961,3.8.0,"{""stage_rank"":0}"
evt-01610540,sess-00946427,add_to_cart,2024-10-05 16:08:30.358079198,4.1.0,"{""stage_rank"":1}"
evt-00425714,sess-00250249,page_view,2024-07-11 19:41:47.240514571,,"{""stage_rank"":0}"
evt-00550185,sess-00323238,page_view,2023-12-24 23:58:33.470175670,,"{""stage_rank"":0}"
evt-00231286,sess-00135924,add_to_cart,2024-11-16 18:10:42.749645173,4.2.0,"{""stage_rank"":1}"
evt-00833525,sess-00489889,page_view,2026-02-19 15:06:19.552871317,,"{""stage_rank"":0}"
evt-00958641,sess-00563680,purchase,2025-12-27 18:38:50.284061184,,"{""stage_rank"":3}"
evt-00238867,sess-00140439,add_to_cart,2024-08-24 22:41:18.065655694,,"{""stage_rank"":1}"
evt-01044092,sess-00613773,page_view,2025-11-26 19:24:35.493842287,,"{""stage_rank"":0}"
evt-00477881,sess-00280980,add_to_cart,2026-06-03 19:45:27.613452192,,"{""stage_rank"":1}"
evt-00897840,sess-00527761,page_view,2026-01-12 15:51:28.943232699,4.4.0,"{""stage_rank"":0}"
evt-01655679,sess-00973042,page_view,2023-08-31 11:05:59.670943481,3.8.0,"{""stage_rank"":0}"
evt-00999438,sess-00587645,page_view,2023-08-13 20:10:34.421502406,3.8.0,"{""stage_rank"":0}"
evt-00185041,sess-00108687,page_view,2023-02-17 19:41:42.124624991,3.8.0,"{""stage_rank"":0}"
evt-01014957,sess-00596683,page_view,2024-10-23 21:22:50.178648882,4.1.0,"{""stage_rank"":0}"
evt-00498246,sess-00292958,page_view,2023-12-05 18:45:29.542523373,3.8.0,"{""stage_rank"":0}"
evt-00203217,sess-00119331,add_to_cart,2024-04-02 21:18:40.693743884,,"{""stage_rank"":1}"
evt-01333146,sess-00783430,add_to_cart,2023-08-01 01:33:30.855028427,,"{""stage_rank"":1}"
evt-00447293,sess-00262955,checkout,2025-12-10 15:56:19.617381777,,"{""stage_rank"":2}"
evt-01226794,sess-00721017,add_to_cart,2024-08-05 21:03:08.485740458,4.1.0,"{""stage_rank"":1}"
evt-01642717,sess-00965455,page_view,2024-04-09 21:12:08.975878573,4.0.0,"{""stage_rank"":0}"
evt-00927337,sess-00545199,add_to_cart,2023-08-22 23:36:46.468937042,3.8.0,"{""stage_rank"":1}"
evt-01548993,sess-00910225,page_view,2026-02-06 20:00:18.158612517,,"{""stage_rank"":0}"
evt-01473882,sess-00866029,add_to_cart,2023-07-04 21:01:46.071635619,,"{""stage_rank"":1}"
evt-00665033,sess-00390877,add_to_cart,2023-08-04 19:25:14.410155958,3.8.0,"{""stage_rank"":1}"
evt-01061528,sess-00624016,checkout,2025-01-06 21:54:07.699550396,,"{""stage_rank"":2}"
evt-00045115,sess-00026451,page_view,2025-02-05 19:42:35.562447839,,"{""stage_rank"":0}"
evt-00210796,sess-00123807,page_view,2025-12-10 19:52:48.707838233,4.4.0,"{""stage_rank"":0}"
evt-01688302,sess-00992034,page_view,2024-08-05 23:04:33.515109226,4.1.0,"{""stage_rank"":0}"
evt-00634275,sess-00372658,page_view,2025-07-01 22:40:20.442341041,,"{""stage_rank"":0}"
evt-01686933,sess-00991229,page_view,2024-01-12 23:03:55.199974677,3.8.0,"{""stage_rank"":0}"
evt-00354833,sess-00208493,add_to_cart,2024-07-11 19:49:04.524935055,,"{""stage_rank"":1}"
evt-00814131,sess-00478472,page_view,2025-10-28 20:51:44.170327024,,"{""stage_rank"":0}"
evt-00608942,sess-00357751,checkout,2025-10-21 16:48:03.875894755,4.4.0,"{""stage_rank"":2}"
evt-00523837,sess-00307827,page_view,2026-04-07 00:53:09.832549463,4.4.0,"{""stage_rank"":0}"
evt-00069753,sess-00040975,page_view,2023-05-27 18:05:44.517872526,3.8.0,"{""stage_rank"":0}"
evt-00109055,sess-00064013,page_view,2026-04-25 19:38:46.539198581,4.4.0,"{""stage_rank"":0}"
evt-00892524,sess-00524595,add_to_cart,2025-02-22 16:53:41.737747270,,"{""stage_rank"":1}"
evt-00107749,sess-00063244,page_view,2024-04-12 18:56:04.150665720,4.0.0,"{""stage_rank"":0}"
evt-00639552,sess-00375793,checkout,2023-09-12 13:41:56.284045944,,"{""stage_rank"":2}"
evt-00181792,sess-00106734,page_view,2024-12-06 03:43:42.925737769,,"{""stage_rank"":0}"
evt-01028400,sess-00604537,page_view,2025-01-14 01:27:16.017067875,4.2.0,"{""stage_rank"":0}"
evt-00639168,sess-00375575,add_to_cart,2024-12-20 21:33:29.318451953,4.2.0,"{""stage_rank"":1}"
evt-00884432,sess-00519851,page_view,2023-11-12 16:55:10.957183801,3.8.0,"{""stage_rank"":0}"
evt-01218711,sess-00716215,add_to_cart,2026-04-01 22:50:24.220716808,,"{""stage_rank"":1}"
evt-00853304,sess-00501589,add_to_cart,2025-03-05 17:51:24.385449427,4.3.0,"{""stage_rank"":1}"
evt-00900889,sess-00529584,page_view,2024-03-06 14:13:44.857565511,,"{""stage_rank"":0}"
evt-01356034,sess-00796868,page_view,2025-11-07 15:32:36.624179728,4.4.0,"{""stage_rank"":0}"
evt-00869407,sess-00511030,checkout,2023-01-24 17:19:26.373267610,3.8.0,"{""stage_rank"":2}"
evt-01079126,sess-00634346,page_view,2024-10-21 00:02:54.141006820,4.1.0,"{""stage_rank"":0}"
evt-00034777,sess-00020409,add_to_cart,2025-07-21 21:39:12.541909774,4.3.0,"{""stage_rank"":1}"
evt-00586188,sess-00344418,page_view,2023-07-16 20:42:43.623594025,3.8.0,"{""stage_rank"":0}"
evt-00666950,sess-00392029,checkout,2025-05-31 15:40:05.406508616,,"{""stage_rank"":2}"
evt-00983843,sess-00578585,page_view,2025-12-29 20:43:49.815440275,,"{""stage_rank"":0}"
evt-01097911,sess-00645371,add_to_cart,2025-07-01 15:22:13.129239442,,"{""stage_rank"":1}"
evt-00415921,sess-00244554,page_view,2024-04-20 14:50:54.701933387,,"{""stage_rank"":0}"
evt-01043186,sess-00613236,checkout,2023-12-19 16:37:05.032235322,3.8.0,"{""stage_rank"":2}"
evt-01392096,sess-00817992,page_view,2026-04-22 20:06:58.974572758,,"{""stage_rank"":0}"
evt-00395824,sess-00232644,purchase,2023-07-21 20:07:21.059497694,,"{""stage_rank"":3}"
evt-00150783,sess-00088510,page_view,2025-10-25 18:22:02.317040591,,"{""stage_rank"":0}"
evt-01556475,sess-00914630,page_view,2024-09-24 23:18:32.180773892,,"{""stage_rank"":0}"
evt-00029135,sess-00017134,page_view,2024-07-06 18:40:45.407028206,,"{""stage_rank"":0}"
evt-01330489,sess-00781900,checkout,2023-06-27 16:11:39.319971607,3.8.0,"{""stage_rank"":2}"
evt-00286486,sess-00168317,checkout,2024-08-16 20:56:11.279654121,,"{""stage_rank"":2}"
evt-00219275,sess-00128771,add_to_cart,2025-07-05 14:11:45.715478683,,"{""stage_rank"":1}"
evt-01254629,sess-00737421,page_view,2026-06-29 00:39:46.749140955,,"{""stage_rank"":0}"
evt-00999506,sess-00587687,page_view,2026-04-18 20:18:43.000776907,,"{""stage_rank"":0}"
evt-00521089,sess-00306255,page_view,2026-01-24 21:38:16.429503430,4.4.0,"{""stage_rank"":0}"
evt-00027543,sess-00016210,page_view,2023-09-13 20:26:24.825097779,,"{""stage_rank"":0}"
evt-00952222,sess-00559903,page_view,2023-02-23 20:39:44.175944210,3.8.0,"{""stage_rank"":0}"
evt-01581826,sess-00929499,page_view,2024-11-22 17:29:58.137905443,,"{""stage_rank"":0}"
evt-00217839,sess-00127955,add_to_cart,2025-01-23 01:14:36.661577881,,"{""stage_rank"":1}"
evt-01074549,sess-00631657,add_to_cart,2024-12-18 22:30:37.097833424,4.2.0,"{""stage_rank"":1}"
evt-00180694,sess-00106086,checkout,2023-04-28 22:51:10.228321924,3.8.0,"{""stage_rank"":2}"
evt-01293841,sess-00760444,add_to_cart,2026-03-26 21:27:14.940276358,,"{""stage_rank"":1}"
evt-01358570,sess-00798355,add_to_cart,2023-12-17 17:17:48.211040134,3.8.0,"{""stage_rank"":1}"
evt-00833753,sess-00490029,page_view,2024-05-04 18:44:30.692288108,4.0.0,"{""stage_rank"":0}"
evt-00517070,sess-00303924,checkout,2025-10-30 22:41:09.584926161,4.4.0,"{""stage_rank"":2}"
evt-01097868,sess-00645347,checkout,2023-11-26 03:17:55.960776615,3.8.0,"{""stage_rank"":2}"
evt-00947764,sess-00557285,add_to_cart,2026-01-27 23:07:34.359832972,4.4.0,"{""stage_rank"":1}"
evt-01490622,sess-00875853,add_to_cart,2023-08-30 22:55:58.949189400,,"{""stage_rank"":1}"
evt-01349460,sess-00792990,page_view,2025-06-27 20:54:44.385586330,,"{""stage_rank"":0}"
evt-01620178,sess-00952158,page_view,2024-02-11 23:23:34.964642282,,"{""stage_rank"":0}"
evt-00483639,sess-00284335,add_to_cart,2025-06-28 16:47:12.196533828,,"{""stage_rank"":1}"
evt-01405907,sess-00826154,page_view,2025-09-10 17:34:19.281667962,,"{""stage_rank"":0}"
evt-00971403,sess-00571214,page_view,2025-10-09 21:45:34.111928975,,"{""stage_rank"":0}"
evt-00803402,sess-00472183,page_view,2024-08-05 10:47:12.945727522,4.1.0,"{""stage_rank"":0}"
evt-00155894,sess-00091523,page_view,2023-09-11 01:00:46.823446875,3.8.0,"{""stage_rank"":0}"
evt-01489129,sess-00874983,page_view,2023-12-04 20:47:27.688657967,,"{""stage_rank"":0}"
evt-00758453,sess-00445760,page_view,2024-06-15 23:23:55.109778381,4.0.0,"{""stage_rank"":0}"
evt-01137252,sess-00668418,page_view,2026-05-16 23:23:25.990759183,4.4.0,"{""stage_rank"":0}"
evt-00344349,sess-00202345,add_to_cart,2024-06-29 17:18:04.014891836,4.0.0,"{""stage_rank"":1}"
evt-00510072,sess-00299845,page_view,2025-10-17 21:21:58.596950711,,"{""stage_rank"":0}"
evt-01628759,sess-00957245,add_to_cart,2026-03-26 02:05:41.706604635,,"{""stage_rank"":1}"
evt-00908979,sess-00534381,page_view,2024-06-27 00:14:28.199581825,4.0.0,"{""stage_rank"":0}"
evt-01251786,sess-00735718,purchase,2025-12-12 20:58:44.711177969,4.4.0,"{""stage_rank"":3}"
evt-00538194,sess-00316259,page_view,2023-10-22 00:11:46.043923100,,"{""stage_rank"":0}"
evt-01451322,sess-00852799,page_view,2024-05-03 22:56:07.950874725,,"{""stage_rank"":0}"
evt-00389918,sess-00229184,page_view,2026-04-29 22:45:54.052559617,,"{""stage_rank"":0}"
evt-00489464,sess-00287768,page_view,2023-01-08 14:03:54.439552257,3.8.0,"{""stage_rank"":0}"
evt-01053535,sess-00619311,page_view,2025-06-15 19:48:15.946756599,4.3.0,"{""stage_rank"":0}"
evt-00680085,sess-00399690,checkout,2024-04-21 20:51:28.286147846,,"{""stage_rank"":2}"
evt-00190802,sess-00112050,checkout,2025-03-09 17:45:16.769865879,4.3.0,"{""stage_rank"":2}"
evt-00529727,sess-00311278,add_to_cart,2024-06-05 23:13:02.067292851,,"{""stage_rank"":1}"
evt-01359003,sess-00798591,checkout,2023-07-21 00:40:21.174288737,,"{""stage_rank"":2}"
evt-00328716,sess-00193201,page_view,2025-08-17 17:07:32.062249894,4.4.0,"{""stage_rank"":0}"
evt-01027186,sess-00603836,add_to_cart,2025-04-27 16:54:26.234961486,,"{""stage_rank"":1}"
evt-01085773,sess-00638246,page_view,2025-05-10 17:07:14.092746474,4.3.0,"{""stage_rank"":0}"
evt-00311896,sess-00183248,add_to_cart,2026-05-10 19:40:21.220036911,,"{""stage_rank"":1}"
evt-01022018,sess-00600837,add_to_cart,2023-03-13 18:28:43.372842057,3.8.0,"{""stage_rank"":1}"
evt-00260339,sess-00153047,add_to_cart,2026-05-15 16:39:16.129884056,,"{""stage_rank"":1}"
evt-01441697,sess-00847182,page_view,2023-03-11 00:18:05.933094265,3.8.0,"{""stage_rank"":0}"
evt-00110010,sess-00064575,add_to_cart,2024-01-20 16:43:07.672994287,,"{""stage_rank"":1}"
evt-00245663,sess-00144429,page_view,2025-09-18 01:56:22.466842734,4.4.0,"{""stage_rank"":0}"
evt-01607756,sess-00944755,add_to_cart,2025-08-04 19:47:41.817691398,4.4.0,"{""stage_rank"":1}"
evt-00705711,sess-00414787,add_to_cart,2026-01-26 21:31:35.956994388,4.4.0,"{""stage_rank"":1}"
evt-00092776,sess-00054524,add_to_cart,2025-08-05 15:18:50.668880891,4.4.0,"{""stage_rank"":1}"
evt-00335222,sess-00197040,add_to_cart,2024-12-22 22:23:04.994627850,,"{""stage_rank"":1}"
evt-01069805,sess-00628815,page_view,2026-02-15 22:29:39.051260577,,"{""stage_rank"":0}"
evt-01276216,sess-00750052,page_view,2023-08-31 18:48:47.769660222,,"{""stage_rank"":0}"
evt-01070054,sess-00628968,page_view,2025-12-04 21:09:59.073411907,4.4.0,"{""stage_rank"":0}"
evt-00354642,sess-00208378,page_view,2023-05-27 15:34:08.303963099,3.8.0,"{""stage_rank"":0}"
evt-01412324,sess-00829939,page_view,2025-02-09 21:11:28.240784007,4.3.0,"{""stage_rank"":0}"
evt-01511040,sess-00887909,add_to_cart,2026-05-21 00:26:06.444355829,,"{""stage_rank"":1}"
evt-01027796,sess-00604193,page_view,2023-01-30 12:43:47.033572983,,"{""stage_rank"":0}"
evt-01425694,sess-00837832,add_to_cart,2024-03-28 21:24:15.754148965,4.0.0,"{""stage_rank"":1}"
evt-01368403,sess-00804103,page_view,2026-01-24 16:26:47.482220295,4.4.0,"{""stage_rank"":0}"
evt-00578407,sess-00339801,add_to_cart,2025-01-27 21:57:15.507505636,,"{""stage_rank"":1}"
evt-01268075,sess-00745254,page_view,2026-01-18 01:54:47.781986599,4.4.0,"{""stage_rank"":0}"
evt-01215487,sess-00714305,checkout,2025-09-09 22:06:15.321618455,,"{""stage_rank"":2}"
evt-01564972,sess-00919576,page_view,2023-05-09 18:14:55.697264960,,"{""stage_rank"":0}"
evt-00760512,sess-00446967,page_view,2026-01-03 18:36:59.553427819,,"{""stage_rank"":0}"
evt-01461577,sess-00858799,page_view,2026-03-28 00:12:00.862641444,,"{""stage_rank"":0}"
evt-00090560,sess-00053222,page_view,2024-01-07 21:44:49.995131691,3.8.0,"{""stage_rank"":0}"
evt-00804435,sess-00472796,add_to_cart,2026-01-22 15:00:57.046638992,,"{""stage_rank"":1}"
evt-01194360,sess-00701987,page_view,2025-08-10 14:03:51.894333132,4.4.0,"{""stage_rank"":0}"
evt-00033168,sess-00019476,add_to_cart,2023-07-15 19:42:45.359414024,,"{""stage_rank"":1}"
evt-01374205,sess-00807497,page_view,2026-02-27 17:25:48.685578804,,"{""stage_rank"":0}"
evt-00336661,sess-00197871,add_to_cart,2024-01-28 19:31:45.636226095,3.8.0,"{""stage_rank"":1}"
evt-00557601,sess-00327549,page_view,2025-12-17 22:36:42.858085016,4.4.0,"{""stage_rank"":0}"
evt-00124465,sess-00072975,add_to_cart,2023-09-15 00:17:18.883405416,3.8.0,"{""stage_rank"":1}"
evt-01316999,sess-00773993,checkout,2023-02-24 14:15:01.109677624,,"{""stage_rank"":2}"
evt-00830262,sess-00487931,page_view,2024-06-03 12:17:55.976482551,,"{""stage_rank"":0}"
evt-01560962,sess-00917269,add_to_cart,2023-08-30 02:59:42.011785215,,"{""stage_rank"":1}"
evt-01049186,sess-00616752,page_view,2025-01-17 19:54:08.124806502,,"{""stage_rank"":0}"
evt-00843101,sess-00495570,page_view,2023-01-13 21:14:21.900574010,3.8.0,"{""stage_rank"":0}"
evt-00405130,sess-00238158,page_view,2024-08-01 22:38:40.357112612,,"{""stage_rank"":0}"
evt-00487630,sess-00286706,page_view,2025-08-25 20:06:43.418654977,4.4.0,"{""stage_rank"":0}"
evt-00753986,sess-00443141,add_to_cart,2025-05-14 22:32:02.377171579,,"{""stage_rank"":1}"
evt-01170306,sess-00687896,page_view,2023-12-19 18:30:52.913029714,3.8.0,"{""stage_rank"":0}"
evt-01257122,sess-00738873,checkout,2024-06-26 16:12:08.866217328,4.0.0,"{""stage_rank"":2}"
evt-00290576,sess-00170706,page_view,2025-01-02 21:46:59.130195437,4.2.0,"{""stage_rank"":0}"
evt-01246382,sess-00732520,page_view,2024-07-11 16:43:05.035976612,,"{""stage_rank"":0}"
evt-00519757,sess-00305493,add_to_cart,2026-04-18 15:08:31.754805710,4.4.0,"{""stage_rank"":1}"
evt-00661288,sess-00388656,checkout,2024-07-28 19:59:18.259715336,,"{""stage_rank"":2}"
evt-00689590,sess-00405331,page_view,2025-07-17 16:16:05.331911428,,"{""stage_rank"":0}"
evt-01547514,sess-00909369,add_to_cart,2025-08-15 01:19:56.190440373,,"{""stage_rank"":1}"
evt-00169681,sess-00099624,page_view,2023-06-16 15:23:33.222726570,3.8.0,"{""stage_rank"":0}"
evt-00653697,sess-00384232,page_view,2023-05-02 21:24:44.490671316,3.8.0,"{""stage_rank"":0}"
evt-01647175,sess-00968054,add_to_cart,2024-01-31 00:05:22.719403338,,"{""stage_rank"":1}"
evt-00799232,sess-00469711,add_to_cart,2024-10-31 19:33:20.319357554,,"{""stage_rank"":1}"
evt-01565757,sess-00920037,page_view,2026-04-25 19:14:17.646463318,4.4.0,"{""stage_rank"":0}"
evt-01515404,sess-00890481,page_view,2023-06-10 00:47:36.407558397,,"{""stage_rank"":0}"
evt-00899373,sess-00528678,page_view,2024-07-23 13:34:56.042648950,,"{""stage_rank"":0}"
evt-00999035,sess-00587406,add_to_cart,2025-10-15 13:44:20.060009658,4.4.0,"{""stage_rank"":1}"
evt-01180622,sess-00693919,page_view,2024-11-20 00:50:04.839156976,4.2.0,"{""stage_rank"":0}"
evt-00259048,sess-00152261,page_view,2024-08-28 01:52:19.540197446,,"{""stage_rank"":0}"
evt-01583583,sess-00930552,page_view,2023-06-02 02:23:25.127556849,3.8.0,"{""stage_rank"":0}"
evt-00068932,sess-00040487,page_view,2024-05-01 18:39:41.487012842,,"{""stage_rank"":0}"
evt-00797331,sess-00468610,add_to_cart,2024-04-01 19:13:41.450666720,,"{""stage_rank"":1}"
evt-00815540,sess-00479303,checkout,2023-10-01 16:42:34.696670173,,"{""stage_rank"":2}"
evt-00593783,sess-00348878,page_view,2025-04-14 19:25:57.991170641,4.3.0,"{""stage_rank"":0}"
evt-00500476,sess-00294246,page_view,2024-04-16 19:45:19.116676371,4.0.0,"{""stage_rank"":0}"
evt-01177617,sess-00692189,page_view,2024-03-01 17:21:08.097346429,4.0.0,"{""stage_rank"":0}"
evt-01393653,sess-00818904,checkout,2026-02-13 17:51:33.281137906,4.4.0,"{""stage_rank"":2}"
evt-00843092,sess-00495565,page_view,2025-06-23 20:22:00.018176749,,"{""stage_rank"":0}"
evt-01466913,sess-00861947,page_view,2023-11-25 21:30:31.998851886,3.8.0,"{""stage_rank"":0}"
evt-01574398,sess-00925127,page_view,2026-01-01 19:24:19.949337571,4.4.0,"{""stage_rank"":0}"
evt-00383915,sess-00225691,add_to_cart,2025-10-11 16:38:15.133406714,,"{""stage_rank"":1}"
evt-00229263,sess-00134723,page_view,2025-02-13 16:06:37.434946039,,"{""stage_rank"":0}"
evt-00847428,sess-00498114,page_view,2024-07-11 22:23:08.872675889,,"{""stage_rank"":0}"
evt-00008199,sess-00004886,checkout,2023-01-12 00:30:50.769557148,3.8.0,"{""stage_rank"":2}"
evt-00525067,sess-00308553,page_view,2025-12-24 21:40:27.369336111,4.4.0,"{""stage_rank"":0}"
evt-01526509,sess-00897007,checkout,2025-11-25 13:45:59.062699422,,"{""stage_rank"":2}"
evt-01152866,sess-00677636,purchase,2023-11-13 23:05:54.214809488,3.8.0,"{""stage_rank"":3}"
evt-01652053,sess-00970937,page_view,2025-09-02 18:15:32.420916748,4.4.0,"{""stage_rank"":0}"
evt-00834740,sess-00490613,page_view,2026-05-01 18:31:32.611646009,,"{""stage_rank"":0}"
evt-01130680,sess-00664596,page_view,2025-07-14 17:23:38.521626647,4.3.0,"{""stage_rank"":0}"
evt-01355350,sess-00796444,page_view,2023-05-12 19:10:36.432755300,3.8.0,"{""stage_rank"":0}"
evt-01191328,sess-00700194,checkout,2026-05-08 23:52:58.905302406,,"{""stage_rank"":2}"
evt-00107954,sess-00063367,checkout,2023-09-16 15:42:31.812450235,3.8.0,"{""stage_rank"":2}"
evt-00013923,sess-00008246,page_view,2025-09-24 22:00:10.454165622,,"{""stage_rank"":0}"
evt-01217425,sess-00715466,add_to_cart,2024-04-02 15:33:41.717839276,,"{""stage_rank"":1}"
evt-01688572,sess-00992195,page_view,2023-11-19 22:17:59.875367839,,"{""stage_rank"":0}"
evt-01059942,sess-00623087,add_to_cart,2023-09-05 16:32:53.487248051,3.8.0,"{""stage_rank"":1}"
evt-00455208,sess-00267640,page_view,2026-01-31 22:23:49.597429020,4.4.0,"{""stage_rank"":0}"
evt-01517640,sess-00891785,page_view,2023-05-10 19:10:58.100209494,3.8.0,"{""stage_rank"":0}"
evt-00346933,sess-00203865,page_view,2023-11-25 22:19:07.683561600,3.8.0,"{""stage_rank"":0}"
evt-01551247,sess-00911528,page_view,2026-05-01 17:07:59.897393643,,"{""stage_rank"":0}"
evt-01384090,sess-00813277,page_view,2025-02-04 20:52:28.683841125,4.3.0,"{""stage_rank"":0}"
evt-01450852,sess-00852524,add_to_cart,2025-09-23 22:51:30.989790503,4.4.0,"{""stage_rank"":1}"
evt-00563138,sess-00330842,page_view,2024-07-06 18:23:17.760063452,,"{""stage_rank"":0}"
evt-00144467,sess-00084817,add_to_cart,2025-12-22 16:11:51.227563641,,"{""stage_rank"":1}"
evt-00244174,sess-00143559,page_view,2024-07-27 22:26:05.622048391,,"{""stage_rank"":0}"
evt-01206927,sess-00709307,page_view,2025-08-20 04:01:17.696152872,,"{""stage_rank"":0}"
evt-00138950,sess-00081552,page_view,2026-02-12 23:48:33.875191749,4.4.0,"{""stage_rank"":0}"
evt-00440315,sess-00258835,add_to_cart,2023-08-31 19:40:22.169512939,3.8.0,"{""stage_rank"":1}"
evt-00717904,sess-00421887,add_to_cart,2026-04-30 14:12:02.133663201,4.4.0,"{""stage_rank"":1}"
evt-00132447,sess-00077700,page_view,2024-05-29 21:29:40.841958300,,"{""stage_rank"":0}"
evt-00595599,sess-00349925,page_view,2025-08-11 18:45:10.123552177,4.4.0,"{""stage_rank"":0}"
evt-01126099,sess-00661873,checkout,2026-02-11 20:00:59.548368423,,"{""stage_rank"":2}"
evt-01070854,sess-00629452,page_view,2024-07-01 22:55:37.449212713,4.0.0,"{""stage_rank"":0}"
evt-01331841,sess-00782672,add_to_cart,2023-02-25 21:12:18.629164779,,"{""stage_rank"":1}"
evt-00755021,sess-00443757,add_to_cart,2026-01-12 18:20:35.885595000,4.4.0,"{""stage_rank"":1}"
evt-01549629,sess-00910581,page_view,2025-02-07 23:04:05.929532940,4.3.0,"{""stage_rank"":0}"
evt-01199805,sess-00705171,page_view,2023-08-29 01:04:27.210020046,,"{""stage_rank"":0}"
evt-00554839,sess-00325954,add_to_cart,2023-11-03 22:08:54.144405815,,"{""stage_rank"":1}"
evt-01683696,sess-00989328,page_view,2024-08-23 19:18:15.650346533,4.1.0,"{""stage_rank"":0}"
evt-01676753,sess-00985277,checkout,2023-05-09 23:46:11.896115369,3.8.0,"{""stage_rank"":2}"
evt-00848353,sess-00498653,page_view,2025-03-15 13:01:20.040019992,,"{""stage_rank"":0}"
evt-00680172,sess-00399743,add_to_cart,2025-02-16 19:28:28.066960104,4.3.0,"{""stage_rank"":1}"
evt-01595188,sess-00937400,checkout,2023-04-07 18:16:50.233747886,3.8.0,"{""stage_rank"":2}"
evt-00191349,sess-00112379,add_to_cart,2023-08-19 14:01:28.240047918,3.8.0,"{""stage_rank"":1}"
evt-00100756,sess-00059142,page_view,2026-02-05 21:38:54.990379674,,"{""stage_rank"":0}"
evt-01084916,sess-00637724,page_view,2023-06-26 23:06:45.753060781,3.8.0,"{""stage_rank"":0}"
evt-01092119,sess-00641964,add_to_cart,2024-02-18 21:56:13.349400622,4.0.0,"{""stage_rank"":1}"
evt-01614887,sess-00949013,add_to_cart,2023-06-12 21:50:04.023592642,3.8.0,"{""stage_rank"":1}"
evt-01415764,sess-00831974,page_view,2024-12-10 23:53:02.392082679,4.2.0,"{""stage_rank"":0}"
evt-01439673,sess-00846014,page_view,2025-11-27 16:13:05.963914857,4.4.0,"{""stage_rank"":0}"
evt-00158323,sess-00092965,page_view,2026-05-13 13:36:25.230863958,,"{""stage_rank"":0}"
evt-00024555,sess-00014465,add_to_cart,2025-01-13 01:54:37.004365935,,"{""stage_rank"":1}"
evt-00235092,sess-00138211,add_to_cart,2024-08-19 15:02:14.156111453,,"{""stage_rank"":1}"
evt-01266266,sess-00744211,add_to_cart,2025-01-22 16:45:02.921569067,,"{""stage_rank"":1}"
evt-00909009,sess-00534398,add_to_cart,2024-10-22 12:06:14.161455685,,"{""stage_rank"":1}"
evt-01196842,sess-00703413,page_view,2024-06-30 20:10:52.213078851,,"{""stage_rank"":0}"
evt-01614008,sess-00948488,purchase,2023-06-27 15:09:54.103297694,,"{""stage_rank"":3}"
evt-00792201,sess-00465620,page_view,2023-02-02 18:14:58.078467881,3.8.0,"{""stage_rank"":0}"
evt-00119752,sess-00070216,page_view,2025-11-19 02:57:03.327507871,,"{""stage_rank"":0}"
evt-01606456,sess-00944004,add_to_cart,2025-02-06 20:31:47.710829023,4.3.0,"{""stage_rank"":1}"
evt-00839865,sess-00493632,page_view,2025-02-04 21:46:07.971005174,4.3.0,"{""stage_rank"":0}"
evt-01173847,sess-00689965,page_view,2026-01-15 18:47:21.648316533,,"{""stage_rank"":0}"
evt-00582128,sess-00342017,page_view,2023-01-04 18:26:04.678799281,,"{""stage_rank"":0}"
evt-00847789,sess-00498332,page_view,2025-02-02 23:43:32.622440028,,"{""stage_rank"":0}"
evt-01319659,sess-00775559,add_to_cart,2025-03-14 02:49:57.053419035,4.3.0,"{""stage_rank"":1}"
evt-01104899,sess-00649503,page_view,2025-07-08 20:44:16.548581250,,"{""stage_rank"":0}"
evt-01241361,sess-00729541,page_view,2026-05-05 22:29:21.327041639,,"{""stage_rank"":0}"
evt-01056649,sess-00621168,page_view,2026-05-30 04:55:22.704831783,,"{""stage_rank"":0}"
evt-00344484,sess-00202431,checkout,2025-03-29 15:59:30.707498028,,"{""stage_rank"":2}"
evt-01326914,sess-00779815,add_to_cart,2025-09-03 01:10:41.404487115,,"{""stage_rank"":1}"
evt-00405161,sess-00238175,add_to_cart,2024-05-23 20:23:46.034302589,,"{""stage_rank"":1}"
evt-00100892,sess-00059224,add_to_cart,2023-01-28 17:27:28.071614942,3.8.0,"{""stage_rank"":1}"
evt-00714487,sess-00419909,checkout,2023-12-07 17:12:59.651927638,,"{""stage_rank"":2}"
evt-01079632,sess-00634631,page_view,2023-03-21 18:14:55.826686578,3.8.0,"{""stage_rank"":0}"
evt-01590462,sess-00934619,page_view,2023-11-09 18:13:48.637106982,,"{""stage_rank"":0}"
evt-00838303,sess-00492721,page_view,2024-09-27 21:45:37.409353375,4.1.0,"{""stage_rank"":0}"
evt-01687289,sess-00991439,page_view,2023-12-22 19:29:15.626824395,3.8.0,"{""stage_rank"":0}"
evt-00886553,sess-00521092,page_view,2026-01-10 18:52:57.726949983,,"{""stage_rank"":0}"
evt-01402104,sess-00823973,add_to_cart,2025-07-28 20:13:52.608420370,,"{""stage_rank"":1}"
evt-00963150,sess-00566351,add_to_cart,2025-07-04 18:43:09.692673921,4.3.0,"{""stage_rank"":1}"
evt-00943138,sess-00554564,checkout,2026-02-28 19:49:41.953972701,4.4.0,"{""stage_rank"":2}"
evt-00970557,sess-00570697,checkout,2026-03-05 21:21:23.608580110,,"{""stage_rank"":2}"
evt-00648737,sess-00381304,page_view,2026-03-19 16:29:14.541169105,4.4.0,"{""stage_rank"":0}"
evt-00364883,sess-00214422,add_to_cart,2023-04-10 00:17:57.179486888,3.8.0,"{""stage_rank"":1}"
evt-00847024,sess-00497870,checkout,2024-02-27 23:22:33.388559572,,"{""stage_rank"":2}"
evt-01588387,sess-00933364,checkout,2025-06-30 19:26:08.859302247,,"{""stage_rank"":2}"
evt-01292515,sess-00759666,add_to_cart,2023-10-01 21:27:22.438027563,3.8.0,"{""stage_rank"":1}"
evt-00408440,sess-00240116,page_view,2024-04-25 15:26:22.301297028,4.0.0,"{""stage_rank"":0}"
evt-01599076,sess-00939688,page_view,2025-03-10 23:58:34.818487155,4.3.0,"{""stage_rank"":0}"
evt-01464264,sess-00860369,page_view,2024-01-07 23:11:22.581200109,3.8.0,"{""stage_rank"":0}"
evt-00505940,sess-00297406,page_view,2025-02-01 23:46:29.257023918,4.3.0,"{""stage_rank"":0}"
evt-01644844,sess-00966688,page_view,2024-06-26 21:12:02.872490715,,"{""stage_rank"":0}"
evt-01235511,sess-00726142,add_to_cart,2026-01-29 15:00:07.692202409,4.4.0,"{""stage_rank"":1}"
evt-00273846,sess-00160912,page_view,2023-06-25 21:10:26.420372076,3.8.0,"{""stage_rank"":0}"
evt-01693818,sess-00995267,page_view,2026-05-25 15:19:34.079810274,4.4.0,"{""stage_rank"":0}"
evt-01564585,sess-00919354,checkout,2024-05-22 22:50:53.380449591,,"{""stage_rank"":2}"
evt-01350731,sess-00793739,page_view,2024-09-01 16:21:21.360787828,,"{""stage_rank"":0}"
evt-00314815,sess-00184968,add_to_cart,2025-06-25 21:09:49.845353133,,"{""stage_rank"":1}"
evt-01621093,sess-00952706,add_to_cart,2025-05-01 22:52:26.961076525,4.3.0,"{""stage_rank"":1}"
evt-00704182,sess-00413904,add_to_cart,2023-12-01 02:03:24.688182908,,"{""stage_rank"":1}"
evt-00533000,sess-00313216,add_to_cart,2024-07-28 22:21:01.161115597,4.0.0,"{""stage_rank"":1}"
evt-00888955,sess-00522488,page_view,2026-06-10 16:36:02.281353579,4.4.0,"{""stage_rank"":0}"
evt-01694401,sess-00995603,page_view,2025-12-09 21:23:52.102839520,4.4.0,"{""stage_rank"":0}"
evt-01388540,sess-00815891,page_view,2026-03-02 00:59:39.326510102,4.4.0,"{""stage_rank"":0}"
evt-01640726,sess-00964298,page_view,2023-10-18 19:57:12.529470719,3.8.0,"{""stage_rank"":0}"
evt-00857779,sess-00504208,page_view,2023-04-17 17:32:53.853659715,,"{""stage_rank"":0}"
evt-01479166,sess-00869141,add_to_cart,2025-04-23 17:09:55.976719995,4.3.0,"{""stage_rank"":1}"
evt-00241159,sess-00141804,add_to_cart,2023-07-12 22:05:48.651854090,3.8.0,"{""stage_rank"":1}"
evt-01337681,sess-00786091,page_view,2024-01-22 21:02:41.480254345,3.8.0,"{""stage_rank"":0}"
evt-01256405,sess-00738454,page_view,2023-05-29 16:54:22.974164803,3.8.0,"{""stage_rank"":0}"
evt-01046190,sess-00615004,page_view,2023-07-18 00:09:06.637791617,,"{""stage_rank"":0}"
evt-00216960,sess-00127433,page_view,2024-10-02 16:57:42.825968629,4.1.0,"{""stage_rank"":0}"
evt-01038925,sess-00610727,page_view,2024-09-12 20:02:30.024683570,4.1.0,"{""stage_rank"":0}"
evt-01128629,sess-00663386,page_view,2026-04-25 18:01:42.402265068,,"{""stage_rank"":0}"
evt-00595053,sess-00349607,add_to_cart,2024-02-01 20:55:33.157253170,4.0.0,"{""stage_rank"":1}"
evt-00861257,sess-00506264,page_view,2025-10-06 22:06:37.262275151,4.4.0,"{""stage_rank"":0}"
evt-01589722,sess-00934162,page_view,2023-05-30 17:03:53.498148590,3.8.0,"{""stage_rank"":0}"
evt-00267864,sess-00157435,page_view,2023-12-27 15:12:35.588416413,3.8.0,"{""stage_rank"":0}"
evt-00401171,sess-00235839,checkout,2025-05-07 19:38:09.761400980,4.3.0,"{""stage_rank"":2}"
evt-00631939,sess-00371265,checkout,2026-01-25 18:04:20.903045354,4.4.0,"{""stage_rank"":2}"
evt-00803170,sess-00472043,page_view,2023-07-02 21:56:16.663629588,3.8.0,"{""stage_rank"":0}"
evt-01673074,sess-00983151,page_view,2023-08-21 20:50:09.090414873,,"{""stage_rank"":0}"
evt-00261611,sess-00153790,page_view,2023-08-17 09:59:41.707070904,,"{""stage_rank"":0}"
evt-01335177,sess-00784626,page_view,2023-12-05 00:21:32.565874104,,"{""stage_rank"":0}"
evt-00225830,sess-00132680,add_to_cart,2026-04-01 15:37:08.074567406,,"{""stage_rank"":1}"
evt-00005278,sess-00003163,add_to_cart,2024-10-01 02:11:49.541351817,4.1.0,"{""stage_rank"":1}"
evt-00105043,sess-00061646,add_to_cart,2025-01-02 17:32:50.987556014,,"{""stage_rank"":1}"
evt-00534953,sess-00314382,page_view,2026-01-23 22:33:03.578168002,4.4.0,"{""stage_rank"":0}"
evt-00547946,sess-00321940,page_view,2024-02-07 03:32:38.702412606,4.0.0,"{""stage_rank"":0}"
evt-00470894,sess-00276849,page_view,2023-10-07 13:02:00.000299415,3.8.0,"{""stage_rank"":0}"
evt-01075264,sess-00632088,page_view,2025-07-19 19:08:27.707450853,4.3.0,"{""stage_rank"":0}"
evt-01639116,sess-00963353,page_view,2024-03-15 19:33:54.087088911,,"{""stage_rank"":0}"
evt-00994365,sess-00584719,checkout,2025-04-16 19:46:31.678034136,,"{""stage_rank"":2}"
evt-00876230,sess-00515053,add_to_cart,2026-04-01 22:46:03.091977462,,"{""stage_rank"":1}"
evt-00832526,sess-00489288,add_to_cart,2023-08-16 17:52:01.952760911,,"{""stage_rank"":1}"
evt-00591540,sess-00347582,add_to_cart,2025-06-04 21:01:20.812679052,,"{""stage_rank"":1}"
evt-00240495,sess-00141396,add_to_cart,2023-03-01 16:58:27.400276400,3.8.0,"{""stage_rank"":1}"
evt-01509076,sess-00886759,page_view,2024-01-26 21:01:37.592786059,,"{""stage_rank"":0}"
evt-00536440,sess-00315241,add_to_cart,2024-12-30 23:52:52.093342117,4.2.0,"{""stage_rank"":1}"
evt-00905637,sess-00532377,page_view,2023-01-17 20:36:16.973033221,,"{""stage_rank"":0}"
evt-01121393,sess-00659095,checkout,2026-01-31 13:48:41.171301251,4.4.0,"{""stage_rank"":2}"
evt-00638125,sess-00374943,page_view,2024-08-04 22:37:10.675944057,4.1.0,"{""stage_rank"":0}"
evt-01695867,sess-00996488,page_view,2023-06-11 19:56:30.252674863,3.8.0,"{""stage_rank"":0}"
evt-00541567,sess-00318210,page_view,2026-05-14 23:33:08.449601377,,"{""stage_rank"":0}"
evt-01054091,sess-00619648,page_view,2024-07-06 15:27:57.312831730,,"{""stage_rank"":0}"
evt-01142201,sess-00671355,page_view,2025-06-28 20:08:55.797194347,,"{""stage_rank"":0}"
evt-00192225,sess-00112872,page_view,2026-04-11 19:27:24.239847147,4.4.0,"{""stage_rank"":0}"
evt-00755061,sess-00443780,page_view,2023-11-20 20:16:55.970688647,,"{""stage_rank"":0}"
evt-00590089,sess-00346721,add_to_cart,2026-02-05 16:35:17.815637785,,"{""stage_rank"":1}"
evt-00090401,sess-00053130,add_to_cart,2023-01-23 20:03:48.504266127,3.8.0,"{""stage_rank"":1}"
evt-00996792,sess-00586113,page_view,2023-07-05 21:20:45.424283172,3.8.0,"{""stage_rank"":0}"
evt-00862308,sess-00506871,page_view,2025-05-17 21:45:43.748960373,4.3.0,"{""stage_rank"":0}"
evt-01502563,sess-00882881,page_view,2023-04-18 18:58:44.099775669,3.8.0,"{""stage_rank"":0}"
evt-00938576,sess-00551854,checkout,2023-03-25 00:31:09.183701690,3.8.0,"{""stage_rank"":2}"
evt-00850632,sess-00499994,add_to_cart,2024-06-16 01:19:06.828359817,,"{""stage_rank"":1}"
evt-01338346,sess-00786472,add_to_cart,2024-10-27 23:07:39.063249800,,"{""stage_rank"":1}"
evt-00205601,sess-00120735,page_view,2025-10-15 15:59:40.896666804,,"{""stage_rank"":0}"
evt-01026919,sess-00603681,page_view,2025-07-19 19:57:39.529445873,,"{""stage_rank"":0}"
evt-01631153,sess-00958629,page_view,2025-02-20 18:04:39.230938178,4.3.0,"{""stage_rank"":0}"
evt-00803357,sess-00472157,page_view,2023-04-23 19:09:52.173621759,,"{""stage_rank"":0}"
evt-00783687,sess-00460585,page_view,2026-05-22 16:41:48.088749436,4.4.0,"{""stage_rank"":0}"
evt-00631013,sess-00370716,purchase,2023-05-09 02:51:57.887306789,3.8.0,"{""stage_rank"":3}"
evt-00374912,sess-00220374,page_view,2026-05-09 18:22:04.418532369,,"{""stage_rank"":0}"
evt-00843870,sess-00496021,checkout,2026-05-31 00:21:47.919737089,4.4.0,"{""stage_rank"":2}"
evt-01167857,sess-00686422,checkout,2026-02-10 16:16:24.749503283,4.4.0,"{""stage_rank"":2}"
evt-01092200,sess-00642014,page_view,2026-01-28 20:31:47.355444960,,"{""stage_rank"":0}"
evt-01637667,sess-00962477,checkout,2024-12-14 20:17:26.566811020,4.2.0,"{""stage_rank"":2}"
evt-00249049,sess-00146438,add_to_cart,2023-09-13 02:01:48.191486883,3.8.0,"{""stage_rank"":1}"
evt-00019672,sess-00011646,page_view,2023-06-25 18:37:37.972602053,,"{""stage_rank"":0}"
evt-00682208,sess-00400929,add_to_cart,2026-01-14 19:37:42.359747350,4.4.0,"{""stage_rank"":1}"
evt-00738851,sess-00434245,page_view,2023-12-12 19:00:29.905087166,,"{""stage_rank"":0}"
evt-00365429,sess-00214762,add_to_cart,2023-11-26 17:16:26.375720957,,"{""stage_rank"":1}"
evt-01572236,sess-00923864,page_view,2026-03-23 20:03:06.811633106,4.4.0,"{""stage_rank"":0}"
evt-00928067,sess-00545645,page_view,2024-01-23 20:11:35.621412256,3.8.0,"{""stage_rank"":0}"
evt-01308874,sess-00769227,page_view,2026-01-31 22:06:29.201473389,,"{""stage_rank"":0}"
evt-00781865,sess-00459496,add_to_cart,2023-04-16 02:03:22.465200796,3.8.0,"{""stage_rank"":1}"
evt-00112888,sess-00066252,checkout,2023-03-09 18:16:47.452600291,3.8.0,"{""stage_rank"":2}"
evt-01268924,sess-00745756,page_view,2026-04-26 21:20:55.780340816,,"{""stage_rank"":0}"
evt-00862308,sess-00506871,page_view,2025-05-17 21:45:43.748960373,4.3.0,"{""stage_rank"":0}"
evt-00785097,sess-00461409,purchase,2025-02-18 17:19:08.667138041,4.3.0,"{""stage_rank"":3}"
evt-01274196,sess-00748851,add_to_cart,2025-03-14 20:21:50.865635664,,"{""stage_rank"":1}"
evt-00236332,sess-00138945,checkout,2025-09-08 00:45:00.206088837,,"{""stage_rank"":2}"
evt-01512622,sess-00888846,page_view,2023-06-29 22:48:16.895743969,3.8.0,"{""stage_rank"":0}"
evt-00566625,sess-00332873,checkout,2026-01-21 21:55:23.724923043,4.4.0,"{""stage_rank"":2}"
evt-00108146,sess-00063483,page_view,2024-07-30 11:51:27.578222088,4.0.0,"{""stage_rank"":0}"
evt-00161238,sess-00094655,checkout,2024-11-27 21:40:04.346099373,4.2.0,"{""stage_rank"":2}"
evt-00849068,sess-00499076,page_view,2024-04-05 17:40:35.449790384,,"{""stage_rank"":0}"
evt-01528122,sess-00897956,page_view,2023-11-13 22:56:14.145500662,3.8.0,"{""stage_rank"":0}"
evt-01324554,sess-00778432,page_view,2024-10-20 18:02:14.568724044,,"{""stage_rank"":0}"
evt-00564306,sess-00331525,add_to_cart,2026-01-25 16:09:11.622912950,4.4.0,"{""stage_rank"":1}"
evt-00781795,sess-00459460,add_to_cart,2025-09-14 23:01:42.630663466,4.4.0,"{""stage_rank"":1}"
evt-00806316,sess-00473866,page_view,2026-01-07 01:14:47.301980778,4.4.0,"{""stage_rank"":0}"
evt-00946721,sess-00556688,page_view,2025-07-07 13:38:02.637497625,4.3.0,"{""stage_rank"":0}"
evt-00524866,sess-00308439,page_view,2024-05-14 18:18:50.743805827,4.0.0,"{""stage_rank"":0}"
evt-00024833,sess-00014632,add_to_cart,2024-02-21 18:23:48.006946083,4.0.0,"{""stage_rank"":1}"
evt-01368858,sess-00804363,add_to_cart,2023-01-17 16:57:34.745818475,,"{""stage_rank"":1}"
evt-00543135,sess-00319093,checkout,2024-09-16 01:33:08.634414919,4.1.0,"{""stage_rank"":2}"
evt-00035839,sess-00021033,page_view,2023-07-01 22:33:57.663083549,3.8.0,"{""stage_rank"":0}"
evt-00532086,sess-00312661,page_view,2025-03-03 17:59:22.000455665,,"{""stage_rank"":0}"
evt-00114845,sess-00067367,add_to_cart,2023-01-03 22:36:04.144609736,3.8.0,"{""stage_rank"":1}"
evt-00711379,sess-00418112,checkout,2025-03-12 17:50:31.453545297,,"{""stage_rank"":2}"
evt-00700779,sess-00411901,page_view,2026-01-02 19:01:08.825498546,4.4.0,"{""stage_rank"":0}"
evt-00852421,sess-00501071,add_to_cart,2024-12-30 20:11:31.750388997,,"{""stage_rank"":1}"
evt-00567740,sess-00333518,checkout,2023-09-14 14:51:16.622035681,3.8.0,"{""stage_rank"":2}"
evt-01663437,sess-00977523,purchase,2023-05-13 16:51:40.808772590,3.8.0,"{""stage_rank"":3}"
evt-01352361,sess-00794693,page_view,2025-05-16 22:21:18.009552434,4.3.0,"{""stage_rank"":0}"
evt-00401583,sess-00236090,add_to_cart,2024-12-29 22:55:44.522079781,,"{""stage_rank"":1}"
evt-01408771,sess-00827866,page_view,2023-01-25 19:53:15.917838311,3.8.0,"{""stage_rank"":0}"
evt-01456097,sess-00855586,add_to_cart,2025-05-13 17:46:21.799031342,4.3.0,"{""stage_rank"":1}"
evt-01066859,sess-00627108,add_to_cart,2023-04-26 15:55:13.949161766,,"{""stage_rank"":1}"
evt-00382565,sess-00224887,page_view,2025-12-11 18:27:16.542158601,4.4.0,"{""stage_rank"":0}"
evt-00707105,sess-00415627,page_view,2025-09-30 20:54:09.770371165,,"{""stage_rank"":0}"
evt-00952203,sess-00559892,page_view,2025-11-20 22:39:28.537377710,,"{""stage_rank"":0}"
evt-00021988,sess-00012986,page_view,2023-07-28 23:12:56.082469246,,"{""stage_rank"":0}"
evt-00969744,sess-00570238,add_to_cart,2026-06-12 19:42:17.883691494,4.4.0,"{""stage_rank"":1}"
evt-00669976,sess-00393800,add_to_cart,2023-11-20 22:56:46.222655966,3.8.0,"{""stage_rank"":1}"
evt-01265597,sess-00743801,page_view,2024-03-20 22:37:55.328805082,4.0.0,"{""stage_rank"":0}"
evt-00735033,sess-00432004,page_view,2025-08-20 23:56:41.843278730,,"{""stage_rank"":0}"
evt-00226746,sess-00133245,page_view,2026-04-21 22:48:18.567649052,,"{""stage_rank"":0}"
evt-01264803,sess-00743346,checkout,2023-08-24 16:46:50.211529580,,"{""stage_rank"":2}"
evt-00370724,sess-00217904,page_view,2024-12-20 02:57:07.953027325,4.2.0,"{""stage_rank"":0}"
evt-00195220,sess-00114616,checkout,2024-10-09 21:21:30.163691743,4.1.0,"{""stage_rank"":2}"
evt-01611707,sess-00947111,page_view,2025-03-21 21:02:06.694059684,,"{""stage_rank"":0}"
evt-01613238,sess-00948021,page_view,2025-01-17 23:03:17.926472357,4.2.0,"{""stage_rank"":0}"
evt-01201456,sess-00706146,checkout,2024-10-12 20:49:57.044839323,4.1.0,"{""stage_rank"":2}"
evt-00211140,sess-00123995,add_to_cart,2024-05-30 22:34:14.326030254,4.0.0,"{""stage_rank"":1}"
evt-00500148,sess-00294064,add_to_cart,2025-02-13 20:49:04.280412911,4.3.0,"{""stage_rank"":1}"
evt-00862516,sess-00507001,page_view,2024-11-29 17:56:55.245190941,,"{""stage_rank"":0}"
evt-00860605,sess-00505876,add_to_cart,2024-01-03 22:50:30.883865318,3.8.0,"{""stage_rank"":1}"
evt-00274529,sess-00161317,add_to_cart,2023-07-26 23:33:05.553853675,,"{""stage_rank"":1}"
evt-00751453,sess-00441647,page_view,2023-06-16 14:40:10.414330786,,"{""stage_rank"":0}"
evt-00442521,sess-00260120,add_to_cart,2024-09-02 11:00:20.864061167,,"{""stage_rank"":1}"
evt-00476207,sess-00279990,page_view,2024-12-25 14:45:10.336626890,4.2.0,"{""stage_rank"":0}"
evt-00200576,sess-00117783,add_to_cart,2025-09-18 01:03:58.046175892,,"{""stage_rank"":1}"
evt-00494579,sess-00290792,add_to_cart,2024-04-19 23:38:27.143115205,4.0.0,"{""stage_rank"":1}"
evt-01656221,sess-00973367,checkout,2025-04-29 19:21:07.878620631,4.3.0,"{""stage_rank"":2}"
evt-01634360,sess-00960534,page_view,2024-02-25 19:19:01.628440428,4.0.0,"{""stage_rank"":0}"
evt-01018561,sess-00598809,page_view,2025-08-22 17:57:11.033708189,4.4.0,"{""stage_rank"":0}"
evt-00583435,sess-00342769,add_to_cart,2026-03-21 20:59:47.881586296,4.4.0,"{""stage_rank"":1}"
evt-00659135,sess-00387413,page_view,2024-03-01 18:49:36.514615594,4.0.0,"{""stage_rank"":0}"
evt-01342096,sess-00788678,page_view,2024-08-13 20:00:01.733545323,,"{""stage_rank"":0}"
evt-00585797,sess-00344177,add_to_cart,2023-08-17 20:39:28.787657390,,"{""stage_rank"":1}"
evt-00489275,sess-00287655,page_view,2025-02-03 19:40:31.653084076,,"{""stage_rank"":0}"
evt-00999992,sess-00587973,add_to_cart,2025-02-24 20:55:09.114801202,,"{""stage_rank"":1}"
evt-01631674,sess-00958926,page_view,2025-05-04 19:35:46.041859306,4.3.0,"{""stage_rank"":0}"
evt-01592018,sess-00935538,page_view,2026-06-24 16:30:28.588079548,4.4.0,"{""stage_rank"":0}"
evt-00320649,sess-00188405,page_view,2023-09-20 18:20:24.774424249,,"{""stage_rank"":0}"
evt-01056171,sess-00620888,page_view,2023-08-25 19:31:25.211485342,3.8.0,"{""stage_rank"":0}"
evt-01350512,sess-00793613,page_view,2024-04-07 12:31:59.015907419,4.0.0,"{""stage_rank"":0}"
evt-00337234,sess-00198204,page_view,2025-06-24 20:46:57.080256373,,"{""stage_rank"":0}"
evt-00817581,sess-00480512,page_view,2026-03-13 00:11:33.186311063,4.4.0,"{""stage_rank"":0}"
evt-01587748,sess-00932987,page_view,2025-09-24 01:44:10.768727354,,"{""stage_rank"":0}"
evt-00317289,sess-00186433,page_view,2024-08-30 16:03:38.110053929,4.1.0,"{""stage_rank"":0}"
evt-00489469,sess-00287770,checkout,2025-07-31 20:50:57.296216205,4.3.0,"{""stage_rank"":2}"
evt-00366491,sess-00215402,page_view,2025-08-09 17:17:21.609246497,4.4.0,"{""stage_rank"":0}"
evt-00436355,sess-00256516,page_view,2023-09-09 20:45:00.312566100,3.8.0,"{""stage_rank"":0}"
evt-01537546,sess-00903463,page_view,2023-08-22 00:28:29.543735845,,"{""stage_rank"":0}"
evt-00599903,sess-00352457,checkout,2025-07-10 23:28:05.861816147,4.3.0,"{""stage_rank"":2}"
evt-01008628,sess-00592992,checkout,2023-08-03 15:02:47.312703526,3.8.0,"{""stage_rank"":2}"
evt-01358689,sess-00798418,page_view,2024-05-04 22:54:43.595078612,4.0.0,"{""stage_rank"":0}"
evt-00733251,sess-00430921,add_to_cart,2025-10-05 17:07:12.474425282,4.4.0,"{""stage_rank"":1}"
evt-00898816,sess-00528341,page_view,2025-12-06 15:31:35.173422888,4.4.0,"{""stage_rank"":0}"
evt-00692574,sess-00407070,page_view,2025-03-30 00:58:24.755952247,4.3.0,"{""stage_rank"":0}"
evt-01631633,sess-00958907,purchase,2024-12-29 19:26:18.329304895,,"{""stage_rank"":3}"
evt-01620965,sess-00952625,page_view,2025-04-07 21:05:59.277585335,,"{""stage_rank"":0}"
evt-01233478,sess-00724932,add_to_cart,2025-10-04 19:30:49.912575124,,"{""stage_rank"":1}"
evt-00040909,sess-00024007,page_view,2026-01-18 22:25:49.402929870,4.4.0,"{""stage_rank"":0}"
evt-01219129,sess-00716462,add_to_cart,2023-11-24 03:00:00.869622189,3.8.0,"{""stage_rank"":1}"
evt-01408561,sess-00827743,checkout,2025-04-07 23:10:24.700098345,,"{""stage_rank"":2}"
evt-00152087,sess-00089278,page_view,2024-07-02 16:24:45.243707298,4.0.0,"{""stage_rank"":0}"
evt-01419835,sess-00834357,page_view,2024-02-16 20:47:55.393950944,,"{""stage_rank"":0}"
evt-00890099,sess-00523165,checkout,2023-06-25 22:34:45.732608955,,"{""stage_rank"":2}"
evt-00493542,sess-00290180,page_view,2024-01-26 18:50:52.771445154,3.8.0,"{""stage_rank"":0}"
evt-01540259,sess-00905101,add_to_cart,2025-03-14 21:42:07.792885037,4.3.0,"{""stage_rank"":1}"
evt-00094433,sess-00055456,page_view,2026-06-07 01:27:09.424103316,,"{""stage_rank"":0}"
evt-01002458,sess-00589391,add_to_cart,2024-01-25 22:17:46.831234802,,"{""stage_rank"":1}"
evt-00375855,sess-00220930,add_to_cart,2024-08-26 22:24:10.366497784,,"{""stage_rank"":1}"
evt-00133008,sess-00078016,page_view,2023-04-21 19:35:56.044851653,3.8.0,"{""stage_rank"":0}"
evt-00509479,sess-00299503,page_view,2025-08-29 15:36:49.065740823,,"{""stage_rank"":0}"
evt-01652369,sess-00971124,add_to_cart,2025-03-18 21:07:48.510965269,4.3.0,"{""stage_rank"":1}"
evt-01417030,sess-00832719,page_view,2025-06-03 21:10:04.217683163,,"{""stage_rank"":0}"
evt-00998330,sess-00586994,checkout,2023-08-12 17:49:01.967777309,3.8.0,"{""stage_rank"":2}"
evt-01689919,sess-00992978,checkout,2025-08-19 19:59:36.274396432,4.4.0,"{""stage_rank"":2}"
evt-00842561,sess-00495251,page_view,2025-10-26 21:05:47.592154075,,"{""stage_rank"":0}"
evt-00073648,sess-00043288,checkout,2023-01-31 19:51:35.062054538,,"{""stage_rank"":2}"
evt-01251780,sess-00735715,add_to_cart,2023-07-22 21:53:50.191799614,3.8.0,"{""stage_rank"":1}"
evt-01312109,sess-00771125,add_to_cart,2026-02-25 16:41:48.469626849,4.4.0,"{""stage_rank"":1}"
evt-00321865,sess-00189129,page_view,2024-07-17 19:39:08.683799781,,"{""stage_rank"":0}"
evt-00185578,sess-00108983,page_view,2025-09-22 01:31:21.216972161,,"{""stage_rank"":0}"
evt-00730849,sess-00429490,page_view,2025-07-05 21:59:08.921532327,4.3.0,"{""stage_rank"":0}"
evt-01009670,sess-00593611,add_to_cart,2024-05-19 23:24:53.080476011,,"{""stage_rank"":1}"
evt-00922713,sess-00542466,page_view,2024-08-16 19:09:39.636646451,,"{""stage_rank"":0}"
evt-00336630,sess-00197853,page_view,2026-03-15 20:20:30.413572152,,"{""stage_rank"":0}"
evt-01023290,sess-00601567,checkout,2023-03-07 13:37:13.784469516,,"{""stage_rank"":2}"
evt-01664834,sess-00978350,add_to_cart,2025-04-23 22:30:54.812187327,4.3.0,"{""stage_rank"":1}"
evt-01408603,sess-00827767,page_view,2024-08-13 21:32:14.544715662,,"{""stage_rank"":0}"
evt-00099459,sess-00058378,add_to_cart,2026-04-24 23:54:06.743306993,,"{""stage_rank"":1}"
evt-01522006,sess-00894368,page_view,2025-03-15 22:35:00.443202433,,"{""stage_rank"":0}"
evt-00713252,sess-00419187,add_to_cart,2024-10-03 20:34:53.056751834,4.1.0,"{""stage_rank"":1}"
evt-00283066,sess-00166298,page_view,2024-12-25 22:13:25.157468219,,"{""stage_rank"":0}"
evt-01061340,sess-00623914,purchase,2024-08-26 17:33:41.963855216,4.1.0,"{""stage_rank"":3}"
evt-00552974,sess-00324846,add_to_cart,2025-02-08 19:53:39.118276678,4.3.0,"{""stage_rank"":1}"
evt-00891391,sess-00523924,page_view,2024-07-07 19:59:28.912954177,,"{""stage_rank"":0}"
evt-00903587,sess-00531145,add_to_cart,2025-03-14 20:26:36.537119819,,"{""stage_rank"":1}"
evt-00697974,sess-00410262,add_to_cart,2025-06-14 18:19:21.052921448,,"{""stage_rank"":1}"
evt-00984516,sess-00578972,add_to_cart,2025-12-20 21:56:29.818125190,4.4.0,"{""stage_rank"":1}"
evt-01519811,sess-00893088,add_to_cart,2024-03-27 12:17:37.865336270,,"{""stage_rank"":1}"
evt-00997279,sess-00586397,page_view,2025-10-04 19:16:31.805910029,,"{""stage_rank"":0}"
evt-00953521,sess-00560663,page_view,2023-08-09 21:56:18.851453845,3.8.0,"{""stage_rank"":0}"
evt-01482765,sess-00871250,page_view,2025-10-28 16:57:08.265446706,,"{""stage_rank"":0}"
evt-00816721,sess-00480013,add_to_cart,2023-09-09 14:56:09.914725742,3.8.0,"{""stage_rank"":1}"
evt-00425327,sess-00250014,add_to_cart,2025-05-14 17:53:20.015066646,,"{""stage_rank"":1}"
evt-00960672,sess-00564869,page_view,2024-04-06 21:23:19.159706134,,"{""stage_rank"":0}"
evt-00154094,sess-00090452,checkout,2024-06-15 19:44:39.395406124,,"{""stage_rank"":2}"
evt-00317817,sess-00186731,add_to_cart,2026-05-12 21:56:50.252071453,4.4.0,"{""stage_rank"":1}"
evt-00834322,sess-00490373,page_view,2024-10-19 22:27:19.618283982,4.1.0,"{""stage_rank"":0}"
evt-00015573,sess-00009222,checkout,2025-11-19 23:06:03.810517446,,"{""stage_rank"":2}"
evt-00197940,sess-00116221,page_view,2025-11-10 21:11:57.157264942,4.4.0,"{""stage_rank"":0}"
evt-00475108,sess-00279339,add_to_cart,2024-11-06 19:32:23.351914819,,"{""stage_rank"":1}"
evt-00354372,sess-00208225,page_view,2023-08-25 20:42:32.120192556,,"{""stage_rank"":0}"
evt-00319941,sess-00187991,page_view,2024-12-14 00:52:34.615667558,4.2.0,"{""stage_rank"":0}"
evt-01266148,sess-00744142,page_view,2025-06-26 01:21:42.609775894,,"{""stage_rank"":0}"
evt-00458674,sess-00269693,add_to_cart,2026-01-01 02:57:10.536199798,,"{""stage_rank"":1}"
evt-00463524,sess-00272560,page_view,2023-10-07 15:44:22.252953124,,"{""stage_rank"":0}"
evt-00670397,sess-00394049,page_view,2023-03-20 20:14:54.301829286,3.8.0,"{""stage_rank"":0}"
evt-00628508,sess-00369263,page_view,2025-02-15 15:16:27.011162376,4.3.0,"{""stage_rank"":0}"
evt-00694576,sess-00408253,page_view,2023-06-26 16:42:56.057166627,3.8.0,"{""stage_rank"":0}"
evt-01252754,sess-00736303,page_view,2025-04-15 01:39:49.354488538,,"{""stage_rank"":0}"
evt-01364538,sess-00801859,page_view,2025-01-07 20:27:25.590427003,,"{""stage_rank"":0}"
evt-01445857,sess-00849623,checkout,2023-02-16 14:53:28.723217576,,"{""stage_rank"":2}"
evt-00372637,sess-00219054,page_view,2025-08-15 20:14:48.257586341,,"{""stage_rank"":0}"
evt-00143925,sess-00084494,add_to_cart,2025-06-03 18:58:13.334667269,4.3.0,"{""stage_rank"":1}"
evt-01453375,sess-00854017,page_view,2025-10-03 21:35:25.872306172,4.4.0,"{""stage_rank"":0}"
evt-01105685,sess-00649959,add_to_cart,2024-02-15 20:32:28.843009673,4.0.0,"{""stage_rank"":1}"
evt-00254005,sess-00149286,page_view,2023-10-05 21:46:01.272181899,,"{""stage_rank"":0}"
evt-00774673,sess-00455313,page_view,2023-10-14 19:43:58.707597662,3.8.0,"{""stage_rank"":0}"
evt-00923704,sess-00543042,add_to_cart,2024-07-01 20:00:51.022460700,,"{""stage_rank"":1}"
evt-00242019,sess-00142307,page_view,2025-04-19 23:47:43.774343017,,"{""stage_rank"":0}"
evt-01561285,sess-00917451,page_view,2024-03-19 21:02:18.423411321,4.0.0,"{""stage_rank"":0}"
evt-01031562,sess-00606414,add_to_cart,2025-04-19 21:09:49.021345702,,"{""stage_rank"":1}"
evt-00558624,sess-00328173,page_view,2025-06-12 16:40:14.852941659,,"{""stage_rank"":0}"
evt-00255373,sess-00150106,page_view,2026-01-26 21:27:29.983877717,,"{""stage_rank"":0}"
evt-01416751,sess-00832551,purchase,2024-05-16 17:18:09.979068806,4.0.0,"{""stage_rank"":3}"
evt-01006273,sess-00591618,page_view,2025-07-13 03:17:31.512806225,,"{""stage_rank"":0}"
evt-00111209,sess-00065272,page_view,2024-08-31 20:00:54.460477140,,"{""stage_rank"":0}"
evt-01537556,sess-00903469,page_view,2025-01-19 04:09:41.510887297,,"{""stage_rank"":0}"
evt-01244967,sess-00731685,page_view,2025-12-26 20:45:43.741673994,,"{""stage_rank"":0}"
evt-00757053,sess-00444941,page_view,2025-03-18 18:20:08.680140989,,"{""stage_rank"":0}"
evt-01667034,sess-00979608,add_to_cart,2024-07-17 20:05:50.421576934,4.0.0,"{""stage_rank"":1}"
evt-00099672,sess-00058507,page_view,2023-11-04 21:25:26.660097018,,"{""stage_rank"":0}"
evt-00051924,sess-00030458,add_to_cart,2024-11-04 14:50:29.151508825,,"{""stage_rank"":1}"
evt-00483686,sess-00284361,add_to_cart,2025-10-02 20:56:21.048626178,,"{""stage_rank"":1}"
evt-01230084,sess-00722933,checkout,2024-06-19 17:32:12.534327375,4.0.0,"{""stage_rank"":2}"
evt-00160452,sess-00094199,page_view,2025-02-09 04:07:44.791661432,4.3.0,"{""stage_rank"":0}"
evt-00481236,sess-00282941,add_to_cart,2023-05-12 19:45:16.293841804,,"{""stage_rank"":1}"
evt-01113193,sess-00654351,page_view,2024-08-25 20:56:37.674937015,4.1.0,"{""stage_rank"":0}"
evt-01083936,sess-00637150,page_view,2026-05-26 17:38:01.909511604,4.4.0,"{""stage_rank"":0}"
evt-00379389,sess-00223019,page_view,2025-01-17 21:58:40.499343357,4.2.0,"{""stage_rank"":0}"
evt-01175697,sess-00691076,page_view,2023-11-28 16:10:57.804718209,3.8.0,"{""stage_rank"":0}"
evt-01337029,sess-00785715,page_view,2024-03-07 21:30:39.802058106,,"{""stage_rank"":0}"
evt-00590089,sess-00346721,add_to_cart,2026-02-05 16:35:17.815637785,,"{""stage_rank"":1}"
evt-00583309,sess-00342698,add_to_cart,2025-01-25 19:23:53.743208057,,"{""stage_rank"":1}"
evt-01611321,sess-00946874,add_to_cart,2024-03-19 18:45:27.848135111,,"{""stage_rank"":1}"
evt-01272635,sess-00747921,page_view,2024-03-27 17:08:06.584299059,4.0.0,"{""stage_rank"":0}"
evt-00347677,sess-00204303,add_to_cart,2024-05-03 21:14:32.879959045,4.0.0,"{""stage_rank"":1}"
evt-00195739,sess-00114916,page_view,2023-03-30 19:09:08.425124072,,"{""stage_rank"":0}"
evt-01178598,sess-00692756,checkout,2024-11-28 16:50:25.517128738,4.2.0,"{""stage_rank"":2}"
evt-00547507,sess-00321686,page_view,2023-06-24 01:53:22.974783379,3.8.0,"{""stage_rank"":0}"
evt-01326820,sess-00779762,purchase,2024-08-08 21:27:39.320104434,4.1.0,"{""stage_rank"":3}"
evt-00810043,sess-00476052,page_view,2023-07-20 20:06:56.952688538,,"{""stage_rank"":0}"
evt-00735055,sess-00432014,add_to_cart,2023-11-06 08:08:53.848163841,3.8.0,"{""stage_rank"":1}"
evt-01064755,sess-00625872,page_view,2024-02-12 15:25:51.556839124,4.0.0,"{""stage_rank"":0}"
evt-00973130,sess-00572210,page_view,2024-08-05 00:37:41.199198443,,"{""stage_rank"":0}"
evt-00741304,sess-00435639,page_view,2026-02-24 18:31:27.715062580,4.4.0,"{""stage_rank"":0}"
evt-01331085,sess-00782232,page_view,2023-02-21 19:37:51.083298991,,"{""stage_rank"":0}"
evt-00745331,sess-00438040,checkout,2026-04-18 00:13:16.260592770,,"{""stage_rank"":2}"
evt-01404617,sess-00825419,add_to_cart,2023-04-28 19:41:50.551163588,,"{""stage_rank"":1}"
evt-01614154,sess-00948570,page_view,2024-12-26 21:51:04.589193905,4.2.0,"{""stage_rank"":0}"
evt-00991430,sess-00583030,page_view,2026-03-10 22:59:28.647682229,4.4.0,"{""stage_rank"":0}"
evt-00278848,sess-00163827,page_view,2024-10-31 01:30:24.913929364,,"{""stage_rank"":0}"
evt-00528507,sess-00310554,page_view,2025-07-11 23:58:54.145168153,4.3.0,"{""stage_rank"":0}"
evt-01152393,sess-00677364,add_to_cart,2023-01-14 19:27:49.209841108,,"{""stage_rank"":1}"
evt-01250537,sess-00734985,page_view,2023-07-08 23:53:02.391976580,3.8.0,"{""stage_rank"":0}"
evt-00401842,sess-00236245,checkout,2026-05-03 20:49:07.364421449,4.4.0,"{""stage_rank"":2}"
evt-00202117,sess-00118679,page_view,2025-06-14 19:58:03.263242938,4.3.0,"{""stage_rank"":0}"
evt-01268335,sess-00745410,add_to_cart,2025-11-01 19:57:36.614564859,,"{""stage_rank"":1}"
evt-01329024,sess-00781052,page_view,2024-09-27 18:58:01.798933273,,"{""stage_rank"":0}"
evt-01001619,sess-00588902,page_view,2024-07-08 18:34:38.257755634,,"{""stage_rank"":0}"
evt-00413815,sess-00243304,page_view,2026-01-10 00:13:02.246149173,,"{""stage_rank"":0}"
evt-01628626,sess-00957167,page_view,2025-11-03 18:21:08.180602233,4.4.0,"{""stage_rank"":0}"
evt-01060140,sess-00623204,add_to_cart,2025-06-02 21:37:00.365194671,4.3.0,"{""stage_rank"":1}"
evt-01092246,sess-00642042,page_view,2025-09-29 17:07:46.673515449,,"{""stage_rank"":0}"
evt-00026333,sess-00015518,page_view,2025-06-18 22:53:17.578815895,,"{""stage_rank"":0}"
evt-00574413,sess-00337441,page_view,2025-12-25 20:31:04.678768333,,"{""stage_rank"":0}"
evt-00179302,sess-00105255,page_view,2023-07-04 18:41:48.011534534,3.8.0,"{""stage_rank"":0}"
evt-01080441,sess-00635087,page_view,2023-04-03 19:18:24.146105005,,"{""stage_rank"":0}"
evt-01180986,sess-00694139,add_to_cart,2025-10-17 22:13:11.554524229,,"{""stage_rank"":1}"
evt-00818179,sess-00480852,add_to_cart,2025-11-23 22:10:01.141571871,4.4.0,"{""stage_rank"":1}"
evt-01291180,sess-00758866,add_to_cart,2025-09-08 00:36:38.147179760,4.4.0,"{""stage_rank"":1}"
evt-00191128,sess-00112249,page_view,2025-12-31 20:16:22.064094425,,"{""stage_rank"":0}"
evt-00714822,sess-00420110,add_to_cart,2023-03-24 16:58:15.257434923,,"{""stage_rank"":1}"
evt-01672220,sess-00982654,page_view,2023-09-10 16:33:22.539142557,,"{""stage_rank"":0}"
evt-01653145,sess-00971560,page_view,2025-01-14 18:11:58.531363663,4.2.0,"{""stage_rank"":0}"
evt-00074186,sess-00043605,page_view,2024-08-21 17:40:06.019991515,,"{""stage_rank"":0}"
evt-00855454,sess-00502836,page_view,2025-05-17 22:53:22.010135222,,"{""stage_rank"":0}"
evt-00826192,sess-00485519,purchase,2023-10-24 23:26:35.186817331,,"{""stage_rank"":3}"
evt-00014396,sess-00008524,page_view,2025-08-25 17:25:54.707106066,,"{""stage_rank"":0}"
evt-01693273,sess-00994965,page_view,2026-02-24 16:57:43.825409312,4.4.0,"{""stage_rank"":0}"
evt-00496531,sess-00291946,add_to_cart,2024-10-25 19:03:04.370364137,4.1.0,"{""stage_rank"":1}"
evt-01252335,sess-00736043,page_view,2026-03-18 22:34:00.039581269,,"{""stage_rank"":0}"
evt-01628394,sess-00957025,page_view,2023-07-02 00:10:21.385507521,3.8.0,"{""stage_rank"":0}"
evt-00223698,sess-00131437,page_view,2024-07-30 19:20:06.111369989,4.0.0,"{""stage_rank"":0}"
evt-01179939,sess-00693516,add_to_cart,2024-01-02 18:43:34.875896920,,"{""stage_rank"":1}"
evt-01028026,sess-00604328,add_to_cart,2026-05-09 17:18:05.116985958,,"{""stage_rank"":1}"
evt-01070592,sess-00629289,page_view,2025-03-02 21:31:07.676537326,4.3.0,"{""stage_rank"":0}"
evt-00202099,sess-00118671,page_view,2025-07-20 19:28:06.027924311,,"{""stage_rank"":0}"
evt-01368484,sess-00804150,add_to_cart,2024-11-30 15:13:31.171048883,4.2.0,"{""stage_rank"":1}"
evt-00251623,sess-00147908,add_to_cart,2025-05-30 21:59:28.262909904,,"{""stage_rank"":1}"
evt-00711154,sess-00417986,add_to_cart,2023-12-17 21:45:49.998362390,3.8.0,"{""stage_rank"":1}"
evt-01696351,sess-00996772,add_to_cart,2024-07-10 21:19:06.548422834,,"{""stage_rank"":1}"
evt-00237010,sess-00139340,page_view,2024-05-15 12:43:41.381691320,4.0.0,"{""stage_rank"":0}"
evt-01355102,sess-00796307,page_view,2025-09-03 22:47:38.978757441,,"{""stage_rank"":0}"
evt-01612429,sess-00947537,page_view,2026-05-07 01:27:01.522555509,,"{""stage_rank"":0}"
evt-00749017,sess-00440204,add_to_cart,2025-12-06 15:03:07.524124227,,"{""stage_rank"":1}"
evt-00680275,sess-00399804,page_view,2023-02-02 14:46:14.271584752,3.8.0,"{""stage_rank"":0}"
evt-01486491,sess-00873431,page_view,2023-01-31 20:33:59.690050192,,"{""stage_rank"":0}"
evt-01286887,sess-00756317,page_view,2025-01-04 23:36:37.197878286,4.2.0,"{""stage_rank"":0}"
evt-00230218,sess-00135275,add_to_cart,2023-08-09 20:03:35.477160440,,"{""stage_rank"":1}"
evt-00384538,sess-00226051,page_view,2023-03-13 20:50:04.119805866,3.8.0,"{""stage_rank"":0}"
evt-01075549,sess-00632251,page_view,2023-06-21 22:58:55.900280375,,"{""stage_rank"":0}"
evt-00313921,sess-00184447,page_view,2025-07-30 14:19:26.306125629,4.3.0,"{""stage_rank"":0}"
evt-00989356,sess-00581816,page_view,2025-07-08 00:42:28.107674270,4.3.0,"{""stage_rank"":0}"
evt-00155232,sess-00091140,page_view,2025-10-05 17:15:45.596986060,4.4.0,"{""stage_rank"":0}"
evt-00592760,sess-00348288,add_to_cart,2024-07-16 21:12:45.431971204,4.0.0,"{""stage_rank"":1}"
evt-01346596,sess-00791320,page_view,2026-01-07 11:36:20.552649124,4.4.0,"{""stage_rank"":0}"
evt-01070271,sess-00629099,add_to_cart,2023-02-06 15:30:20.346583601,,"{""stage_rank"":1}"
evt-01471274,sess-00864494,page_view,2023-08-25 18:47:59.607395405,3.8.0,"{""stage_rank"":0}"
evt-00898261,sess-00528018,page_view,2024-03-06 19:34:55.104037954,,"{""stage_rank"":0}"
evt-00412671,sess-00242636,add_to_cart,2025-07-21 19:14:15.065178443,4.3.0,"{""stage_rank"":1}"
evt-00992064,sess-00583395,page_view,2024-06-17 18:58:13.356709227,4.0.0,"{""stage_rank"":0}"
evt-01082449,sess-00636279,page_view,2025-06-04 17:50:35.629202819,4.3.0,"{""stage_rank"":0}"
evt-00254871,sess-00149800,add_to_cart,2024-11-12 01:34:38.616882840,4.2.0,"{""stage_rank"":1}"
evt-01024507,sess-00602255,add_to_cart,2024-08-14 22:17:19.964543715,,"{""stage_rank"":1}"
evt-00417388,sess-00245433,page_view,2025-10-09 21:01:26.028075156,,"{""stage_rank"":0}"
evt-00557098,sess-00327260,page_view,2024-01-12 19:31:33.666817941,,"{""stage_rank"":0}"
evt-01676454,sess-00985112,page_view,2023-12-07 23:19:29.789537934,3.8.0,"{""stage_rank"":0}"
evt-00711652,sess-00418273,page_view,2025-07-05 23:13:04.393316271,4.3.0,"{""stage_rank"":0}"
evt-00755220,sess-00443863,add_to_cart,2025-09-30 19:09:57.190100558,4.4.0,"{""stage_rank"":1}"
evt-00635285,sess-00373252,page_view,2026-01-02 03:58:34.649008153,,"{""stage_rank"":0}"
evt-00388354,sess-00228248,add_to_cart,2025-02-18 00:45:27.404616032,4.3.0,"{""stage_rank"":1}"
evt-00292472,sess-00171817,add_to_cart,2024-07-25 00:23:32.672339144,4.0.0,"{""stage_rank"":1}"
evt-00705069,sess-00414411,page_view,2026-06-11 18:14:22.447329814,4.4.0,"{""stage_rank"":0}"
evt-00277409,sess-00163008,page_view,2023-12-19 16:13:58.367849792,,"{""stage_rank"":0}"
evt-00227183,sess-00133485,add_to_cart,2025-07-21 12:35:56.716790404,4.3.0,"{""stage_rank"":1}"
evt-00622569,sess-00365741,add_to_cart,2023-01-21 23:45:18.909835861,,"{""stage_rank"":1}"
evt-00661218,sess-00388611,add_to_cart,2024-07-30 01:44:21.119952947,,"{""stage_rank"":1}"
evt-01139429,sess-00669711,add_to_cart,2023-07-21 20:06:56.697543376,3.8.0,"{""stage_rank"":1}"
evt-01045129,sess-00614385,page_view,2024-09-16 01:52:54.633882163,4.1.0,"{""stage_rank"":0}"
evt-01106003,sess-00650148,page_view,2023-09-03 17:55:06.437675698,,"{""stage_rank"":0}"
evt-00634747,sess-00372941,add_to_cart,2024-11-02 20:49:38.766210034,4.1.0,"{""stage_rank"":1}"
evt-01167565,sess-00686262,page_view,2023-05-26 19:42:34.860042110,,"{""stage_rank"":0}"
evt-01023337,sess-00601587,checkout,2024-12-20 06:51:55.519821850,4.2.0,"{""stage_rank"":2}"
evt-00948483,sess-00557699,add_to_cart,2024-02-13 22:47:53.003207115,4.0.0,"{""stage_rank"":1}"
evt-00204540,sess-00120118,page_view,2025-09-08 00:09:39.674366245,,"{""stage_rank"":0}"
evt-01507013,sess-00885524,page_view,2024-11-27 00:39:52.253367334,,"{""stage_rank"":0}"
evt-01015331,sess-00596896,checkout,2023-08-05 19:54:36.326085513,,"{""stage_rank"":2}"
evt-00956486,sess-00562397,page_view,2025-07-03 23:38:26.752820980,,"{""stage_rank"":0}"
evt-01340474,sess-00787707,add_to_cart,2025-06-04 21:47:00.102892614,,"{""stage_rank"":1}"
evt-01445665,sess-00849504,page_view,2023-02-24 00:48:11.719154215,3.8.0,"{""stage_rank"":0}"
evt-00263738,sess-00155019,page_view,2026-01-31 15:29:52.202528499,4.4.0,"{""stage_rank"":0}"
evt-01020900,sess-00600169,add_to_cart,2024-05-09 19:36:59.244855674,,"{""stage_rank"":1}"
evt-00316893,sess-00186193,page_view,2025-09-14 20:46:45.128633254,,"{""stage_rank"":0}"
evt-01599502,sess-00939936,page_view,2023-07-14 21:36:21.447318817,,"{""stage_rank"":0}"
evt-00226535,sess-00133118,page_view,2023-01-10 12:27:18.416114798,3.8.0,"{""stage_rank"":0}"
evt-00637362,sess-00374499,page_view,2026-02-24 19:29:27.666736927,4.4.0,"{""stage_rank"":0}"
evt-01615709,sess-00949493,page_view,2026-02-03 17:21:50.504216283,,"{""stage_rank"":0}"
evt-01030224,sess-00605623,page_view,2026-04-27 19:20:17.005221644,,"{""stage_rank"":0}"
evt-01138669,sess-00669251,add_to_cart,2024-12-28 19:37:56.121174191,4.2.0,"{""stage_rank"":1}"
evt-01176399,sess-00691475,add_to_cart,2024-02-15 20:50:53.296453094,,"{""stage_rank"":1}"
evt-00248422,sess-00146075,page_view,2023-01-25 21:20:40.217608777,3.8.0,"{""stage_rank"":0}"
evt-00233265,sess-00137123,page_view,2024-07-16 20:03:02.641058553,4.0.0,"{""stage_rank"":0}"
evt-00391290,sess-00230003,page_view,2023-09-05 20:31:41.140767501,3.8.0,"{""stage_rank"":0}"
evt-00357333,sess-00209966,page_view,2026-01-15 17:58:16.997216078,4.4.0,"{""stage_rank"":0}"
evt-00976541,sess-00574226,add_to_cart,2024-04-15 22:25:13.494077284,,"{""stage_rank"":1}"
evt-01024093,sess-00602016,add_to_cart,2023-11-22 18:18:50.322199755,,"{""stage_rank"":1}"
evt-01386442,sess-00814665,page_view,2024-07-23 15:44:58.875068344,4.0.0,"{""stage_rank"":0}"
evt-00128180,sess-00075186,add_to_cart,2024-01-26 19:59:29.223686954,3.8.0,"{""stage_rank"":1}"
evt-00828761,sess-00487020,add_to_cart,2024-11-14 18:46:04.362246682,4.2.0,"{""stage_rank"":1}"
evt-01565423,sess-00919839,page_view,2023-08-19 22:35:50.535230784,,"{""stage_rank"":0}"
evt-01474577,sess-00866437,checkout,2024-06-17 19:59:27.238905251,,"{""stage_rank"":2}"
evt-00952436,sess-00560026,page_view,2023-07-04 18:08:15.240036387,,"{""stage_rank"":0}"
evt-01678999,sess-00986595,page_view,2026-06-11 02:44:43.277306646,,"{""stage_rank"":0}"
evt-01512939,sess-00889033,page_view,2026-02-04 21:07:33.558950724,,"{""stage_rank"":0}"
evt-00763518,sess-00448740,page_view,2023-09-06 17:56:03.276593087,,"{""stage_rank"":0}"
evt-00639042,sess-00375503,page_view,2026-04-25 20:06:17.167811895,,"{""stage_rank"":0}"
evt-01585562,sess-00931702,page_view,2026-04-16 19:21:40.539957500,4.4.0,"{""stage_rank"":0}"
evt-00379046,sess-00222814,checkout,2023-05-27 16:54:01.957658573,3.8.0,"{""stage_rank"":2}"
evt-00620205,sess-00364340,page_view,2024-06-24 12:31:21.914629552,4.0.0,"{""stage_rank"":0}"
evt-01694235,sess-00995509,page_view,2023-02-11 23:28:34.530785645,3.8.0,"{""stage_rank"":0}"
evt-01330727,sess-00782040,page_view,2024-07-29 20:20:31.846188806,,"{""stage_rank"":0}"
evt-00143945,sess-00084505,page_view,2026-01-09 02:25:00.086166942,4.4.0,"{""stage_rank"":0}"
evt-01212386,sess-00712457,page_view,2025-05-02 18:58:04.655724612,,"{""stage_rank"":0}"
evt-01474783,sess-00866569,add_to_cart,2024-06-14 20:06:39.199901315,4.0.0,"{""stage_rank"":1}"
evt-00510779,sess-00300241,page_view,2023-11-25 22:24:21.014982451,3.8.0,"{""stage_rank"":0}"
evt-01307644,sess-00768497,add_to_cart,2024-08-26 18:20:23.765964493,,"{""stage_rank"":1}"
evt-00487093,sess-00286388,add_to_cart,2023-09-11 23:51:55.777857643,,"{""stage_rank"":1}"
evt-01161507,sess-00682687,add_to_cart,2024-02-07 17:53:03.166886642,4.0.0,"{""stage_rank"":1}"
evt-00049875,sess-00029240,add_to_cart,2023-10-24 22:02:27.844486856,,"{""stage_rank"":1}"
evt-00678592,sess-00398831,page_view,2024-06-28 18:04:35.439792972,4.0.0,"{""stage_rank"":0}"
evt-00854046,sess-00502013,page_view,2024-10-16 03:10:38.576702139,4.1.0,"{""stage_rank"":0}"
evt-00475736,sess-00279698,checkout,2025-08-06 23:19:25.579996958,4.4.0,"{""stage_rank"":2}"
evt-01446337,sess-00849916,page_view,2026-06-17 05:05:16.428942141,,"{""stage_rank"":0}"
evt-01615298,sess-00949248,checkout,2023-02-20 16:55:31.972047523,3.8.0,"{""stage_rank"":2}"
evt-00520307,sess-00305813,checkout,2025-02-13 16:10:17.406892970,4.3.0,"{""stage_rank"":2}"
evt-00413888,sess-00243349,page_view,2024-08-05 17:22:12.625473169,4.1.0,"{""stage_rank"":0}"
evt-00729080,sess-00428456,add_to_cart,2025-11-11 21:14:39.252444922,4.4.0,"{""stage_rank"":1}"
evt-01325820,sess-00779184,page_view,2024-01-14 02:01:17.794820591,3.8.0,"{""stage_rank"":0}"
evt-00997970,sess-00586792,page_view,2025-04-17 18:20:38.300519743,4.3.0,"{""stage_rank"":0}"
evt-00424834,sess-00249732,page_view,2023-01-12 20:23:00.473522732,3.8.0,"{""stage_rank"":0}"
evt-01047534,sess-00615777,page_view,2024-08-11 23:54:31.835574929,,"{""stage_rank"":0}"
evt-00662156,sess-00389172,add_to_cart,2025-07-14 19:17:17.134865797,,"{""stage_rank"":1}"
evt-01248665,sess-00733899,page_view,2024-04-26 22:07:12.941279893,,"{""stage_rank"":0}"
evt-01256823,sess-00738697,page_view,2023-05-31 20:06:14.864695191,3.8.0,"{""stage_rank"":0}"
evt-00911802,sess-00536073,add_to_cart,2023-05-05 18:56:50.607923634,,"{""stage_rank"":1}"
evt-01341643,sess-00788391,page_view,2024-05-14 20:03:25.515396920,,"{""stage_rank"":0}"
evt-00602960,sess-00354252,checkout,2023-10-03 19:06:56.613759206,3.8.0,"{""stage_rank"":2}"
evt-01302750,sess-00765700,page_view,2023-09-02 19:10:26.258147833,,"{""stage_rank"":0}"
evt-00635820,sess-00373571,page_view,2025-09-29 21:38:41.238302899,4.4.0,"{""stage_rank"":0}"
evt-01036671,sess-00609400,add_to_cart,2024-07-31 03:18:59.180487413,4.0.0,"{""stage_rank"":1}"
evt-00424068,sess-00249316,add_to_cart,2026-06-23 16:46:24.197780732,4.4.0,"{""stage_rank"":1}"
evt-00425487,sess-00250111,page_view,2024-12-05 21:01:51.574227319,4.2.0,"{""stage_rank"":0}"
evt-01669679,sess-00981142,add_to_cart,2025-10-09 14:57:22.627705409,,"{""stage_rank"":1}"
evt-00519900,sess-00305579,add_to_cart,2023-02-07 14:50:34.991886022,,"{""stage_rank"":1}"
evt-01603331,sess-00942157,page_view,2023-06-29 17:05:56.208881610,3.8.0,"{""stage_rank"":0}"
evt-01023447,sess-00601646,add_to_cart,2025-03-03 00:07:30.279419265,4.3.0,"{""stage_rank"":1}"
evt-01554514,sess-00913507,page_view,2024-12-24 21:13:53.467252162,,"{""stage_rank"":0}"
evt-00100746,sess-00059135,add_to_cart,2023-11-03 21:22:21.719509747,3.8.0,"{""stage_rank"":1}"
evt-01179039,sess-00692994,page_view,2026-02-04 19:27:54.400463573,4.4.0,"{""stage_rank"":0}"
evt-00447283,sess-00262948,page_view,2023-02-26 23:33:46.061036915,,"{""stage_rank"":0}"
evt-00572814,sess-00336511,page_view,2023-04-24 20:56:57.547738836,,"{""stage_rank"":0}"
evt-00369095,sess-00216928,add_to_cart,2024-11-06 19:07:44.064747356,,"{""stage_rank"":1}"
evt-00629373,sess-00369760,page_view,2024-10-01 21:33:18.262490538,4.1.0,"{""stage_rank"":0}"
evt-01236922,sess-00726943,add_to_cart,2025-02-28 18:45:08.767096952,4.3.0,"{""stage_rank"":1}"
evt-00832234,sess-00489118,page_view,2025-10-06 23:54:17.135835498,4.4.0,"{""stage_rank"":0}"
evt-00102737,sess-00060316,page_view,2024-07-17 14:52:33.587148813,,"{""stage_rank"":0}"
evt-01649376,sess-00969363,page_view,2025-08-25 22:09:29.681155175,4.4.0,"{""stage_rank"":0}"
evt-00079804,sess-00046908,page_view,2025-01-21 16:50:46.499691330,4.2.0,"{""stage_rank"":0}"
evt-00291190,sess-00171076,page_view,2026-05-19 14:59:39.303814016,,"{""stage_rank"":0}"
evt-01042262,sess-00612678,add_to_cart,2024-05-07 00:31:38.307817888,4.0.0,"{""stage_rank"":1}"
evt-01153461,sess-00677977,checkout,2023-01-12 18:58:10.217395517,,"{""stage_rank"":2}"
evt-00270719,sess-00159097,page_view,2024-03-04 16:45:14.849412387,4.0.0,"{""stage_rank"":0}"
evt-01535127,sess-00902077,page_view,2024-05-28 17:48:47.748714684,,"{""stage_rank"":0}"
evt-00259805,sess-00152720,page_view,2025-05-07 00:13:47.713285816,4.3.0,"{""stage_rank"":0}"
evt-00911544,sess-00535924,page_view,2023-07-03 17:29:08.750347708,3.8.0,"{""stage_rank"":0}"
evt-00450146,sess-00264618,add_to_cart,2026-06-28 03:38:40.649588712,,"{""stage_rank"":1}"
evt-00657312,sess-00386343,page_view,2023-11-10 21:50:29.927996182,,"{""stage_rank"":0}"
evt-00309965,sess-00182075,page_view,2023-02-14 20:40:14.387139772,,"{""stage_rank"":0}"
evt-01341643,sess-00788391,page_view,2024-05-14 20:03:25.515396920,,"{""stage_rank"":0}"
evt-01266113,sess-00744121,page_view,2025-10-29 17:51:15.026898241,4.4.0,"{""stage_rank"":0}"
evt-00491648,sess-00289036,page_view,2026-05-29 15:06:43.469310065,,"{""stage_rank"":0}"
evt-01077069,sess-00633136,page_view,2025-11-09 17:38:40.801271574,4.4.0,"{""stage_rank"":0}"
evt-01671223,sess-00982057,add_to_cart,2023-03-27 18:21:52.004488410,,"{""stage_rank"":1}"
evt-00622886,sess-00365923,page_view,2023-09-13 18:50:16.109233753,,"{""stage_rank"":0}"
evt-00028820,sess-00016948,add_to_cart,2024-08-13 01:26:41.972735364,4.1.0,"{""stage_rank"":1}"
evt-00265606,sess-00156109,page_view,2024-05-24 19:54:30.538258090,4.0.0,"{""stage_rank"":0}"
evt-01422099,sess-00835700,page_view,2025-07-11 23:41:49.741390994,4.3.0,"{""stage_rank"":0}"
evt-00322427,sess-00189465,add_to_cart,2025-09-17 02:40:41.868581452,,"{""stage_rank"":1}"
evt-01479761,sess-00869486,page_view,2025-12-18 18:53:57.237844047,,"{""stage_rank"":0}"
evt-00667146,sess-00392145,page_view,2025-08-15 20:34:12.424986720,,"{""stage_rank"":0}"
evt-00287280,sess-00168779,page_view,2025-05-06 20:55:46.403313495,4.3.0,"{""stage_rank"":0}"
evt-00238443,sess-00140182,add_to_cart,2025-06-30 15:13:16.947171565,,"{""stage_rank"":1}"
evt-01608055,sess-00944935,page_view,2024-06-03 18:34:38.898404443,4.0.0,"{""stage_rank"":0}"
evt-00098795,sess-00057985,page_view,2026-03-31 20:33:02.481825167,4.4.0,"{""stage_rank"":0}"
evt-00096795,sess-00056831,checkout,2023-11-30 20:29:01.549312498,3.8.0,"{""stage_rank"":2}"
evt-00165430,sess-00097136,page_view,2023-11-24 01:54:49.441251039,3.8.0,"{""stage_rank"":0}"
evt-00647093,sess-00380329,page_view,2024-11-05 23:49:40.088924928,,"{""stage_rank"":0}"
evt-00826006,sess-00485413,page_view,2024-06-11 16:04:52.448773928,,"{""stage_rank"":0}"
evt-00975098,sess-00573379,add_to_cart,2025-07-06 18:58:23.221356704,,"{""stage_rank"":1}"
evt-01543568,sess-00907047,page_view,2026-01-07 12:32:03.354061412,4.4.0,"{""stage_rank"":0}"
evt-00148027,sess-00086905,page_view,2024-08-12 19:55:00.804694130,,"{""stage_rank"":0}"
evt-00640521,sess-00376377,page_view,2024-02-02 12:36:19.518247857,,"{""stage_rank"":0}"
evt-01512235,sess-00888617,page_view,2025-03-19 23:08:47.582004174,,"{""stage_rank"":0}"
evt-01557531,sess-00915266,page_view,2025-07-05 16:44:17.556132084,4.3.0,"{""stage_rank"":0}"
evt-00363665,sess-00213721,page_view,2026-06-24 19:23:15.778709654,,"{""stage_rank"":0}"
evt-00107846,sess-00063308,page_view,2024-02-06 23:24:44.405203179,,"{""stage_rank"":0}"
evt-00986210,sess-00579982,add_to_cart,2023-11-21 01:39:33.658587983,3.8.0,"{""stage_rank"":1}"
evt-00515596,sess-00303033,page_view,2025-11-22 16:24:30.146972194,,"{""stage_rank"":0}"
evt-00923107,sess-00542696,page_view,2023-02-28 20:30:12.368970483,3.8.0,"{""stage_rank"":0}"
evt-01068067,sess-00627790,page_view,2025-02-22 12:58:12.301926412,4.3.0,"{""stage_rank"":0}"
evt-00165839,sess-00097368,add_to_cart,2024-07-22 22:26:03.412622382,,"{""stage_rank"":1}"
evt-00327752,sess-00192627,add_to_cart,2025-07-15 18:22:02.014647387,4.3.0,"{""stage_rank"":1}"
evt-01170056,sess-00687746,page_view,2024-01-19 20:56:46.496255546,3.8.0,"{""stage_rank"":0}"
evt-01651891,sess-00970840,add_to_cart,2026-02-21 18:01:19.112842256,4.4.0,"{""stage_rank"":1}"
evt-00394004,sess-00231578,checkout,2024-11-19 19:46:16.138861487,4.2.0,"{""stage_rank"":2}"
evt-01273304,sess-00748313,add_to_cart,2023-01-07 14:17:16.247621206,,"{""stage_rank"":1}"
evt-00809206,sess-00475564,checkout,2024-04-28 00:58:29.340079840,,"{""stage_rank"":2}"
evt-00621157,sess-00364907,page_view,2024-02-11 22:30:46.439706909,4.0.0,"{""stage_rank"":0}"
evt-00516054,sess-00303308,page_view,2026-03-16 16:24:37.451446811,4.4.0,"{""stage_rank"":0}"
evt-00152916,sess-00089760,page_view,2025-09-03 20:26:29.260150902,4.4.0,"{""stage_rank"":0}"
evt-00542625,sess-00318805,page_view,2025-08-10 22:23:54.078969242,4.4.0,"{""stage_rank"":0}"
evt-00492110,sess-00289303,page_view,2025-11-28 21:47:12.320590881,4.4.0,"{""stage_rank"":0}"
evt-01545677,sess-00908304,checkout,2023-10-23 16:42:29.360329995,3.8.0,"{""stage_rank"":2}"
evt-00286402,sess-00168267,page_view,2024-03-20 22:03:42.273762201,4.0.0,"{""stage_rank"":0}"
evt-00896600,sess-00527017,page_view,2026-03-01 02:25:37.986408289,4.4.0,"{""stage_rank"":0}"
evt-01111931,sess-00653612,add_to_cart,2024-10-13 20:21:51.748673285,4.1.0,"{""stage_rank"":1}"
evt-01681557,sess-00988077,page_view,2025-05-02 21:48:40.764075445,4.3.0,"{""stage_rank"":0}"
evt-00729685,sess-00428807,page_view,2025-04-05 16:45:09.220001198,4.3.0,"{""stage_rank"":0}"
evt-00782627,sess-00459960,page_view,2023-11-11 23:34:31.637007064,,"{""stage_rank"":0}"
evt-00915834,sess-00538430,page_view,2025-08-05 18:56:01.147143893,4.4.0,"{""stage_rank"":0}"
evt-00927424,sess-00545253,add_to_cart,2024-12-15 18:22:54.876340295,,"{""stage_rank"":1}"
evt-00019426,sess-00011490,page_view,2026-03-23 21:33:34.514656039,4.4.0,"{""stage_rank"":0}"
evt-00894861,sess-00525981,checkout,2025-12-17 17:59:26.837322792,4.4.0,"{""stage_rank"":2}"
evt-01636978,sess-00962071,page_view,2025-08-04 18:07:44.555925386,,"{""stage_rank"":0}"
evt-01127259,sess-00662570,page_view,2023-07-30 19:09:30.505149273,,"{""stage_rank"":0}"
evt-00580247,sess-00340882,page_view,2025-07-24 20:41:14.580825425,4.3.0,"{""stage_rank"":0}"
evt-00677034,sess-00397926,page_view,2024-07-03 17:16:51.535908242,4.0.0,"{""stage_rank"":0}"
evt-00695828,sess-00408987,add_to_cart,2023-12-26 12:23:39.563752479,,"{""stage_rank"":1}"
evt-00492740,sess-00289690,page_view,2024-07-06 17:40:25.083814194,4.0.0,"{""stage_rank"":0}"
evt-00218226,sess-00128186,add_to_cart,2024-05-30 00:31:02.275568116,,"{""stage_rank"":1}"
evt-00723070,sess-00424958,page_view,2025-05-02 15:31:05.868410907,,"{""stage_rank"":0}"
evt-00218394,sess-00128273,page_view,2024-07-19 19:01:05.015227567,4.0.0,"{""stage_rank"":0}"
evt-01040396,sess-00611581,page_view,2024-10-04 19:44:27.464300844,,"{""stage_rank"":0}"
evt-00691915,sess-00406677,page_view,2025-12-30 19:57:23.897599800,4.4.0,"{""stage_rank"":0}"
evt-00439425,sess-00258331,page_view,2026-01-23 21:09:42.374081839,4.4.0,"{""stage_rank"":0}"
evt-00846270,sess-00497435,page_view,2024-08-04 21:02:12.105378019,4.1.0,"{""stage_rank"":0}"
evt-01407278,sess-00826970,page_view,2026-01-11 17:33:17.363954222,4.4.0,"{""stage_rank"":0}"
evt-00682900,sess-00401326,page_view,2023-01-29 19:52:10.543098042,3.8.0,"{""stage_rank"":0}"
evt-00127542,sess-00074815,page_view,2025-11-08 19:13:56.099095697,4.4.0,"{""stage_rank"":0}"
evt-00369759,sess-00217340,add_to_cart,2024-09-20 22:43:39.957903117,4.1.0,"{""stage_rank"":1}"
evt-00196713,sess-00115486,add_to_cart,2025-12-08 02:28:43.726911444,,"{""stage_rank"":1}"
evt-01032809,sess-00607152,page_view,2024-11-22 00:48:00.379611546,4.2.0,"{""stage_rank"":0}"
evt-00691818,sess-00406623,page_view,2024-08-29 21:28:23.824690801,,"{""stage_rank"":0}"
evt-01166529,sess-00685654,checkout,2024-05-31 03:48:02.918067623,4.0.0,"{""stage_rank"":2}"
evt-00223111,sess-00131071,page_view,2023-02-03 19:01:35.406735014,,"{""stage_rank"":0}"
evt-01257493,sess-00739085,page_view,2023-01-18 19:03:46.745411492,,"{""stage_rank"":0}"
evt-00169170,sess-00099319,page_view,2023-05-29 00:30:49.759936451,,"{""stage_rank"":0}"
evt-00318510,sess-00187147,page_view,2024-07-02 22:06:35.499219634,4.0.0,"{""stage_rank"":0}"
evt-00417351,sess-00245411,page_view,2026-06-06 23:38:23.465157338,4.4.0,"{""stage_rank"":0}"
evt-01292231,sess-00759492,page_view,2025-01-30 18:27:02.759126068,,"{""stage_rank"":0}"
evt-00959704,sess-00564300,add_to_cart,2024-11-16 21:27:18.472447299,,"{""stage_rank"":1}"
evt-01184475,sess-00696175,page_view,2026-03-01 13:50:22.311771375,4.4.0,"{""stage_rank"":0}"
evt-01064069,sess-00625473,add_to_cart,2025-04-02 18:59:37.584892456,4.3.0,"{""stage_rank"":1}"
evt-00825232,sess-00484982,page_view,2025-01-02 17:47:29.989311395,4.2.0,"{""stage_rank"":0}"
evt-01111565,sess-00653392,checkout,2023-01-25 20:07:03.917164750,3.8.0,"{""stage_rank"":2}"
evt-00884553,sess-00519924,add_to_cart,2026-03-01 23:46:49.890148949,4.4.0,"{""stage_rank"":1}"
evt-00702623,sess-00412985,page_view,2024-12-09 12:33:40.858957733,,"{""stage_rank"":0}"
evt-01572917,sess-00924255,add_to_cart,2024-06-11 01:14:03.273232439,,"{""stage_rank"":1}"
evt-00243893,sess-00143394,page_view,2023-04-11 21:14:18.447867323,3.8.0,"{""stage_rank"":0}"
evt-01511965,sess-00888457,add_to_cart,2024-07-20 00:45:17.636048571,,"{""stage_rank"":1}"
evt-00116396,sess-00068264,page_view,2025-04-29 23:41:46.906504054,,"{""stage_rank"":0}"
evt-00551097,sess-00323769,page_view,2023-05-20 01:59:10.994915348,,"{""stage_rank"":0}"
evt-01273382,sess-00748362,page_view,2023-10-12 15:28:16.502334753,,"{""stage_rank"":0}"
evt-01485907,sess-00873091,page_view,2026-06-25 20:24:41.405473967,,"{""stage_rank"":0}"
evt-01498077,sess-00880248,page_view,2024-04-17 16:19:14.060923364,4.0.0,"{""stage_rank"":0}"
evt-01602904,sess-00941917,page_view,2023-04-19 17:48:18.992795799,,"{""stage_rank"":0}"
evt-00876153,sess-00515012,page_view,2025-09-05 09:04:28.824721628,,"{""stage_rank"":0}"
evt-01475161,sess-00866795,add_to_cart,2025-06-01 23:47:25.034416226,,"{""stage_rank"":1}"
evt-00767586,sess-00451127,page_view,2026-04-09 15:21:12.244216478,4.4.0,"{""stage_rank"":0}"
evt-00516061,sess-00303312,page_view,2025-03-25 01:38:58.638356748,4.3.0,"{""stage_rank"":0}"
evt-00288008,sess-00169195,add_to_cart,2024-08-28 20:06:30.296540401,,"{""stage_rank"":1}"
evt-00905865,sess-00532515,page_view,2024-12-04 19:13:48.570590659,4.2.0,"{""stage_rank"":0}"
evt-00118487,sess-00069485,page_view,2025-05-01 01:46:49.645955014,4.3.0,"{""stage_rank"":0}"
evt-01594585,sess-00937051,page_view,2025-05-09 14:59:31.459626775,4.3.0,"{""stage_rank"":0}"
evt-00630077,sess-00370169,checkout,2023-05-13 18:21:21.723944235,3.8.0,"{""stage_rank"":2}"
evt-00472093,sess-00277564,add_to_cart,2025-02-09 13:22:43.889905421,,"{""stage_rank"":1}"
evt-01494907,sess-00878366,page_view,2026-04-26 18:32:34.806861825,,"{""stage_rank"":0}"
evt-00892416,sess-00524530,page_view,2026-02-23 13:57:52.690364070,,"{""stage_rank"":0}"
evt-01372408,sess-00806428,page_view,2023-02-05 22:07:09.605250136,3.8.0,"{""stage_rank"":0}"
evt-01428491,sess-00839454,page_view,2023-10-21 19:19:42.748128366,3.8.0,"{""stage_rank"":0}"
evt-01161624,sess-00682757,page_view,2023-03-30 20:19:12.874949577,3.8.0,"{""stage_rank"":0}"
evt-01676800,sess-00985303,add_to_cart,2024-03-28 18:00:11.446981970,,"{""stage_rank"":1}"
evt-00497422,sess-00292482,page_view,2023-11-26 17:41:21.623937956,3.8.0,"{""stage_rank"":0}"
evt-01250804,sess-00735133,add_to_cart,2023-12-29 18:48:09.328867493,3.8.0,"{""stage_rank"":1}"
evt-00494339,sess-00290651,add_to_cart,2023-09-23 16:54:29.351610741,,"{""stage_rank"":1}"
evt-00563789,sess-00331231,checkout,2025-03-24 17:33:40.505585073,4.3.0,"{""stage_rank"":2}"
evt-00929385,sess-00546430,page_view,2025-05-26 18:15:22.520328463,4.3.0,"{""stage_rank"":0}"
evt-00997294,sess-00586406,page_view,2024-02-06 12:43:40.500745566,,"{""stage_rank"":0}"
evt-00560591,sess-00329361,page_view,2026-01-13 12:35:31.347754187,4.4.0,"{""stage_rank"":0}"
evt-01062998,sess-00624864,page_view,2025-09-02 21:28:45.440353060,4.4.0,"{""stage_rank"":0}"
evt-00483657,sess-00284343,add_to_cart,2024-06-23 22:55:15.425084637,4.0.0,"{""stage_rank"":1}"
evt-01662118,sess-00976763,page_view,2026-05-17 23:51:27.559735013,,"{""stage_rank"":0}"
evt-01195188,sess-00702468,add_to_cart,2025-11-28 19:17:28.560996483,,"{""stage_rank"":1}"
evt-01434982,sess-00843219,page_view,2023-05-16 16:57:20.861309684,,"{""stage_rank"":0}"
evt-00723135,sess-00424996,page_view,2024-10-27 19:28:40.224329484,,"{""stage_rank"":0}"
evt-00697598,sess-00410027,page_view,2024-07-07 19:40:11.501255300,,"{""stage_rank"":0}"
evt-01367322,sess-00803476,add_to_cart,2026-05-06 21:25:29.455897942,4.4.0,"{""stage_rank"":1}"
evt-00142112,sess-00083405,page_view,2026-02-10 19:21:40.438098278,,"{""stage_rank"":0}"
evt-01480793,sess-00870091,add_to_cart,2024-01-24 13:24:53.158244886,3.8.0,"{""stage_rank"":1}"
evt-00646448,sess-00379937,add_to_cart,2024-05-05 17:40:23.340744875,4.0.0,"{""stage_rank"":1}"
evt-00249047,sess-00146437,page_view,2026-05-02 02:21:25.478401638,4.4.0,"{""stage_rank"":0}"
evt-00888497,sess-00522230,checkout,2023-10-07 20:27:14.799255874,3.8.0,"{""stage_rank"":2}"
evt-00397525,sess-00233678,add_to_cart,2023-09-03 20:52:50.974206693,,"{""stage_rank"":1}"
evt-01565739,sess-00920027,page_view,2024-01-18 19:51:44.984353383,,"{""stage_rank"":0}"
evt-00391973,sess-00230390,page_view,2023-01-07 18:25:59.428729691,,"{""stage_rank"":0}"
evt-00874493,sess-00514015,checkout,2025-05-10 19:21:35.242362754,,"{""stage_rank"":2}"
evt-00053143,sess-00031174,purchase,2023-10-13 22:19:39.493831457,,"{""stage_rank"":3}"
evt-01134056,sess-00666547,checkout,2025-09-08 16:39:09.954702025,4.4.0,"{""stage_rank"":2}"
evt-01062013,sess-00624288,page_view,2026-01-27 19:17:39.422125976,,"{""stage_rank"":0}"
evt-01154401,sess-00678538,page_view,2024-06-07 18:58:52.810402655,4.0.0,"{""stage_rank"":0}"
evt-01150992,sess-00676548,page_view,2023-02-03 16:26:14.206882111,,"{""stage_rank"":0}"
evt-00994587,sess-00584845,add_to_cart,2025-06-21 16:56:54.568672781,,"{""stage_rank"":1}"
evt-00674740,sess-00396579,checkout,2025-05-17 00:23:35.054517478,,"{""stage_rank"":2}"
evt-00136445,sess-00080045,page_view,2025-06-07 22:00:52.540403644,,"{""stage_rank"":0}"
evt-00135001,sess-00079182,add_to_cart,2023-07-03 16:34:30.681163219,3.8.0,"{""stage_rank"":1}"
evt-01360204,sess-00799293,page_view,2023-01-28 18:32:57.081161658,3.8.0,"{""stage_rank"":0}"
evt-00741527,sess-00435778,add_to_cart,2025-03-31 00:05:01.190376619,4.3.0,"{""stage_rank"":1}"
evt-01600095,sess-00940282,page_view,2025-06-23 01:09:52.185126319,,"{""stage_rank"":0}"
evt-00566809,sess-00332984,page_view,2025-02-08 17:59:32.030531474,,"{""stage_rank"":0}"
evt-00110498,sess-00064864,checkout,2025-01-02 16:55:05.199864568,,"{""stage_rank"":2}"
evt-01313409,sess-00771879,purchase,2026-02-15 19:31:42.484746313,,"{""stage_rank"":3}"
evt-00232581,sess-00136711,page_view,2023-12-14 21:16:38.480102435,,"{""stage_rank"":0}"
evt-00047552,sess-00027870,checkout,2023-01-04 20:12:44.982746835,3.8.0,"{""stage_rank"":2}"
evt-00652345,sess-00383432,checkout,2024-08-15 21:06:39.289986535,,"{""stage_rank"":2}"
evt-00302821,sess-00177857,page_view,2024-05-30 18:45:08.869948924,4.0.0,"{""stage_rank"":0}"
evt-01290856,sess-00758671,checkout,2024-09-23 22:38:07.263136167,4.1.0,"{""stage_rank"":2}"
evt-00352082,sess-00206872,page_view,2023-10-18 20:29:09.796116353,3.8.0,"{""stage_rank"":0}"
evt-01669983,sess-00981329,page_view,2025-01-06 23:11:02.628451573,4.2.0,"{""stage_rank"":0}"
evt-00773658,sess-00454712,checkout,2024-09-14 16:10:07.045754375,,"{""stage_rank"":2}"
evt-00538057,sess-00316174,page_view,2026-06-05 15:34:57.132593719,4.4.0,"{""stage_rank"":0}"
evt-00151622,sess-00089004,page_view,2025-09-01 19:35:06.366602792,4.4.0,"{""stage_rank"":0}"
evt-00844245,sess-00496243,page_view,2026-01-23 00:25:33.337666517,4.4.0,"{""stage_rank"":0}"
evt-00998260,sess-00586948,add_to_cart,2024-09-30 00:34:48.443149877,,"{""stage_rank"":1}"
evt-00774875,sess-00455428,page_view,2023-08-03 23:31:56.166251028,3.8.0,"{""stage_rank"":0}"
evt-00581093,sess-00341398,page_view,2024-01-01 17:22:06.570564248,,"{""stage_rank"":0}"
evt-00319232,sess-00187576,page_view,2025-02-15 00:24:27.877222748,4.3.0,"{""stage_rank"":0}"
evt-01570827,sess-00923026,page_view,2026-02-19 19:19:56.230814269,,"{""stage_rank"":0}"
evt-00067927,sess-00039894,add_to_cart,2023-11-18 21:43:43.809364124,,"{""stage_rank"":1}"
evt-01343070,sess-00789257,add_to_cart,2025-11-27 20:02:55.458854945,,"{""stage_rank"":1}"
evt-00270762,sess-00159125,checkout,2023-12-01 18:25:39.656900701,,"{""stage_rank"":2}"
evt-00426508,sess-00250709,page_view,2025-12-13 19:36:16.391005175,4.4.0,"{""stage_rank"":0}"
evt-01697548,sess-00997474,add_to_cart,2023-12-25 22:17:54.970172889,3.8.0,"{""stage_rank"":1}"
evt-01524422,sess-00895778,add_to_cart,2025-06-05 20:46:53.669271773,4.3.0,"{""stage_rank"":1}"
evt-00565485,sess-00332224,page_view,2023-08-31 16:58:13.492914903,,"{""stage_rank"":0}"
evt-00377139,sess-00221680,checkout,2025-04-02 20:49:18.746198759,4.3.0,"{""stage_rank"":2}"
evt-01309234,sess-00769432,page_view,2023-06-19 02:27:40.475027404,3.8.0,"{""stage_rank"":0}"
evt-00754461,sess-00443421,add_to_cart,2023-04-24 23:33:15.837025335,,"{""stage_rank"":1}"
evt-00125143,sess-00073391,page_view,2026-05-26 18:42:43.696369284,4.4.0,"{""stage_rank"":0}"
evt-00580336,sess-00340936,checkout,2024-12-04 18:09:19.185482857,4.2.0,"{""stage_rank"":2}"
evt-00050865,sess-00029834,page_view,2025-08-16 01:08:44.279433179,,"{""stage_rank"":0}"
evt-00317021,sess-00186270,add_to_cart,2025-07-28 20:05:50.135327172,,"{""stage_rank"":1}"
evt-00257500,sess-00151348,page_view,2024-01-15 18:45:18.930489705,3.8.0,"{""stage_rank"":0}"
evt-01560894,sess-00917223,add_to_cart,2025-01-29 15:18:48.095171864,4.2.0,"{""stage_rank"":1}"
evt-00728986,sess-00428405,page_view,2024-10-14 18:42:12.782932262,,"{""stage_rank"":0}"
evt-01518932,sess-00892565,page_view,2026-06-13 19:45:03.637750123,,"{""stage_rank"":0}"
evt-01693677,sess-00995185,page_view,2025-02-18 21:18:23.411703132,,"{""stage_rank"":0}"
evt-01060517,sess-00623413,add_to_cart,2025-02-18 21:03:02.780485652,,"{""stage_rank"":1}"
evt-00445488,sess-00261864,page_view,2024-07-08 00:25:54.887437850,,"{""stage_rank"":0}"
evt-01447649,sess-00850668,checkout,2026-04-04 17:01:07.931672244,,"{""stage_rank"":2}"
evt-01099833,sess-00646515,page_view,2024-11-16 14:21:45.955778363,4.2.0,"{""stage_rank"":0}"
evt-01449897,sess-00851983,page_view,2025-06-07 16:10:13.335022551,4.3.0,"{""stage_rank"":0}"
evt-00671585,sess-00394755,page_view,2024-09-25 18:04:15.219034006,4.1.0,"{""stage_rank"":0}"
evt-01520738,sess-00893643,page_view,2023-10-10 20:11:55.917191130,3.8.0,"{""stage_rank"":0}"
evt-00825240,sess-00484985,add_to_cart,2025-06-17 16:36:26.052006697,4.3.0,"{""stage_rank"":1}"
evt-00615721,sess-00361716,page_view,2023-07-29 14:04:18.633668740,3.8.0,"{""stage_rank"":0}"
evt-01034956,sess-00608392,page_view,2026-02-21 22:50:33.091167556,,"{""stage_rank"":0}"
evt-01543782,sess-00907176,page_view,2024-01-05 13:38:16.008542443,,"{""stage_rank"":0}"
evt-00541263,sess-00318035,checkout,2025-10-15 13:55:46.923164538,,"{""stage_rank"":2}"
evt-01219093,sess-00716439,add_to_cart,2024-07-05 18:55:37.474209617,,"{""stage_rank"":1}"
evt-01279232,sess-00751806,add_to_cart,2026-04-21 18:36:25.758321904,,"{""stage_rank"":1}"
evt-01246400,sess-00732531,page_view,2024-04-07 22:06:44.243144881,,"{""stage_rank"":0}"
evt-01520264,sess-00893360,page_view,2023-05-31 22:09:50.174092649,3.8.0,"{""stage_rank"":0}"
evt-00805625,sess-00473488,page_view,2026-05-02 20:25:01.594055051,4.4.0,"{""stage_rank"":0}"
evt-00291599,sess-00171311,page_view,2024-05-28 16:34:10.282582969,,"{""stage_rank"":0}"
evt-00187897,sess-00110349,page_view,2025-01-26 15:29:22.205609408,4.2.0,"{""stage_rank"":0}"
evt-01405786,sess-00826081,page_view,2023-10-05 04:09:51.004338903,3.8.0,"{""stage_rank"":0}"
evt-00396203,sess-00232866,page_view,2025-06-22 12:49:47.699668194,4.3.0,"{""stage_rank"":0}"
evt-00470828,sess-00276817,add_to_cart,2026-05-01 01:57:56.030221921,4.4.0,"{""stage_rank"":1}"
evt-01093287,sess-00642644,page_view,2024-10-22 00:22:25.236623215,,"{""stage_rank"":0}"
evt-00974126,sess-00572798,add_to_cart,2024-07-15 13:07:59.414527493,4.0.0,"{""stage_rank"":1}"
evt-01524996,sess-00896126,page_view,2026-05-15 01:37:49.027842344,4.4.0,"{""stage_rank"":0}"
evt-00710015,sess-00417333,page_view,2024-02-17 20:18:53.689954130,,"{""stage_rank"":0}"
evt-00288749,sess-00169636,checkout,2025-11-07 14:47:39.470219528,,"{""stage_rank"":2}"
evt-01646441,sess-00967619,add_to_cart,2024-07-03 06:07:50.241954510,,"{""stage_rank"":1}"
evt-00096673,sess-00056763,page_view,2024-09-17 17:00:17.066843321,,"{""stage_rank"":0}"
evt-00076199,sess-00044795,page_view,2024-08-20 15:57:51.779831807,4.1.0,"{""stage_rank"":0}"
evt-00001033,sess-00000614,page_view,2023-07-05 23:35:44.429597607,,"{""stage_rank"":0}"
evt-01039781,sess-00611222,page_view,2024-04-30 00:30:29.575278473,,"{""stage_rank"":0}"
evt-00353630,sess-00207791,page_view,2023-03-21 19:02:34.601947580,,"{""stage_rank"":0}"
evt-01179291,sess-00693144,page_view,2025-10-13 20:00:55.134149415,,"{""stage_rank"":0}"
evt-01141928,sess-00671190,add_to_cart,2023-07-03 04:26:11.743158319,3.8.0,"{""stage_rank"":1}"
evt-00735421,sess-00432210,add_to_cart,2023-09-26 15:03:15.364366498,,"{""stage_rank"":1}"
evt-01669306,sess-00980937,page_view,2023-10-13 19:44:09.121496210,,"{""stage_rank"":0}"
evt-00721316,sess-00423912,checkout,2024-12-06 00:04:16.791007281,4.2.0,"{""stage_rank"":2}"
evt-01221968,sess-00718138,page_view,2025-10-12 17:58:47.707454255,4.4.0,"{""stage_rank"":0}"
evt-01682126,sess-00988393,checkout,2023-09-13 01:43:51.826419912,3.8.0,"{""stage_rank"":2}"
evt-01404088,sess-00825118,page_view,2024-11-08 03:03:23.548736218,,"{""stage_rank"":0}"
evt-00959357,sess-00564095,purchase,2025-12-15 18:19:43.422741782,,"{""stage_rank"":3}"
evt-01116389,sess-00656195,add_to_cart,2023-09-01 20:07:25.611971390,3.8.0,"{""stage_rank"":1}"
evt-01640627,sess-00964242,page_view,2023-08-06 13:00:29.413315257,,"{""stage_rank"":0}"
evt-01060547,sess-00623433,page_view,2023-02-27 18:53:46.110542051,3.8.0,"{""stage_rank"":0}"
evt-00548432,sess-00322219,add_to_cart,2024-01-16 22:09:31.041150976,3.8.0,"{""stage_rank"":1}"
evt-01222555,sess-00718496,page_view,2025-12-06 19:01:16.035342364,4.4.0,"{""stage_rank"":0}"
evt-00218580,sess-00128382,add_to_cart,2026-03-31 21:36:18.612243267,4.4.0,"{""stage_rank"":1}"
evt-00677600,sess-00398258,add_to_cart,2025-07-08 20:54:50.804236680,,"{""stage_rank"":1}"
evt-00838394,sess-00492769,add_to_cart,2023-12-13 19:05:00.899684404,3.8.0,"{""stage_rank"":1}"
evt-00927723,sess-00545435,add_to_cart,2024-08-23 17:45:58.341567571,,"{""stage_rank"":1}"
evt-00125531,sess-00073618,add_to_cart,2024-10-17 20:28:30.341192653,4.1.0,"{""stage_rank"":1}"
evt-01137842,sess-00668781,page_view,2025-08-01 00:09:33.133166949,4.4.0,"{""stage_rank"":0}"
evt-01691744,sess-00994066,add_to_cart,2024-05-27 20:11:24.324452146,4.0.0,"{""stage_rank"":1}"
evt-00721507,sess-00424029,page_view,2025-12-09 16:15:33.270135932,,"{""stage_rank"":0}"
evt-00921822,sess-00541928,page_view,2025-09-09 00:17:27.725841788,4.4.0,"{""stage_rank"":0}"
evt-00641073,sess-00376706,page_view,2023-07-05 21:23:00.870562219,,"{""stage_rank"":0}"
evt-00891283,sess-00523863,page_view,2024-01-17 17:57:07.160452463,,"{""stage_rank"":0}"
evt-00792046,sess-00465530,add_to_cart,2025-01-22 15:18:45.038735430,,"{""stage_rank"":1}"
evt-01447832,sess-00850780,add_to_cart,2025-05-07 22:10:38.557907790,,"{""stage_rank"":1}"
evt-00821042,sess-00482508,page_view,2023-07-03 22:42:51.440593759,,"{""stage_rank"":0}"
evt-00891199,sess-00523814,page_view,2026-02-18 17:43:38.088176214,,"{""stage_rank"":0}"
evt-01297198,sess-00762424,page_view,2024-04-30 17:41:13.088534507,,"{""stage_rank"":0}"
evt-00609970,sess-00358353,page_view,2026-06-14 15:56:50.974302762,4.4.0,"{""stage_rank"":0}"
evt-00766263,sess-00450358,page_view,2025-12-06 17:01:56.532747730,4.4.0,"{""stage_rank"":0}"
evt-01566211,sess-00920303,page_view,2024-11-18 20:30:15.712992131,,"{""stage_rank"":0}"
evt-00309442,sess-00181764,add_to_cart,2026-05-30 18:31:22.066136381,,"{""stage_rank"":1}"
evt-00718622,sess-00422315,checkout,2024-12-07 21:31:44.266911367,4.2.0,"{""stage_rank"":2}"
evt-00030357,sess-00017829,page_view,2025-12-19 20:20:51.812035910,,"{""stage_rank"":0}"
evt-01492285,sess-00876802,page_view,2026-05-29 19:59:51.750605129,4.4.0,"{""stage_rank"":0}"
evt-00540207,sess-00317437,page_view,2025-12-30 18:25:24.931551642,,"{""stage_rank"":0}"
evt-01271823,sess-00747463,page_view,2023-05-10 17:50:45.892892058,,"{""stage_rank"":0}"
evt-00657219,sess-00386299,page_view,2023-09-01 22:57:17.787126196,3.8.0,"{""stage_rank"":0}"
evt-01461758,sess-00858912,checkout,2025-03-04 02:21:06.811552307,4.3.0,"{""stage_rank"":2}"
evt-00223892,sess-00131547,checkout,2024-08-28 00:37:26.221088954,4.1.0,"{""stage_rank"":2}"
evt-00350939,sess-00206208,add_to_cart,2023-03-03 20:36:30.221454130,,"{""stage_rank"":1}"
evt-00205255,sess-00120533,add_to_cart,2023-05-31 20:52:48.406912454,,"{""stage_rank"":1}"
evt-00040008,sess-00023475,checkout,2026-05-27 21:25:33.843400648,4.4.0,"{""stage_rank"":2}"
evt-00937162,sess-00551023,page_view,2025-11-22 22:42:56.154862219,4.4.0,"{""stage_rank"":0}"
evt-01530985,sess-00899671,page_view,2025-02-19 18:25:25.600929251,,"{""stage_rank"":0}"
evt-01217458,sess-00715487,page_view,2024-01-03 00:31:03.952001789,,"{""stage_rank"":0}"
evt-00384950,sess-00226285,page_view,2024-01-05 18:05:43.473745659,,"{""stage_rank"":0}"
evt-01550058,sess-00910820,page_view,2023-12-22 20:29:17.316158870,,"{""stage_rank"":0}"
evt-01048384,sess-00616279,checkout,2024-09-07 22:44:46.329999665,4.1.0,"{""stage_rank"":2}"
evt-00988919,sess-00581563,page_view,2023-09-12 14:37:31.946463653,3.8.0,"{""stage_rank"":0}"
evt-01321210,sess-00776495,page_view,2025-07-06 21:57:24.590038820,,"{""stage_rank"":0}"
evt-00055708,sess-00032679,page_view,2025-02-01 00:36:59.469492347,4.3.0,"{""stage_rank"":0}"
evt-00602217,sess-00353821,page_view,2024-11-25 20:04:19.188955306,,"{""stage_rank"":0}"
evt-00772367,sess-00453947,checkout,2025-03-28 15:47:36.712911172,4.3.0,"{""stage_rank"":2}"
evt-00986229,sess-00579993,page_view,2024-01-19 01:41:38.349908846,3.8.0,"{""stage_rank"":0}"
evt-01009841,sess-00593705,page_view,2025-03-31 00:54:31.194138412,,"{""stage_rank"":0}"
evt-01693431,sess-00995056,checkout,2024-07-21 19:10:58.743760732,,"{""stage_rank"":2}"
evt-00165241,sess-00097028,page_view,2025-10-01 22:04:58.504012316,,"{""stage_rank"":0}"
evt-01673389,sess-00983332,page_view,2024-09-24 16:56:59.841323251,4.1.0,"{""stage_rank"":0}"
evt-01585732,sess-00931802,page_view,2025-02-19 23:00:34.246627495,,"{""stage_rank"":0}"
evt-01060743,sess-00623549,page_view,2025-04-17 17:42:44.822939012,4.3.0,"{""stage_rank"":0}"
evt-00402340,sess-00236527,page_view,2023-08-16 22:33:06.523549471,,"{""stage_rank"":0}"
evt-00353485,sess-00207701,page_view,2023-04-08 20:48:21.516943261,,"{""stage_rank"":0}"
evt-00141416,sess-00082987,page_view,2024-12-27 23:15:54.436955272,,"{""stage_rank"":0}"
evt-00956202,sess-00562226,add_to_cart,2025-02-03 18:23:04.876717184,4.3.0,"{""stage_rank"":1}"
evt-00270166,sess-00158773,add_to_cart,2023-09-03 17:32:14.361193698,,"{""stage_rank"":1}"
evt-01039695,sess-00611174,page_view,2025-09-16 17:00:03.742546795,,"{""stage_rank"":0}"
evt-00411793,sess-00242131,page_view,2026-04-21 20:43:05.733430166,,"{""stage_rank"":0}"
evt-00043128,sess-00025312,page_view,2023-01-08 00:06:53.695075282,3.8.0,"{""stage_rank"":0}"
evt-00064212,sess-00037711,page_view,2025-11-12 15:07:11.620492710,,"{""stage_rank"":0}"
evt-01060799,sess-00623587,page_view,2023-01-14 23:39:37.918400618,,"{""stage_rank"":0}"
evt-00624642,sess-00366958,page_view,2024-06-15 20:14:24.304124487,,"{""stage_rank"":0}"
evt-01263225,sess-00742423,page_view,2024-12-30 20:35:48.514110597,,"{""stage_rank"":0}"
evt-01188269,sess-00698417,add_to_cart,2025-05-26 19:47:40.717076978,4.3.0,"{""stage_rank"":1}"
evt-00348033,sess-00204514,add_to_cart,2023-01-02 15:11:01.859225742,,"{""stage_rank"":1}"
evt-00876813,sess-00515397,page_view,2023-02-07 20:15:33.870501893,3.8.0,"{""stage_rank"":0}"
evt-00444342,sess-00261202,page_view,2024-05-24 15:29:56.447208095,4.0.0,"{""stage_rank"":0}"
evt-01213164,sess-00712923,add_to_cart,2025-05-03 22:58:04.749055600,4.3.0,"{""stage_rank"":1}"
evt-00600390,sess-00352752,page_view,2023-07-17 22:32:48.553008515,,"{""stage_rank"":0}"
evt-00762632,sess-00448227,page_view,2023-02-13 17:46:45.989421370,,"{""stage_rank"":0}"
evt-01366358,sess-00802914,checkout,2024-12-02 20:40:58.962218811,,"{""stage_rank"":2}"
evt-00342305,sess-00201180,add_to_cart,2025-07-26 00:28:42.175220775,,"{""stage_rank"":1}"
evt-00534816,sess-00314291,page_view,2024-05-26 17:25:29.966253522,,"{""stage_rank"":0}"
evt-00123596,sess-00072476,page_view,2023-08-30 15:54:56.829968798,,"{""stage_rank"":0}"
evt-00283547,sess-00166569,page_view,2024-04-09 20:44:16.089795735,,"{""stage_rank"":0}"
evt-00841951,sess-00494875,page_view,2024-04-27 21:09:07.313443402,4.0.0,"{""stage_rank"":0}"
evt-00853726,sess-00501828,page_view,2025-12-19 11:19:14.524160654,4.4.0,"{""stage_rank"":0}"
evt-01137022,sess-00668289,add_to_cart,2026-03-25 17:11:49.344386132,4.4.0,"{""stage_rank"":1}"
evt-00251251,sess-00147703,page_view,2025-08-25 22:14:07.226884143,,"{""stage_rank"":0}"
evt-01303125,sess-00765914,page_view,2023-08-04 23:47:14.400962334,3.8.0,"{""stage_rank"":0}"
evt-00530011,sess-00311435,add_to_cart,2023-08-08 19:54:42.812198419,,"{""stage_rank"":1}"
evt-00820933,sess-00482450,page_view,2026-03-12 20:25:14.168196934,4.4.0,"{""stage_rank"":0}"
evt-01007783,sess-00592496,page_view,2024-03-12 15:23:15.210307131,4.0.0,"{""stage_rank"":0}"
evt-01037873,sess-00610105,page_view,2024-09-17 20:00:01.343230281,,"{""stage_rank"":0}"
evt-00080965,sess-00047596,add_to_cart,2023-12-03 01:23:46.886879108,,"{""stage_rank"":1}"
evt-00674260,sess-00396302,add_to_cart,2024-11-23 18:11:45.161391433,,"{""stage_rank"":1}"
evt-00870643,sess-00511736,page_view,2024-05-25 23:53:16.321919827,,"{""stage_rank"":0}"
evt-00773847,sess-00454823,purchase,2024-01-01 01:14:41.296939349,,"{""stage_rank"":3}"
evt-00760217,sess-00446787,page_view,2024-01-20 15:15:32.148991367,3.8.0,"{""stage_rank"":0}"
evt-00502116,sess-00295201,page_view,2026-06-25 23:29:39.635953272,,"{""stage_rank"":0}"
evt-01553870,sess-00913114,page_view,2024-11-22 19:03:45.407210984,4.2.0,"{""stage_rank"":0}"
evt-00363640,sess-00213705,add_to_cart,2026-01-16 02:36:55.343410043,,"{""stage_rank"":1}"
evt-01246462,sess-00732567,page_view,2026-02-18 17:23:17.329367667,,"{""stage_rank"":0}"
evt-00922314,sess-00542216,page_view,2025-08-07 23:41:56.378472042,4.4.0,"{""stage_rank"":0}"
evt-00507693,sess-00298455,purchase,2023-04-29 18:10:04.926770822,3.8.0,"{""stage_rank"":3}"
evt-01103322,sess-00648577,page_view,2025-08-01 18:18:33.795231641,,"{""stage_rank"":0}"
evt-00764986,sess-00449618,page_view,2026-02-07 20:45:18.132896992,4.4.0,"{""stage_rank"":0}"
evt-00984375,sess-00578891,page_view,2026-05-05 21:58:31.005613946,4.4.0,"{""stage_rank"":0}"
evt-00754558,sess-00443477,page_view,2026-01-09 21:04:25.096128830,4.4.0,"{""stage_rank"":0}"
evt-00773567,sess-00454662,add_to_cart,2024-07-10 23:24:09.145302916,4.0.0,"{""stage_rank"":1}"
evt-00225031,sess-00132222,page_view,2023-07-16 17:03:33.022325843,,"{""stage_rank"":0}"
evt-00138993,sess-00081579,add_to_cart,2023-01-02 19:15:25.680952865,,"{""stage_rank"":1}"
evt-00104112,sess-00061122,checkout,2024-06-19 18:28:10.203512301,,"{""stage_rank"":2}"
evt-00106050,sess-00062249,page_view,2025-02-17 01:28:03.733349554,4.3.0,"{""stage_rank"":0}"
evt-01301474,sess-00764937,page_view,2026-01-30 17:46:51.257334805,,"{""stage_rank"":0}"
evt-01561259,sess-00917435,page_view,2023-10-16 21:40:30.059954504,3.8.0,"{""stage_rank"":0}"
evt-00442993,sess-00260414,page_view,2023-11-06 21:12:32.178278623,,"{""stage_rank"":0}"
evt-01041926,sess-00612483,page_view,2025-10-22 18:01:17.594830701,,"{""stage_rank"":0}"
evt-01132959,sess-00665890,page_view,2024-04-08 20:55:44.777749719,,"{""stage_rank"":0}"
evt-01464134,sess-00860296,page_view,2026-02-19 00:36:19.145917290,4.4.0,"{""stage_rank"":0}"
evt-00127250,sess-00074638,add_to_cart,2025-03-20 17:34:59.676157258,,"{""stage_rank"":1}"
evt-00230218,sess-00135275,add_to_cart,2023-08-09 20:03:35.477160440,,"{""stage_rank"":1}"
evt-01368131,sess-00803952,page_view,2026-06-06 15:40:16.768038887,,"{""stage_rank"":0}"
evt-00061083,sess-00035871,add_to_cart,2025-05-09 19:30:16.710294326,4.3.0,"{""stage_rank"":1}"
evt-00602087,sess-00353750,page_view,2024-01-16 03:05:35.066517057,3.8.0,"{""stage_rank"":0}"
evt-00036334,sess-00021319,page_view,2025-10-08 16:22:29.307319942,4.4.0,"{""stage_rank"":0}"
evt-00225603,sess-00132552,page_view,2024-11-28 19:07:48.204065448,4.2.0,"{""stage_rank"":0}"
evt-00928778,sess-00546075,page_view,2024-07-09 17:41:41.721768016,4.0.0,"{""stage_rank"":0}"
evt-00109510,sess-00064281,page_view,2023-02-26 20:23:57.953314525,,"{""stage_rank"":0}"
evt-01399039,sess-00822148,add_to_cart,2026-04-12 22:31:41.300957451,,"{""stage_rank"":1}"
evt-00863395,sess-00507498,add_to_cart,2024-08-01 20:56:42.202885156,,"{""stage_rank"":1}"
evt-00454024,sess-00266921,page_view,2026-01-12 22:55:37.452605738,,"{""stage_rank"":0}"
evt-01029265,sess-00605051,page_view,2024-04-02 04:16:56.255900238,4.0.0,"{""stage_rank"":0}"
evt-00934446,sess-00549421,page_view,2024-11-23 21:46:52.335880772,4.2.0,"{""stage_rank"":0}"
evt-01136635,sess-00668058,page_view,2025-10-28 15:00:33.772045597,,"{""stage_rank"":0}"
evt-01466254,sess-00861547,add_to_cart,2025-01-20 22:32:18.698510937,4.2.0,"{""stage_rank"":1}"
evt-01235360,sess-00726048,checkout,2025-08-20 21:48:23.370660908,,"{""stage_rank"":2}"
evt-01483863,sess-00871892,page_view,2023-08-25 20:17:15.616394848,,"{""stage_rank"":0}"
evt-01088758,sess-00640009,page_view,2024-04-10 19:09:50.904309881,4.0.0,"{""stage_rank"":0}"
evt-00922692,sess-00542452,add_to_cart,2023-09-25 19:31:04.020766980,3.8.0,"{""stage_rank"":1}"
evt-00704555,sess-00414127,add_to_cart,2023-04-16 01:43:36.704247614,,"{""stage_rank"":1}"
evt-00603798,sess-00354742,page_view,2026-04-01 21:36:19.915383125,,"{""stage_rank"":0}"
evt-01071237,sess-00629668,page_view,2024-06-19 23:17:36.867784738,4.0.0,"{""stage_rank"":0}"
evt-01126825,sess-00662312,add_to_cart,2026-02-18 00:47:01.980931521,,"{""stage_rank"":1}"
evt-01527968,sess-00897870,add_to_cart,2026-03-13 16:53:26.374384908,,"{""stage_rank"":1}"
evt-01288857,sess-00757483,add_to_cart,2025-12-21 19:53:35.116338354,4.4.0,"{""stage_rank"":1}"
evt-00220353,sess-00129429,page_view,2026-02-20 21:26:15.604173901,4.4.0,"{""stage_rank"":0}"
evt-01449169,sess-00851559,page_view,2026-01-11 19:49:28.553571999,4.4.0,"{""stage_rank"":0}"
evt-00650068,sess-00382092,page_view,2024-12-11 22:30:49.126142588,,"{""stage_rank"":0}"
evt-01362450,sess-00800638,page_view,2025-12-03 20:51:16.135244489,4.4.0,"{""stage_rank"":0}"
evt-01011361,sess-00594593,add_to_cart,2024-11-27 04:58:23.202220694,4.2.0,"{""stage_rank"":1}"
evt-01084346,sess-00637389,add_to_cart,2023-08-15 21:09:31.759029455,,"{""stage_rank"":1}"
evt-01173885,sess-00689985,purchase,2024-10-17 01:17:54.903527230,4.1.0,"{""stage_rank"":3}"
evt-01667252,sess-00979737,add_to_cart,2024-01-19 19:33:57.229076392,3.8.0,"{""stage_rank"":1}"
evt-01038590,sess-00610525,page_view,2024-03-22 19:32:20.597484780,,"{""stage_rank"":0}"
evt-00002190,sess-00001286,page_view,2025-02-20 18:01:16.442618690,,"{""stage_rank"":0}"
evt-00451362,sess-00265346,page_view,2024-11-04 20:52:29.371845729,4.1.0,"{""stage_rank"":0}"
evt-00943407,sess-00554723,page_view,2026-05-15 19:45:24.459953915,,"{""stage_rank"":0}"
evt-01369647,sess-00804816,checkout,2023-02-26 17:33:24.778696919,,"{""stage_rank"":2}"
evt-00261898,sess-00153952,page_view,2024-07-25 22:04:11.197821053,4.0.0,"{""stage_rank"":0}"
evt-01499276,sess-00880923,page_view,2023-08-17 14:48:54.266429881,3.8.0,"{""stage_rank"":0}"
evt-01483486,sess-00871673,page_view,2024-12-03 21:57:23.669346498,4.2.0,"{""stage_rank"":0}"
evt-01369187,sess-00804548,page_view,2024-05-15 22:33:51.577784374,,"{""stage_rank"":0}"
evt-00645975,sess-00379660,page_view,2024-01-07 18:50:26.840250297,,"{""stage_rank"":0}"
evt-01042178,sess-00612633,page_view,2023-08-24 17:26:47.310134732,3.8.0,"{""stage_rank"":0}"
evt-01666741,sess-00979452,page_view,2025-01-14 18:42:59.674509406,,"{""stage_rank"":0}"
evt-00162772,sess-00095572,add_to_cart,2025-08-16 15:13:41.400375103,,"{""stage_rank"":1}"
evt-00234393,sess-00137785,page_view,2025-12-23 19:52:14.316665673,,"{""stage_rank"":0}"
evt-01137417,sess-00668519,page_view,2025-10-16 23:32:25.223946329,,"{""stage_rank"":0}"
evt-01001107,sess-00588610,page_view,2025-10-27 20:48:35.961640951,4.4.0,"{""stage_rank"":0}"
evt-00192351,sess-00112945,add_to_cart,2026-03-30 20:57:41.299920122,,"{""stage_rank"":1}"
evt-00416682,sess-00245005,add_to_cart,2025-08-01 23:30:37.221340221,,"{""stage_rank"":1}"
evt-00575293,sess-00337959,page_view,2024-04-23 23:45:16.596401598,4.0.0,"{""stage_rank"":0}"
evt-00445708,sess-00261994,page_view,2023-09-26 16:43:05.560558399,,"{""stage_rank"":0}"
evt-00831613,sess-00488740,page_view,2026-02-12 16:15:53.613706499,,"{""stage_rank"":0}"
evt-01267587,sess-00744971,add_to_cart,2025-08-25 15:34:30.890565506,4.4.0,"{""stage_rank"":1}"
evt-00058791,sess-00034503,page_view,2024-07-08 13:21:51.958128964,4.0.0,"{""stage_rank"":0}"
evt-00972656,sess-00571936,page_view,2023-07-10 20:41:51.681537344,3.8.0,"{""stage_rank"":0}"
evt-00734365,sess-00431623,add_to_cart,2023-03-01 16:04:45.001777660,,"{""stage_rank"":1}"
evt-00762426,sess-00448105,checkout,2025-06-13 19:29:09.370097440,4.3.0,"{""stage_rank"":2}"
evt-01423383,sess-00836461,checkout,2024-10-30 23:00:26.444790789,,"{""stage_rank"":2}"
evt-01605096,sess-00943194,page_view,2025-08-17 21:53:06.255938742,,"{""stage_rank"":0}"
evt-01251704,sess-00735669,page_view,2023-07-22 20:26:25.785765432,3.8.0,"{""stage_rank"":0}"
evt-01210662,sess-00711461,add_to_cart,2024-07-01 19:59:31.238035629,,"{""stage_rank"":1}"
evt-00221967,sess-00130380,page_view,2024-09-03 18:49:57.546863039,4.1.0,"{""stage_rank"":0}"
evt-01057347,sess-00621578,add_to_cart,2023-06-17 22:01:01.499486305,3.8.0,"{""stage_rank"":1}"
evt-00620316,sess-00364408,add_to_cart,2023-05-20 20:45:03.715622378,,"{""stage_rank"":1}"
evt-00454378,sess-00267128,checkout,2025-03-13 21:10:43.414025468,4.3.0,"{""stage_rank"":2}"
evt-01564035,sess-00919034,add_to_cart,2023-10-20 18:26:02.425149664,,"{""stage_rank"":1}"
evt-00141358,sess-00082955,page_view,2025-10-19 22:58:39.653177960,4.4.0,"{""stage_rank"":0}"
evt-01231537,sess-00723794,page_view,2025-10-25 00:13:05.009337293,,"{""stage_rank"":0}"
evt-01131507,sess-00665078,page_view,2025-05-01 21:01:18.272375593,4.3.0,"{""stage_rank"":0}"
evt-00600284,sess-00352690,page_view,2026-06-01 15:57:34.548513846,,"{""stage_rank"":0}"
evt-00119762,sess-00070224,page_view,2024-11-27 23:45:21.782821329,,"{""stage_rank"":0}"
evt-00510212,sess-00299922,checkout,2023-06-17 20:57:48.179532820,,"{""stage_rank"":2}"
evt-01374928,sess-00807915,page_view,2024-10-18 15:22:14.129181390,,"{""stage_rank"":0}"
evt-00015750,sess-00009332,add_to_cart,2026-04-25 02:26:11.740139215,4.4.0,"{""stage_rank"":1}"
evt-01631014,sess-00958552,add_to_cart,2025-04-09 00:56:03.468943736,4.3.0,"{""stage_rank"":1}"
evt-00734217,sess-00431527,page_view,2023-09-13 20:56:34.815456631,,"{""stage_rank"":0}"
evt-00260557,sess-00153169,checkout,2026-06-22 22:12:04.516209525,4.4.0,"{""stage_rank"":2}"
evt-00190818,sess-00112063,page_view,2025-12-17 18:25:10.568492047,4.4.0,"{""stage_rank"":0}"
evt-01296438,sess-00761970,page_view,2025-06-09 00:00:33.109369641,4.3.0,"{""stage_rank"":0}"
evt-00908159,sess-00533882,add_to_cart,2025-09-15 19:07:59.087905729,4.4.0,"{""stage_rank"":1}"
evt-00575231,sess-00337925,checkout,2024-12-29 20:42:47.976071884,4.2.0,"{""stage_rank"":2}"
evt-01140815,sess-00670524,page_view,2023-12-21 19:36:36.809928503,3.8.0,"{""stage_rank"":0}"
evt-00197436,sess-00115919,add_to_cart,2025-01-11 23:12:08.356314690,,"{""stage_rank"":1}"
evt-00046418,sess-00027205,add_to_cart,2024-10-02 10:14:38.701924430,4.1.0,"{""stage_rank"":1}"
evt-00645871,sess-00379591,page_view,2023-08-22 19:50:58.089460838,3.8.0,"{""stage_rank"":0}"
evt-00997306,sess-00586412,checkout,2024-04-18 04:11:21.734845106,,"{""stage_rank"":2}"
evt-01104103,sess-00649032,purchase,2024-07-10 20:39:07.749425348,4.0.0,"{""stage_rank"":3}"
evt-00496958,sess-00292202,page_view,2025-12-28 19:31:59.904969253,,"{""stage_rank"":0}"
evt-00593746,sess-00348860,page_view,2025-03-06 11:08:34.070334816,4.3.0,"{""stage_rank"":0}"
evt-00777476,sess-00456934,page_view,2023-08-25 22:00:03.013706355,,"{""stage_rank"":0}"
evt-00200096,sess-00117506,checkout,2025-09-24 19:33:35.077044139,,"{""stage_rank"":2}"
evt-00436091,sess-00256358,page_view,2023-12-19 21:38:27.864901600,,"{""stage_rank"":0}"
evt-00276565,sess-00162529,add_to_cart,2025-08-04 14:30:12.504616397,,"{""stage_rank"":1}"
evt-01340175,sess-00787525,page_view,2023-07-03 23:50:33.729310953,,"{""stage_rank"":0}"
evt-00062261,sess-00036576,checkout,2024-05-11 14:04:05.293324591,4.0.0,"{""stage_rank"":2}"
evt-00145167,sess-00085208,add_to_cart,2024-05-29 19:09:47.415654439,4.0.0,"{""stage_rank"":1}"
evt-01589457,sess-00934010,page_view,2024-08-06 21:44:39.965579714,4.1.0,"{""stage_rank"":0}"
evt-00487104,sess-00286397,page_view,2026-05-26 20:14:05.105417990,4.4.0,"{""stage_rank"":0}"
evt-01655994,sess-00973226,add_to_cart,2023-03-01 20:21:37.225573716,,"{""stage_rank"":1}"
evt-00398882,sess-00234460,add_to_cart,2026-01-11 21:38:53.911024580,4.4.0,"{""stage_rank"":1}"
evt-00911877,sess-00536118,page_view,2026-05-08 23:39:09.722976647,,"{""stage_rank"":0}"
evt-01286411,sess-00756033,page_view,2025-10-01 18:32:34.916642269,,"{""stage_rank"":0}"
evt-01244362,sess-00731328,page_view,2024-09-27 21:53:24.879108220,,"{""stage_rank"":0}"
evt-01102817,sess-00648289,page_view,2025-09-06 15:00:12.745694096,4.4.0,"{""stage_rank"":0}"
evt-00920550,sess-00541158,page_view,2024-06-25 22:04:23.123135107,4.0.0,"{""stage_rank"":0}"
evt-01067605,sess-00627520,page_view,2023-12-15 20:43:33.440830768,,"{""stage_rank"":0}"
evt-01434878,sess-00843161,page_view,2025-11-07 17:54:31.254661980,4.4.0,"{""stage_rank"":0}"
evt-01593473,sess-00936374,page_view,2025-07-29 17:42:37.097144291,,"{""stage_rank"":0}"
evt-00454057,sess-00266940,add_to_cart,2025-07-06 08:11:02.184887592,4.3.0,"{""stage_rank"":1}"
evt-00651293,sess-00382793,add_to_cart,2024-07-25 03:07:59.002089125,4.0.0,"{""stage_rank"":1}"
evt-01128735,sess-00663453,checkout,2025-09-06 14:45:41.587087621,,"{""stage_rank"":2}"
evt-00869931,sess-00511326,page_view,2024-07-07 23:33:37.625236729,4.0.0,"{""stage_rank"":0}"
evt-01571923,sess-00923670,add_to_cart,2023-06-22 22:14:21.251965955,3.8.0,"{""stage_rank"":1}"
evt-01104645,sess-00649353,add_to_cart,2023-02-24 20:47:12.277472529,,"{""stage_rank"":1}"
evt-01339485,sess-00787130,page_view,2025-09-24 21:05:43.920178270,4.4.0,"{""stage_rank"":0}"
evt-00619870,sess-00364143,page_view,2026-02-06 21:35:10.219751496,,"{""stage_rank"":0}"
evt-00286526,sess-00168338,page_view,2025-06-06 18:55:56.871486072,,"{""stage_rank"":0}"
evt-00130853,sess-00076763,page_view,2024-03-08 00:07:14.249591464,4.0.0,"{""stage_rank"":0}"
evt-01350703,sess-00793720,add_to_cart,2023-01-20 23:11:17.496463167,,"{""stage_rank"":1}"
evt-00343878,sess-00202070,page_view,2024-02-25 21:35:08.158719606,,"{""stage_rank"":0}"
evt-00421364,sess-00247723,checkout,2025-08-31 22:51:12.799383611,4.4.0,"{""stage_rank"":2}"
evt-00923017,sess-00542643,page_view,2026-01-09 04:06:24.561839761,,"{""stage_rank"":0}"
evt-01650591,sess-00970072,page_view,2023-05-16 21:32:21.494060076,,"{""stage_rank"":0}"
evt-00719837,sess-00423023,page_view,2024-10-07 21:59:51.131975414,4.1.0,"{""stage_rank"":0}"
evt-01179839,sess-00693460,page_view,2023-04-15 17:26:19.460082097,,"{""stage_rank"":0}"
evt-00204519,sess-00120105,page_view,2024-01-31 16:51:30.433415732,,"{""stage_rank"":0}"
evt-01363922,sess-00801512,page_view,2024-07-21 19:34:50.062145357,4.0.0,"{""stage_rank"":0}"
evt-01581824,sess-00929497,add_to_cart,2024-07-02 18:13:41.350470978,4.0.0,"{""stage_rank"":1}"
evt-00460460,sess-00270748,page_view,2023-05-21 17:11:26.161410864,,"{""stage_rank"":0}"
evt-00905209,sess-00532118,page_view,2023-06-21 21:47:40.817257049,3.8.0,"{""stage_rank"":0}"
evt-01378881,sess-00810214,add_to_cart,2023-11-10 02:53:44.719937688,3.8.0,"{""stage_rank"":1}"
evt-00684626,sess-00402342,page_view,2023-12-17 18:05:37.159976335,3.8.0,"{""stage_rank"":0}"
evt-00571994,sess-00336035,page_view,2023-05-08 19:18:51.720692516,3.8.0,"{""stage_rank"":0}"
evt-01642089,sess-00965076,page_view,2024-11-06 17:48:21.029068835,,"{""stage_rank"":0}"
evt-01266172,sess-00744157,checkout,2025-04-06 19:59:29.150824701,,"{""stage_rank"":2}"
evt-00032950,sess-00019351,page_view,2023-05-13 22:45:13.435145654,,"{""stage_rank"":0}"
evt-01671346,sess-00982135,page_view,2025-02-13 20:04:53.720157102,4.3.0,"{""stage_rank"":0}"
evt-00689810,sess-00405469,page_view,2025-07-25 06:30:35.799712199,,"{""stage_rank"":0}"
evt-01623700,sess-00954240,add_to_cart,2024-10-28 21:25:41.438836666,4.1.0,"{""stage_rank"":1}"
evt-00669368,sess-00393445,page_view,2023-02-09 18:10:09.865660957,,"{""stage_rank"":0}"
evt-01649092,sess-00969190,page_view,2024-07-04 20:16:17.309859874,4.0.0,"{""stage_rank"":0}"
evt-01324517,sess-00778409,page_view,2026-06-10 22:58:21.717372219,,"{""stage_rank"":0}"
evt-01177762,sess-00692269,page_view,2023-01-19 21:31:46.474213643,,"{""stage_rank"":0}"
evt-00788201,sess-00463238,add_to_cart,2025-03-05 17:09:08.429223047,4.3.0,"{""stage_rank"":1}"
evt-00999430,sess-00587641,page_view,2025-07-14 20:11:37.019467615,,"{""stage_rank"":0}"
evt-00498764,sess-00293269,page_view,2024-03-16 16:07:21.896581353,4.0.0,"{""stage_rank"":0}"
evt-01147404,sess-00674425,page_view,2024-10-28 18:30:06.284233532,,"{""stage_rank"":0}"
evt-01305740,sess-00767418,purchase,2025-02-19 18:40:06.194495093,,"{""stage_rank"":3}"
evt-00882086,sess-00518458,add_to_cart,2024-08-09 18:47:18.653300790,4.1.0,"{""stage_rank"":1}"
evt-01349956,sess-00793281,page_view,2023-11-04 03:18:29.098974573,3.8.0,"{""stage_rank"":0}"
evt-01384680,sess-00813629,add_to_cart,2025-01-16 19:46:14.331684344,,"{""stage_rank"":1}"
evt-00219348,sess-00128813,add_to_cart,2024-07-10 22:56:12.577532704,4.0.0,"{""stage_rank"":1}"
evt-01526154,sess-00896786,add_to_cart,2026-04-11 14:54:17.289541019,,"{""stage_rank"":1}"
evt-01032382,sess-00606896,page_view,2025-11-11 17:27:31.092051618,,"{""stage_rank"":0}"
evt-00297275,sess-00174638,add_to_cart,2023-06-12 15:47:37.350420368,3.8.0,"{""stage_rank"":1}"
evt-00264824,sess-00155642,add_to_cart,2023-05-01 18:10:27.313190538,3.8.0,"{""stage_rank"":1}"
evt-00698943,sess-00410827,checkout,2026-01-14 23:56:54.764340465,4.4.0,"{""stage_rank"":2}"
evt-00498910,sess-00293354,add_to_cart,2026-01-07 19:51:20.484092174,,"{""stage_rank"":1}"
evt-00436091,sess-00256358,page_view,2023-12-19 21:38:27.864901600,,"{""stage_rank"":0}"
evt-01050385,sess-00617476,add_to_cart,2023-09-13 18:04:05.490372974,3.8.0,"{""stage_rank"":1}"
evt-00991488,sess-00583067,add_to_cart,2025-09-23 17:52:04.443051584,,"{""stage_rank"":1}"
evt-01386309,sess-00814589,add_to_cart,2024-07-13 17:37:15.152455623,,"{""stage_rank"":1}"
evt-00602581,sess-00354033,page_view,2026-04-30 21:53:11.720320399,4.4.0,"{""stage_rank"":0}"
evt-01085742,sess-00638227,page_view,2025-07-16 22:15:08.313762065,,"{""stage_rank"":0}"
evt-01148105,sess-00674829,page_view,2025-09-14 19:13:37.007847067,4.4.0,"{""stage_rank"":0}"
evt-01377396,sess-00809358,page_view,2024-07-10 21:02:22.827757549,4.0.0,"{""stage_rank"":0}"
evt-01320032,sess-00775792,checkout,2024-11-07 20:05:23.444899876,4.1.0,"{""stage_rank"":2}"
evt-00256049,sess-00150492,purchase,2025-12-07 20:39:33.461013485,,"{""stage_rank"":3}"
evt-01410425,sess-00828833,page_view,2024-09-02 21:48:32.490982248,4.1.0,"{""stage_rank"":0}"
evt-01116513,sess-00656258,purchase,2023-05-28 20:02:05.727312986,3.8.0,"{""stage_rank"":3}"
evt-01072246,sess-00630292,page_view,2024-08-14 17:18:54.949117503,4.1.0,"{""stage_rank"":0}"
evt-00916234,sess-00538659,add_to_cart,2026-05-31 22:02:31.182651031,,"{""stage_rank"":1}"
evt-00473502,sess-00278378,add_to_cart,2025-08-28 20:50:34.719129686,4.4.0,"{""stage_rank"":1}"
evt-01582458,sess-00929869,add_to_cart,2026-05-09 18:48:14.272413649,,"{""stage_rank"":1}"
evt-00817082,sess-00480232,page_view,2026-01-10 22:54:28.379104521,4.4.0,"{""stage_rank"":0}"
evt-00561021,sess-00329612,add_to_cart,2025-03-11 00:43:37.163872765,4.3.0,"{""stage_rank"":1}"
evt-00304024,sess-00178575,page_view,2024-01-31 15:34:29.226464772,3.8.0,"{""stage_rank"":0}"
evt-01625268,sess-00955167,page_view,2025-02-17 13:58:32.730480496,4.3.0,"{""stage_rank"":0}"
evt-01598664,sess-00939438,checkout,2023-03-04 17:13:11.435270726,,"{""stage_rank"":2}"
evt-00857108,sess-00503805,page_view,2025-01-26 22:01:12.265638587,,"{""stage_rank"":0}"
evt-00643753,sess-00378318,page_view,2023-08-20 17:03:57.045752277,3.8.0,"{""stage_rank"":0}"
evt-01591808,sess-00935418,add_to_cart,2024-12-14 23:29:16.443422523,4.2.0,"{""stage_rank"":1}"
evt-00294620,sess-00173065,add_to_cart,2024-08-13 19:27:30.127109342,4.1.0,"{""stage_rank"":1}"
evt-01636960,sess-00962058,page_view,2025-07-23 15:54:25.641500137,,"{""stage_rank"":0}"
evt-01156986,sess-00680069,page_view,2024-10-15 18:50:26.923733673,,"{""stage_rank"":0}"
evt-01389882,sess-00816700,add_to_cart,2025-07-18 20:36:38.525190982,,"{""stage_rank"":1}"
evt-01289156,sess-00757654,checkout,2024-08-02 19:12:04.541475453,4.1.0,"{""stage_rank"":2}"
evt-01591135,sess-00935014,page_view,2024-07-26 23:39:19.336567748,,"{""stage_rank"":0}"
evt-00180222,sess-00105807,add_to_cart,2024-05-24 22:37:42.950247485,,"{""stage_rank"":1}"
evt-00396717,sess-00233184,page_view,2024-04-26 17:35:10.690415506,4.0.0,"{""stage_rank"":0}"
evt-01370771,sess-00805479,add_to_cart,2024-03-17 15:59:54.106814258,,"{""stage_rank"":1}"
evt-00181145,sess-00106357,page_view,2024-08-03 16:03:16.284937430,4.1.0,"{""stage_rank"":0}"
evt-01279786,sess-00752126,page_view,2024-02-17 21:42:41.609881882,4.0.0,"{""stage_rank"":0}"
evt-01688799,sess-00992332,page_view,2026-02-06 21:09:16.458688660,,"{""stage_rank"":0}"
evt-01592551,sess-00935841,page_view,2023-05-22 00:35:00.000363006,,"{""stage_rank"":0}"
evt-01384328,sess-00813422,page_view,2025-10-29 21:15:09.167424661,,"{""stage_rank"":0}"
evt-00401559,sess-00236078,page_view,2026-02-24 16:38:03.388709161,4.4.0,"{""stage_rank"":0}"
evt-01252963,sess-00736417,purchase,2025-01-05 16:21:34.277537780,4.2.0,"{""stage_rank"":3}"
evt-00818910,sess-00481278,page_view,2024-01-26 21:54:43.225260207,,"{""stage_rank"":0}"
evt-00964532,sess-00567193,add_to_cart,2025-01-10 20:50:11.054889841,4.2.0,"{""stage_rank"":1}"
evt-00512891,sess-00301453,add_to_cart,2023-12-11 18:27:42.822210440,3.8.0,"{""stage_rank"":1}"
evt-01441441,sess-00847035,add_to_cart,2025-09-29 20:44:00.791834244,4.4.0,"{""stage_rank"":1}"
evt-00915574,sess-00538283,page_view,2023-01-08 02:39:59.636076905,3.8.0,"{""stage_rank"":0}"
evt-00623438,sess-00366257,page_view,2025-04-23 22:19:43.671629095,,"{""stage_rank"":0}"
evt-01163580,sess-00683903,page_view,2023-05-22 23:29:01.359244044,,"{""stage_rank"":0}"
evt-00424431,sess-00249513,page_view,2025-07-29 20:51:27.358370932,,"{""stage_rank"":0}"
evt-01023745,sess-00601818,add_to_cart,2023-03-23 08:49:17.323415990,3.8.0,"{""stage_rank"":1}"
evt-00277993,sess-00163344,add_to_cart,2025-05-09 21:19:34.642729789,4.3.0,"{""stage_rank"":1}"
evt-00366975,sess-00215688,page_view,2026-06-21 19:46:59.976034336,4.4.0,"{""stage_rank"":0}"
evt-00855159,sess-00502676,add_to_cart,2023-01-28 16:56:43.828722207,3.8.0,"{""stage_rank"":1}"
evt-00132541,sess-00077759,page_view,2023-12-23 20:09:24.407503361,,"{""stage_rank"":0}"
evt-00701227,sess-00412146,add_to_cart,2025-08-16 23:35:52.131218456,,"{""stage_rank"":1}"
evt-01535565,sess-00902337,checkout,2024-01-09 17:52:35.321927689,,"{""stage_rank"":2}"
evt-00028946,sess-00017027,add_to_cart,2023-05-01 19:36:35.008744534,3.8.0,"{""stage_rank"":1}"
evt-01685970,sess-00990677,page_view,2023-07-15 18:54:58.647352374,3.8.0,"{""stage_rank"":0}"
evt-00155474,sess-00091283,page_view,2024-04-10 15:33:34.438866429,,"{""stage_rank"":0}"
evt-00907972,sess-00533767,page_view,2025-02-22 21:08:45.065492273,,"{""stage_rank"":0}"
evt-00913501,sess-00537073,page_view,2025-01-04 19:27:34.202105640,,"{""stage_rank"":0}"
evt-01144089,sess-00672468,add_to_cart,2025-12-12 14:13:08.268405102,4.4.0,"{""stage_rank"":1}"
evt-01291355,sess-00758977,add_to_cart,2023-11-13 23:57:15.104844998,,"{""stage_rank"":1}"
evt-01362163,sess-00800462,add_to_cart,2024-11-09 17:57:22.944488925,4.1.0,"{""stage_rank"":1}"
evt-00060283,sess-00035398,add_to_cart,2025-07-11 22:29:32.503992532,4.3.0,"{""stage_rank"":1}"
evt-00642460,sess-00377535,page_view,2024-03-10 02:35:54.739152019,,"{""stage_rank"":0}"
evt-01550350,sess-00911000,page_view,2024-10-06 14:22:37.330839289,4.1.0,"{""stage_rank"":0}"
evt-01670356,sess-00981543,checkout,2024-02-26 15:19:55.328624846,4.0.0,"{""stage_rank"":2}"
evt-01628013,sess-00956796,page_view,2026-04-03 18:14:39.182050388,4.4.0,"{""stage_rank"":0}"
evt-01296289,sess-00761877,add_to_cart,2026-04-27 22:33:45.594992536,4.4.0,"{""stage_rank"":1}"
evt-01569247,sess-00922113,add_to_cart,2024-10-31 17:44:25.926252692,,"{""stage_rank"":1}"
evt-01024806,sess-00602425,page_view,2024-12-02 21:11:45.225812044,4.2.0,"{""stage_rank"":0}"
evt-01148180,sess-00674876,page_view,2025-09-20 21:30:15.360165003,4.4.0,"{""stage_rank"":0}"
evt-00412534,sess-00242554,checkout,2023-07-19 21:00:48.780008812,,"{""stage_rank"":2}"
evt-01344119,sess-00789863,page_view,2025-03-07 21:06:23.347023550,4.3.0,"{""stage_rank"":0}"
evt-00647627,sess-00380643,page_view,2024-04-14 18:01:30.496075349,4.0.0,"{""stage_rank"":0}"
evt-00400425,sess-00235377,checkout,2025-08-07 18:06:55.424381941,,"{""stage_rank"":2}"
evt-00644061,sess-00378501,page_view,2023-08-17 00:39:58.011430456,,"{""stage_rank"":0}"
evt-01050381,sess-00617474,page_view,2025-10-18 22:08:46.068284569,4.4.0,"{""stage_rank"":0}"
evt-00476034,sess-00279880,purchase,2024-02-03 21:29:46.767008360,4.0.0,"{""stage_rank"":3}"
evt-01438243,sess-00845178,add_to_cart,2026-02-27 21:05:10.021685288,,"{""stage_rank"":1}"
evt-00642372,sess-00377487,page_view,2024-08-11 20:13:00.262169635,4.1.0,"{""stage_rank"":0}"
evt-01101895,sess-00647750,page_view,2023-11-30 17:58:56.280038381,3.8.0,"{""stage_rank"":0}"
evt-00951748,sess-00559637,add_to_cart,2023-07-23 19:50:31.193101271,3.8.0,"{""stage_rank"":1}"
evt-00013087,sess-00007753,page_view,2023-07-03 19:21:38.832123661,,"{""stage_rank"":0}"
evt-00520862,sess-00306125,add_to_cart,2023-09-29 17:28:56.788305868,,"{""stage_rank"":1}"
evt-01227860,sess-00721626,page_view,2023-06-01 19:14:27.741343989,3.8.0,"{""stage_rank"":0}"
evt-00821580,sess-00482840,add_to_cart,2025-10-06 18:26:05.903749227,4.4.0,"{""stage_rank"":1}"
evt-01158550,sess-00680981,add_to_cart,2026-01-08 10:40:17.749991696,4.4.0,"{""stage_rank"":1}"
evt-01152313,sess-00677320,purchase,2025-10-19 15:44:50.398252249,4.4.0,"{""stage_rank"":3}"
evt-01105779,sess-00650019,page_view,2024-11-24 21:15:24.305521527,,"{""stage_rank"":0}"
evt-00884804,sess-00520071,page_view,2024-11-27 01:06:31.469609981,4.2.0,"{""stage_rank"":0}"
evt-01194619,sess-00702141,checkout,2023-09-26 16:48:14.803481593,,"{""stage_rank"":2}"
evt-01623018,sess-00953821,page_view,2025-07-21 16:10:44.683372828,,"{""stage_rank"":0}"
evt-00576378,sess-00338590,page_view,2026-05-29 22:06:08.506259280,4.4.0,"{""stage_rank"":0}"
evt-00566809,sess-00332984,page_view,2025-02-08 17:59:32.030531474,,"{""stage_rank"":0}"
evt-00315335,sess-00185270,checkout,2023-08-20 18:59:13.113618385,,"{""stage_rank"":2}"
evt-01058379,sess-00622167,page_view,2024-10-26 18:45:35.732864964,4.1.0,"{""stage_rank"":0}"
evt-00989524,sess-00581907,add_to_cart,2024-02-27 21:26:23.126837131,,"{""stage_rank"":1}"
evt-00802027,sess-00471379,page_view,2023-10-31 22:12:27.311689212,,"{""stage_rank"":0}"
evt-00568349,sess-00333886,page_view,2024-02-01 18:46:10.859980681,4.0.0,"{""stage_rank"":0}"
evt-00884329,sess-00519796,add_to_cart,2023-11-11 15:36:11.613961207,3.8.0,"{""stage_rank"":1}"
evt-00979045,sess-00575748,add_to_cart,2023-02-18 13:22:44.178727455,3.8.0,"{""stage_rank"":1}"
evt-00726851,sess-00427143,page_view,2026-03-16 20:54:40.227921769,,"{""stage_rank"":0}"
evt-00188401,sess-00110634,page_view,2024-05-04 02:00:29.492732229,4.0.0,"{""stage_rank"":0}"
evt-00377588,sess-00221947,add_to_cart,2023-05-28 15:52:26.036930655,3.8.0,"{""stage_rank"":1}"
evt-00724117,sess-00425578,add_to_cart,2024-10-28 13:45:38.721954311,4.1.0,"{""stage_rank"":1}"
evt-00430422,sess-00252993,checkout,2023-02-21 14:39:14.994913751,3.8.0,"{""stage_rank"":2}"
evt-00328164,sess-00192866,page_view,2026-05-05 18:56:55.171847193,,"{""stage_rank"":0}"
evt-01408721,sess-00827840,add_to_cart,2023-11-17 22:27:35.678468058,,"{""stage_rank"":1}"
evt-01009652,sess-00593601,add_to_cart,2024-10-20 17:41:12.803899389,,"{""stage_rank"":1}"
evt-00714261,sess-00419777,add_to_cart,2023-06-27 21:14:04.336604221,3.8.0,"{""stage_rank"":1}"
evt-00594026,sess-00349013,purchase,2025-05-24 20:46:41.605914491,4.3.0,"{""stage_rank"":3}"
evt-00819509,sess-00481618,checkout,2024-04-05 00:12:57.361715036,4.0.0,"{""stage_rank"":2}"
evt-01113803,sess-00654715,page_view,2024-04-12 22:10:52.818931490,,"{""stage_rank"":0}"
evt-00641810,sess-00377144,page_view,2024-02-03 03:15:06.895187387,4.0.0,"{""stage_rank"":0}"
evt-01002193,sess-00589231,add_to_cart,2026-04-24 19:34:17.458878621,,"{""stage_rank"":1}"
evt-00904236,sess-00531526,checkout,2023-10-16 17:16:28.446300098,,"{""stage_rank"":2}"
evt-00016799,sess-00009942,checkout,2026-04-28 21:00:18.405062482,,"{""stage_rank"":2}"
evt-01087754,sess-00639424,purchase,2023-12-28 19:23:28.315936063,3.8.0,"{""stage_rank"":3}"
evt-01624791,sess-00954896,checkout,2025-10-07 15:22:19.316432274,,"{""stage_rank"":2}"
evt-01205445,sess-00708441,add_to_cart,2025-07-06 19:54:28.811579956,,"{""stage_rank"":1}"
evt-00104154,sess-00061146,page_view,2024-12-23 19:13:16.492100782,,"{""stage_rank"":0}"
evt-01075457,sess-00632202,checkout,2026-01-23 09:32:35.950487015,,"{""stage_rank"":2}"
evt-01576185,sess-00926166,page_view,2023-09-04 16:10:06.974783599,3.8.0,"{""stage_rank"":0}"
evt-00308236,sess-00181034,page_view,2025-03-07 22:07:12.644262669,,"{""stage_rank"":0}"
evt-01186643,sess-00697462,page_view,2023-07-02 21:41:39.691845041,,"{""stage_rank"":0}"
evt-01413013,sess-00830346,add_to_cart,2023-02-07 19:01:13.079344318,3.8.0,"{""stage_rank"":1}"
evt-01116892,sess-00656485,page_view,2023-07-28 02:15:46.941588014,3.8.0,"{""stage_rank"":0}"
evt-01520862,sess-00893711,checkout,2026-02-10 20:19:17.204523610,4.4.0,"{""stage_rank"":2}"
evt-00191925,sess-00112705,add_to_cart,2025-08-26 20:17:10.162561068,4.4.0,"{""stage_rank"":1}"
evt-01635343,sess-00961100,page_view,2023-12-11 23:51:21.026828460,,"{""stage_rank"":0}"
evt-01688059,sess-00991897,page_view,2025-05-10 20:47:48.353692265,,"{""stage_rank"":0}"
evt-01244081,sess-00731158,add_to_cart,2023-05-22 20:55:45.256231730,,"{""stage_rank"":1}"
evt-00309396,sess-00181738,page_view,2024-05-03 18:50:56.876606704,,"{""stage_rank"":0}"
evt-00693143,sess-00407409,add_to_cart,2023-06-25 16:12:46.083243351,3.8.0,"{""stage_rank"":1}"
evt-01629910,sess-00957898,page_view,2025-10-26 21:37:44.926359082,4.4.0,"{""stage_rank"":0}"
evt-00408718,sess-00240287,add_to_cart,2023-07-23 18:36:09.654719963,,"{""stage_rank"":1}"
evt-00175292,sess-00102912,page_view,2024-03-31 19:56:48.397672454,4.0.0,"{""stage_rank"":0}"
evt-00730587,sess-00429344,add_to_cart,2025-10-13 19:57:53.450798843,,"{""stage_rank"":1}"
evt-01454721,sess-00854794,page_view,2024-07-11 00:22:56.290975701,,"{""stage_rank"":0}"
evt-00065456,sess-00038425,add_to_cart,2024-06-15 16:30:46.558021266,4.0.0,"{""stage_rank"":1}"
evt-01563231,sess-00918576,page_view,2026-03-25 19:41:36.825869780,,"{""stage_rank"":0}"
evt-00474542,sess-00279001,page_view,2024-08-13 12:52:24.127830527,,"{""stage_rank"":0}"
evt-01024299,sess-00602134,page_view,2023-01-13 21:18:46.807777824,3.8.0,"{""stage_rank"":0}"
evt-00747543,sess-00439340,page_view,2025-10-26 19:55:51.878342889,,"{""stage_rank"":0}"
evt-00209085,sess-00122806,page_view,2025-10-10 18:04:34.228324861,4.4.0,"{""stage_rank"":0}"
evt-01234819,sess-00725729,page_view,2024-07-30 10:33:04.268274235,4.0.0,"{""stage_rank"":0}"
evt-00164878,sess-00096823,checkout,2023-07-18 01:45:47.275310873,,"{""stage_rank"":2}"
evt-01286112,sess-00755857,checkout,2024-08-02 16:06:35.673172031,4.1.0,"{""stage_rank"":2}"
evt-00684367,sess-00402195,page_view,2025-01-04 01:54:00.958615451,4.2.0,"{""stage_rank"":0}"
evt-00841258,sess-00494461,page_view,2025-01-25 20:29:51.840422876,4.2.0,"{""stage_rank"":0}"
evt-01054412,sess-00619844,page_view,2023-10-22 21:02:41.173720487,3.8.0,"{""stage_rank"":0}"
evt-00702562,sess-00412949,add_to_cart,2024-09-28 20:48:16.779901811,4.1.0,"{""stage_rank"":1}"
evt-00548423,sess-00322215,checkout,2023-07-03 21:16:04.906802036,,"{""stage_rank"":2}"
evt-00098222,sess-00057670,page_view,2025-01-15 19:15:46.434023906,4.2.0,"{""stage_rank"":0}"
evt-00910776,sess-00535458,page_view,2025-04-05 19:25:02.761560253,,"{""stage_rank"":0}"
evt-01594787,sess-00937164,checkout,2023-08-28 02:33:24.009999287,3.8.0,"{""stage_rank"":2}"
evt-00096957,sess-00056919,page_view,2025-12-24 22:29:18.457951282,,"{""stage_rank"":0}"
evt-00204352,sess-00120010,page_view,2025-01-11 20:14:57.208891223,4.2.0,"{""stage_rank"":0}"
evt-00394673,sess-00231969,page_view,2023-11-06 22:32:54.365565572,3.8.0,"{""stage_rank"":0}"
evt-00052753,sess-00030941,page_view,2025-02-10 11:56:47.849792942,,"{""stage_rank"":0}"
evt-01318139,sess-00774668,page_view,2023-08-07 21:43:05.020681248,,"{""stage_rank"":0}"
evt-00851744,sess-00500663,page_view,2025-10-10 21:16:46.837820942,,"{""stage_rank"":0}"
evt-00471988,sess-00277502,page_view,2025-01-13 16:47:41.354589635,,"{""stage_rank"":0}"
evt-01096213,sess-00644371,add_to_cart,2025-05-20 12:12:05.654335516,4.3.0,"{""stage_rank"":1}"
evt-01109245,sess-00652032,add_to_cart,2024-01-02 15:55:48.537725964,3.8.0,"{""stage_rank"":1}"
evt-01378426,sess-00809946,add_to_cart,2024-04-27 22:52:54.459510301,,"{""stage_rank"":1}"
evt-00631524,sess-00371012,page_view,2025-02-12 15:06:47.391398142,4.3.0,"{""stage_rank"":0}"
evt-00577301,sess-00339135,page_view,2024-06-21 18:04:16.478870415,4.0.0,"{""stage_rank"":0}"
evt-01489677,sess-00875306,add_to_cart,2025-12-22 22:23:35.294886071,,"{""stage_rank"":1}"
evt-01567135,sess-00920848,page_view,2023-08-03 20:33:46.541252344,,"{""stage_rank"":0}"
evt-00571211,sess-00335568,add_to_cart,2023-06-22 19:03:30.614658325,3.8.0,"{""stage_rank"":1}"
evt-01701329,sess-00999694,add_to_cart,2026-05-20 00:49:16.962587907,4.4.0,"{""stage_rank"":1}"
evt-00785675,sess-00461747,page_view,2026-05-12 15:43:23.464545922,,"{""stage_rank"":0}"
evt-01130858,sess-00664699,page_view,2025-04-22 15:17:08.477326552,,"{""stage_rank"":0}"
evt-00114768,sess-00067321,add_to_cart,2023-11-20 21:20:47.115041278,3.8.0,"{""stage_rank"":1}"
evt-01130209,sess-00664309,checkout,2024-09-25 16:02:07.271181761,,"{""stage_rank"":2}"
evt-00377547,sess-00221920,page_view,2025-03-09 15:46:10.769808051,4.3.0,"{""stage_rank"":0}"
evt-01078919,sess-00634219,page_view,2024-02-03 18:33:35.282925079,4.0.0,"{""stage_rank"":0}"
evt-01701067,sess-00999547,page_view,2023-05-14 19:54:56.383157432,3.8.0,"{""stage_rank"":0}"
evt-01443296,sess-00848141,page_view,2026-05-29 22:11:15.316144087,4.4.0,"{""stage_rank"":0}"
evt-01229247,sess-00722442,add_to_cart,2025-12-17 13:06:23.025890220,4.4.0,"{""stage_rank"":1}"
evt-01042555,sess-00612850,add_to_cart,2025-01-02 17:05:39.898858028,4.2.0,"{""stage_rank"":1}"
evt-01261418,sess-00741363,add_to_cart,2023-07-12 21:09:02.617436332,,"{""stage_rank"":1}"
evt-00329923,sess-00193895,add_to_cart,2025-07-12 19:33:41.539937364,,"{""stage_rank"":1}"
evt-00238546,sess-00140242,page_view,2024-08-26 00:03:41.222250822,,"{""stage_rank"":0}"
evt-00900488,sess-00529347,add_to_cart,2024-01-28 01:24:56.545887900,,"{""stage_rank"":1}"
evt-00523422,sess-00307580,page_view,2025-03-19 22:31:14.399926277,,"{""stage_rank"":0}"
evt-00218721,sess-00128461,add_to_cart,2024-02-20 19:10:26.439744487,4.0.0,"{""stage_rank"":1}"
evt-01580142,sess-00928500,add_to_cart,2026-02-11 18:41:08.936312109,4.4.0,"{""stage_rank"":1}"
evt-01463985,sess-00860210,add_to_cart,2024-07-13 20:48:00.257959831,4.0.0,"{""stage_rank"":1}"
evt-01402593,sess-00824263,add_to_cart,2025-11-09 23:41:42.623968630,,"{""stage_rank"":1}"
evt-00118633,sess-00069562,page_view,2023-02-13 21:50:57.074660155,3.8.0,"{""stage_rank"":0}"
evt-01462058,sess-00859094,page_view,2023-12-30 00:30:20.514813592,3.8.0,"{""stage_rank"":0}"
evt-01634016,sess-00960321,add_to_cart,2025-02-09 21:47:40.475684833,,"{""stage_rank"":1}"
evt-01564841,sess-00919500,page_view,2023-04-06 18:17:24.986448735,3.8.0,"{""stage_rank"":0}"
evt-00782109,sess-00459646,purchase,2025-07-11 21:09:31.952699740,,"{""stage_rank"":3}"
evt-00836033,sess-00491385,page_view,2025-12-13 20:37:55.755475566,4.4.0,"{""stage_rank"":0}"
evt-00712252,sess-00418616,page_view,2025-10-03 23:21:45.551312977,4.4.0,"{""stage_rank"":0}"
evt-00721211,sess-00423850,add_to_cart,2024-07-11 18:19:57.099289563,,"{""stage_rank"":1}"
evt-01671021,sess-00981929,page_view,2025-12-23 19:20:59.522236888,,"{""stage_rank"":0}"
evt-01246370,sess-00732516,page_view,2024-05-30 18:09:26.620653599,4.0.0,"{""stage_rank"":0}"
evt-01271993,sess-00747556,add_to_cart,2024-02-13 17:15:59.115615965,4.0.0,"{""stage_rank"":1}"
evt-00131632,sess-00077210,page_view,2024-01-29 00:23:31.961888081,3.8.0,"{""stage_rank"":0}"
evt-01567205,sess-00920889,page_view,2026-05-09 19:07:37.162886121,4.4.0,"{""stage_rank"":0}"
evt-00275322,sess-00161793,page_view,2023-09-16 23:12:33.043447380,,"{""stage_rank"":0}"
evt-01594581,sess-00937049,page_view,2024-05-22 22:09:38.355873851,,"{""stage_rank"":0}"
evt-00938747,sess-00551958,add_to_cart,2024-06-02 23:21:35.854573376,,"{""stage_rank"":1}"
evt-01658723,sess-00974791,page_view,2025-08-02 01:59:47.538141574,,"{""stage_rank"":0}"
evt-00484117,sess-00284613,add_to_cart,2024-02-27 09:33:54.067256412,4.0.0,"{""stage_rank"":1}"
evt-01340042,sess-00787451,page_view,2023-06-03 19:31:19.884809459,,"{""stage_rank"":0}"
evt-01524396,sess-00895761,add_to_cart,2025-03-14 00:02:55.185535432,,"{""stage_rank"":1}"
evt-00438046,sess-00257518,checkout,2024-08-18 11:32:15.943139149,4.1.0,"{""stage_rank"":2}"
evt-01388831,sess-00816061,page_view,2023-10-25 22:10:25.915468337,3.8.0,"{""stage_rank"":0}"
evt-01681841,sess-00988231,purchase,2025-06-11 16:26:13.395917854,,"{""stage_rank"":3}"
evt-00456857,sess-00268623,page_view,2023-04-08 19:04:41.551619881,,"{""stage_rank"":0}"
evt-01253452,sess-00736708,add_to_cart,2023-02-23 15:57:32.682060705,3.8.0,"{""stage_rank"":1}"
evt-01204388,sess-00707825,page_view,2023-12-31 17:00:15.338681322,,"{""stage_rank"":0}"
evt-00201149,sess-00118114,page_view,2024-08-24 19:43:43.112658803,4.1.0,"{""stage_rank"":0}"
evt-00477759,sess-00280913,page_view,2026-06-24 13:13:55.244271942,4.4.0,"{""stage_rank"":0}"
evt-00176806,sess-00103803,page_view,2024-08-24 15:18:10.732659583,4.1.0,"{""stage_rank"":0}"
evt-01662311,sess-00976876,page_view,2023-01-28 19:35:11.155580256,3.8.0,"{""stage_rank"":0}"
evt-01576438,sess-00926318,page_view,2023-04-14 22:25:31.190837216,,"{""stage_rank"":0}"
evt-00457607,sess-00269069,page_view,2023-07-18 19:57:22.138417745,,"{""stage_rank"":0}"
evt-01173995,sess-00690057,page_view,2024-07-15 14:26:11.445048120,4.0.0,"{""stage_rank"":0}"
evt-01236096,sess-00726479,add_to_cart,2024-09-20 22:59:13.769204874,,"{""stage_rank"":1}"
evt-00707517,sess-00415879,page_view,2024-04-30 21:19:42.310571933,,"{""stage_rank"":0}"
evt-00077850,sess-00045754,checkout,2024-03-31 20:44:49.977828285,4.0.0,"{""stage_rank"":2}"
evt-01641445,sess-00964710,add_to_cart,2025-07-14 01:11:11.425296400,,"{""stage_rank"":1}"
evt-01085599,sess-00638134,page_view,2025-08-03 23:00:48.915073054,4.4.0,"{""stage_rank"":0}"
evt-00018634,sess-00011030,add_to_cart,2025-07-08 15:08:34.715151441,4.3.0,"{""stage_rank"":1}"
evt-01034761,sess-00608288,add_to_cart,2024-05-16 01:41:45.778979373,,"{""stage_rank"":1}"
evt-00660808,sess-00388378,page_view,2025-02-09 23:18:49.370916910,4.3.0,"{""stage_rank"":0}"
evt-01145979,sess-00673580,page_view,2023-10-03 22:03:11.172198054,,"{""stage_rank"":0}"
evt-00724973,sess-00426065,checkout,2026-01-13 20:23:59.663951825,,"{""stage_rank"":2}"
evt-01380827,sess-00811356,page_view,2024-07-11 01:12:02.190281666,4.0.0,"{""stage_rank"":0}"
evt-00989247,sess-00581754,page_view,2026-04-11 07:02:43.266737586,4.4.0,"{""stage_rank"":0}"
evt-00196278,sess-00115226,page_view,2023-12-21 19:43:57.414479379,,"{""stage_rank"":0}"
evt-00780281,sess-00458576,page_view,2023-02-04 20:35:29.876034229,3.8.0,"{""stage_rank"":0}"
evt-00697330,sess-00409865,add_to_cart,2024-03-17 22:49:56.141275695,,"{""stage_rank"":1}"
evt-01508813,sess-00886599,page_view,2024-10-06 15:41:31.274432128,4.1.0,"{""stage_rank"":0}"
evt-00674908,sess-00396677,page_view,2025-09-19 17:02:44.402914569,4.4.0,"{""stage_rank"":0}"
evt-00018487,sess-00010937,page_view,2026-01-19 21:52:32.138758298,4.4.0,"{""stage_rank"":0}"
evt-00306005,sess-00179718,add_to_cart,2024-02-26 19:22:05.728677438,,"{""stage_rank"":1}"
evt-00090019,sess-00052899,checkout,2026-02-15 17:28:47.280837432,4.4.0,"{""stage_rank"":2}"
evt-00690199,sess-00405698,add_to_cart,2024-09-05 00:54:23.919168749,,"{""stage_rank"":1}"
evt-00579412,sess-00340384,page_view,2026-01-09 22:08:29.037769121,4.4.0,"{""stage_rank"":0}"
evt-01534587,sess-00901760,add_to_cart,2026-02-05 00:18:06.551844089,,"{""stage_rank"":1}"
evt-01469780,sess-00863616,page_view,2023-02-09 15:28:58.668803584,,"{""stage_rank"":0}"
evt-00846122,sess-00497353,checkout,2023-02-27 01:06:04.569683924,,"{""stage_rank"":2}"
evt-00860605,sess-00505876,add_to_cart,2024-01-03 22:50:30.883865318,3.8.0,"{""stage_rank"":1}"
evt-00599760,sess-00352371,add_to_cart,2024-03-12 17:40:29.462564058,4.0.0,"{""stage_rank"":1}"
evt-01497496,sess-00879921,checkout,2024-11-15 01:59:01.668008476,4.2.0,"{""stage_rank"":2}"
evt-01587932,sess-00933096,add_to_cart,2023-09-23 17:19:13.560258823,3.8.0,"{""stage_rank"":1}"
evt-01298076,sess-00762947,page_view,2025-05-23 15:07:47.368151878,,"{""stage_rank"":0}"
evt-00404897,sess-00238023,page_view,2023-06-21 19:29:44.943308039,,"{""stage_rank"":0}"
evt-01466754,sess-00861856,page_view,2025-07-13 22:18:31.746411969,,"{""stage_rank"":0}"
evt-01673783,sess-00983553,page_view,2026-03-20 23:56:50.453652883,,"{""stage_rank"":0}"
evt-00039303,sess-00023082,add_to_cart,2023-12-22 21:52:55.620520811,,"{""stage_rank"":1}"
evt-00990917,sess-00582723,page_view,2023-03-29 21:20:38.249025121,,"{""stage_rank"":0}"
evt-01134563,sess-00666837,add_to_cart,2024-03-12 20:37:33.797281994,,"{""stage_rank"":1}"
evt-00921745,sess-00541879,page_view,2023-02-25 21:59:16.954931020,,"{""stage_rank"":0}"
evt-00707210,sess-00415693,checkout,2024-04-27 19:43:34.004864500,4.0.0,"{""stage_rank"":2}"
evt-00986259,sess-00580010,page_view,2023-12-01 14:51:25.574510668,,"{""stage_rank"":0}"
evt-01630901,sess-00958483,page_view,2023-07-31 19:43:40.107983062,3.8.0,"{""stage_rank"":0}"
evt-01138352,sess-00669070,purchase,2025-08-19 03:07:24.796148917,,"{""stage_rank"":3}"
evt-00306838,sess-00180225,add_to_cart,2025-06-19 19:42:35.633135221,4.3.0,"{""stage_rank"":1}"
evt-00299468,sess-00175913,page_view,2025-01-13 17:35:45.819612825,4.2.0,"{""stage_rank"":0}"
evt-00663052,sess-00389711,page_view,2026-03-30 19:00:56.522690777,4.4.0,"{""stage_rank"":0}"
evt-00594344,sess-00349189,add_to_cart,2025-08-14 22:40:01.145738314,,"{""stage_rank"":1}"
evt-00995474,sess-00585346,page_view,2024-10-06 19:34:32.046839938,4.1.0,"{""stage_rank"":0}"
evt-00068221,sess-00040068,add_to_cart,2023-05-10 19:00:53.529165853,3.8.0,"{""stage_rank"":1}"
evt-01523982,sess-00895517,page_view,2024-09-27 00:00:37.393333549,4.1.0,"{""stage_rank"":0}"
evt-01466239,sess-00861538,page_view,2026-01-02 21:04:41.675200715,,"{""stage_rank"":0}"
evt-01032819,sess-00607157,add_to_cart,2025-02-05 17:05:08.442808185,4.3.0,"{""stage_rank"":1}"
evt-01187980,sess-00698244,add_to_cart,2024-02-08 14:27:50.100981847,,"{""stage_rank"":1}"
evt-01082967,sess-00636575,page_view,2025-09-29 20:03:31.943378830,,"{""stage_rank"":0}"
evt-01660108,sess-00975582,page_view,2023-10-08 21:13:11.762112880,,"{""stage_rank"":0}"
evt-01363383,sess-00801194,page_view,2025-09-24 19:38:22.878200041,,"{""stage_rank"":0}"
evt-00169193,sess-00099332,add_to_cart,2023-02-20 15:08:10.191186134,,"{""stage_rank"":1}"
evt-00734219,sess-00431528,add_to_cart,2025-01-27 21:23:10.062973684,,"{""stage_rank"":1}"
evt-00646712,sess-00380099,add_to_cart,2024-10-11 21:30:00.718033632,4.1.0,"{""stage_rank"":1}"
evt-00164954,sess-00096863,page_view,2024-05-11 15:38:50.551771675,,"{""stage_rank"":0}"
evt-01027366,sess-00603935,page_view,2026-01-20 01:45:53.280712729,4.4.0,"{""stage_rank"":0}"
evt-01536608,sess-00902935,page_view,2025-04-13 01:50:13.456307071,,"{""stage_rank"":0}"
evt-00293253,sess-00172288,add_to_cart,2025-10-13 16:01:10.739826913,4.4.0,"{""stage_rank"":1}"
evt-00886164,sess-00520865,add_to_cart,2025-03-18 21:42:36.611585416,,"{""stage_rank"":1}"
evt-00474048,sess-00278704,add_to_cart,2023-01-19 21:19:18.734007613,3.8.0,"{""stage_rank"":1}"
evt-00739303,sess-00434504,page_view,2026-01-30 13:58:41.973780575,4.4.0,"{""stage_rank"":0}"
evt-01065239,sess-00626155,page_view,2023-11-02 23:12:33.940743919,,"{""stage_rank"":0}"
evt-00281781,sess-00165554,checkout,2023-12-01 23:05:17.200186558,,"{""stage_rank"":2}"
evt-01593457,sess-00936366,checkout,2026-06-01 19:35:37.087975344,4.4.0,"{""stage_rank"":2}"
evt-00909694,sess-00534802,add_to_cart,2023-03-10 01:21:08.636227944,3.8.0,"{""stage_rank"":1}"
evt-01501317,sess-00882138,page_view,2025-02-09 23:30:43.885185484,4.3.0,"{""stage_rank"":0}"
evt-01211645,sess-00712023,add_to_cart,2025-06-08 17:31:35.208871520,4.3.0,"{""stage_rank"":1}"
evt-01583631,sess-00930579,page_view,2023-02-16 00:54:12.605780208,,"{""stage_rank"":0}"
evt-00074256,sess-00043647,page_view,2024-05-16 22:54:55.390089409,4.0.0,"{""stage_rank"":0}"
evt-00787996,sess-00463118,page_view,2024-03-01 00:22:36.113650835,4.0.0,"{""stage_rank"":0}"
evt-01640691,sess-00964279,add_to_cart,2023-03-22 21:43:15.703302659,3.8.0,"{""stage_rank"":1}"
evt-00828679,sess-00486975,page_view,2026-04-29 10:14:38.075480831,4.4.0,"{""stage_rank"":0}"
evt-00572890,sess-00336557,page_view,2024-03-12 18:19:57.894295685,,"{""stage_rank"":0}"
evt-00832269,sess-00489139,add_to_cart,2023-05-20 20:59:58.264864691,3.8.0,"{""stage_rank"":1}"
evt-00342979,sess-00201553,add_to_cart,2023-08-04 16:16:03.318426520,3.8.0,"{""stage_rank"":1}"
evt-01559685,sess-00916510,page_view,2025-09-15 20:52:13.623216959,,"{""stage_rank"":0}"
evt-00380194,sess-00223481,page_view,2026-05-18 17:43:25.170523226,4.4.0,"{""stage_rank"":0}"
evt-01667374,sess-00979812,add_to_cart,2024-05-29 20:19:13.039244691,4.0.0,"{""stage_rank"":1}"
evt-00996462,sess-00585912,page_view,2025-11-26 03:05:44.047366374,4.4.0,"{""stage_rank"":0}"
evt-01649556,sess-00969463,page_view,2024-05-28 23:28:18.116604179,,"{""stage_rank"":0}"
evt-00224279,sess-00131781,page_view,2025-08-06 23:43:01.653217182,,"{""stage_rank"":0}"
evt-00477914,sess-00280999,page_view,2023-02-10 00:50:35.130767930,,"{""stage_rank"":0}"
evt-00844253,sess-00496246,add_to_cart,2026-06-19 14:46:52.031005221,,"{""stage_rank"":1}"
evt-00585909,sess-00344241,page_view,2024-01-31 21:04:28.174220455,,"{""stage_rank"":0}"
evt-00808478,sess-00475137,page_view,2026-05-03 22:10:19.112465896,,"{""stage_rank"":0}"
evt-00161029,sess-00094541,page_view,2025-01-22 18:37:22.279162209,,"{""stage_rank"":0}"
evt-00930099,sess-00546853,page_view,2023-05-21 21:51:10.263928717,,"{""stage_rank"":0}"
evt-01563413,sess-00918679,purchase,2024-08-08 18:39:57.612245832,,"{""stage_rank"":3}"
evt-00926600,sess-00544781,add_to_cart,2026-01-09 16:13:19.736490675,,"{""stage_rank"":1}"
evt-00625310,sess-00367347,page_view,2026-02-14 19:29:50.127044768,,"{""stage_rank"":0}"
evt-00992773,sess-00583809,page_view,2025-07-26 00:12:47.056666728,,"{""stage_rank"":0}"
evt-00945583,sess-00556018,add_to_cart,2024-02-12 23:36:43.202485632,,"{""stage_rank"":1}"
evt-01488937,sess-00874860,page_view,2023-06-19 23:38:15.561118949,3.8.0,"{""stage_rank"":0}"
evt-01213559,sess-00713157,add_to_cart,2025-08-28 19:35:32.063773918,,"{""stage_rank"":1}"
evt-00522834,sess-00307243,page_view,2024-07-19 22:48:34.694619759,4.0.0,"{""stage_rank"":0}"
evt-00170198,sess-00099932,page_view,2024-08-27 19:13:28.917064485,,"{""stage_rank"":0}"
evt-00547973,sess-00321954,page_view,2023-08-05 14:47:32.530716873,3.8.0,"{""stage_rank"":0}"
evt-01151386,sess-00676782,page_view,2025-03-09 23:03:48.048804795,,"{""stage_rank"":0}"
evt-01173968,sess-00690037,page_view,2023-03-13 19:21:56.038951453,,"{""stage_rank"":0}"
evt-00468466,sess-00275465,checkout,2026-06-24 23:03:42.381757236,4.4.0,"{""stage_rank"":2}"
evt-00392876,sess-00230911,checkout,2023-04-05 18:14:58.508430665,3.8.0,"{""stage_rank"":2}"
evt-01577937,sess-00927208,page_view,2024-07-09 19:46:36.508383178,4.0.0,"{""stage_rank"":0}"
evt-00771824,sess-00453631,page_view,2023-06-24 21:10:53.311511338,,"{""stage_rank"":0}"
evt-00986165,sess-00579957,add_to_cart,2026-01-28 14:14:51.492967297,4.4.0,"{""stage_rank"":1}"
evt-00941637,sess-00553668,page_view,2025-11-21 19:55:37.144318592,4.4.0,"{""stage_rank"":0}"
evt-00070313,sess-00041303,page_view,2026-01-29 20:54:21.315629984,4.4.0,"{""stage_rank"":0}"
evt-00672609,sess-00395342,page_view,2025-02-05 21:05:26.435631978,,"{""stage_rank"":0}"
evt-00508404,sess-00298882,add_to_cart,2024-02-06 18:42:02.741183381,,"{""stage_rank"":1}"
evt-00789736,sess-00464168,page_view,2026-01-11 20:16:47.517888295,4.4.0,"{""stage_rank"":0}"
evt-00401586,sess-00236092,page_view,2024-09-09 21:41:53.643447685,,"{""stage_rank"":0}"
evt-01154548,sess-00678629,add_to_cart,2023-07-14 00:54:35.575751877,,"{""stage_rank"":1}"
evt-01426276,sess-00838176,page_view,2025-10-24 01:51:54.160687019,,"{""stage_rank"":0}"
evt-01475211,sess-00866821,page_view,2025-02-17 10:28:44.551415855,,"{""stage_rank"":0}"
evt-00226922,sess-00133338,add_to_cart,2023-04-20 21:30:04.653191493,3.8.0,"{""stage_rank"":1}"
evt-00255645,sess-00150256,page_view,2024-03-28 16:00:03.420631538,4.0.0,"{""stage_rank"":0}"
evt-00346584,sess-00203674,page_view,2025-04-12 00:36:36.805341440,,"{""stage_rank"":0}"
evt-00121905,sess-00071480,page_view,2025-04-05 00:28:59.870524289,,"{""stage_rank"":0}"
evt-00249288,sess-00146576,page_view,2023-02-10 19:31:20.498341375,,"{""stage_rank"":0}"
evt-01006875,sess-00591972,page_view,2024-04-11 22:03:39.371695655,4.0.0,"{""stage_rank"":0}"
evt-01342693,sess-00789032,page_view,2024-08-16 22:53:04.357395687,,"{""stage_rank"":0}"
evt-00960967,sess-00565034,page_view,2025-08-02 16:21:53.690195651,,"{""stage_rank"":0}"
evt-01030544,sess-00605795,page_view,2024-10-23 23:29:23.812327750,,"{""stage_rank"":0}"
evt-01249893,sess-00734610,purchase,2023-12-21 16:18:31.584473660,,"{""stage_rank"":3}"
evt-01647563,sess-00968285,add_to_cart,2023-09-17 23:33:30.108215331,3.8.0,"{""stage_rank"":1}"
evt-00958734,sess-00563738,page_view,2026-01-08 16:49:04.493142051,4.4.0,"{""stage_rank"":0}"
evt-00909087,sess-00534443,page_view,2023-01-24 17:34:04.370501759,,"{""stage_rank"":0}"
evt-01677822,sess-00985928,add_to_cart,2024-03-11 19:17:53.348168340,,"{""stage_rank"":1}"
evt-01227985,sess-00721703,add_to_cart,2026-01-12 01:13:16.857214974,,"{""stage_rank"":1}"
evt-01644990,sess-00966772,page_view,2026-06-29 18:59:45.661112031,4.4.0,"{""stage_rank"":0}"
evt-01249460,sess-00734366,checkout,2026-04-17 19:25:41.728707588,4.4.0,"{""stage_rank"":2}"
evt-01680251,sess-00987313,page_view,2026-06-15 22:28:46.882584442,,"{""stage_rank"":0}"
evt-01063410,sess-00625099,add_to_cart,2025-09-02 19:31:58.953858122,,"{""stage_rank"":1}"
evt-01334331,sess-00784123,add_to_cart,2023-01-30 18:46:42.123423076,,"{""stage_rank"":1}"
evt-00039385,sess-00023131,page_view,2024-08-30 00:55:54.365490400,,"{""stage_rank"":0}"
evt-00138676,sess-00081385,add_to_cart,2023-05-26 20:15:53.233505239,,"{""stage_rank"":1}"
evt-01606966,sess-00944293,add_to_cart,2024-01-18 17:49:25.468150969,3.8.0,"{""stage_rank"":1}"
evt-01445900,sess-00849648,page_view,2023-10-02 23:35:33.587365665,3.8.0,"{""stage_rank"":0}"
evt-00333743,sess-00196118,add_to_cart,2024-11-09 01:19:08.138992898,4.1.0,"{""stage_rank"":1}"
evt-01660946,sess-00976078,add_to_cart,2023-11-29 20:18:10.984434931,3.8.0,"{""stage_rank"":1}"
evt-00212851,sess-00124971,page_view,2026-05-22 22:42:27.565011767,4.4.0,"{""stage_rank"":0}"
evt-01378772,sess-00810155,add_to_cart,2025-10-13 21:55:26.394109166,,"{""stage_rank"":1}"
evt-00461389,sess-00271299,add_to_cart,2025-12-20 13:13:09.908087019,4.4.0,"{""stage_rank"":1}"
evt-00606177,sess-00356152,page_view,2024-10-02 17:47:23.099209097,,"{""stage_rank"":0}"
evt-01207062,sess-00709382,page_view,2023-06-11 23:06:20.078849016,,"{""stage_rank"":0}"
evt-00313106,sess-00183967,page_view,2023-12-17 02:53:44.491375048,3.8.0,"{""stage_rank"":0}"
evt-00055786,sess-00032728,page_view,2025-12-03 23:20:21.011467249,,"{""stage_rank"":0}"
evt-01385746,sess-00814258,page_view,2025-07-09 17:46:35.356939931,,"{""stage_rank"":0}"
evt-00644149,sess-00378545,page_view,2026-01-25 13:55:51.723307446,4.4.0,"{""stage_rank"":0}"
evt-01186316,sess-00697258,add_to_cart,2023-10-27 20:51:15.478413604,3.8.0,"{""stage_rank"":1}"
evt-00669478,sess-00393506,page_view,2025-09-03 15:24:29.240754782,,"{""stage_rank"":0}"
evt-01586153,sess-00932046,page_view,2024-04-20 01:18:33.102982390,,"{""stage_rank"":0}"
evt-00194358,sess-00114109,page_view,2025-04-27 19:17:27.566314534,4.3.0,"{""stage_rank"":0}"
evt-00065149,sess-00038242,page_view,2023-06-08 18:51:54.811573716,3.8.0,"{""stage_rank"":0}"
evt-00351553,sess-00206563,page_view,2026-02-15 23:34:07.708180994,4.4.0,"{""stage_rank"":0}"
evt-01496837,sess-00879538,page_view,2025-06-02 13:06:22.795771021,,"{""stage_rank"":0}"
evt-00547883,sess-00321899,page_view,2025-06-27 00:03:53.802737389,,"{""stage_rank"":0}"
evt-00741706,sess-00435883,page_view,2024-08-01 00:17:10.570821782,4.1.0,"{""stage_rank"":0}"
evt-01385264,sess-00813972,add_to_cart,2023-08-21 00:24:03.966041321,3.8.0,"{""stage_rank"":1}"
evt-00847846,sess-00498363,page_view,2024-05-21 17:14:04.533092814,,"{""stage_rank"":0}"
evt-01687284,sess-00991436,page_view,2025-09-26 16:22:43.601893916,4.4.0,"{""stage_rank"":0}"
evt-00160943,sess-00094491,page_view,2023-10-08 20:13:28.600233675,3.8.0,"{""stage_rank"":0}"
evt-01171014,sess-00688305,page_view,2024-02-16 16:06:08.491912883,,"{""stage_rank"":0}"
evt-01693774,sess-00995240,checkout,2025-12-20 17:02:51.049334394,4.4.0,"{""stage_rank"":2}"
evt-00703117,sess-00413276,page_view,2023-05-01 12:32:35.566820459,3.8.0,"{""stage_rank"":0}"
evt-01468293,sess-00862744,page_view,2026-04-11 19:10:15.804271516,4.4.0,"{""stage_rank"":0}"
evt-00500558,sess-00294293,add_to_cart,2025-07-23 18:28:08.788766405,4.3.0,"{""stage_rank"":1}"
evt-00993199,sess-00584054,page_view,2025-01-09 17:52:51.541415642,4.2.0,"{""stage_rank"":0}"
evt-00624204,sess-00366702,add_to_cart,2025-11-03 16:13:17.876588323,4.4.0,"{""stage_rank"":1}"
evt-00651371,sess-00382840,checkout,2026-04-11 17:58:00.881275797,,"{""stage_rank"":2}"
evt-00328400,sess-00193014,page_view,2025-12-16 16:42:09.238525498,4.4.0,"{""stage_rank"":0}"
evt-00766113,sess-00450271,page_view,2025-06-23 15:39:02.592332285,4.3.0,"{""stage_rank"":0}"
evt-00109109,sess-00064043,page_view,2025-07-24 01:03:32.090843077,,"{""stage_rank"":0}"
evt-01457942,sess-00856672,page_view,2024-10-02 18:03:13.216940821,4.1.0,"{""stage_rank"":0}"
evt-00726935,sess-00427197,add_to_cart,2025-01-27 22:01:01.872162494,4.2.0,"{""stage_rank"":1}"
evt-01580235,sess-00928557,page_view,2023-06-04 22:22:26.332319027,3.8.0,"{""stage_rank"":0}"
evt-00116541,sess-00068347,page_view,2024-02-11 20:33:26.130912290,,"{""stage_rank"":0}"
evt-00913057,sess-00536815,page_view,2025-10-09 18:15:24.340750575,,"{""stage_rank"":0}"
evt-01369710,sess-00804851,add_to_cart,2025-12-24 15:05:00.734969986,4.4.0,"{""stage_rank"":1}"
evt-00404542,sess-00237804,add_to_cart,2024-07-03 16:30:10.123008189,,"{""stage_rank"":1}"
evt-01433159,sess-00842154,add_to_cart,2023-01-19 14:49:57.211815904,3.8.0,"{""stage_rank"":1}"
evt-01213995,sess-00713400,add_to_cart,2024-04-20 22:41:12.158577819,4.0.0,"{""stage_rank"":1}"
evt-01352874,sess-00794982,add_to_cart,2024-08-03 20:22:29.120709669,,"{""stage_rank"":1}"
evt-01421905,sess-00835578,page_view,2023-07-12 23:27:13.241889152,,"{""stage_rank"":0}"
evt-00310889,sess-00182630,add_to_cart,2024-10-15 21:52:44.310019525,4.1.0,"{""stage_rank"":1}"
evt-01038731,sess-00610612,page_view,2026-01-16 18:27:43.616548059,4.4.0,"{""stage_rank"":0}"
evt-01195707,sess-00702769,add_to_cart,2026-02-19 22:06:31.974633119,,"{""stage_rank"":1}"
evt-00263753,sess-00155027,add_to_cart,2023-10-26 19:42:59.616404748,3.8.0,"{""stage_rank"":1}"
evt-01591996,sess-00935527,page_view,2025-12-04 15:57:56.446208323,4.4.0,"{""stage_rank"":0}"
evt-00122786,sess-00072004,page_view,2024-09-20 21:31:00.651241905,4.1.0,"{""stage_rank"":0}"
evt-00131743,sess-00077276,page_view,2024-09-03 19:24:14.779044535,4.1.0,"{""stage_rank"":0}"
evt-01068668,sess-00628139,page_view,2024-08-18 16:51:53.039964577,4.1.0,"{""stage_rank"":0}"
evt-00652283,sess-00383396,page_view,2025-05-24 04:10:34.641019498,,"{""stage_rank"":0}"
evt-00943753,sess-00554926,page_view,2026-01-29 15:23:51.657538887,4.4.0,"{""stage_rank"":0}"
evt-01610676,sess-00946502,add_to_cart,2023-06-27 21:29:23.445201869,,"{""stage_rank"":1}"
evt-00206253,sess-00121117,page_view,2023-03-27 23:30:13.446009505,3.8.0,"{""stage_rank"":0}"
evt-01100676,sess-00647025,page_view,2024-10-26 18:27:32.662788410,,"{""stage_rank"":0}"
evt-01189642,sess-00699217,add_to_cart,2023-07-05 18:08:01.343300974,3.8.0,"{""stage_rank"":1}"
evt-00617791,sess-00362929,add_to_cart,2023-04-13 12:12:58.725235700,,"{""stage_rank"":1}"
evt-00968047,sess-00569264,page_view,2024-10-18 23:34:13.383574721,,"{""stage_rank"":0}"
evt-00312436,sess-00183565,checkout,2025-12-03 02:13:35.388357221,,"{""stage_rank"":2}"
evt-00454382,sess-00267132,page_view,2023-11-18 18:04:18.461031775,3.8.0,"{""stage_rank"":0}"
evt-00077488,sess-00045557,page_view,2023-11-11 21:33:06.152107622,,"{""stage_rank"":0}"
evt-00172959,sess-00101575,checkout,2024-11-16 04:36:59.354550976,,"{""stage_rank"":2}"
evt-00357704,sess-00210186,purchase,2024-12-13 19:08:28.676471636,,"{""stage_rank"":3}"
evt-01670744,sess-00981763,add_to_cart,2025-09-25 12:55:06.539927971,,"{""stage_rank"":1}"
evt-01055566,sess-00620538,page_view,2024-07-16 06:27:34.918695108,4.0.0,"{""stage_rank"":0}"
evt-00714624,sess-00419990,page_view,2024-01-20 22:40:44.655975216,,"{""stage_rank"":0}"
evt-01573111,sess-00924370,page_view,2025-08-15 10:11:44.645483159,,"{""stage_rank"":0}"
evt-00534211,sess-00313945,page_view,2026-04-04 16:20:23.346879698,4.4.0,"{""stage_rank"":0}"
evt-00687237,sess-00403918,purchase,2023-06-03 16:35:16.326193661,,"{""stage_rank"":3}"
evt-01474902,sess-00866635,page_view,2023-03-29 15:52:59.534620700,3.8.0,"{""stage_rank"":0}"
evt-00594806,sess-00349465,purchase,2026-03-19 14:58:31.631839660,,"{""stage_rank"":3}"
evt-00087075,sess-00051148,page_view,2026-01-17 02:54:42.818650179,4.4.0,"{""stage_rank"":0}"
evt-00478299,sess-00281216,add_to_cart,2025-02-12 22:27:23.222414153,,"{""stage_rank"":1}"
evt-01110203,sess-00652605,page_view,2023-08-20 18:51:30.492467637,,"{""stage_rank"":0}"
evt-00938043,sess-00551528,add_to_cart,2025-08-11 17:55:42.254257481,4.4.0,"{""stage_rank"":1}"
evt-01383390,sess-00812853,add_to_cart,2026-02-18 20:04:23.230630890,4.4.0,"{""stage_rank"":1}"
evt-00170336,sess-00100011,add_to_cart,2024-12-06 17:57:19.600874263,4.2.0,"{""stage_rank"":1}"
evt-00965333,sess-00567661,add_to_cart,2023-01-16 20:54:43.440356771,,"{""stage_rank"":1}"
evt-00137151,sess-00080474,add_to_cart,2023-06-04 21:09:57.426588776,3.8.0,"{""stage_rank"":1}"
evt-00768591,sess-00451740,page_view,2024-01-26 22:27:35.517373818,3.8.0,"{""stage_rank"":0}"
evt-00262261,sess-00154157,checkout,2024-07-23 00:25:32.005969650,4.0.0,"{""stage_rank"":2}"
evt-00467342,sess-00274824,page_view,2025-07-14 17:58:31.080637371,4.3.0,"{""stage_rank"":0}"
evt-00070320,sess-00041307,add_to_cart,2025-05-08 00:04:28.999659259,4.3.0,"{""stage_rank"":1}"
evt-01579889,sess-00928350,page_view,2023-02-26 17:54:28.600072372,3.8.0,"{""stage_rank"":0}"
evt-00616408,sess-00362118,page_view,2026-01-24 19:40:27.995278164,,"{""stage_rank"":0}"
evt-00312532,sess-00183622,checkout,2023-07-04 21:59:19.133169724,3.8.0,"{""stage_rank"":2}"
evt-00942137,sess-00553968,page_view,2024-02-28 15:16:27.476185568,4.0.0,"{""stage_rank"":0}"
evt-00161899,sess-00095059,page_view,2024-07-19 20:24:20.064808068,,"{""stage_rank"":0}"
evt-01161075,sess-00682434,purchase,2025-02-28 22:49:49.298161537,4.3.0,"{""stage_rank"":3}"
evt-00203786,sess-00119667,add_to_cart,2023-08-25 03:41:32.025528208,,"{""stage_rank"":1}"
evt-01462653,sess-00859438,page_view,2024-10-26 17:55:48.105342882,4.1.0,"{""stage_rank"":0}"
evt-00220919,sess-00129768,page_view,2023-08-13 21:16:20.540208524,,"{""stage_rank"":0}"
evt-01152182,sess-00677238,page_view,2026-01-22 01:01:54.906300569,4.4.0,"{""stage_rank"":0}"
evt-01480360,sess-00869845,page_view,2025-11-22 21:28:39.956989484,4.4.0,"{""stage_rank"":0}"
evt-00215946,sess-00126822,checkout,2023-03-08 14:13:57.256637260,3.8.0,"{""stage_rank"":2}"
evt-00497057,sess-00292262,page_view,2026-05-19 17:55:33.325831553,4.4.0,"{""stage_rank"":0}"
evt-00329868,sess-00193862,add_to_cart,2023-11-29 23:18:25.435375388,3.8.0,"{""stage_rank"":1}"
evt-00012842,sess-00007606,page_view,2026-01-14 22:08:16.239817774,4.4.0,"{""stage_rank"":0}"
evt-00405750,sess-00238520,page_view,2024-12-13 19:20:51.698655337,4.2.0,"{""stage_rank"":0}"
evt-00327401,sess-00192413,page_view,2023-01-08 20:19:20.842976166,3.8.0,"{""stage_rank"":0}"
evt-00418692,sess-00246206,page_view,2025-05-27 17:18:42.188382526,,"{""stage_rank"":0}"
evt-00061208,sess-00035945,page_view,2024-06-17 17:49:40.825880437,4.0.0,"{""stage_rank"":0}"
evt-00958794,sess-00563774,add_to_cart,2023-06-04 22:21:55.249377642,,"{""stage_rank"":1}"
evt-01123282,sess-00660232,add_to_cart,2023-03-17 04:06:53.583271590,,"{""stage_rank"":1}"
evt-00794712,sess-00467088,page_view,2023-12-23 19:49:21.392782657,3.8.0,"{""stage_rank"":0}"
evt-00063200,sess-00037119,add_to_cart,2026-06-03 20:07:56.049557140,4.4.0,"{""stage_rank"":1}"
evt-00611425,sess-00359217,page_view,2026-01-23 21:19:53.769939863,,"{""stage_rank"":0}"
evt-00235191,sess-00138266,page_view,2025-03-31 21:11:25.822407397,4.3.0,"{""stage_rank"":0}"
evt-00204569,sess-00120135,page_view,2024-12-30 18:22:24.405858846,,"{""stage_rank"":0}"
evt-01398527,sess-00821837,page_view,2026-05-18 18:12:55.976730440,,"{""stage_rank"":0}"
evt-01130696,sess-00664605,add_to_cart,2025-07-19 23:49:49.239522269,,"{""stage_rank"":1}"
evt-01165666,sess-00685147,page_view,2023-03-16 20:52:18.937419297,3.8.0,"{""stage_rank"":0}"
evt-00090452,sess-00053159,checkout,2025-10-29 20:27:09.109810954,4.4.0,"{""stage_rank"":2}"
evt-00576576,sess-00338702,add_to_cart,2025-08-31 19:53:05.351733104,4.4.0,"{""stage_rank"":1}"
evt-00633849,sess-00372409,checkout,2025-05-18 17:59:14.843482699,4.3.0,"{""stage_rank"":2}"
evt-01069809,sess-00628817,page_view,2023-03-15 00:42:47.837542494,3.8.0,"{""stage_rank"":0}"
evt-00060902,sess-00035764,page_view,2024-02-16 05:38:58.476430513,4.0.0,"{""stage_rank"":0}"
evt-01549255,sess-00910371,add_to_cart,2023-05-22 18:59:51.396654617,,"{""stage_rank"":1}"
evt-00361441,sess-00212383,page_view,2026-02-13 22:55:49.427476928,,"{""stage_rank"":0}"
evt-00017122,sess-00010136,page_view,2024-12-01 17:19:54.993783241,4.2.0,"{""stage_rank"":0}"
evt-01504984,sess-00884333,page_view,2023-10-14 20:20:33.536445728,,"{""stage_rank"":0}"
evt-00237101,sess-00139389,page_view,2024-05-22 20:58:25.942314876,,"{""stage_rank"":0}"
evt-00116882,sess-00068542,add_to_cart,2026-05-25 14:55:26.951476442,,"{""stage_rank"":1}"
evt-00624736,sess-00367015,page_view,2025-07-26 15:58:04.981804465,4.3.0,"{""stage_rank"":0}"
evt-01285899,sess-00755725,page_view,2026-04-04 17:58:52.395021075,4.4.0,"{""stage_rank"":0}"
evt-00545989,sess-00320798,page_view,2026-02-18 18:37:38.834192714,,"{""stage_rank"":0}"
evt-01419090,sess-00833916,add_to_cart,2023-08-09 17:49:58.192041381,3.8.0,"{""stage_rank"":1}"
evt-00329374,sess-00193578,page_view,2025-09-26 18:46:18.076083542,,"{""stage_rank"":0}"
evt-01647572,sess-00968290,page_view,2023-03-29 23:28:16.506091338,3.8.0,"{""stage_rank"":0}"
evt-01193383,sess-00701412,page_view,2023-01-19 19:28:25.014642800,,"{""stage_rank"":0}"
evt-00937224,sess-00551058,page_view,2024-01-15 16:36:19.793133800,,"{""stage_rank"":0}"
evt-01311020,sess-00770487,page_view,2025-03-17 20:10:25.951277253,4.3.0,"{""stage_rank"":0}"
evt-00843012,sess-00495519,add_to_cart,2023-08-30 20:26:21.616367661,3.8.0,"{""stage_rank"":1}"
evt-01670357,sess-00981544,page_view,2024-06-14 17:30:42.328991447,,"{""stage_rank"":0}"
evt-00104160,sess-00061150,page_view,2024-12-14 21:08:04.765350909,4.2.0,"{""stage_rank"":0}"
evt-01616940,sess-00950206,page_view,2025-08-14 01:51:28.726422476,4.4.0,"{""stage_rank"":0}"
evt-00480707,sess-00282621,add_to_cart,2025-12-23 22:14:07.511565131,4.4.0,"{""stage_rank"":1}"
evt-01222272,sess-00718327,add_to_cart,2023-12-17 19:53:45.592365683,,"{""stage_rank"":1}"
evt-01353551,sess-00795388,page_view,2023-08-11 22:23:02.552602143,,"{""stage_rank"":0}"
evt-00305652,sess-00179510,checkout,2025-06-08 00:43:43.365419112,,"{""stage_rank"":2}"
evt-00118449,sess-00069461,page_view,2024-12-19 20:54:45.703884078,4.2.0,"{""stage_rank"":0}"
evt-01258236,sess-00739524,page_view,2025-08-23 16:12:08.858427928,,"{""stage_rank"":0}"
evt-01182295,sess-00694881,page_view,2023-03-06 21:13:44.438826318,,"{""stage_rank"":0}"
evt-00880494,sess-00517517,purchase,2023-12-05 22:40:22.295453304,,"{""stage_rank"":3}"
evt-01618636,sess-00951270,page_view,2025-08-08 17:13:52.131372556,4.4.0,"{""stage_rank"":0}"
evt-00824607,sess-00484615,add_to_cart,2024-01-20 13:21:32.127716732,,"{""stage_rank"":1}"
evt-01378415,sess-00809939,page_view,2025-12-19 20:48:56.647586972,4.4.0,"{""stage_rank"":0}"
evt-01061689,sess-00624108,add_to_cart,2025-09-30 21:24:28.668826417,4.4.0,"{""stage_rank"":1}"
evt-01628519,sess-00957102,page_view,2023-07-20 17:34:40.578589268,3.8.0,"{""stage_rank"":0}"
evt-00258159,sess-00151736,add_to_cart,2024-01-24 22:54:24.032270646,,"{""stage_rank"":1}"
evt-00008036,sess-00004792,page_view,2025-03-04 23:00:25.572211355,,"{""stage_rank"":0}"
evt-00871087,sess-00511990,page_view,2026-03-18 20:05:29.755277968,4.4.0,"{""stage_rank"":0}"
evt-00441987,sess-00259798,page_view,2024-07-01 22:45:23.740462454,4.0.0,"{""stage_rank"":0}"
evt-01340723,sess-00787844,page_view,2023-07-01 19:54:35.359434842,,"{""stage_rank"":0}"
evt-01370652,sess-00805402,checkout,2025-01-03 22:20:45.731643592,4.2.0,"{""stage_rank"":2}"
evt-01287546,sess-00756706,page_view,2026-06-24 22:56:05.527005393,4.4.0,"{""stage_rank"":0}"
evt-00303779,sess-00178423,page_view,2025-07-27 13:34:10.621409651,,"{""stage_rank"":0}"
evt-00383878,sess-00225668,page_view,2023-01-17 20:26:51.585391058,3.8.0,"{""stage_rank"":0}"
evt-01464249,sess-00860363,page_view,2025-02-20 01:00:28.159737726,4.3.0,"{""stage_rank"":0}"
evt-00742212,sess-00436176,purchase,2023-12-09 20:08:27.604316259,,"{""stage_rank"":3}"
evt-00471385,sess-00277138,page_view,2025-03-06 13:59:31.302337193,,"{""stage_rank"":0}"
evt-01494317,sess-00878019,add_to_cart,2024-05-18 21:55:11.558016505,4.0.0,"{""stage_rank"":1}"
evt-00837753,sess-00492410,add_to_cart,2025-07-22 17:03:43.936637382,,"{""stage_rank"":1}"
evt-00172624,sess-00101384,add_to_cart,2026-04-29 04:14:53.228728222,,"{""stage_rank"":1}"
evt-01445587,sess-00849462,page_view,2023-05-15 18:49:31.096396869,,"{""stage_rank"":0}"
evt-01240316,sess-00728923,add_to_cart,2024-12-15 19:25:35.164603751,,"{""stage_rank"":1}"
evt-01611871,sess-00947205,add_to_cart,2026-02-05 19:12:04.411412944,4.4.0,"{""stage_rank"":1}"
evt-00844646,sess-00496476,page_view,2025-09-05 15:34:51.272756313,4.4.0,"{""stage_rank"":0}"
evt-00505062,sess-00296908,add_to_cart,2025-01-08 21:40:20.772263994,,"{""stage_rank"":1}"
evt-00406854,sess-00239179,page_view,2023-01-19 22:11:35.259435891,3.8.0,"{""stage_rank"":0}"
evt-00295314,sess-00173479,add_to_cart,2023-05-17 18:43:54.911943324,3.8.0,"{""stage_rank"":1}"
evt-01472026,sess-00864947,page_view,2023-10-30 19:28:38.923013886,3.8.0,"{""stage_rank"":0}"
evt-00310120,sess-00182165,add_to_cart,2023-10-08 17:14:39.353798946,3.8.0,"{""stage_rank"":1}"
evt-00214891,sess-00126200,add_to_cart,2026-01-17 15:56:55.296413912,,"{""stage_rank"":1}"
evt-00481377,sess-00283028,page_view,2024-02-06 17:11:21.622035239,4.0.0,"{""stage_rank"":0}"
evt-00935193,sess-00549848,add_to_cart,2023-03-15 16:16:36.434450830,,"{""stage_rank"":1}"
evt-00535252,sess-00314562,page_view,2024-05-18 21:56:40.019184161,,"{""stage_rank"":0}"
evt-00499848,sess-00293886,add_to_cart,2024-04-22 21:46:20.244899803,,"{""stage_rank"":1}"
evt-01494249,sess-00877978,add_to_cart,2023-02-14 18:31:55.952287184,,"{""stage_rank"":1}"
evt-01239333,sess-00728371,add_to_cart,2024-06-06 21:57:41.188773066,4.0.0,"{""stage_rank"":1}"
evt-00642702,sess-00377689,page_view,2025-09-07 22:43:59.224738702,4.4.0,"{""stage_rank"":0}"
evt-00985704,sess-00579690,page_view,2025-07-09 20:38:21.672232428,,"{""stage_rank"":0}"
evt-01455071,sess-00854998,add_to_cart,2026-04-28 19:18:52.034945651,4.4.0,"{""stage_rank"":1}"
evt-01381923,sess-00811987,page_view,2025-12-22 15:58:43.344949647,4.4.0,"{""stage_rank"":0}"
evt-01554383,sess-00913428,page_view,2026-02-17 16:07:17.887370290,4.4.0,"{""stage_rank"":0}"
evt-00331879,sess-00195060,page_view,2026-05-05 23:29:17.040034583,4.4.0,"{""stage_rank"":0}"
evt-01701168,sess-00999605,page_view,2026-03-07 21:02:33.243359106,4.4.0,"{""stage_rank"":0}"
evt-00277422,sess-00163014,page_view,2024-05-07 23:37:16.093260163,,"{""stage_rank"":0}"
evt-00479197,sess-00281750,add_to_cart,2025-05-13 18:16:01.157372538,,"{""stage_rank"":1}"
evt-00053093,sess-00031145,page_view,2023-05-19 13:55:39.887220965,,"{""stage_rank"":0}"
evt-01601968,sess-00941379,page_view,2025-09-27 17:45:04.017353651,,"{""stage_rank"":0}"
evt-01426727,sess-00838433,page_view,2025-07-04 21:07:15.705052261,4.3.0,"{""stage_rank"":0}"
evt-00471969,sess-00277488,page_view,2025-08-22 17:39:38.193635207,,"{""stage_rank"":0}"
evt-00090685,sess-00053294,page_view,2024-12-23 22:50:56.906306802,,"{""stage_rank"":0}"
evt-00795096,sess-00467307,page_view,2026-02-16 23:38:16.830447466,4.4.0,"{""stage_rank"":0}"
evt-01047158,sess-00615570,add_to_cart,2023-04-05 16:53:50.993774605,3.8.0,"{""stage_rank"":1}"
evt-00680568,sess-00399980,page_view,2026-04-28 20:03:43.612640470,4.4.0,"{""stage_rank"":0}"
evt-00777203,sess-00456771,add_to_cart,2025-12-07 17:33:27.067117097,,"{""stage_rank"":1}"
evt-01314136,sess-00772299,add_to_cart,2023-01-08 20:59:45.661174438,3.8.0,"{""stage_rank"":1}"
evt-01432761,sess-00841915,page_view,2023-11-25 02:27:02.818116482,,"{""stage_rank"":0}"
evt-01232100,sess-00724123,page_view,2025-01-28 19:16:53.188887982,,"{""stage_rank"":0}"
evt-00817743,sess-00480606,add_to_cart,2026-06-06 19:33:16.903410045,4.4.0,"{""stage_rank"":1}"
evt-01306010,sess-00767565,page_view,2025-06-25 20:44:05.115047149,,"{""stage_rank"":0}"
evt-01217573,sess-00715555,checkout,2023-10-21 23:12:43.600517264,,"{""stage_rank"":2}"
evt-01453786,sess-00854258,add_to_cart,2023-03-10 16:39:06.411157861,3.8.0,"{""stage_rank"":1}"
evt-01596181,sess-00937980,checkout,2025-02-26 21:33:03.439197712,,"{""stage_rank"":2}"
evt-00520365,sess-00305842,checkout,2024-03-01 21:57:52.206976089,,"{""stage_rank"":2}"
evt-01636682,sess-00961898,checkout,2024-12-15 19:58:11.525692126,,"{""stage_rank"":2}"
evt-01024028,sess-00601978,purchase,2024-08-13 22:45:48.272008042,4.1.0,"{""stage_rank"":3}"
evt-00335738,sess-00197356,page_view,2024-07-30 01:39:51.504551841,,"{""stage_rank"":0}"
evt-01688448,sess-00992119,add_to_cart,2025-02-18 05:44:44.778878191,4.3.0,"{""stage_rank"":1}"
evt-00044352,sess-00026013,page_view,2023-09-04 14:35:19.485222574,,"{""stage_rank"":0}"
evt-01352450,sess-00794743,page_view,2023-05-20 20:36:59.337449116,,"{""stage_rank"":0}"
evt-01386621,sess-00814767,add_to_cart,2024-05-20 01:42:07.993325669,4.0.0,"{""stage_rank"":1}"
evt-01514279,sess-00889833,page_view,2025-11-16 20:01:16.705788860,4.4.0,"{""stage_rank"":0}"
evt-01609697,sess-00945907,checkout,2023-03-07 21:37:46.552969136,,"{""stage_rank"":2}"
evt-01231129,sess-00723554,page_view,2023-08-20 15:09:04.490599598,,"{""stage_rank"":0}"
evt-01066281,sess-00626757,page_view,2024-01-06 18:31:24.371024987,,"{""stage_rank"":0}"
evt-00297412,sess-00174718,page_view,2023-11-10 22:32:57.997877622,,"{""stage_rank"":0}"
evt-01088323,sess-00639752,checkout,2024-04-21 22:55:56.088960287,4.0.0,"{""stage_rank"":2}"
evt-01353939,sess-00795627,checkout,2024-02-23 00:53:54.041996032,,"{""stage_rank"":2}"
evt-00397861,sess-00233873,checkout,2024-08-25 21:46:31.919312053,4.1.0,"{""stage_rank"":2}"
evt-01320606,sess-00776134,page_view,2025-10-27 01:15:18.019361245,,"{""stage_rank"":0}"
evt-00881093,sess-00517875,page_view,2023-01-12 21:45:27.719356962,,"{""stage_rank"":0}"
evt-01567629,sess-00921145,add_to_cart,2025-10-08 21:08:10.990866540,,"{""stage_rank"":1}"
evt-01479660,sess-00869423,page_view,2025-02-24 00:38:26.140694774,,"{""stage_rank"":0}"
evt-00264303,sess-00155343,page_view,2024-10-24 21:23:49.639685695,4.1.0,"{""stage_rank"":0}"
evt-00860496,sess-00505811,checkout,2025-10-22 13:49:47.761664017,,"{""stage_rank"":2}"
evt-00810959,sess-00476598,page_view,2025-07-25 16:49:45.801587782,4.3.0,"{""stage_rank"":0}"
evt-01362507,sess-00800668,page_view,2024-10-06 19:01:40.298166724,,"{""stage_rank"":0}"
evt-00946274,sess-00556420,page_view,2024-10-26 16:48:40.285304499,4.1.0,"{""stage_rank"":0}"
evt-01673009,sess-00983112,page_view,2025-05-23 17:12:47.994515911,,"{""stage_rank"":0}"
evt-00654038,sess-00384438,checkout,2024-06-09 20:05:53.194450919,,"{""stage_rank"":2}"
evt-00629275,sess-00369703,page_view,2025-09-05 17:49:23.776525685,4.4.0,"{""stage_rank"":0}"
evt-00486554,sess-00286068,add_to_cart,2025-02-01 17:49:18.295367944,4.3.0,"{""stage_rank"":1}"
evt-01292657,sess-00759753,page_view,2023-02-04 00:22:18.164951520,3.8.0,"{""stage_rank"":0}"
evt-00995058,sess-00585109,add_to_cart,2026-02-02 22:49:28.162404483,4.4.0,"{""stage_rank"":1}"
evt-00038686,sess-00022724,page_view,2025-02-02 16:08:47.111259540,,"{""stage_rank"":0}"
evt-01377350,sess-00809332,add_to_cart,2025-01-16 17:55:20.173696233,,"{""stage_rank"":1}"
evt-00363047,sess-00213352,page_view,2024-07-15 14:26:53.925374762,,"{""stage_rank"":0}"
evt-00884404,sess-00519837,add_to_cart,2024-07-03 01:18:04.103665476,4.0.0,"{""stage_rank"":1}"
evt-00907999,sess-00533781,page_view,2025-10-09 20:41:03.224189071,4.4.0,"{""stage_rank"":0}"
evt-00507325,sess-00298238,add_to_cart,2025-01-31 16:01:21.926946540,4.2.0,"{""stage_rank"":1}"
evt-00247014,sess-00145245,checkout,2023-05-30 16:41:31.790932612,3.8.0,"{""stage_rank"":2}"
evt-01008487,sess-00592914,add_to_cart,2024-12-30 13:40:11.348769208,4.2.0,"{""stage_rank"":1}"
evt-01374587,sess-00807717,page_view,2026-03-10 17:09:37.646539465,4.4.0,"{""stage_rank"":0}"
evt-00522849,sess-00307251,checkout,2025-06-15 23:57:06.420566219,4.3.0,"{""stage_rank"":2}"
evt-01668427,sess-00980418,add_to_cart,2024-12-20 23:41:17.924934182,,"{""stage_rank"":1}"
evt-00387866,sess-00227965,page_view,2024-07-23 20:24:58.819561973,4.0.0,"{""stage_rank"":0}"
evt-00789575,sess-00464068,page_view,2025-02-06 16:51:50.098890705,,"{""stage_rank"":0}"
evt-01039444,sess-00611033,page_view,2025-09-05 22:37:50.676565474,,"{""stage_rank"":0}"
evt-01498877,sess-00880695,page_view,2025-08-09 17:00:36.507263586,4.4.0,"{""stage_rank"":0}"
evt-00802915,sess-00471892,checkout,2024-08-27 22:09:00.009430449,,"{""stage_rank"":2}"
evt-00650634,sess-00382414,page_view,2024-04-03 16:35:35.784336900,,"{""stage_rank"":0}"
evt-00029121,sess-00017126,page_view,2025-08-25 21:05:20.696388678,4.4.0,"{""stage_rank"":0}"
evt-00095453,sess-00056044,page_view,2025-10-13 17:35:28.921834214,4.4.0,"{""stage_rank"":0}"
evt-00801523,sess-00471084,page_view,2024-10-29 16:13:33.090002994,,"{""stage_rank"":0}"
evt-01143489,sess-00672117,add_to_cart,2025-05-02 18:22:12.859210092,4.3.0,"{""stage_rank"":1}"
evt-00544634,sess-00319986,page_view,2025-05-03 22:27:25.469542265,4.3.0,"{""stage_rank"":0}"
evt-00966331,sess-00568250,page_view,2024-11-10 18:51:47.018031550,4.2.0,"{""stage_rank"":0}"
evt-00443451,sess-00260670,checkout,2023-08-01 14:06:06.920435790,,"{""stage_rank"":2}"
evt-00953137,sess-00560429,page_view,2024-06-25 21:24:38.263494975,,"{""stage_rank"":0}"
evt-00412314,sess-00242425,page_view,2025-03-19 17:11:42.071908932,4.3.0,"{""stage_rank"":0}"
evt-01137355,sess-00668480,page_view,2025-10-14 16:49:44.018601312,4.4.0,"{""stage_rank"":0}"
evt-00161770,sess-00094977,page_view,2024-07-16 19:45:23.661911790,,"{""stage_rank"":0}"
evt-00115147,sess-00067540,page_view,2025-02-26 16:47:13.295368166,,"{""stage_rank"":0}"
evt-01572300,sess-00923898,add_to_cart,2025-07-11 21:15:44.983697800,4.3.0,"{""stage_rank"":1}"
evt-00765909,sess-00450155,add_to_cart,2024-01-17 19:48:13.208532262,,"{""stage_rank"":1}"
evt-01498728,sess-00880613,checkout,2023-02-17 20:55:39.159812559,,"{""stage_rank"":2}"
evt-00411182,sess-00241760,add_to_cart,2023-09-12 21:06:01.847045252,3.8.0,"{""stage_rank"":1}"
evt-01509076,sess-00886759,page_view,2024-01-26 21:01:37.592786059,,"{""stage_rank"":0}"
evt-00009488,sess-00005637,page_view,2025-07-28 11:28:53.671754827,4.3.0,"{""stage_rank"":0}"
evt-00722478,sess-00424600,page_view,2024-05-18 00:04:06.376844876,4.0.0,"{""stage_rank"":0}"
evt-00579981,sess-00340724,checkout,2024-08-08 17:30:08.739044048,,"{""stage_rank"":2}"
evt-01004509,sess-00590601,add_to_cart,2023-06-15 23:01:57.222085157,3.8.0,"{""stage_rank"":1}"
evt-01606372,sess-00943946,add_to_cart,2025-12-23 18:00:06.401429450,,"{""stage_rank"":1}"
evt-00401431,sess-00235990,add_to_cart,2025-05-10 19:51:18.402639000,,"{""stage_rank"":1}"
evt-01359782,sess-00799045,page_view,2025-11-24 17:53:54.209935742,4.4.0,"{""stage_rank"":0}"
evt-01124871,sess-00661179,page_view,2025-09-20 22:57:03.421373714,4.4.0,"{""stage_rank"":0}"
evt-01466283,sess-00861566,add_to_cart,2023-06-30 22:55:40.079640216,,"{""stage_rank"":1}"
evt-00297693,sess-00174882,page_view,2023-08-07 22:22:01.632564398,,"{""stage_rank"":0}"
evt-00680277,sess-00399806,page_view,2024-01-09 22:49:29.800923593,,"{""stage_rank"":0}"
evt-01131413,sess-00665024,add_to_cart,2023-08-18 21:37:27.848020552,3.8.0,"{""stage_rank"":1}"
evt-01019722,sess-00599485,page_view,2025-11-04 21:16:02.005964673,,"{""stage_rank"":0}"
evt-01292620,sess-00759730,add_to_cart,2025-06-16 19:21:54.547412169,4.3.0,"{""stage_rank"":1}"
evt-00361698,sess-00212534,page_view,2025-11-02 14:47:33.682708883,4.4.0,"{""stage_rank"":0}"
evt-01349216,sess-00792845,add_to_cart,2025-09-20 00:44:52.230782616,4.4.0,"{""stage_rank"":1}"
evt-01322669,sess-00777339,page_view,2024-11-23 17:38:21.773759006,4.2.0,"{""stage_rank"":0}"
evt-01268367,sess-00745429,page_view,2023-09-20 23:21:13.934611431,3.8.0,"{""stage_rank"":0}"
evt-01682394,sess-00988567,add_to_cart,2024-08-30 22:48:33.896632943,,"{""stage_rank"":1}"
evt-01283730,sess-00754464,page_view,2023-02-10 23:02:26.900883229,3.8.0,"{""stage_rank"":0}"
evt-00091377,sess-00053716,page_view,2023-05-26 15:51:07.415548284,3.8.0,"{""stage_rank"":0}"
evt-00451336,sess-00265331,add_to_cart,2024-11-15 18:02:36.893802564,,"{""stage_rank"":1}"
evt-01465732,sess-00861234,add_to_cart,2025-10-06 18:58:21.091023290,4.4.0,"{""stage_rank"":1}"
evt-00690428,sess-00405838,page_view,2024-08-16 23:01:38.238982611,4.1.0,"{""stage_rank"":0}"
evt-00126559,sess-00074228,add_to_cart,2025-11-24 12:03:15.937198520,,"{""stage_rank"":1}"
evt-00324534,sess-00190737,page_view,2023-03-01 19:45:47.260698365,,"{""stage_rank"":0}"
evt-00199769,sess-00117320,add_to_cart,2024-05-16 23:08:17.080014410,4.0.0,"{""stage_rank"":1}"
evt-01319633,sess-00775542,page_view,2024-07-21 01:59:53.666902339,4.0.0,"{""stage_rank"":0}"
evt-01018187,sess-00598587,page_view,2023-07-07 20:19:09.820480708,,"{""stage_rank"":0}"
evt-00886253,sess-00520919,add_to_cart,2024-09-27 19:36:06.997504140,4.1.0,"{""stage_rank"":1}"
evt-01483445,sess-00871646,checkout,2023-12-14 02:04:46.649144136,,"{""stage_rank"":2}"
evt-01469737,sess-00863584,add_to_cart,2025-03-15 17:02:40.851223105,4.3.0,"{""stage_rank"":1}"
evt-01077705,sess-00633522,page_view,2023-02-12 20:33:18.291458386,,"{""stage_rank"":0}"
evt-00764876,sess-00449553,page_view,2026-06-18 13:53:31.163907426,4.4.0,"{""stage_rank"":0}"
evt-01305945,sess-00767527,page_view,2023-08-19 18:13:20.401153537,,"{""stage_rank"":0}"
evt-01258579,sess-00739732,page_view,2023-09-26 00:49:26.491937912,3.8.0,"{""stage_rank"":0}"
evt-00110430,sess-00064824,add_to_cart,2025-02-24 14:53:53.147936356,4.3.0,"{""stage_rank"":1}"
evt-01178532,sess-00692718,add_to_cart,2023-09-28 00:12:12.624657641,3.8.0,"{""stage_rank"":1}"
evt-00473141,sess-00278174,page_view,2024-01-17 18:29:48.822987874,,"{""stage_rank"":0}"
evt-01156123,sess-00679574,page_view,2025-11-15 02:34:15.859905029,,"{""stage_rank"":0}"
evt-00346304,sess-00203502,add_to_cart,2026-03-02 00:34:34.000769277,4.4.0,"{""stage_rank"":1}"
evt-00327758,sess-00192632,page_view,2024-12-27 00:52:35.163889729,,"{""stage_rank"":0}"
evt-00188164,sess-00110493,add_to_cart,2023-09-30 15:08:37.776574948,,"{""stage_rank"":1}"
evt-00438785,sess-00257947,checkout,2023-05-20 19:04:33.546823704,,"{""stage_rank"":2}"
evt-00534921,sess-00314362,page_view,2024-03-08 22:08:22.878722618,4.0.0,"{""stage_rank"":0}"
evt-00571094,sess-00335504,page_view,2025-08-02 05:21:21.563816811,,"{""stage_rank"":0}"
evt-00932899,sess-00548505,checkout,2023-04-02 19:52:56.112884469,3.8.0,"{""stage_rank"":2}"
evt-00043276,sess-00025398,add_to_cart,2024-05-20 19:30:33.069082692,4.0.0,"{""stage_rank"":1}"
evt-01245814,sess-00732180,page_view,2025-03-30 21:26:41.902845543,4.3.0,"{""stage_rank"":0}"
evt-00216825,sess-00127348,page_view,2025-11-06 21:19:34.611012071,,"{""stage_rank"":0}"
evt-00348467,sess-00204774,page_view,2024-01-08 20:55:54.123758276,3.8.0,"{""stage_rank"":0}"
evt-01003513,sess-00590020,checkout,2025-01-08 23:08:41.684616753,,"{""stage_rank"":2}"
evt-01493398,sess-00877462,page_view,2024-02-25 14:33:31.803046473,4.0.0,"{""stage_rank"":0}"
evt-01516560,sess-00891151,checkout,2025-06-09 22:30:54.846913491,4.3.0,"{""stage_rank"":2}"
evt-00429734,sess-00252601,page_view,2025-12-17 19:46:09.566065532,4.4.0,"{""stage_rank"":0}"
evt-01475444,sess-00866955,page_view,2024-02-06 16:53:04.036341815,,"{""stage_rank"":0}"
evt-01223136,sess-00718841,page_view,2024-10-05 21:26:35.872772866,,"{""stage_rank"":0}"
evt-01337781,sess-00786146,page_view,2024-06-21 19:09:23.912355491,,"{""stage_rank"":0}"
evt-00314212,sess-00184620,add_to_cart,2024-11-25 20:31:37.043417229,,"{""stage_rank"":1}"
evt-00907560,sess-00533519,page_view,2024-08-09 15:19:23.783767999,,"{""stage_rank"":0}"
evt-00573121,sess-00336690,page_view,2023-04-08 17:30:01.743389396,,"{""stage_rank"":0}"
evt-00756926,sess-00444861,page_view,2024-01-16 21:47:04.767526400,3.8.0,"{""stage_rank"":0}"
evt-01148419,sess-00675004,page_view,2026-02-25 00:55:55.675026854,4.4.0,"{""stage_rank"":0}"
evt-00325243,sess-00191150,page_view,2025-12-06 20:16:39.927877723,4.4.0,"{""stage_rank"":0}"
evt-00059373,sess-00034849,page_view,2025-04-12 21:49:12.735731710,,"{""stage_rank"":0}"
evt-01409573,sess-00828330,add_to_cart,2024-01-30 21:45:25.427998015,3.8.0,"{""stage_rank"":1}"
evt-00984591,sess-00579013,checkout,2025-02-21 23:59:31.807862493,,"{""stage_rank"":2}"
evt-00878578,sess-00516409,add_to_cart,2025-03-07 02:25:45.566932830,,"{""stage_rank"":1}"
evt-00269193,sess-00158210,page_view,2025-10-08 23:49:19.651151508,4.4.0,"{""stage_rank"":0}"
evt-00049019,sess-00028748,page_view,2024-07-16 20:00:37.288698689,4.0.0,"{""stage_rank"":0}"
evt-00019248,sess-00011386,page_view,2024-07-13 18:47:48.621637974,,"{""stage_rank"":0}"
evt-00705080,sess-00414419,page_view,2025-03-20 00:24:59.045361691,4.3.0,"{""stage_rank"":0}"
evt-00569709,sess-00334675,page_view,2023-12-05 18:59:41.989882652,,"{""stage_rank"":0}"
evt-00108740,sess-00063830,purchase,2026-06-05 21:20:00.567756569,,"{""stage_rank"":3}"
evt-00546414,sess-00321052,add_to_cart,2023-08-26 21:07:10.775500130,,"{""stage_rank"":1}"
evt-01523839,sess-00895446,page_view,2023-10-02 18:06:19.947674539,3.8.0,"{""stage_rank"":0}"
evt-00131576,sess-00077173,purchase,2024-03-30 19:04:26.093322476,,"{""stage_rank"":3}"
evt-00640110,sess-00376138,add_to_cart,2023-03-09 18:51:17.711447566,3.8.0,"{""stage_rank"":1}"
evt-00588346,sess-00345709,checkout,2024-03-16 15:35:31.827163943,4.0.0,"{""stage_rank"":2}"
evt-01330086,sess-00781669,checkout,2024-08-13 15:36:41.680699663,4.1.0,"{""stage_rank"":2}"
evt-01613690,sess-00948303,page_view,2023-08-08 03:59:13.466796561,,"{""stage_rank"":0}"
evt-00041050,sess-00024099,page_view,2025-08-11 18:40:32.729323578,,"{""stage_rank"":0}"
evt-01157956,sess-00680637,add_to_cart,2025-09-27 21:37:23.793705332,4.4.0,"{""stage_rank"":1}"
evt-00419831,sess-00246843,page_view,2025-04-02 03:55:59.722766345,,"{""stage_rank"":0}"
evt-01251428,sess-00735497,page_view,2025-11-15 19:17:11.699937697,4.4.0,"{""stage_rank"":0}"
evt-00247369,sess-00145458,page_view,2026-03-09 23:08:22.184143495,,"{""stage_rank"":0}"
evt-00928655,sess-00545997,page_view,2026-06-05 19:29:53.242417320,4.4.0,"{""stage_rank"":0}"
evt-01436166,sess-00843931,add_to_cart,2026-05-02 20:57:53.983129133,4.4.0,"{""stage_rank"":1}"
evt-01667974,sess-00980153,page_view,2023-03-24 17:02:53.721292627,3.8.0,"{""stage_rank"":0}"
evt-00698755,sess-00410723,page_view,2023-07-02 18:55:21.220875861,,"{""stage_rank"":0}"
evt-00267333,sess-00157125,add_to_cart,2024-11-06 19:50:42.128990173,,"{""stage_rank"":1}"
evt-00514919,sess-00302630,add_to_cart,2025-03-13 18:33:16.557956762,,"{""stage_rank"":1}"
evt-01252384,sess-00736071,checkout,2024-02-07 21:12:49.258605384,4.0.0,"{""stage_rank"":2}"
evt-01240321,sess-00728925,add_to_cart,2023-08-07 16:33:35.706863866,3.8.0,"{""stage_rank"":1}"
evt-01407250,sess-00826954,page_view,2024-08-05 22:50:13.339814603,4.1.0,"{""stage_rank"":0}"
evt-00434799,sess-00255596,page_view,2025-05-27 21:20:11.823942570,,"{""stage_rank"":0}"
evt-01350296,sess-00793491,page_view,2026-01-08 22:47:59.443640409,4.4.0,"{""stage_rank"":0}"
evt-00296255,sess-00174043,add_to_cart,2025-11-08 20:11:18.114688637,4.4.0,"{""stage_rank"":1}"
evt-00141787,sess-00083211,page_view,2025-12-29 02:08:29.600613351,4.4.0,"{""stage_rank"":0}"
evt-00150166,sess-00088145,add_to_cart,2025-06-27 19:29:13.268213704,,"{""stage_rank"":1}"
evt-00442535,sess-00260130,page_view,2024-02-08 16:08:37.047895680,4.0.0,"{""stage_rank"":0}"
evt-01682166,sess-00988417,checkout,2025-03-18 17:17:36.215388457,4.3.0,"{""stage_rank"":2}"
evt-00754748,sess-00443590,add_to_cart,2023-04-29 00:58:00.403640360,,"{""stage_rank"":1}"
evt-00297808,sess-00174950,page_view,2026-06-24 16:40:47.310948827,,"{""stage_rank"":0}"
evt-01687126,sess-00991348,page_view,2023-09-27 19:25:00.131653369,3.8.0,"{""stage_rank"":0}"
evt-00764209,sess-00449146,page_view,2026-05-29 22:47:34.758337233,,"{""stage_rank"":0}"
evt-00637612,sess-00374650,add_to_cart,2023-01-07 17:27:35.812358054,3.8.0,"{""stage_rank"":1}"
evt-01619674,sess-00951864,page_view,2024-10-04 19:08:16.490689119,4.1.0,"{""stage_rank"":0}"
evt-00309414,sess-00181752,page_view,2024-10-23 21:46:57.892636622,4.1.0,"{""stage_rank"":0}"
evt-00241243,sess-00141853,add_to_cart,2024-07-13 21:01:36.250913463,,"{""stage_rank"":1}"
evt-00145377,sess-00085321,purchase,2025-03-21 21:00:30.435550982,,"{""stage_rank"":3}"
evt-00061700,sess-00036237,add_to_cart,2024-07-16 20:44:34.007792075,,"{""stage_rank"":1}"
evt-00676591,sess-00397658,add_to_cart,2023-07-08 21:31:28.969249924,3.8.0,"{""stage_rank"":1}"
evt-01053873,sess-00619517,page_view,2024-07-23 00:30:59.940002350,4.0.0,"{""stage_rank"":0}"
evt-00286013,sess-00168035,page_view,2023-12-30 02:29:45.024118432,3.8.0,"{""stage_rank"":0}"
evt-00486989,sess-00286329,checkout,2025-04-17 03:51:27.082657783,,"{""stage_rank"":2}"
evt-01407569,sess-00827145,add_to_cart,2025-12-12 18:53:38.440474490,,"{""stage_rank"":1}"
evt-00805652,sess-00473503,add_to_cart,2023-05-03 15:14:11.923397485,3.8.0,"{""stage_rank"":1}"
evt-00136861,sess-00080296,add_to_cart,2023-08-04 19:41:47.390209441,,"{""stage_rank"":1}"
evt-00428233,sess-00251708,page_view,2026-01-28 18:19:59.390480686,,"{""stage_rank"":0}"
evt-00592694,sess-00348248,add_to_cart,2026-06-16 19:40:19.755274787,4.4.0,"{""stage_rank"":1}"
evt-01585386,sess-00931593,add_to_cart,2025-02-08 17:43:37.334862912,,"{""stage_rank"":1}"
evt-00476760,sess-00280307,page_view,2026-06-11 18:13:22.481068798,4.4.0,"{""stage_rank"":0}"
evt-00046186,sess-00027074,add_to_cart,2025-10-14 18:17:28.789221342,4.4.0,"{""stage_rank"":1}"
evt-00139684,sess-00082008,page_view,2025-02-10 17:13:18.272911968,,"{""stage_rank"":0}"
evt-01138354,sess-00669072,page_view,2025-08-06 00:50:56.513368732,4.4.0,"{""stage_rank"":0}"
evt-00834685,sess-00490581,page_view,2025-12-31 02:17:11.201339658,,"{""stage_rank"":0}"
evt-01580429,sess-00928675,page_view,2023-11-28 19:14:19.921477233,,"{""stage_rank"":0}"
evt-01420294,sess-00834618,purchase,2023-03-27 16:29:13.138230806,,"{""stage_rank"":3}"
evt-00538609,sess-00316500,add_to_cart,2026-02-03 17:29:09.305763738,,"{""stage_rank"":1}"
evt-00365758,sess-00214958,page_view,2023-12-17 18:18:09.390757279,,"{""stage_rank"":0}"
evt-00275507,sess-00161906,add_to_cart,2025-06-07 23:34:30.361736856,4.3.0,"{""stage_rank"":1}"
evt-00099983,sess-00058689,page_view,2025-04-06 19:34:40.163439874,,"{""stage_rank"":0}"
evt-00193652,sess-00113705,page_view,2023-06-15 02:07:09.220254110,3.8.0,"{""stage_rank"":0}"
evt-01112479,sess-00653935,page_view,2025-12-26 01:59:49.782604790,4.4.0,"{""stage_rank"":0}"
evt-00182128,sess-00106951,page_view,2023-09-24 19:46:45.624633453,3.8.0,"{""stage_rank"":0}"
evt-00626323,sess-00367939,page_view,2025-06-05 18:46:07.090151173,,"{""stage_rank"":0}"
evt-00816153,sess-00479674,page_view,2024-08-08 17:40:48.555427808,,"{""stage_rank"":0}"
evt-00423398,sess-00248914,page_view,2026-04-28 23:08:22.828403314,,"{""stage_rank"":0}"
evt-01487603,sess-00874088,page_view,2026-05-10 15:09:16.764702363,,"{""stage_rank"":0}"
evt-01276695,sess-00750324,page_view,2025-02-07 16:58:14.166528266,,"{""stage_rank"":0}"
evt-00681605,sess-00400583,page_view,2026-01-19 13:50:07.275781187,,"{""stage_rank"":0}"
evt-00975345,sess-00573528,add_to_cart,2023-09-16 21:15:17.040648775,3.8.0,"{""stage_rank"":1}"
evt-00405019,sess-00238095,page_view,2025-07-09 20:44:14.579412709,4.3.0,"{""stage_rank"":0}"
evt-01214842,sess-00713928,page_view,2024-04-30 18:18:50.254021038,4.0.0,"{""stage_rank"":0}"
evt-00883553,sess-00519327,add_to_cart,2023-02-02 00:30:47.704786212,,"{""stage_rank"":1}"
evt-00080112,sess-00047101,checkout,2023-08-27 20:21:11.767113254,3.8.0,"{""stage_rank"":2}"
evt-00961805,sess-00565520,add_to_cart,2024-06-01 21:27:55.519137555,,"{""stage_rank"":1}"
evt-01697548,sess-00997474,add_to_cart,2023-12-25 22:17:54.970172889,3.8.0,"{""stage_rank"":1}"
evt-00977769,sess-00574970,page_view,2025-10-16 14:36:38.596101995,,"{""stage_rank"":0}"
evt-00531302,sess-00312190,add_to_cart,2025-02-24 23:35:03.489184668,,"{""stage_rank"":1}"
evt-01128683,sess-00663420,page_view,2025-06-19 23:27:21.262308602,4.3.0,"{""stage_rank"":0}"
evt-01495869,sess-00878945,page_view,2024-12-19 18:22:02.781820497,4.2.0,"{""stage_rank"":0}"
evt-00528186,sess-00310376,add_to_cart,2023-06-07 21:31:28.892634557,,"{""stage_rank"":1}"
evt-00403409,sess-00237140,page_view,2024-03-29 16:30:01.187037940,,"{""stage_rank"":0}"
evt-00133414,sess-00078256,page_view,2025-07-26 20:27:07.653791639,,"{""stage_rank"":0}"
evt-01393003,sess-00818529,page_view,2024-07-08 22:20:57.934168351,,"{""stage_rank"":0}"
evt-00699393,sess-00411097,add_to_cart,2023-07-30 20:43:34.482457699,3.8.0,"{""stage_rank"":1}"
evt-00409448,sess-00240726,page_view,2024-08-23 13:21:38.174910844,,"{""stage_rank"":0}"
evt-00567854,sess-00333583,page_view,2026-02-26 15:41:19.178255798,,"{""stage_rank"":0}"
evt-00350863,sess-00206167,page_view,2023-11-16 19:41:11.409422549,,"{""stage_rank"":0}"
evt-01290836,sess-00758658,add_to_cart,2024-01-24 20:08:17.798996616,,"{""stage_rank"":1}"
evt-00656731,sess-00386013,add_to_cart,2024-07-31 18:13:34.658365861,4.0.0,"{""stage_rank"":1}"
evt-00423128,sess-00248762,checkout,2025-03-22 21:40:31.469713219,4.3.0,"{""stage_rank"":2}"
evt-01215903,sess-00714570,page_view,2026-02-04 04:38:56.243243641,4.4.0,"{""stage_rank"":0}"
evt-00154945,sess-00090966,page_view,2024-06-07 22:36:56.455825788,,"{""stage_rank"":0}"
evt-00070269,sess-00041278,purchase,2025-12-16 22:12:32.221890949,4.4.0,"{""stage_rank"":3}"
evt-01232147,sess-00724149,add_to_cart,2025-09-12 17:46:16.168445645,,"{""stage_rank"":1}"
evt-00578313,sess-00339742,add_to_cart,2024-07-11 20:48:50.483203619,,"{""stage_rank"":1}"
evt-00138745,sess-00081432,page_view,2025-11-30 23:13:23.595823084,,"{""stage_rank"":0}"
evt-01232575,sess-00724399,page_view,2023-12-07 22:11:02.958210442,,"{""stage_rank"":0}"
evt-00052690,sess-00030905,checkout,2025-01-30 16:11:00.368979686,4.2.0,"{""stage_rank"":2}"
evt-01356787,sess-00797306,page_view,2023-07-02 22:37:30.593370784,3.8.0,"{""stage_rank"":0}"
evt-01023205,sess-00601518,add_to_cart,2024-11-11 23:02:17.171014517,,"{""stage_rank"":1}"
evt-00206253,sess-00121117,page_view,2023-03-27 23:30:13.446009505,3.8.0,"{""stage_rank"":0}"
evt-00524692,sess-00308335,page_view,2026-04-10 21:13:31.663184292,4.4.0,"{""stage_rank"":0}"
evt-01675089,sess-00984322,page_view,2026-02-25 22:41:19.846166117,,"{""stage_rank"":0}"
evt-01278162,sess-00751181,add_to_cart,2024-02-21 20:12:27.428869556,,"{""stage_rank"":1}"
evt-01541881,sess-00906057,add_to_cart,2023-03-16 02:28:55.549226792,,"{""stage_rank"":1}"
evt-00468275,sess-00275351,page_view,2026-05-15 20:38:24.296194113,,"{""stage_rank"":0}"
evt-01313359,sess-00771854,page_view,2025-10-21 00:32:03.264835778,,"{""stage_rank"":0}"
evt-01237258,sess-00727141,add_to_cart,2024-08-28 19:03:57.674583638,,"{""stage_rank"":1}"
evt-01066673,sess-00626988,page_view,2023-02-16 19:23:15.149426960,3.8.0,"{""stage_rank"":0}"
evt-00594404,sess-00349223,page_view,2026-02-27 19:21:25.618546521,,"{""stage_rank"":0}"
evt-00608129,sess-00357275,page_view,2026-02-03 19:18:56.903931151,4.4.0,"{""stage_rank"":0}"
evt-00827981,sess-00486559,checkout,2025-08-12 19:19:17.107500139,4.4.0,"{""stage_rank"":2}"
evt-00846843,sess-00497766,add_to_cart,2024-02-15 21:26:02.944643476,4.0.0,"{""stage_rank"":1}"
evt-00449697,sess-00264363,page_view,2024-04-22 01:11:40.536059318,,"{""stage_rank"":0}"
evt-01431683,sess-00841300,page_view,2023-04-14 19:58:43.287341287,,"{""stage_rank"":0}"
evt-01553925,sess-00913153,page_view,2025-10-17 00:15:45.811287660,,"{""stage_rank"":0}"
evt-00553445,sess-00325123,checkout,2024-02-16 00:52:21.107145799,,"{""stage_rank"":2}"
evt-00646113,sess-00379739,checkout,2023-09-15 20:05:44.002280205,,"{""stage_rank"":2}"
evt-00081806,sess-00048080,page_view,2025-01-07 14:56:31.694387025,4.2.0,"{""stage_rank"":0}"
evt-01523971,sess-00895511,add_to_cart,2023-09-08 20:09:28.294493966,3.8.0,"{""stage_rank"":1}"
evt-00842620,sess-00495290,page_view,2025-05-26 14:40:46.464222314,4.3.0,"{""stage_rank"":0}"
evt-00302273,sess-00177560,checkout,2026-06-02 16:14:44.189954530,,"{""stage_rank"":2}"
evt-01348759,sess-00792589,add_to_cart,2026-06-03 15:26:12.232048454,,"{""stage_rank"":1}"
evt-00594021,sess-00349011,page_view,2024-07-10 18:22:55.266765294,,"{""stage_rank"":0}"
evt-01620220,sess-00952182,page_view,2026-04-10 14:38:53.932301871,4.4.0,"{""stage_rank"":0}"
evt-00664769,sess-00390713,page_view,2023-04-17 20:56:23.572695025,3.8.0,"{""stage_rank"":0}"
evt-00639513,sess-00375769,page_view,2024-01-16 17:53:27.801082724,,"{""stage_rank"":0}"
evt-01455298,sess-00855134,add_to_cart,2026-01-21 01:46:04.698739083,4.4.0,"{""stage_rank"":1}"
evt-00707517,sess-00415879,page_view,2024-04-30 21:19:42.310571933,,"{""stage_rank"":0}"
evt-01048895,sess-00616578,add_to_cart,2024-11-21 18:07:55.061907668,,"{""stage_rank"":1}"
evt-01517869,sess-00891930,add_to_cart,2025-08-30 03:10:42.688672919,4.4.0,"{""stage_rank"":1}"
evt-01003736,sess-00590154,purchase,2024-07-25 17:44:48.327183440,,"{""stage_rank"":3}"
evt-00417298,sess-00245376,page_view,2024-05-06 16:41:04.132115704,4.0.0,"{""stage_rank"":0}"
evt-00126984,sess-00074478,checkout,2023-01-23 21:17:08.441587253,,"{""stage_rank"":2}"
evt-00070915,sess-00041661,page_view,2023-07-07 19:03:16.810948157,,"{""stage_rank"":0}"
evt-01090763,sess-00641180,page_view,2024-05-06 21:09:20.485015905,,"{""stage_rank"":0}"
evt-01397856,sess-00821445,page_view,2025-12-21 12:34:34.995838855,4.4.0,"{""stage_rank"":0}"
evt-00360621,sess-00211907,add_to_cart,2025-07-29 15:45:42.953827456,4.3.0,"{""stage_rank"":1}"
evt-00226977,sess-00133368,checkout,2023-09-11 20:27:18.925094530,3.8.0,"{""stage_rank"":2}"
evt-01011361,sess-00594593,add_to_cart,2024-11-27 04:58:23.202220694,4.2.0,"{""stage_rank"":1}"
evt-00935962,sess-00550302,page_view,2024-12-15 22:06:18.378648407,4.2.0,"{""stage_rank"":0}"
evt-00933331,sess-00548767,add_to_cart,2023-05-08 19:27:52.360620444,,"{""stage_rank"":1}"
evt-01545131,sess-00907974,page_view,2024-08-11 22:35:36.184309430,4.1.0,"{""stage_rank"":0}"
evt-00404409,sess-00237723,page_view,2025-12-02 19:04:27.324077760,4.4.0,"{""stage_rank"":0}"
evt-00998842,sess-00587295,add_to_cart,2023-05-23 18:50:43.229937961,3.8.0,"{""stage_rank"":1}"
evt-01602503,sess-00941689,page_view,2025-01-23 20:38:03.836524910,4.2.0,"{""stage_rank"":0}"
evt-01248177,sess-00733606,page_view,2025-11-20 16:32:20.647304995,4.4.0,"{""stage_rank"":0}"
evt-00795495,sess-00467553,add_to_cart,2024-05-06 20:38:03.915982840,4.0.0,"{""stage_rank"":1}"
evt-01242423,sess-00730194,page_view,2025-02-24 18:27:29.151873053,,"{""stage_rank"":0}"
evt-00796808,sess-00468304,add_to_cart,2024-04-13 13:45:54.127256838,4.0.0,"{""stage_rank"":1}"
evt-00143732,sess-00084365,page_view,2024-05-18 20:48:46.114270552,4.0.0,"{""stage_rank"":0}"
evt-00393467,sess-00231257,page_view,2025-05-04 00:53:04.257838101,4.3.0,"{""stage_rank"":0}"
evt-01114369,sess-00655043,purchase,2023-08-30 00:24:02.414454993,,"{""stage_rank"":3}"
evt-00787078,sess-00462566,page_view,2024-11-23 22:27:10.535179027,,"{""stage_rank"":0}"
evt-00434552,sess-00255450,page_view,2024-01-28 23:09:39.143924839,3.8.0,"{""stage_rank"":0}"
evt-00435610,sess-00256077,add_to_cart,2025-07-23 20:48:55.570533204,4.3.0,"{""stage_rank"":1}"
evt-01261233,sess-00741252,add_to_cart,2025-03-29 01:42:10.931375036,,"{""stage_rank"":1}"
evt-01655018,sess-00972661,page_view,2026-04-27 19:26:35.627719074,,"{""stage_rank"":0}"
evt-00120996,sess-00070941,checkout,2026-06-04 21:32:12.572906157,4.4.0,"{""stage_rank"":2}"
evt-01113056,sess-00654268,page_view,2024-03-21 18:36:08.365872931,,"{""stage_rank"":0}"
evt-01043369,sess-00613342,add_to_cart,2023-08-28 12:08:15.735819432,,"{""stage_rank"":1}"
evt-00863340,sess-00507469,page_view,2025-07-02 15:34:42.751971414,,"{""stage_rank"":0}"
evt-01206970,sess-00709332,add_to_cart,2026-02-04 01:40:26.034814441,4.4.0,"{""stage_rank"":1}"
evt-00258272,sess-00151796,page_view,2024-12-10 22:05:56.371031667,,"{""stage_rank"":0}"
evt-01332688,sess-00783160,add_to_cart,2024-08-19 01:22:11.447701787,,"{""stage_rank"":1}"
evt-00187058,sess-00109853,page_view,2025-10-24 21:14:53.584373505,,"{""stage_rank"":0}"
evt-00577417,sess-00339210,page_view,2023-08-02 18:59:13.696226856,,"{""stage_rank"":0}"
evt-00046498,sess-00027250,add_to_cart,2023-10-27 13:36:59.837968157,,"{""stage_rank"":1}"
evt-01237217,sess-00727115,page_view,2024-09-28 13:47:12.115440310,4.1.0,"{""stage_rank"":0}"
evt-01686149,sess-00990785,page_view,2024-06-14 23:07:21.532007196,,"{""stage_rank"":0}"
evt-00323613,sess-00190179,page_view,2024-07-17 01:12:45.210341249,4.0.0,"{""stage_rank"":0}"
evt-00367617,sess-00216064,page_view,2023-12-25 22:54:33.738785575,3.8.0,"{""stage_rank"":0}"
evt-01379906,sess-00810816,page_view,2025-08-05 20:06:53.946481608,,"{""stage_rank"":0}"
evt-00331168,sess-00194629,page_view,2024-02-01 02:01:40.286346274,4.0.0,"{""stage_rank"":0}"
evt-01404690,sess-00825458,page_view,2023-02-17 17:40:09.770039950,3.8.0,"{""stage_rank"":0}"
evt-00847618,sess-00498226,add_to_cart,2025-08-28 15:52:21.029255623,4.4.0,"{""stage_rank"":1}"
evt-01204106,sess-00707665,add_to_cart,2023-11-24 21:12:05.072840145,3.8.0,"{""stage_rank"":1}"
evt-01289197,sess-00757682,page_view,2023-06-21 00:15:10.202389397,,"{""stage_rank"":0}"
evt-00133638,sess-00078391,page_view,2023-07-24 21:20:17.536364424,3.8.0,"{""stage_rank"":0}"
evt-01169292,sess-00687283,add_to_cart,2024-05-09 17:42:49.582846684,4.0.0,"{""stage_rank"":1}"
evt-01534122,sess-00901489,page_view,2024-06-29 21:10:38.081328222,4.0.0,"{""stage_rank"":0}"
evt-00071111,sess-00041777,checkout,2023-05-05 23:52:48.887359934,,"{""stage_rank"":2}"
evt-00772977,sess-00454303,add_to_cart,2025-01-26 14:51:01.379416401,4.2.0,"{""stage_rank"":1}"
evt-01138670,sess-00669252,page_view,2024-02-10 01:25:40.492691575,,"{""stage_rank"":0}"
evt-01521767,sess-00894228,page_view,2023-01-10 15:50:27.203491674,3.8.0,"{""stage_rank"":0}"
evt-01601960,sess-00941374,page_view,2026-01-30 23:39:00.066660108,4.4.0,"{""stage_rank"":0}"
evt-00156256,sess-00091734,add_to_cart,2025-01-15 17:39:09.533766893,,"{""stage_rank"":1}"
evt-01324640,sess-00778478,page_view,2023-08-21 23:23:02.576419032,,"{""stage_rank"":0}"
evt-01135252,sess-00667246,page_view,2024-09-03 21:36:01.885455239,,"{""stage_rank"":0}"
evt-00808093,sess-00474905,page_view,2024-05-06 21:04:37.470499152,4.0.0,"{""stage_rank"":0}"
evt-00634615,sess-00372861,page_view,2023-05-19 22:12:55.098128140,,"{""stage_rank"":0}"
evt-00391102,sess-00229898,page_view,2026-06-09 16:57:50.223094764,4.4.0,"{""stage_rank"":0}"
evt-01082190,sess-00636117,add_to_cart,2026-06-19 14:39:17.558273370,,"{""stage_rank"":1}"
evt-00924218,sess-00543349,purchase,2025-03-22 16:05:26.003868572,,"{""stage_rank"":3}"
evt-01592575,sess-00935854,page_view,2026-01-12 11:08:25.835089262,4.4.0,"{""stage_rank"":0}"
evt-00844253,sess-00496246,add_to_cart,2026-06-19 14:46:52.031005221,,"{""stage_rank"":1}"
evt-01024384,sess-00602189,page_view,2025-02-01 18:07:08.735466317,4.3.0,"{""stage_rank"":0}"
evt-00229275,sess-00134729,page_view,2026-02-25 19:37:10.279454862,4.4.0,"{""stage_rank"":0}"
evt-01593973,sess-00936685,checkout,2025-07-10 19:32:42.701203575,4.3.0,"{""stage_rank"":2}"
evt-01237656,sess-00727369,page_view,2024-06-27 23:14:45.139231796,4.0.0,"{""stage_rank"":0}"
evt-01352541,sess-00794789,page_view,2024-02-05 14:59:37.490456426,,"{""stage_rank"":0}"
evt-01287270,sess-00756539,page_view,2025-07-07 13:52:09.954025843,4.3.0,"{""stage_rank"":0}"
evt-00448389,sess-00263589,page_view,2024-10-17 18:10:03.047442352,,"{""stage_rank"":0}"
evt-00389723,sess-00229066,page_view,2023-06-01 17:14:04.633929374,3.8.0,"{""stage_rank"":0}"
evt-00035927,sess-00021084,page_view,2026-06-27 16:51:39.167735343,4.4.0,"{""stage_rank"":0}"
evt-01579292,sess-00927994,purchase,2025-03-28 17:09:29.982926773,4.3.0,"{""stage_rank"":3}"
evt-00005715,sess-00003424,page_view,2025-08-19 20:36:55.930726530,,"{""stage_rank"":0}"
evt-00841580,sess-00494651,add_to_cart,2025-04-24 21:53:19.931942300,4.3.0,"{""stage_rank"":1}"
evt-00396354,sess-00232962,page_view,2025-04-03 15:41:55.280788000,4.3.0,"{""stage_rank"":0}"
evt-01641281,sess-00964617,add_to_cart,2023-04-13 23:27:45.004515722,3.8.0,"{""stage_rank"":1}"
evt-01115612,sess-00655747,page_view,2024-10-19 20:59:14.640513333,,"{""stage_rank"":0}"
evt-00501590,sess-00294894,page_view,2026-02-27 17:45:14.349054341,4.4.0,"{""stage_rank"":0}"
evt-00097452,sess-00057216,page_view,2024-02-05 18:36:14.981328997,,"{""stage_rank"":0}"
evt-00802475,sess-00471639,add_to_cart,2025-09-22 14:00:07.941249973,,"{""stage_rank"":1}"
evt-01495073,sess-00878464,checkout,2025-04-25 15:17:57.011289449,4.3.0,"{""stage_rank"":2}"
evt-00151025,sess-00088661,page_view,2024-06-14 15:50:49.607536936,4.0.0,"{""stage_rank"":0}"
evt-00990173,sess-00582296,add_to_cart,2023-08-07 22:24:17.680499740,3.8.0,"{""stage_rank"":1}"
evt-00213293,sess-00125236,page_view,2024-05-06 22:18:53.903841405,4.0.0,"{""stage_rank"":0}"
evt-01004099,sess-00590370,checkout,2026-02-11 20:53:08.144425293,4.4.0,"{""stage_rank"":2}"
evt-01563101,sess-00918496,add_to_cart,2023-01-22 22:39:42.646954273,3.8.0,"{""stage_rank"":1}"
evt-00341691,sess-00200810,page_view,2025-10-02 21:11:31.059074969,,"{""stage_rank"":0}"
evt-01303604,sess-00766189,page_view,2025-08-30 16:11:24.802809098,,"{""stage_rank"":0}"
evt-01578425,sess-00927483,page_view,2024-05-30 21:24:18.787615294,4.0.0,"{""stage_rank"":0}"
evt-01609453,sess-00945767,page_view,2024-03-26 00:15:16.869630250,4.0.0,"{""stage_rank"":0}"
evt-00900053,sess-00529077,add_to_cart,2025-11-22 23:18:09.690023260,4.4.0,"{""stage_rank"":1}"
evt-01295618,sess-00761470,add_to_cart,2023-10-18 17:29:13.898175954,,"{""stage_rank"":1}"
evt-01670991,sess-00981908,page_view,2026-03-16 00:04:59.800469582,4.4.0,"{""stage_rank"":0}"
evt-00403562,sess-00237230,page_view,2023-07-06 20:42:30.757457661,,"{""stage_rank"":0}"
evt-00021757,sess-00012858,add_to_cart,2025-12-24 02:59:30.899406237,4.4.0,"{""stage_rank"":1}"
evt-01262336,sess-00741899,page_view,2025-03-08 00:47:02.995031845,,"{""stage_rank"":0}"
evt-00499135,sess-00293477,add_to_cart,2025-03-28 05:22:17.700902081,4.3.0,"{""stage_rank"":1}"
evt-01244189,sess-00731224,page_view,2024-01-18 19:58:47.818738744,,"{""stage_rank"":0}"
evt-00722331,sess-00424515,add_to_cart,2024-02-19 00:41:36.083511231,4.0.0,"{""stage_rank"":1}"
evt-01117661,sess-00656941,page_view,2025-03-22 22:36:58.164749870,4.3.0,"{""stage_rank"":0}"
evt-00709403,sess-00416970,page_view,2025-09-02 22:25:45.568163439,,"{""stage_rank"":0}"
evt-01455095,sess-00855010,page_view,2024-08-31 18:38:40.865578770,4.1.0,"{""stage_rank"":0}"
evt-01626364,sess-00955815,add_to_cart,2023-03-21 20:25:39.337337163,,"{""stage_rank"":1}"
evt-01605537,sess-00943451,page_view,2024-11-06 21:51:27.916389551,,"{""stage_rank"":0}"
evt-00634695,sess-00372911,add_to_cart,2026-05-13 22:46:50.734160701,,"{""stage_rank"":1}"
evt-00120044,sess-00070390,page_view,2025-03-30 13:21:35.126583493,,"{""stage_rank"":0}"
evt-00973321,sess-00572329,add_to_cart,2024-03-30 15:30:58.002731571,4.0.0,"{""stage_rank"":1}"
evt-00105936,sess-00062186,checkout,2026-06-12 17:53:36.529496738,4.4.0,"{""stage_rank"":2}"
evt-01657075,sess-00973851,page_view,2024-07-17 20:27:26.433878229,4.0.0,"{""stage_rank"":0}"
evt-01632935,sess-00959686,checkout,2025-09-08 00:24:04.345353206,,"{""stage_rank"":2}"
evt-00082556,sess-00048514,page_view,2023-09-15 20:06:56.006530904,3.8.0,"{""stage_rank"":0}"
evt-01154081,sess-00678345,page_view,2023-08-26 21:19:43.841512934,,"{""stage_rank"":0}"
evt-00865165,sess-00508538,add_to_cart,2024-12-03 22:27:17.172004739,4.2.0,"{""stage_rank"":1}"
evt-01663850,sess-00977766,purchase,2024-08-07 16:04:19.191570027,,"{""stage_rank"":3}"
evt-00894422,sess-00525726,add_to_cart,2024-11-23 21:14:22.088344299,4.2.0,"{""stage_rank"":1}"
evt-01632897,sess-00959660,page_view,2026-03-04 01:33:47.747662191,,"{""stage_rank"":0}"
evt-00484211,sess-00284667,page_view,2024-08-19 21:38:16.997732955,4.1.0,"{""stage_rank"":0}"
evt-00041772,sess-00024515,page_view,2026-03-29 23:58:59.589858009,4.4.0,"{""stage_rank"":0}"
evt-00434420,sess-00255371,page_view,2026-01-17 18:18:31.752044439,4.4.0,"{""stage_rank"":0}"
evt-01111928,sess-00653610,page_view,2023-12-19 21:30:32.867031877,3.8.0,"{""stage_rank"":0}"
evt-00210270,sess-00123511,page_view,2024-06-08 19:45:03.775403320,,"{""stage_rank"":0}"
evt-01509157,sess-00886806,page_view,2025-05-03 14:37:28.883895063,,"{""stage_rank"":0}"
evt-01377427,sess-00809374,purchase,2025-02-24 19:00:53.737457514,4.3.0,"{""stage_rank"":3}"
evt-00079487,sess-00046716,add_to_cart,2023-06-09 22:28:45.890882507,3.8.0,"{""stage_rank"":1}"
evt-01440654,sess-00846588,page_view,2024-07-26 15:30:59.712611245,,"{""stage_rank"":0}"
evt-01102934,sess-00648352,add_to_cart,2026-05-19 16:30:19.166735854,,"{""stage_rank"":1}"
evt-00742284,sess-00436220,page_view,2026-01-27 21:49:33.431925873,,"{""stage_rank"":0}"
evt-00687308,sess-00403963,add_to_cart,2023-05-06 17:12:38.923385820,,"{""stage_rank"":1}"
evt-00377628,sess-00221968,page_view,2025-06-12 19:48:08.992111931,,"{""stage_rank"":0}"
evt-00316221,sess-00185789,add_to_cart,2024-05-23 17:46:09.192679242,,"{""stage_rank"":1}"
evt-01401022,sess-00823302,checkout,2024-12-25 17:57:50.085061435,4.2.0,"{""stage_rank"":2}"
evt-00355442,sess-00208849,add_to_cart,2025-10-03 21:44:40.574614391,,"{""stage_rank"":1}"
evt-00457937,sess-00269254,page_view,2024-09-16 23:33:34.427916794,4.1.0,"{""stage_rank"":0}"
evt-00590362,sess-00346881,checkout,2023-02-02 17:37:42.249730479,3.8.0,"{""stage_rank"":2}"
evt-01605551,sess-00943457,page_view,2026-06-07 22:00:54.656914591,4.4.0,"{""stage_rank"":0}"
evt-00609749,sess-00358222,page_view,2025-10-16 20:58:34.692128911,4.4.0,"{""stage_rank"":0}"
evt-00529226,sess-00310977,add_to_cart,2023-08-03 16:35:46.137253542,,"{""stage_rank"":1}"
evt-00367272,sess-00215870,page_view,2025-09-02 22:25:41.432646260,,"{""stage_rank"":0}"
evt-00718047,sess-00421967,page_view,2024-12-02 20:14:48.078605404,,"{""stage_rank"":0}"
evt-00287186,sess-00168730,add_to_cart,2023-02-12 18:50:51.942284587,3.8.0,"{""stage_rank"":1}"
evt-00795729,sess-00467700,checkout,2023-05-26 22:40:20.335531853,,"{""stage_rank"":2}"
evt-01357871,sess-00797928,page_view,2024-06-09 21:02:47.568157374,,"{""stage_rank"":0}"
evt-01122837,sess-00659979,add_to_cart,2024-02-22 20:54:07.809674991,4.0.0,"{""stage_rank"":1}"
evt-01649020,sess-00969146,page_view,2023-04-24 05:18:11.647942501,3.8.0,"{""stage_rank"":0}"
evt-01573166,sess-00924400,add_to_cart,2024-02-16 00:32:02.023083390,4.0.0,"{""stage_rank"":1}"
evt-01007366,sess-00592258,page_view,2023-11-10 19:34:28.138019487,3.8.0,"{""stage_rank"":0}"
evt-00806055,sess-00473721,page_view,2024-08-05 00:57:13.279234345,4.1.0,"{""stage_rank"":0}"
evt-00807927,sess-00474804,page_view,2026-01-20 19:57:08.451109828,4.4.0,"{""stage_rank"":0}"
evt-00476111,sess-00279929,add_to_cart,2024-02-25 22:24:10.112700030,4.0.0,"{""stage_rank"":1}"
evt-01629064,sess-00957411,checkout,2023-03-17 17:27:15.476541660,3.8.0,"{""stage_rank"":2}"
evt-00761302,sess-00447430,add_to_cart,2023-12-22 23:34:43.969498603,3.8.0,"{""stage_rank"":1}"
evt-01562059,sess-00917905,page_view,2023-03-29 18:18:59.288121398,3.8.0,"{""stage_rank"":0}"
evt-00557125,sess-00327277,page_view,2024-10-14 21:27:58.606195502,,"{""stage_rank"":0}"
evt-01590690,sess-00934746,add_to_cart,2023-12-17 17:47:18.404335762,,"{""stage_rank"":1}"
evt-00863996,sess-00507856,add_to_cart,2025-11-23 13:09:42.772448679,,"{""stage_rank"":1}"
evt-00966416,sess-00568298,add_to_cart,2023-08-02 18:18:32.195062120,3.8.0,"{""stage_rank"":1}"
evt-01400378,sess-00822926,add_to_cart,2024-09-03 02:39:27.202962687,,"{""stage_rank"":1}"
evt-00067903,sess-00039882,add_to_cart,2025-11-10 20:39:40.224567096,4.4.0,"{""stage_rank"":1}"
evt-01002270,sess-00589279,add_to_cart,2024-05-23 01:42:58.955946448,,"{""stage_rank"":1}"
evt-01195552,sess-00702677,page_view,2026-04-05 22:57:38.374349196,,"{""stage_rank"":0}"
evt-00142332,sess-00083537,checkout,2023-11-24 20:04:25.043612040,3.8.0,"{""stage_rank"":2}"
evt-00511523,sess-00300663,page_view,2025-08-14 17:31:13.014113270,,"{""stage_rank"":0}"
evt-01020459,sess-00599927,add_to_cart,2025-05-29 20:24:26.466942484,,"{""stage_rank"":1}"
evt-01227990,sess-00721705,add_to_cart,2025-12-19 19:05:19.250258208,4.4.0,"{""stage_rank"":1}"
evt-00923417,sess-00542876,page_view,2023-04-07 20:30:14.640722444,,"{""stage_rank"":0}"
evt-00799326,sess-00469760,page_view,2026-06-13 16:59:45.888902667,,"{""stage_rank"":0}"
evt-01276469,sess-00750192,page_view,2024-04-25 18:11:05.056679326,4.0.0,"{""stage_rank"":0}"
evt-01234109,sess-00725307,add_to_cart,2024-01-25 17:38:01.925472068,3.8.0,"{""stage_rank"":1}"
evt-01457585,sess-00856460,checkout,2025-10-17 19:59:53.529500338,,"{""stage_rank"":2}"
evt-00152758,sess-00089672,add_to_cart,2025-08-03 21:01:03.850618623,,"{""stage_rank"":1}"
evt-01208978,sess-00710501,checkout,2023-08-03 19:49:18.845267883,3.8.0,"{""stage_rank"":2}"
evt-00615322,sess-00361481,add_to_cart,2026-04-02 19:54:32.212897041,4.4.0,"{""stage_rank"":1}"
evt-00726377,sess-00426873,checkout,2023-12-17 17:52:53.338858609,3.8.0,"{""stage_rank"":2}"
evt-00521548,sess-00306517,page_view,2024-05-17 18:08:35.532982854,4.0.0,"{""stage_rank"":0}"
evt-01088085,sess-00639611,add_to_cart,2026-06-23 01:02:36.865745567,4.4.0,"{""stage_rank"":1}"
evt-00762281,sess-00448026,add_to_cart,2023-07-01 16:31:24.619391577,,"{""stage_rank"":1}"
evt-01011994,sess-00594965,add_to_cart,2026-03-13 19:24:04.412728704,4.4.0,"{""stage_rank"":1}"
evt-00915612,sess-00538306,page_view,2024-11-21 16:29:15.414991682,,"{""stage_rank"":0}"
evt-00521423,sess-00306444,page_view,2023-04-25 18:17:13.173316489,,"{""stage_rank"":0}"
evt-01465360,sess-00861017,add_to_cart,2026-05-04 22:32:40.277099437,4.4.0,"{""stage_rank"":1}"
evt-00622807,sess-00365875,page_view,2023-02-23 20:20:24.956438439,3.8.0,"{""stage_rank"":0}"
evt-00354405,sess-00208245,page_view,2025-04-21 00:27:55.533483998,,"{""stage_rank"":0}"
evt-00012902,sess-00007644,page_view,2024-02-18 20:26:14.344041882,4.0.0,"{""stage_rank"":0}"
evt-00313222,sess-00184043,add_to_cart,2024-04-12 03:33:51.431028824,4.0.0,"{""stage_rank"":1}"
evt-00675377,sess-00396950,add_to_cart,2024-12-06 23:46:30.704895204,4.2.0,"{""stage_rank"":1}"
evt-00881287,sess-00517987,add_to_cart,2024-05-02 01:01:38.660056880,4.0.0,"{""stage_rank"":1}"
evt-00967699,sess-00569057,page_view,2024-05-29 18:08:52.115317404,4.0.0,"{""stage_rank"":0}"
evt-01215841,sess-00714529,page_view,2025-07-26 00:28:16.289511387,4.3.0,"{""stage_rank"":0}"
evt-01108236,sess-00651448,add_to_cart,2024-03-21 21:34:07.423623222,4.0.0,"{""stage_rank"":1}"
evt-01275267,sess-00749494,page_view,2025-08-17 13:53:43.831462739,4.4.0,"{""stage_rank"":0}"
evt-00750799,sess-00441258,add_to_cart,2023-08-01 18:45:59.088628823,,"{""stage_rank"":1}"
evt-01478348,sess-00868677,page_view,2024-05-07 17:38:04.211082379,,"{""stage_rank"":0}"
evt-00400246,sess-00235267,page_view,2024-01-16 19:12:32.653911868,,"{""stage_rank"":0}"
evt-01001512,sess-00588838,checkout,2026-03-05 22:58:13.564797929,,"{""stage_rank"":2}"
evt-00749256,sess-00440351,page_view,2023-10-27 18:48:32.837119647,3.8.0,"{""stage_rank"":0}"
evt-01229256,sess-00722449,add_to_cart,2024-08-07 13:22:35.709850649,4.1.0,"{""stage_rank"":1}"
evt-01074101,sess-00631378,page_view,2024-04-17 18:49:56.200233137,4.0.0,"{""stage_rank"":0}"
evt-00970207,sess-00570498,add_to_cart,2023-06-25 16:42:00.151982029,3.8.0,"{""stage_rank"":1}"
evt-00783885,sess-00460707,page_view,2025-10-01 22:49:06.528605174,4.4.0,"{""stage_rank"":0}"
evt-00913785,sess-00537238,add_to_cart,2026-01-09 20:57:49.267392699,4.4.0,"{""stage_rank"":1}"
evt-01145747,sess-00673445,page_view,2025-10-26 20:35:32.703415430,4.4.0,"{""stage_rank"":0}"
evt-00088241,sess-00051832,page_view,2025-02-05 00:44:47.053167374,4.3.0,"{""stage_rank"":0}"
evt-00202467,sess-00118881,page_view,2024-04-07 21:05:55.786245989,4.0.0,"{""stage_rank"":0}"
evt-01074868,sess-00631856,page_view,2024-01-24 22:44:06.643185162,,"{""stage_rank"":0}"
evt-00460507,sess-00270775,page_view,2023-08-02 09:45:09.373715903,,"{""stage_rank"":0}"
evt-00599201,sess-00352046,page_view,2026-01-05 19:14:45.641620151,4.4.0,"{""stage_rank"":0}"
evt-00665181,sess-00390974,page_view,2024-04-21 00:31:04.654728512,4.0.0,"{""stage_rank"":0}"
evt-00117814,sess-00069095,page_view,2025-03-01 16:34:42.772625183,4.3.0,"{""stage_rank"":0}"
evt-00170187,sess-00099926,page_view,2023-10-13 23:32:53.944276594,,"{""stage_rank"":0}"
evt-00106680,sess-00062622,add_to_cart,2023-07-08 18:07:13.419547091,3.8.0,"{""stage_rank"":1}"
evt-01149320,sess-00675546,page_view,2026-04-21 22:39:09.684500352,4.4.0,"{""stage_rank"":0}"
evt-00674292,sess-00396318,page_view,2023-08-06 17:29:58.375283697,,"{""stage_rank"":0}"
evt-01021252,sess-00600373,page_view,2026-02-11 17:14:50.009753078,4.4.0,"{""stage_rank"":0}"
evt-00635764,sess-00373536,page_view,2026-04-21 18:51:23.644609506,4.4.0,"{""stage_rank"":0}"
evt-00678326,sess-00398673,page_view,2024-12-02 20:49:37.169136288,4.2.0,"{""stage_rank"":0}"
evt-00834051,sess-00490204,page_view,2024-07-15 16:08:39.807064968,,"{""stage_rank"":0}"
evt-01568068,sess-00921405,checkout,2024-08-01 03:50:03.781754898,4.1.0,"{""stage_rank"":2}"
evt-00422036,sess-00248124,add_to_cart,2023-02-16 20:02:55.367971799,3.8.0,"{""stage_rank"":1}"
evt-01561527,sess-00917591,page_view,2026-04-13 16:59:30.411958964,,"{""stage_rank"":0}"
evt-00344721,sess-00202575,add_to_cart,2025-02-24 17:34:54.064031399,4.3.0,"{""stage_rank"":1}"
evt-00369447,sess-00217144,page_view,2026-01-20 21:31:04.682171584,4.4.0,"{""stage_rank"":0}"
evt-00757546,sess-00445232,checkout,2023-05-09 18:59:31.570013908,,"{""stage_rank"":2}"
evt-00243181,sess-00142984,page_view,2025-05-16 20:40:51.008570721,4.3.0,"{""stage_rank"":0}"
evt-01496286,sess-00879202,page_view,2025-02-22 16:13:55.787681799,4.3.0,"{""stage_rank"":0}"
evt-01049510,sess-00616948,page_view,2024-07-22 22:53:16.578890275,,"{""stage_rank"":0}"
evt-00911711,sess-00536024,add_to_cart,2025-12-14 20:26:18.720307620,,"{""stage_rank"":1}"
evt-00891165,sess-00523795,checkout,2024-07-23 15:33:13.248426810,4.0.0,"{""stage_rank"":2}"
evt-01350951,sess-00793860,checkout,2023-02-16 23:59:25.125901321,,"{""stage_rank"":2}"
evt-00278880,sess-00163845,page_view,2025-09-15 19:03:45.218270116,,"{""stage_rank"":0}"
evt-00189547,sess-00111312,add_to_cart,2025-07-13 15:37:30.861246524,4.3.0,"{""stage_rank"":1}"
evt-00344447,sess-00202409,add_to_cart,2026-05-25 23:48:02.863226598,4.4.0,"{""stage_rank"":1}"
evt-00564330,sess-00331543,page_view,2024-11-25 21:39:02.965095126,4.2.0,"{""stage_rank"":0}"
evt-01417447,sess-00832965,add_to_cart,2023-10-11 19:54:21.384387958,,"{""stage_rank"":1}"
evt-00344512,sess-00202446,purchase,2026-02-06 19:21:30.062027604,,"{""stage_rank"":3}"
evt-00514236,sess-00302241,page_view,2024-07-07 21:00:55.987495646,,"{""stage_rank"":0}"
evt-01027137,sess-00603805,checkout,2024-07-20 19:09:50.204764171,4.0.0,"{""stage_rank"":2}"
evt-01106724,sess-00650561,page_view,2023-04-14 03:30:40.393640544,3.8.0,"{""stage_rank"":0}"
evt-01261648,sess-00741495,page_view,2026-05-03 16:11:10.592807590,4.4.0,"{""stage_rank"":0}"
evt-00052270,sess-00030656,purchase,2024-12-05 16:35:48.761908764,,"{""stage_rank"":3}"
evt-00511417,sess-00300605,page_view,2025-07-28 23:50:01.476952548,4.3.0,"{""stage_rank"":0}"
evt-01590285,sess-00934503,page_view,2025-12-14 19:19:29.978214115,,"{""stage_rank"":0}"
evt-00196487,sess-00115351,page_view,2023-08-04 00:52:41.205163133,3.8.0,"{""stage_rank"":0}"
evt-01452408,sess-00853423,page_view,2025-08-27 18:58:46.798058483,,"{""stage_rank"":0}"
evt-01242894,sess-00730470,page_view,2026-02-07 21:12:33.969458120,4.4.0,"{""stage_rank"":0}"
evt-01373086,sess-00806829,page_view,2024-08-31 22:29:17.965917662,,"{""stage_rank"":0}"
evt-00722257,sess-00424472,add_to_cart,2023-01-04 23:22:09.609577104,,"{""stage_rank"":1}"
evt-00303626,sess-00178329,add_to_cart,2024-01-16 14:58:06.174551035,,"{""stage_rank"":1}"
evt-01453956,sess-00854354,page_view,2025-11-11 23:36:47.144647370,4.4.0,"{""stage_rank"":0}"
evt-00461928,sess-00271609,add_to_cart,2025-11-07 00:45:41.285090670,,"{""stage_rank"":1}"
evt-01372817,sess-00806671,add_to_cart,2023-04-30 14:29:52.393591853,3.8.0,"{""stage_rank"":1}"
evt-00333349,sess-00195895,checkout,2023-11-29 19:23:28.710414054,,"{""stage_rank"":2}"
evt-01243999,sess-00731109,page_view,2023-11-24 19:55:57.291969399,3.8.0,"{""stage_rank"":0}"
evt-01109563,sess-00652217,add_to_cart,2024-11-10 00:54:43.479040535,,"{""stage_rank"":1}"
evt-00248147,sess-00145920,page_view,2023-02-21 15:19:30.378451949,3.8.0,"{""stage_rank"":0}"
evt-01079298,sess-00634451,add_to_cart,2026-01-19 23:27:43.250967031,,"{""stage_rank"":1}"
evt-01195066,sess-00702398,add_to_cart,2026-04-27 10:10:04.818938971,4.4.0,"{""stage_rank"":1}"
evt-00259312,sess-00152421,add_to_cart,2026-05-27 05:17:10.836526686,,"{""stage_rank"":1}"
evt-01177282,sess-00691990,add_to_cart,2025-11-01 18:10:25.719256149,4.4.0,"{""stage_rank"":1}"
evt-01267778,sess-00745080,page_view,2023-12-29 15:03:38.781328611,,"{""stage_rank"":0}"
evt-00484252,sess-00284689,page_view,2023-01-04 23:49:40.575146169,3.8.0,"{""stage_rank"":0}"
evt-00751750,sess-00441819,page_view,2025-04-21 21:59:52.873086093,,"{""stage_rank"":0}"
evt-00288789,sess-00169663,page_view,2023-02-13 23:49:32.809356266,,"{""stage_rank"":0}"
evt-00067691,sess-00039758,page_view,2023-11-25 20:16:06.206772100,3.8.0,"{""stage_rank"":0}"
evt-00668657,sess-00393015,page_view,2026-01-11 17:17:30.015669024,4.4.0,"{""stage_rank"":0}"
evt-01052669,sess-00618810,page_view,2023-08-15 19:55:44.527282897,3.8.0,"{""stage_rank"":0}"
evt-00453170,sess-00266419,add_to_cart,2025-09-04 17:35:35.879537281,,"{""stage_rank"":1}"
evt-01603008,sess-00941971,add_to_cart,2026-01-18 19:37:19.600508193,,"{""stage_rank"":1}"
evt-01582693,sess-00930018,checkout,2026-03-02 14:36:45.483771670,4.4.0,"{""stage_rank"":2}"
evt-01341790,sess-00788485,add_to_cart,2025-11-28 22:18:01.476727816,4.4.0,"{""stage_rank"":1}"
evt-00185044,sess-00108688,page_view,2024-04-13 20:11:32.659990908,4.0.0,"{""stage_rank"":0}"
evt-01097866,sess-00645347,add_to_cart,2023-11-26 03:09:50.475559085,3.8.0,"{""stage_rank"":1}"
evt-01126227,sess-00661943,checkout,2024-09-08 22:41:19.651291883,4.1.0,"{""stage_rank"":2}"
evt-00917301,sess-00539264,add_to_cart,2025-12-09 22:42:29.313503944,,"{""stage_rank"":1}"
evt-00330693,sess-00194346,page_view,2024-08-30 18:35:11.227461320,4.1.0,"{""stage_rank"":0}"
evt-01485992,sess-00873143,checkout,2025-07-28 18:39:59.814723201,4.3.0,"{""stage_rank"":2}"
evt-00209153,sess-00122848,add_to_cart,2026-02-14 23:40:51.680464234,,"{""stage_rank"":1}"
evt-00850623,sess-00499990,page_view,2023-05-17 21:57:15.557511487,,"{""stage_rank"":0}"
evt-01316673,sess-00773800,checkout,2023-02-14 17:07:56.783472069,3.8.0,"{""stage_rank"":2}"
evt-00456548,sess-00268437,add_to_cart,2025-10-28 18:40:57.585772550,,"{""stage_rank"":1}"
evt-01513679,sess-00889484,page_view,2023-07-01 23:19:57.346126187,3.8.0,"{""stage_rank"":0}"
evt-01112318,sess-00653837,page_view,2024-10-02 19:56:21.737000426,,"{""stage_rank"":0}"
evt-00678418,sess-00398731,add_to_cart,2023-05-21 17:10:14.397327894,3.8.0,"{""stage_rank"":1}"
evt-00386846,sess-00227354,add_to_cart,2023-04-17 19:36:55.585014127,3.8.0,"{""stage_rank"":1}"
evt-01574818,sess-00925373,add_to_cart,2024-03-15 17:47:47.918734398,4.0.0,"{""stage_rank"":1}"
evt-00464998,sess-00273427,page_view,2023-11-25 16:53:05.540414987,3.8.0,"{""stage_rank"":0}"
evt-01127145,sess-00662500,page_view,2026-02-21 15:21:48.003373846,4.4.0,"{""stage_rank"":0}"
evt-00909778,sess-00534862,page_view,2025-07-11 20:53:07.130324012,,"{""stage_rank"":0}"
evt-00799522,sess-00469885,page_view,2023-12-20 20:20:04.496842947,,"{""stage_rank"":0}"
evt-01260187,sess-00740659,page_view,2024-01-16 17:02:55.860966552,,"{""stage_rank"":0}"
evt-01298033,sess-00762920,add_to_cart,2023-08-23 17:33:01.197279433,3.8.0,"{""stage_rank"":1}"
evt-00739914,sess-00434854,page_view,2025-02-20 18:42:57.509889241,,"{""stage_rank"":0}"
evt-01504127,sess-00883805,page_view,2023-11-29 18:02:06.648352715,,"{""stage_rank"":0}"
evt-01210401,sess-00711316,page_view,2024-01-02 21:04:46.254800302,3.8.0,"{""stage_rank"":0}"
evt-01283062,sess-00754087,checkout,2026-05-27 16:56:16.575794608,,"{""stage_rank"":2}"
evt-01274661,sess-00749134,page_view,2023-05-16 21:36:44.345935936,3.8.0,"{""stage_rank"":0}"
evt-01605722,sess-00943556,page_view,2025-02-07 21:11:51.175772488,4.3.0,"{""stage_rank"":0}"
evt-01267355,sess-00744839,page_view,2023-08-21 19:54:07.738078029,,"{""stage_rank"":0}"
evt-01528531,sess-00898199,page_view,2024-05-09 17:04:30.192345497,,"{""stage_rank"":0}"
evt-01072689,sess-00630552,page_view,2026-03-30 22:41:43.014287438,4.4.0,"{""stage_rank"":0}"
evt-01373261,sess-00806933,page_view,2023-08-24 00:52:23.133024356,3.8.0,"{""stage_rank"":0}"
evt-00426607,sess-00250768,page_view,2024-01-03 18:01:21.077591700,3.8.0,"{""stage_rank"":0}"
evt-01570034,sess-00922569,page_view,2024-12-17 03:12:04.302792521,,"{""stage_rank"":0}"
evt-00408811,sess-00240340,page_view,2025-06-09 19:45:23.871857434,4.3.0,"{""stage_rank"":0}"
evt-01649236,sess-00969279,page_view,2025-05-13 19:01:15.992642393,4.3.0,"{""stage_rank"":0}"
evt-01556872,sess-00914876,add_to_cart,2023-10-19 17:45:46.939639033,,"{""stage_rank"":1}"
evt-00038482,sess-00022604,add_to_cart,2025-08-01 15:57:46.207339115,4.4.0,"{""stage_rank"":1}"
evt-00224232,sess-00131754,page_view,2025-02-20 22:54:18.347379017,,"{""stage_rank"":0}"
evt-00243272,sess-00143044,page_view,2023-01-18 16:27:08.725951131,,"{""stage_rank"":0}"
evt-00239261,sess-00140667,page_view,2023-10-26 20:20:31.854000538,3.8.0,"{""stage_rank"":0}"
evt-00620246,sess-00364365,page_view,2026-06-19 19:22:35.234961321,4.4.0,"{""stage_rank"":0}"
evt-00850710,sess-00500035,page_view,2025-08-28 00:42:01.722898375,4.4.0,"{""stage_rank"":0}"
evt-00366837,sess-00215610,page_view,2023-12-28 23:29:37.005256738,,"{""stage_rank"":0}"
evt-01559660,sess-00916498,add_to_cart,2023-10-23 04:35:04.021076198,3.8.0,"{""stage_rank"":1}"
evt-01639851,sess-00963787,page_view,2023-11-23 23:41:39.905932808,3.8.0,"{""stage_rank"":0}"
evt-00262139,sess-00154093,checkout,2024-01-31 19:34:54.439554744,,"{""stage_rank"":2}"
evt-00683918,sess-00401911,add_to_cart,2024-02-17 01:18:21.738731384,,"{""stage_rank"":1}"
evt-01692751,sess-00994662,add_to_cart,2026-01-31 17:46:15.074385585,,"{""stage_rank"":1}"
evt-00415949,sess-00244569,page_view,2024-08-14 22:14:39.110215136,4.1.0,"{""stage_rank"":0}"
evt-01476382,sess-00867503,page_view,2026-06-29 19:40:37.434716331,,"{""stage_rank"":0}"
evt-00612534,sess-00359866,add_to_cart,2023-08-27 23:44:01.758837769,,"{""stage_rank"":1}"
evt-01452999,sess-00853792,checkout,2023-08-07 16:17:10.288364245,,"{""stage_rank"":2}"
evt-00787053,sess-00462548,page_view,2023-12-21 17:16:29.187120510,3.8.0,"{""stage_rank"":0}"
evt-01630661,sess-00958341,page_view,2026-01-30 16:24:49.373385784,4.4.0,"{""stage_rank"":0}"
evt-00976750,sess-00574358,page_view,2023-01-07 17:20:31.947551519,,"{""stage_rank"":0}"
evt-00783732,sess-00460611,page_view,2026-01-29 23:32:34.242359285,4.4.0,"{""stage_rank"":0}"
evt-01046747,sess-00615331,page_view,2024-03-16 11:37:35.844200287,4.0.0,"{""stage_rank"":0}"
evt-01369185,sess-00804547,page_view,2023-07-29 18:20:34.165061652,,"{""stage_rank"":0}"
evt-01489576,sess-00875245,checkout,2025-10-05 14:19:10.109181126,4.4.0,"{""stage_rank"":2}"
evt-01042131,sess-00612606,page_view,2025-08-06 14:14:33.004728266,4.4.0,"{""stage_rank"":0}"
evt-00619988,sess-00364208,add_to_cart,2023-07-08 16:30:32.171495201,,"{""stage_rank"":1}"
evt-00887824,sess-00521835,checkout,2023-12-24 15:34:32.663264712,3.8.0,"{""stage_rank"":2}"
evt-00804305,sess-00472715,page_view,2025-08-05 00:39:30.499093366,,"{""stage_rank"":0}"
evt-01056910,sess-00621315,page_view,2023-05-18 02:49:11.268803477,3.8.0,"{""stage_rank"":0}"
evt-01115975,sess-00655956,page_view,2025-04-03 20:15:52.044390460,4.3.0,"{""stage_rank"":0}"
evt-01584672,sess-00931176,add_to_cart,2024-02-22 18:22:58.373764812,,"{""stage_rank"":1}"
evt-00838581,sess-00492883,page_view,2026-06-25 15:13:05.615770556,,"{""stage_rank"":0}"
evt-01296245,sess-00761847,page_view,2025-10-07 14:25:53.481685225,4.4.0,"{""stage_rank"":0}"
evt-00255043,sess-00149901,page_view,2025-10-19 16:53:39.943339096,,"{""stage_rank"":0}"
evt-01572199,sess-00923846,add_to_cart,2024-02-01 14:38:02.011768706,4.0.0,"{""stage_rank"":1}"
evt-00521269,sess-00306356,add_to_cart,2026-01-16 22:56:41.125592341,,"{""stage_rank"":1}"
evt-01674684,sess-00984077,add_to_cart,2025-01-14 23:57:14.652220519,4.2.0,"{""stage_rank"":1}"
evt-00784292,sess-00460947,add_to_cart,2023-02-09 22:18:07.460053233,,"{""stage_rank"":1}"
evt-00229388,sess-00134795,page_view,2024-04-02 19:11:30.285491554,,"{""stage_rank"":0}"
evt-00331984,sess-00195120,page_view,2025-11-11 23:41:02.365218208,,"{""stage_rank"":0}"
evt-00359085,sess-00210997,page_view,2026-06-30 15:17:25.290809352,4.4.0,"{""stage_rank"":0}"
evt-01077884,sess-00633625,page_view,2024-12-14 00:49:22.806463535,4.2.0,"{""stage_rank"":0}"
evt-00904993,sess-00531990,add_to_cart,2023-12-19 23:07:45.547351854,,"{""stage_rank"":1}"
evt-00747135,sess-00439104,page_view,2024-02-29 17:37:21.635595477,,"{""stage_rank"":0}"
evt-00200607,sess-00117800,page_view,2025-10-19 19:26:55.982378435,,"{""stage_rank"":0}"
evt-00909040,sess-00534417,page_view,2025-08-03 20:09:28.392640487,,"{""stage_rank"":0}"
evt-01340497,sess-00787719,page_view,2023-10-18 12:00:49.614716506,,"{""stage_rank"":0}"
evt-00870971,sess-00511913,page_view,2023-07-16 19:36:28.779503869,,"{""stage_rank"":0}"
evt-00883765,sess-00519453,page_view,2025-07-25 22:51:16.999539963,,"{""stage_rank"":0}"
evt-00201858,sess-00118529,add_to_cart,2025-02-15 16:57:58.204033680,,"{""stage_rank"":1}"
evt-00147659,sess-00086695,add_to_cart,2024-03-01 00:27:20.117528819,4.0.0,"{""stage_rank"":1}"
evt-01288678,sess-00757378,add_to_cart,2026-04-19 23:12:49.310217409,4.4.0,"{""stage_rank"":1}"
evt-00020285,sess-00011998,page_view,2024-06-16 17:54:00.253650858,,"{""stage_rank"":0}"
evt-00776844,sess-00456556,checkout,2024-07-04 21:12:45.024481856,4.0.0,"{""stage_rank"":2}"
evt-00342909,sess-00201519,page_view,2025-01-05 18:44:28.026443201,,"{""stage_rank"":0}"
evt-00705700,sess-00414782,page_view,2023-08-11 19:00:21.423459861,,"{""stage_rank"":0}"
evt-00163647,sess-00096092,add_to_cart,2024-08-01 22:46:12.397839154,4.1.0,"{""stage_rank"":1}"
evt-01592934,sess-00936067,add_to_cart,2025-01-04 17:39:52.617818069,4.2.0,"{""stage_rank"":1}"
evt-00779031,sess-00457823,page_view,2025-08-12 18:42:11.212406878,,"{""stage_rank"":0}"
evt-01570178,sess-00922651,page_view,2024-02-13 15:14:17.258747528,4.0.0,"{""stage_rank"":0}"
evt-01257821,sess-00739277,page_view,2025-01-21 22:54:21.732098408,,"{""stage_rank"":0}"
evt-00022799,sess-00013440,checkout,2023-01-07 20:48:43.414867646,,"{""stage_rank"":2}"
evt-00355979,sess-00209162,add_to_cart,2023-05-21 22:36:32.657861627,3.8.0,"{""stage_rank"":1}"
evt-00150593,sess-00088400,page_view,2025-07-13 19:52:13.861476162,,"{""stage_rank"":0}"
evt-00540830,sess-00317788,checkout,2023-06-26 23:43:46.015691166,3.8.0,"{""stage_rank"":2}"
evt-01090065,sess-00640779,page_view,2024-10-14 22:28:20.218350535,,"{""stage_rank"":0}"
evt-00466516,sess-00274337,page_view,2024-01-07 00:03:56.114450601,3.8.0,"{""stage_rank"":0}"
evt-00011086,sess-00006576,add_to_cart,2025-06-15 16:11:18.647295432,,"{""stage_rank"":1}"
evt-00684145,sess-00402061,page_view,2024-01-17 23:07:57.671820341,,"{""stage_rank"":0}"
evt-01418208,sess-00833397,page_view,2024-12-07 21:32:40.999843251,,"{""stage_rank"":0}"
evt-01685904,sess-00990637,add_to_cart,2026-01-18 22:14:22.161308557,,"{""stage_rank"":1}"
evt-00739262,sess-00434479,page_view,2025-12-18 22:31:44.932910919,,"{""stage_rank"":0}"
evt-00831045,sess-00488394,page_view,2024-10-31 00:59:01.628239613,4.1.0,"{""stage_rank"":0}"
evt-00485049,sess-00285172,page_view,2023-06-12 13:39:13.473512954,,"{""stage_rank"":0}"
evt-00577208,sess-00339081,page_view,2023-12-25 23:55:59.394669722,3.8.0,"{""stage_rank"":0}"
evt-01137257,sess-00668422,page_view,2025-08-27 19:26:08.239048321,,"{""stage_rank"":0}"
evt-00916116,sess-00538588,purchase,2024-11-29 20:08:14.210702841,,"{""stage_rank"":3}"
evt-01378769,sess-00810154,page_view,2024-10-02 00:51:45.434721925,,"{""stage_rank"":0}"
evt-00093990,sess-00055195,page_view,2026-01-12 14:50:20.777208991,,"{""stage_rank"":0}"
evt-00499807,sess-00293863,page_view,2025-04-30 22:37:14.141002260,4.3.0,"{""stage_rank"":0}"
evt-00948428,sess-00557664,page_view,2025-02-28 16:59:00.875184829,,"{""stage_rank"":0}"
evt-00728261,sess-00427985,page_view,2024-02-14 19:05:14.212036060,,"{""stage_rank"":0}"
evt-00712197,sess-00418589,page_view,2025-11-11 19:06:44.235965985,4.4.0,"{""stage_rank"":0}"
evt-01375340,sess-00808142,page_view,2023-07-18 16:13:32.519520724,3.8.0,"{""stage_rank"":0}"
evt-01619954,sess-00952025,checkout,2025-01-06 20:08:57.636428659,4.2.0,"{""stage_rank"":2}"
evt-00673625,sess-00395936,add_to_cart,2023-06-23 20:15:24.875492526,,"{""stage_rank"":1}"
evt-00007848,sess-00004675,page_view,2023-12-21 19:04:08.390910239,,"{""stage_rank"":0}"
evt-01271626,sess-00747344,page_view,2025-09-06 16:13:29.886724622,,"{""stage_rank"":0}"
evt-00485823,sess-00285627,checkout,2023-07-30 14:40:27.768554945,3.8.0,"{""stage_rank"":2}"
evt-00189421,sess-00111235,checkout,2026-03-13 17:00:40.698740443,4.4.0,"{""stage_rank"":2}"
evt-01583542,sess-00930528,page_view,2023-07-29 18:58:01.787273755,,"{""stage_rank"":0}"
evt-01284935,sess-00755155,add_to_cart,2024-01-12 20:21:50.101187037,3.8.0,"{""stage_rank"":1}"
evt-01079402,sess-00634505,page_view,2026-03-23 22:14:01.139362736,,"{""stage_rank"":0}"
evt-00966207,sess-00568173,add_to_cart,2024-08-29 19:31:12.775608826,4.1.0,"{""stage_rank"":1}"
evt-00071677,sess-00042120,page_view,2025-11-10 18:00:03.732488772,4.4.0,"{""stage_rank"":0}"
evt-00265231,sess-00155883,page_view,2023-02-09 19:05:48.238676744,3.8.0,"{""stage_rank"":0}"
evt-00662716,sess-00389517,page_view,2024-12-15 16:58:35.081030006,4.2.0,"{""stage_rank"":0}"
evt-00779343,sess-00458020,add_to_cart,2024-04-26 22:06:04.724600435,4.0.0,"{""stage_rank"":1}"
evt-00668678,sess-00393027,purchase,2024-07-16 17:27:34.295876711,4.0.0,"{""stage_rank"":3}"
evt-01088422,sess-00639809,add_to_cart,2025-12-10 21:16:12.878174692,4.4.0,"{""stage_rank"":1}"
evt-00271000,sess-00159270,page_view,2025-12-22 21:58:20.277398825,,"{""stage_rank"":0}"
evt-01219551,sess-00716704,add_to_cart,2025-04-17 20:30:18.743780925,4.3.0,"{""stage_rank"":1}"
evt-00385204,sess-00226425,add_to_cart,2025-07-06 16:25:02.873035408,4.3.0,"{""stage_rank"":1}"
evt-00381369,sess-00224163,page_view,2024-07-25 20:38:42.272442923,4.0.0,"{""stage_rank"":0}"
evt-00513133,sess-00301596,page_view,2026-06-16 18:37:12.003277525,4.4.0,"{""stage_rank"":0}"
evt-00277323,sess-00162958,page_view,2024-01-22 17:12:56.355864842,3.8.0,"{""stage_rank"":0}"
evt-00157106,sess-00092250,page_view,2023-10-11 20:14:03.451886580,3.8.0,"{""stage_rank"":0}"
evt-00291466,sess-00171227,purchase,2025-03-01 21:42:05.293794638,,"{""stage_rank"":3}"
evt-00013990,sess-00008286,page_view,2025-06-24 23:25:37.309600630,4.3.0,"{""stage_rank"":0}"
evt-01009545,sess-00593534,add_to_cart,2023-11-05 17:08:47.505600317,3.8.0,"{""stage_rank"":1}"
evt-00200220,sess-00117574,page_view,2024-01-31 00:15:00.289620344,3.8.0,"{""stage_rank"":0}"
evt-01179591,sess-00693313,add_to_cart,2025-07-03 16:01:36.059428129,,"{""stage_rank"":1}"
evt-00145784,sess-00085564,page_view,2023-08-11 05:47:26.295569048,,"{""stage_rank"":0}"
evt-01012262,sess-00595116,checkout,2024-09-13 21:02:35.997636895,4.1.0,"{""stage_rank"":2}"
evt-01130096,sess-00664244,page_view,2025-07-30 23:27:06.859913376,4.3.0,"{""stage_rank"":0}"
evt-00774147,sess-00455011,page_view,2025-07-05 04:08:53.667778126,,"{""stage_rank"":0}"
evt-00451527,sess-00265441,checkout,2025-10-11 13:36:25.122818599,4.4.0,"{""stage_rank"":2}"
evt-01391074,sess-00817378,page_view,2023-08-01 23:51:43.997056073,,"{""stage_rank"":0}"
evt-00374945,sess-00220395,add_to_cart,2023-07-17 22:34:54.112529797,,"{""stage_rank"":1}"
evt-00025892,sess-00015258,page_view,2025-07-26 18:59:35.258438182,,"{""stage_rank"":0}"
evt-01692513,sess-00994521,page_view,2023-01-17 21:33:32.967767206,3.8.0,"{""stage_rank"":0}"
evt-01690285,sess-00993203,page_view,2024-09-25 17:31:44.048622233,,"{""stage_rank"":0}"
evt-01157188,sess-00680180,purchase,2024-07-16 01:01:01.341877537,4.0.0,"{""stage_rank"":3}"
evt-00902832,sess-00530716,page_view,2023-08-18 17:01:42.323812322,3.8.0,"{""stage_rank"":0}"
evt-00680455,sess-00399913,page_view,2023-06-10 18:28:34.968938677,3.8.0,"{""stage_rank"":0}"
evt-00033202,sess-00019499,page_view,2024-10-06 14:28:45.281227365,,"{""stage_rank"":0}"
evt-00170206,sess-00099935,purchase,2025-05-24 19:53:29.388734118,4.3.0,"{""stage_rank"":3}"
evt-00948642,sess-00557794,add_to_cart,2025-02-17 18:46:15.487925531,4.3.0,"{""stage_rank"":1}"
evt-00384019,sess-00225750,page_view,2026-02-25 01:42:50.553328028,,"{""stage_rank"":0}"
evt-00272989,sess-00160417,page_view,2023-04-09 17:00:04.534504973,,"{""stage_rank"":0}"
evt-01416573,sess-00832445,checkout,2026-06-20 16:13:10.858119922,4.4.0,"{""stage_rank"":2}"
evt-01463757,sess-00860083,page_view,2023-05-10 19:49:51.688376925,3.8.0,"{""stage_rank"":0}"
evt-00618871,sess-00363555,add_to_cart,2026-03-14 04:00:51.770704017,4.4.0,"{""stage_rank"":1}"
evt-01294530,sess-00760849,page_view,2023-01-14 22:06:12.179574619,3.8.0,"{""stage_rank"":0}"
evt-01018759,sess-00598927,add_to_cart,2025-11-28 17:17:01.641267586,,"{""stage_rank"":1}"
evt-01416025,sess-00832126,add_to_cart,2026-03-28 17:18:56.676177509,,"{""stage_rank"":1}"
evt-00689561,sess-00405316,page_view,2023-11-25 18:37:28.882241958,,"{""stage_rank"":0}"
evt-00444818,sess-00261476,add_to_cart,2025-04-01 17:51:48.973297096,,"{""stage_rank"":1}"
evt-01353435,sess-00795312,add_to_cart,2025-08-22 18:45:43.771572275,4.4.0,"{""stage_rank"":1}"
evt-01089533,sess-00640461,add_to_cart,2025-05-09 02:19:55.562557732,,"{""stage_rank"":1}"
evt-00476844,sess-00280357,page_view,2023-03-27 16:15:40.015507639,,"{""stage_rank"":0}"
evt-00666859,sess-00391975,page_view,2025-10-27 03:56:50.606974353,4.4.0,"{""stage_rank"":0}"
evt-01697968,sess-00997731,page_view,2025-01-21 18:52:53.968672712,,"{""stage_rank"":0}"
evt-01428083,sess-00839222,add_to_cart,2024-08-13 18:40:54.615669873,4.1.0,"{""stage_rank"":1}"
evt-01580132,sess-00928493,page_view,2025-08-02 00:44:25.329191291,4.4.0,"{""stage_rank"":0}"
evt-01348016,sess-00792154,page_view,2023-10-07 16:48:04.184671926,,"{""stage_rank"":0}"
evt-01556938,sess-00914920,checkout,2024-05-31 22:25:04.856118872,4.0.0,"{""stage_rank"":2}"
evt-01622698,sess-00953647,checkout,2026-02-14 19:04:32.917076635,4.4.0,"{""stage_rank"":2}"
evt-01254952,sess-00737608,purchase,2024-11-10 17:45:02.945127579,4.2.0,"{""stage_rank"":3}"
evt-00899503,sess-00528756,page_view,2023-04-05 14:31:53.888460542,,"{""stage_rank"":0}"
evt-01500762,sess-00881806,page_view,2026-02-16 22:34:54.137117042,,"{""stage_rank"":0}"
evt-00121686,sess-00071357,page_view,2025-11-13 20:21:01.667898907,4.4.0,"{""stage_rank"":0}"
evt-00736067,sess-00432590,add_to_cart,2025-08-06 03:55:42.770285164,4.4.0,"{""stage_rank"":1}"
evt-00498148,sess-00292904,add_to_cart,2025-02-03 20:09:57.763928813,,"{""stage_rank"":1}"
evt-00663009,sess-00389685,add_to_cart,2024-01-12 20:48:55.414014119,3.8.0,"{""stage_rank"":1}"
evt-00985382,sess-00579498,page_view,2025-06-08 00:27:34.183051432,4.3.0,"{""stage_rank"":0}"
evt-01216499,sess-00714931,page_view,2023-11-16 21:03:46.842530704,,"{""stage_rank"":0}"
evt-01285909,sess-00755733,page_view,2024-08-09 15:49:49.110975161,,"{""stage_rank"":0}"
evt-00437186,sess-00257003,add_to_cart,2025-08-11 16:53:55.764126672,,"{""stage_rank"":1}"
evt-00073283,sess-00043075,page_view,2025-11-23 19:47:10.225457673,4.4.0,"{""stage_rank"":0}"
evt-01094752,sess-00643506,add_to_cart,2025-07-03 16:20:59.942148558,,"{""stage_rank"":1}"
evt-01035055,sess-00608444,page_view,2026-06-19 18:34:08.032070414,,"{""stage_rank"":0}"
evt-00737152,sess-00433249,add_to_cart,2024-07-28 15:00:55.211009377,,"{""stage_rank"":1}"
evt-00165631,sess-00097254,page_view,2025-05-09 20:52:26.086710878,,"{""stage_rank"":0}"
evt-00317853,sess-00186757,page_view,2023-11-03 22:20:33.931972501,,"{""stage_rank"":0}"
evt-00200258,sess-00117599,page_view,2025-06-04 16:03:39.295908868,,"{""stage_rank"":0}"
evt-01452669,sess-00853581,add_to_cart,2025-12-18 21:24:51.275013756,4.4.0,"{""stage_rank"":1}"
evt-01359956,sess-00799148,page_view,2026-03-29 22:21:25.618259628,4.4.0,"{""stage_rank"":0}"
evt-00039300,sess-00023081,add_to_cart,2025-03-19 19:44:46.873551230,,"{""stage_rank"":1}"
evt-00596316,sess-00350338,add_to_cart,2025-09-06 18:12:14.591884915,4.4.0,"{""stage_rank"":1}"
evt-00663008,sess-00389685,page_view,2024-01-12 20:47:38.207560258,3.8.0,"{""stage_rank"":0}"
evt-01023737,sess-00601814,add_to_cart,2025-11-11 00:20:43.133676268,,"{""stage_rank"":1}"
evt-00680214,sess-00399767,add_to_cart,2024-04-15 21:14:16.910612681,,"{""stage_rank"":1}"
evt-00507735,sess-00298481,page_view,2025-03-19 21:07:31.889701496,,"{""stage_rank"":0}"
evt-00787844,sess-00463024,page_view,2023-07-19 16:24:22.830426297,3.8.0,"{""stage_rank"":0}"
evt-00714913,sess-00420159,add_to_cart,2023-01-10 18:44:05.749425436,,"{""stage_rank"":1}"
evt-01297452,sess-00762573,add_to_cart,2026-03-27 20:17:20.661706720,,"{""stage_rank"":1}"
evt-00462490,sess-00271947,page_view,2025-08-01 15:35:38.684635820,4.4.0,"{""stage_rank"":0}"
evt-01157727,sess-00680502,checkout,2024-08-20 00:56:17.764120847,4.1.0,"{""stage_rank"":2}"
evt-01388505,sess-00815868,page_view,2023-07-10 16:22:26.186208355,3.8.0,"{""stage_rank"":0}"
evt-00362308,sess-00212900,checkout,2024-09-20 21:52:52.536087238,4.1.0,"{""stage_rank"":2}"
evt-00813375,sess-00478027,add_to_cart,2025-05-22 19:21:40.113628808,,"{""stage_rank"":1}"
evt-01187706,sess-00698096,checkout,2025-05-31 17:06:10.954760328,4.3.0,"{""stage_rank"":2}"
evt-01158108,sess-00680724,page_view,2024-05-16 16:21:28.046468066,4.0.0,"{""stage_rank"":0}"
evt-00203593,sess-00119552,page_view,2023-07-29 22:05:30.484498573,,"{""stage_rank"":0}"
evt-00078295,sess-00046016,page_view,2023-06-04 21:25:46.206564029,,"{""stage_rank"":0}"
evt-00041280,sess-00024236,page_view,2025-01-07 18:19:04.154157046,4.2.0,"{""stage_rank"":0}"
evt-01054393,sess-00619833,add_to_cart,2023-12-09 20:55:31.511855960,,"{""stage_rank"":1}"
evt-01666255,sess-00979171,page_view,2025-12-21 12:15:58.539793211,,"{""stage_rank"":0}"
evt-01682350,sess-00988541,add_to_cart,2023-01-19 18:09:53.359560055,,"{""stage_rank"":1}"
evt-01523504,sess-00895253,add_to_cart,2023-02-15 23:59:12.024305011,3.8.0,"{""stage_rank"":1}"
evt-00951483,sess-00559490,add_to_cart,2026-02-24 02:25:21.113328835,,"{""stage_rank"":1}"
evt-00009241,sess-00005499,page_view,2023-01-01 01:53:59.839242143,,"{""stage_rank"":0}"
evt-01606140,sess-00943807,page_view,2025-12-22 23:54:37.305181975,4.4.0,"{""stage_rank"":0}"
evt-01643546,sess-00965924,purchase,2024-06-18 22:00:46.292560380,4.0.0,"{""stage_rank"":3}"
evt-01425532,sess-00837734,add_to_cart,2023-04-28 15:56:41.039712218,,"{""stage_rank"":1}"
evt-01584836,sess-00931269,add_to_cart,2025-01-20 21:09:22.675072969,4.2.0,"{""stage_rank"":1}"
evt-00297414,sess-00174719,add_to_cart,2023-05-24 02:53:49.539136918,,"{""stage_rank"":1}"
evt-01241517,sess-00729645,page_view,2025-01-30 15:46:03.929913119,,"{""stage_rank"":0}"
evt-00809978,sess-00476010,page_view,2023-01-13 19:22:35.230506146,3.8.0,"{""stage_rank"":0}"
evt-00002846,sess-00001696,page_view,2023-09-07 19:19:34.407188772,3.8.0,"{""stage_rank"":0}"
evt-00927556,sess-00545340,add_to_cart,2025-03-14 21:21:50.112393968,,"{""stage_rank"":1}"
evt-00895061,sess-00526101,add_to_cart,2025-05-14 23:09:05.179391017,,"{""stage_rank"":1}"
evt-01229443,sess-00722569,page_view,2026-03-29 11:33:16.630369036,4.4.0,"{""stage_rank"":0}"
evt-00964500,sess-00567173,add_to_cart,2024-05-28 15:39:31.896463976,4.0.0,"{""stage_rank"":1}"
evt-00285981,sess-00168014,add_to_cart,2025-12-14 23:03:14.977723786,4.4.0,"{""stage_rank"":1}"
evt-01202520,sess-00706765,page_view,2023-09-19 16:21:49.932659797,,"{""stage_rank"":0}"
evt-00021921,sess-00012947,page_view,2023-02-17 19:31:34.607796026,3.8.0,"{""stage_rank"":0}"
evt-01254033,sess-00737062,page_view,2024-01-24 15:15:41.964403456,3.8.0,"{""stage_rank"":0}"
evt-00793665,sess-00466480,add_to_cart,2025-10-09 01:37:18.125190943,4.4.0,"{""stage_rank"":1}"
evt-00770142,sess-00452638,page_view,2024-06-24 21:38:33.593504477,,"{""stage_rank"":0}"
evt-01000685,sess-00588375,page_view,2024-07-01 21:06:28.970960040,4.0.0,"{""stage_rank"":0}"
evt-01000980,sess-00588534,purchase,2026-01-18 07:00:43.235007669,,"{""stage_rank"":3}"
evt-00698543,sess-00410592,page_view,2026-02-03 20:54:49.927806062,,"{""stage_rank"":0}"
evt-01698158,sess-00997845,add_to_cart,2025-08-08 14:11:40.179820131,4.4.0,"{""stage_rank"":1}"
evt-00478680,sess-00281443,page_view,2024-09-04 15:52:42.422863659,4.1.0,"{""stage_rank"":0}"
evt-01294621,sess-00760903,page_view,2023-10-14 12:42:19.636200380,,"{""stage_rank"":0}"
evt-01099063,sess-00646060,add_to_cart,2023-07-06 21:15:41.898268476,,"{""stage_rank"":1}"
evt-00890508,sess-00523415,add_to_cart,2024-09-12 21:44:15.460744622,,"{""stage_rank"":1}"
evt-00306058,sess-00179750,add_to_cart,2024-02-11 12:48:22.528680242,,"{""stage_rank"":1}"
evt-01089714,sess-00640568,page_view,2023-07-21 22:26:04.437826077,,"{""stage_rank"":0}"
evt-00812355,sess-00477417,add_to_cart,2025-03-12 19:26:08.300175150,,"{""stage_rank"":1}"
evt-00693372,sess-00407545,page_view,2025-01-02 19:29:34.410987513,4.2.0,"{""stage_rank"":0}"
evt-01029282,sess-00605059,add_to_cart,2023-08-02 02:16:15.489698456,3.8.0,"{""stage_rank"":1}"
evt-00083555,sess-00049091,checkout,2023-10-16 15:24:34.445936775,3.8.0,"{""stage_rank"":2}"
evt-00014022,sess-00008304,page_view,2025-10-16 21:20:54.967045555,,"{""stage_rank"":0}"
evt-00088737,sess-00052137,page_view,2025-12-25 18:37:57.052082826,4.4.0,"{""stage_rank"":0}"
evt-00838928,sess-00493095,page_view,2024-06-08 23:40:35.415052453,4.0.0,"{""stage_rank"":0}"
evt-00030825,sess-00018096,add_to_cart,2024-10-29 19:23:28.217151776,,"{""stage_rank"":1}"
evt-00679105,sess-00399129,page_view,2025-10-09 17:57:36.719765274,4.4.0,"{""stage_rank"":0}"
evt-01188667,sess-00698636,page_view,2023-08-26 16:49:35.388945897,3.8.0,"{""stage_rank"":0}"
evt-00497063,sess-00292266,page_view,2024-08-01 17:45:30.209356096,4.1.0,"{""stage_rank"":0}"
evt-00526874,sess-00309613,page_view,2026-06-11 15:50:27.783327175,,"{""stage_rank"":0}"
evt-00568895,sess-00334201,add_to_cart,2025-06-21 01:39:16.604587740,4.3.0,"{""stage_rank"":1}"
evt-01093639,sess-00642859,add_to_cart,2024-02-16 21:02:47.962189803,,"{""stage_rank"":1}"
evt-01701785,sess-00999950,add_to_cart,2025-06-16 19:23:23.859607553,4.3.0,"{""stage_rank"":1}"
evt-00079128,sess-00046508,page_view,2023-06-19 22:57:49.880172339,3.8.0,"{""stage_rank"":0}"
evt-00442609,sess-00260183,add_to_cart,2024-10-26 15:34:41.488837076,,"{""stage_rank"":1}"
evt-00131816,sess-00077324,add_to_cart,2026-01-14 00:05:03.192982046,,"{""stage_rank"":1}"
evt-00074195,sess-00043611,page_view,2025-08-20 14:17:20.723140897,4.4.0,"{""stage_rank"":0}"
evt-01419090,sess-00833916,add_to_cart,2023-08-09 17:49:58.192041381,3.8.0,"{""stage_rank"":1}"
evt-00150560,sess-00088381,page_view,2025-01-15 16:17:22.490682565,4.2.0,"{""stage_rank"":0}"
evt-00868768,sess-00510642,add_to_cart,2023-02-24 18:01:26.503131277,,"{""stage_rank"":1}"
evt-01484054,sess-00872005,page_view,2024-05-03 20:35:55.494585564,,"{""stage_rank"":0}"
evt-00084371,sess-00049574,add_to_cart,2024-07-16 23:50:55.406528903,,"{""stage_rank"":1}"
evt-00947203,sess-00556970,add_to_cart,2025-04-01 21:22:54.643764572,4.3.0,"{""stage_rank"":1}"
evt-01107010,sess-00650731,page_view,2026-06-08 20:13:18.106765618,4.4.0,"{""stage_rank"":0}"
evt-00455240,sess-00267659,add_to_cart,2025-02-20 15:54:36.140370195,4.3.0,"{""stage_rank"":1}"
evt-00034708,sess-00020364,purchase,2026-03-24 13:02:28.399847266,,"{""stage_rank"":3}"
evt-00848336,sess-00498646,page_view,2024-12-04 12:39:26.151146439,,"{""stage_rank"":0}"
evt-01247353,sess-00733110,add_to_cart,2025-12-29 18:51:40.338422688,4.4.0,"{""stage_rank"":1}"
evt-00488191,sess-00287023,add_to_cart,2023-07-12 18:39:31.226832852,,"{""stage_rank"":1}"
evt-00855683,sess-00502973,checkout,2025-10-24 23:27:48.866645113,,"{""stage_rank"":2}"
evt-00034683,sess-00020353,page_view,2024-04-06 20:24:19.490647356,4.0.0,"{""stage_rank"":0}"
evt-00570107,sess-00334917,page_view,2024-05-26 21:18:40.798326124,4.0.0,"{""stage_rank"":0}"
evt-00722666,sess-00424710,page_view,2023-05-01 16:13:50.118355083,,"{""stage_rank"":0}"
evt-00185317,sess-00108839,add_to_cart,2026-04-12 21:53:24.940134518,,"{""stage_rank"":1}"
evt-00336324,sess-00197681,page_view,2025-10-13 03:21:22.055509254,4.4.0,"{""stage_rank"":0}"
evt-00978053,sess-00575142,page_view,2024-01-26 19:17:16.274962747,3.8.0,"{""stage_rank"":0}"
evt-00230329,sess-00135345,add_to_cart,2024-03-05 21:42:08.913564198,4.0.0,"{""stage_rank"":1}"
evt-00178733,sess-00104924,add_to_cart,2024-01-14 01:40:26.017009043,3.8.0,"{""stage_rank"":1}"
evt-01276928,sess-00750470,page_view,2023-05-25 18:39:35.683457814,3.8.0,"{""stage_rank"":0}"
evt-01435069,sess-00843273,page_view,2025-09-10 00:59:01.027884213,4.4.0,"{""stage_rank"":0}"
evt-01566559,sess-00920503,page_view,2026-06-08 19:09:17.029513803,,"{""stage_rank"":0}"
evt-00288219,sess-00169324,page_view,2023-08-09 20:22:05.993095782,,"{""stage_rank"":0}"
evt-01459074,sess-00857331,checkout,2023-01-10 21:20:12.589496026,,"{""stage_rank"":2}"
evt-01125692,sess-00661643,page_view,2025-02-17 17:27:52.183085450,,"{""stage_rank"":0}"
evt-00865897,sess-00508959,page_view,2026-04-10 18:49:37.717697859,4.4.0,"{""stage_rank"":0}"
evt-00955180,sess-00561645,checkout,2024-08-15 02:08:38.470326711,4.1.0,"{""stage_rank"":2}"
evt-01434442,sess-00842917,add_to_cart,2026-06-15 22:38:33.294906175,,"{""stage_rank"":1}"
evt-00789362,sess-00463943,add_to_cart,2024-01-11 23:21:58.008778159,3.8.0,"{""stage_rank"":1}"
evt-00843111,sess-00495577,checkout,2026-06-22 15:20:20.104831753,,"{""stage_rank"":2}"
evt-00979686,sess-00576127,add_to_cart,2023-09-16 18:58:29.755736979,3.8.0,"{""stage_rank"":1}"
evt-01374604,sess-00807726,page_view,2025-08-15 21:40:43.722930740,4.4.0,"{""stage_rank"":0}"
evt-00259840,sess-00152745,page_view,2024-07-09 22:49:26.123758479,,"{""stage_rank"":0}"
evt-01348770,sess-00792595,add_to_cart,2023-06-14 20:31:03.658223365,3.8.0,"{""stage_rank"":1}"
evt-01125296,sess-00661418,page_view,2025-09-06 01:18:06.275770511,,"{""stage_rank"":0}"
evt-01311104,sess-00770531,add_to_cart,2025-06-06 17:46:35.718224012,4.3.0,"{""stage_rank"":1}"
evt-00012865,sess-00007621,page_view,2025-11-18 21:23:58.712115831,,"{""stage_rank"":0}"
evt-00920000,sess-00540819,add_to_cart,2025-02-24 14:40:33.479000845,4.3.0,"{""stage_rank"":1}"
evt-01351766,sess-00794336,add_to_cart,2023-08-11 20:38:44.776397101,,"{""stage_rank"":1}"
evt-01218554,sess-00716122,page_view,2025-01-31 20:31:41.471376313,,"{""stage_rank"":0}"
evt-00462433,sess-00271908,page_view,2023-06-21 20:36:15.523200178,,"{""stage_rank"":0}"
evt-00315256,sess-00185225,page_view,2025-07-21 20:38:39.778029998,,"{""stage_rank"":0}"
evt-00435052,sess-00255753,add_to_cart,2023-07-09 19:54:23.732941863,,"{""stage_rank"":1}"
evt-00223892,sess-00131547,checkout,2024-08-28 00:37:26.221088954,4.1.0,"{""stage_rank"":2}"
evt-00673144,sess-00395647,page_view,2023-05-11 00:54:17.015948075,,"{""stage_rank"":0}"
evt-01487511,sess-00874036,page_view,2023-06-30 01:32:53.113092916,3.8.0,"{""stage_rank"":0}"
evt-00719533,sess-00422842,page_view,2023-07-10 16:08:45.888975921,,"{""stage_rank"":0}"
evt-00829415,sess-00487411,page_view,2025-01-17 04:01:21.975129484,4.2.0,"{""stage_rank"":0}"
evt-01564122,sess-00919089,checkout,2025-07-06 15:32:34.997727272,,"{""stage_rank"":2}"
evt-01134089,sess-00666565,page_view,2024-02-12 17:03:40.406714960,4.0.0,"{""stage_rank"":0}"
evt-00273495,sess-00160702,purchase,2024-04-05 20:02:32.142964312,4.0.0,"{""stage_rank"":3}"
evt-00338040,sess-00198679,page_view,2024-12-31 16:27:14.460666327,4.2.0,"{""stage_rank"":0}"
evt-00425659,sess-00250216,page_view,2025-05-15 22:44:45.239710449,,"{""stage_rank"":0}"
evt-01603779,sess-00942420,page_view,2025-02-07 23:22:39.086342518,4.3.0,"{""stage_rank"":0}"
evt-01281411,sess-00753088,page_view,2025-05-10 20:56:02.115437121,4.3.0,"{""stage_rank"":0}"
evt-00855274,sess-00502739,checkout,2026-01-29 15:06:41.889749610,,"{""stage_rank"":2}"
evt-01091557,sess-00641634,add_to_cart,2026-03-14 12:30:14.443502332,,"{""stage_rank"":1}"
evt-01045038,sess-00614332,page_view,2026-04-04 17:16:40.249047948,,"{""stage_rank"":0}"
evt-00990847,sess-00582686,page_view,2023-02-09 22:36:44.453612688,3.8.0,"{""stage_rank"":0}"
evt-01362002,sess-00800369,add_to_cart,2024-10-02 18:54:50.116324030,,"{""stage_rank"":1}"
evt-00804243,sess-00472677,page_view,2024-09-28 20:02:52.403671016,4.1.0,"{""stage_rank"":0}"
evt-00935461,sess-00550002,add_to_cart,2025-05-15 20:10:32.371168138,,"{""stage_rank"":1}"
evt-00324888,sess-00190951,checkout,2023-12-18 19:10:38.166051924,3.8.0,"{""stage_rank"":2}"
evt-00678338,sess-00398681,page_view,2025-02-27 16:10:14.526628811,,"{""stage_rank"":0}"
evt-01603432,sess-00942222,page_view,2024-10-08 17:14:44.189064896,,"{""stage_rank"":0}"
evt-01542984,sess-00906696,add_to_cart,2024-10-12 18:20:56.191609611,,"{""stage_rank"":1}"
evt-00248323,sess-00146024,page_view,2026-04-01 13:13:21.325522002,4.4.0,"{""stage_rank"":0}"
evt-00185816,sess-00109127,add_to_cart,2023-02-04 21:20:43.819207040,,"{""stage_rank"":1}"
evt-00587579,sess-00345245,add_to_cart,2023-05-25 22:47:48.931901275,3.8.0,"{""stage_rank"":1}"
evt-00222366,sess-00130619,page_view,2024-07-02 16:11:47.740263536,4.0.0,"{""stage_rank"":0}"
evt-00046682,sess-00027361,add_to_cart,2023-02-26 18:52:44.970871282,3.8.0,"{""stage_rank"":1}"
evt-01229297,sess-00722479,page_view,2026-05-17 19:36:50.662856638,4.4.0,"{""stage_rank"":0}"
evt-00269541,sess-00158413,page_view,2024-01-26 18:49:38.697775832,,"{""stage_rank"":0}"
evt-01637916,sess-00962634,page_view,2023-08-10 10:56:31.749603254,,"{""stage_rank"":0}"
evt-00527213,sess-00309809,add_to_cart,2025-11-17 17:12:48.856767289,4.4.0,"{""stage_rank"":1}"
evt-00770710,sess-00452968,page_view,2025-02-07 18:42:06.529949296,4.3.0,"{""stage_rank"":0}"
evt-01610925,sess-00946651,checkout,2023-08-04 19:49:04.002119351,,"{""stage_rank"":2}"
evt-00356234,sess-00209317,page_view,2025-12-07 18:39:30.050927890,4.4.0,"{""stage_rank"":0}"
evt-01472074,sess-00864971,checkout,2024-04-04 16:44:39.002236524,4.0.0,"{""stage_rank"":2}"
evt-00632094,sess-00371362,add_to_cart,2023-02-03 18:27:15.094768581,,"{""stage_rank"":1}"
evt-00266964,sess-00156915,checkout,2024-03-25 01:20:27.012361904,4.0.0,"{""stage_rank"":2}"
evt-00240942,sess-00141675,page_view,2025-02-21 18:13:42.502921993,,"{""stage_rank"":0}"
evt-01676672,sess-00985233,checkout,2023-04-20 20:57:47.900610406,,"{""stage_rank"":2}"
evt-00228554,sess-00134290,add_to_cart,2025-05-02 22:26:14.729755844,,"{""stage_rank"":1}"
evt-01584151,sess-00930873,page_view,2023-09-08 17:08:13.645112238,3.8.0,"{""stage_rank"":0}"
evt-01513844,sess-00889582,add_to_cart,2025-07-14 17:36:00.897083651,,"{""stage_rank"":1}"
evt-00928148,sess-00545690,add_to_cart,2025-07-11 18:09:49.864689031,4.3.0,"{""stage_rank"":1}"
evt-00636019,sess-00373692,page_view,2026-02-21 00:25:47.511648598,4.4.0,"{""stage_rank"":0}"
evt-01312438,sess-00771321,checkout,2023-06-21 02:32:22.560636034,,"{""stage_rank"":2}"
evt-01128183,sess-00663109,page_view,2023-12-04 20:44:07.143377043,3.8.0,"{""stage_rank"":0}"
evt-01108092,sess-00651367,page_view,2025-04-13 20:29:37.352087533,,"{""stage_rank"":0}"
evt-01603111,sess-00942031,purchase,2024-07-26 00:11:08.338182507,,"{""stage_rank"":3}"
evt-00438568,sess-00257826,page_view,2025-01-03 20:46:30.880977250,,"{""stage_rank"":0}"
evt-00957853,sess-00563207,add_to_cart,2023-09-08 21:48:43.796642307,3.8.0,"{""stage_rank"":1}"
evt-00679093,sess-00399119,page_view,2024-06-20 19:08:23.990631821,4.0.0,"{""stage_rank"":0}"
evt-00705370,sess-00414586,add_to_cart,2024-08-17 18:02:26.259755994,4.1.0,"{""stage_rank"":1}"
evt-00883391,sess-00519236,page_view,2025-10-21 00:17:58.381067930,,"{""stage_rank"":0}"
evt-00761797,sess-00447738,page_view,2026-03-16 22:41:54.360823197,,"{""stage_rank"":0}"
evt-00011329,sess-00006719,page_view,2025-10-09 18:44:04.171955012,4.4.0,"{""stage_rank"":0}"
evt-00554358,sess-00325672,page_view,2025-03-02 19:31:42.479483093,,"{""stage_rank"":0}"
evt-00597987,sess-00351331,checkout,2025-10-04 19:36:39.067970263,,"{""stage_rank"":2}"
evt-01447416,sess-00850541,add_to_cart,2024-12-13 20:01:33.474689538,,"{""stage_rank"":1}"
evt-00460550,sess-00270801,checkout,2025-01-29 14:17:32.149885500,,"{""stage_rank"":2}"
evt-00545696,sess-00320628,page_view,2023-01-12 14:09:54.705066598,3.8.0,"{""stage_rank"":0}"
evt-01280287,sess-00752406,page_view,2024-02-08 20:02:15.650921786,,"{""stage_rank"":0}"
evt-01520093,sess-00893256,page_view,2023-11-24 16:15:49.677438464,3.8.0,"{""stage_rank"":0}"
evt-00346348,sess-00203529,checkout,2025-11-23 23:48:28.840170684,4.4.0,"{""stage_rank"":2}"
evt-00701632,sess-00412397,page_view,2026-01-21 18:38:18.279734504,,"{""stage_rank"":0}"
evt-00496766,sess-00292095,page_view,2023-09-25 21:17:30.370341223,,"{""stage_rank"":0}"
evt-00833314,sess-00489771,page_view,2025-06-27 20:54:31.181401932,4.3.0,"{""stage_rank"":0}"
evt-00915638,sess-00538321,add_to_cart,2024-05-21 23:29:06.594780418,4.0.0,"{""stage_rank"":1}"
evt-01262969,sess-00742273,page_view,2026-01-03 16:55:12.301529443,4.4.0,"{""stage_rank"":0}"
evt-00178002,sess-00104482,page_view,2023-11-04 00:07:18.035631812,,"{""stage_rank"":0}"
evt-01475040,sess-00866724,checkout,2025-05-24 20:50:29.152206433,4.3.0,"{""stage_rank"":2}"
evt-01268354,sess-00745422,page_view,2025-11-01 18:50:40.942602295,4.4.0,"{""stage_rank"":0}"
evt-01239968,sess-00728712,add_to_cart,2024-02-08 22:30:01.984515654,,"{""stage_rank"":1}"
evt-00086612,sess-00050867,add_to_cart,2023-11-20 19:03:42.788747389,3.8.0,"{""stage_rank"":1}"
evt-01610999,sess-00946686,page_view,2025-04-09 18:39:40.119420460,4.3.0,"{""stage_rank"":0}"
evt-01454033,sess-00854394,add_to_cart,2024-09-26 00:42:29.345715883,4.1.0,"{""stage_rank"":1}"
evt-01150872,sess-00676472,page_view,2026-04-13 23:48:37.547726746,4.4.0,"{""stage_rank"":0}"
evt-00307683,sess-00180709,page_view,2024-10-01 18:38:52.066166236,4.1.0,"{""stage_rank"":0}"
evt-01181406,sess-00694384,page_view,2026-04-20 23:13:29.756740441,4.4.0,"{""stage_rank"":0}"
evt-00326122,sess-00191654,page_view,2025-05-22 19:52:48.298098671,4.3.0,"{""stage_rank"":0}"
evt-01529733,sess-00898917,page_view,2023-09-22 17:10:13.429283113,,"{""stage_rank"":0}"
evt-00122479,sess-00071829,page_view,2024-02-26 18:58:04.171617124,,"{""stage_rank"":0}"
evt-00341709,sess-00200826,page_view,2024-08-21 16:34:39.689945178,,"{""stage_rank"":0}"
evt-01351328,sess-00794080,page_view,2026-05-29 06:40:38.381319439,,"{""stage_rank"":0}"
evt-01042240,sess-00612668,page_view,2025-07-28 16:08:04.593863672,4.3.0,"{""stage_rank"":0}"
evt-00428299,sess-00251747,add_to_cart,2023-06-03 16:11:35.056660183,3.8.0,"{""stage_rank"":1}"
evt-01275530,sess-00749647,page_view,2025-07-29 20:36:31.066708587,4.3.0,"{""stage_rank"":0}"
evt-01373986,sess-00807365,page_view,2026-06-14 15:31:47.426205302,4.4.0,"{""stage_rank"":0}"
evt-01595628,sess-00937652,page_view,2025-05-15 18:36:23.720498965,,"{""stage_rank"":0}"
evt-01036911,sess-00609538,page_view,2026-06-04 16:01:06.620322428,4.4.0,"{""stage_rank"":0}"
evt-01285042,sess-00755216,page_view,2025-05-22 01:00:36.822606537,,"{""stage_rank"":0}"
evt-01557274,sess-00915110,page_view,2024-11-24 20:37:19.382275045,4.2.0,"{""stage_rank"":0}"
evt-00441841,sess-00259712,add_to_cart,2025-09-30 18:49:20.918116416,,"{""stage_rank"":1}"
evt-00701584,sess-00412370,add_to_cart,2025-11-25 16:53:54.943130177,,"{""stage_rank"":1}"
evt-00561137,sess-00329676,page_view,2023-09-25 22:20:42.112225800,,"{""stage_rank"":0}"
evt-00312850,sess-00183805,page_view,2024-12-18 00:10:18.908574192,4.2.0,"{""stage_rank"":0}"
evt-01065842,sess-00626498,page_view,2024-02-05 17:44:17.578768301,4.0.0,"{""stage_rank"":0}"
evt-01032809,sess-00607152,page_view,2024-11-22 00:48:00.379611546,4.2.0,"{""stage_rank"":0}"
evt-01158667,sess-00681051,page_view,2024-08-23 21:54:49.849619673,,"{""stage_rank"":0}"
evt-00928310,sess-00545794,page_view,2025-08-26 21:03:08.822160580,,"{""stage_rank"":0}"
evt-00120568,sess-00070690,page_view,2024-07-20 21:09:18.069696698,4.0.0,"{""stage_rank"":0}"
evt-01246915,sess-00732849,add_to_cart,2025-06-13 15:34:02.897816448,,"{""stage_rank"":1}"
evt-01370672,sess-00805414,page_view,2025-07-15 23:55:41.830240848,,"{""stage_rank"":0}"
evt-00633539,sess-00372230,page_view,2025-04-08 17:03:02.253080748,4.3.0,"{""stage_rank"":0}"
evt-00434124,sess-00255187,add_to_cart,2024-08-30 22:17:51.550232117,4.1.0,"{""stage_rank"":1}"
evt-00862345,sess-00506893,page_view,2025-05-06 20:39:11.315986510,4.3.0,"{""stage_rank"":0}"
evt-01169428,sess-00687370,page_view,2024-08-08 20:27:03.216956969,,"{""stage_rank"":0}"
evt-01362195,sess-00800482,page_view,2023-09-24 15:06:45.139704787,,"{""stage_rank"":0}"
evt-00348835,sess-00204989,page_view,2026-06-05 16:46:50.141977171,4.4.0,"{""stage_rank"":0}"
evt-00048218,sess-00028272,add_to_cart,2024-07-25 16:15:20.384398316,,"{""stage_rank"":1}"
evt-00563291,sess-00330925,page_view,2024-09-17 21:09:01.579548342,,"{""stage_rank"":0}"
evt-00561561,sess-00329918,page_view,2024-09-05 22:37:29.375747087,,"{""stage_rank"":0}"
evt-00747611,sess-00439381,page_view,2024-06-04 20:15:32.259144322,,"{""stage_rank"":0}"
evt-01370567,sess-00805351,page_view,2025-11-07 21:41:12.696436805,4.4.0,"{""stage_rank"":0}"
evt-00369077,sess-00216916,page_view,2025-01-25 20:22:31.680890443,,"{""stage_rank"":0}"
evt-01222568,sess-00718504,page_view,2025-03-28 00:44:28.871157202,,"{""stage_rank"":0}"
evt-01641603,sess-00964796,page_view,2024-04-21 19:06:10.499157442,,"{""stage_rank"":0}"
evt-00702232,sess-00412757,page_view,2026-01-22 16:55:11.915393912,4.4.0,"{""stage_rank"":0}"
evt-01023572,sess-00601719,page_view,2026-01-11 18:45:54.961805865,4.4.0,"{""stage_rank"":0}"
evt-00426544,sess-00250732,add_to_cart,2025-08-17 18:47:10.564721077,4.4.0,"{""stage_rank"":1}"
evt-00999821,sess-00587871,add_to_cart,2026-02-20 22:02:13.594360709,,"{""stage_rank"":1}"
evt-00789126,sess-00463803,page_view,2025-02-11 23:03:02.789472148,,"{""stage_rank"":0}"
evt-00592175,sess-00347953,page_view,2026-01-21 20:05:04.687200975,,"{""stage_rank"":0}"
evt-01082086,sess-00636051,page_view,2025-03-15 16:42:26.653325765,4.3.0,"{""stage_rank"":0}"
evt-00610969,sess-00358942,page_view,2024-07-15 16:08:49.579813375,,"{""stage_rank"":0}"
evt-00327918,sess-00192730,add_to_cart,2024-02-09 16:23:29.891663990,,"{""stage_rank"":1}"
evt-01378552,sess-00810020,page_view,2024-03-20 14:23:01.549567484,,"{""stage_rank"":0}"
evt-01656684,sess-00973629,checkout,2024-09-02 19:16:38.872924923,4.1.0,"{""stage_rank"":2}"
evt-00874827,sess-00514218,page_view,2025-03-24 15:34:37.414161606,4.3.0,"{""stage_rank"":0}"
evt-01303152,sess-00765928,page_view,2025-10-23 01:52:13.430124527,,"{""stage_rank"":0}"
evt-01152512,sess-00677438,page_view,2025-07-28 19:12:15.992510216,,"{""stage_rank"":0}"
evt-01061813,sess-00624174,page_view,2024-04-23 20:13:22.013240577,4.0.0,"{""stage_rank"":0}"
evt-00134070,sess-00078646,page_view,2023-02-21 20:36:38.998578839,3.8.0,"{""stage_rank"":0}"
evt-01295073,sess-00761161,page_view,2024-12-24 17:57:00.358119318,,"{""stage_rank"":0}"
evt-00431057,sess-00253370,page_view,2026-04-03 17:32:22.120401515,4.4.0,"{""stage_rank"":0}"
evt-01361116,sess-00799855,add_to_cart,2026-01-28 22:42:25.529313818,4.4.0,"{""stage_rank"":1}"
evt-00939612,sess-00552469,page_view,2024-03-27 22:32:28.202358733,,"{""stage_rank"":0}"
evt-00736154,sess-00432643,page_view,2023-05-27 21:08:32.728041742,3.8.0,"{""stage_rank"":0}"
evt-01576970,sess-00926636,add_to_cart,2023-11-20 16:01:18.015596616,,"{""stage_rank"":1}"
evt-00465784,sess-00273897,add_to_cart,2024-11-02 22:34:36.939275258,4.1.0,"{""stage_rank"":1}"
evt-01553249,sess-00912732,page_view,2024-04-03 19:29:18.318061808,,"{""stage_rank"":0}"
evt-00793946,sess-00466639,purchase,2024-08-02 20:42:08.152645817,,"{""stage_rank"":3}"
evt-00957981,sess-00563283,page_view,2024-06-07 19:01:24.450428010,4.0.0,"{""stage_rank"":0}"
evt-00218981,sess-00128606,checkout,2023-09-25 21:03:01.981220264,,"{""stage_rank"":2}"
evt-01437884,sess-00844957,page_view,2024-07-18 19:41:50.464333324,4.0.0,"{""stage_rank"":0}"
evt-01360445,sess-00799431,add_to_cart,2025-02-25 00:39:06.648927274,,"{""stage_rank"":1}"
evt-00343453,sess-00201819,purchase,2025-05-04 22:19:06.406580513,,"{""stage_rank"":3}"
evt-00049377,sess-00028960,page_view,2024-08-22 03:12:20.173840201,4.1.0,"{""stage_rank"":0}"
evt-01393318,sess-00818711,add_to_cart,2024-08-16 22:12:56.320017220,4.1.0,"{""stage_rank"":1}"
evt-01215892,sess-00714562,add_to_cart,2025-02-15 11:41:37.408959619,4.3.0,"{""stage_rank"":1}"
evt-00172756,sess-00101458,page_view,2024-06-07 16:58:48.455105432,4.0.0,"{""stage_rank"":0}"
evt-00610762,sess-00358824,add_to_cart,2024-07-31 23:47:52.040407221,4.0.0,"{""stage_rank"":1}"
evt-00937422,sess-00551172,page_view,2025-12-29 21:53:00.769542824,4.4.0,"{""stage_rank"":0}"
evt-00264181,sess-00155268,page_view,2023-04-04 19:47:57.744023397,,"{""stage_rank"":0}"
evt-01320594,sess-00776128,page_view,2024-01-29 20:41:39.290503604,,"{""stage_rank"":0}"
evt-00219426,sess-00128860,page_view,2023-01-25 19:37:50.013092637,3.8.0,"{""stage_rank"":0}"
evt-00328349,sess-00192979,page_view,2026-01-02 13:57:39.162848743,,"{""stage_rank"":0}"
evt-00365106,sess-00214565,page_view,2025-07-28 21:45:23.984702765,4.3.0,"{""stage_rank"":0}"
evt-00098462,sess-00057796,page_view,2026-02-18 00:12:33.846815465,,"{""stage_rank"":0}"
evt-00969719,sess-00570224,add_to_cart,2024-03-07 18:36:34.176973015,4.0.0,"{""stage_rank"":1}"
evt-00489788,sess-00287956,add_to_cart,2026-06-17 01:18:21.220171251,4.4.0,"{""stage_rank"":1}"
evt-01432428,sess-00841729,page_view,2023-07-20 12:49:14.949263021,,"{""stage_rank"":0}"
evt-01619902,sess-00951995,page_view,2025-11-04 23:43:33.654118634,,"{""stage_rank"":0}"
evt-00352218,sess-00206963,page_view,2024-12-10 19:15:26.668799247,,"{""stage_rank"":0}"
evt-01178520,sess-00692710,add_to_cart,2023-09-27 20:37:02.311618974,3.8.0,"{""stage_rank"":1}"
evt-01217080,sess-00715267,page_view,2026-02-07 18:15:51.682877633,4.4.0,"{""stage_rank"":0}"
evt-01092068,sess-00641935,page_view,2025-01-23 01:34:04.411334990,4.2.0,"{""stage_rank"":0}"
evt-00446810,sess-00262657,add_to_cart,2024-12-15 15:47:30.610700884,4.2.0,"{""stage_rank"":1}"
evt-00266307,sess-00156526,page_view,2023-02-13 23:39:07.936852109,3.8.0,"{""stage_rank"":0}"
evt-01553222,sess-00912712,page_view,2024-08-31 23:44:50.276714258,4.1.0,"{""stage_rank"":0}"
evt-00723351,sess-00425108,page_view,2023-12-30 13:42:20.712517873,,"{""stage_rank"":0}"
evt-00743824,sess-00437139,add_to_cart,2023-12-28 18:53:17.250791953,,"{""stage_rank"":1}"
evt-00845594,sess-00497037,add_to_cart,2026-02-25 14:22:51.507944257,,"{""stage_rank"":1}"
evt-00680023,sess-00399661,checkout,2024-01-09 23:10:23.322210444,,"{""stage_rank"":2}"
evt-00906516,sess-00532896,page_view,2024-07-08 19:43:18.613599775,4.0.0,"{""stage_rank"":0}"
evt-00106159,sess-00062313,page_view,2023-09-19 22:50:55.739275940,3.8.0,"{""stage_rank"":0}"
evt-01283772,sess-00754487,page_view,2023-01-19 13:35:42.431118745,,"{""stage_rank"":0}"
evt-01426783,sess-00838466,add_to_cart,2023-07-18 16:02:35.713184523,3.8.0,"{""stage_rank"":1}"
evt-00806481,sess-00473971,page_view,2024-05-31 01:38:52.092786054,4.0.0,"{""stage_rank"":0}"
evt-01355866,sess-00796762,checkout,2025-02-19 23:57:38.546616837,,"{""stage_rank"":2}"
evt-01201777,sess-00706337,add_to_cart,2024-02-03 18:27:57.779095019,,"{""stage_rank"":1}"
evt-00488646,sess-00287274,checkout,2024-02-28 14:54:30.106300271,,"{""stage_rank"":2}"
evt-01643759,sess-00966061,page_view,2023-07-19 23:16:00.480124135,,"{""stage_rank"":0}"
evt-01102400,sess-00648043,page_view,2025-12-22 17:48:04.588947131,,"{""stage_rank"":0}"
evt-00628238,sess-00369104,checkout,2025-05-15 19:38:10.360950422,,"{""stage_rank"":2}"
evt-01293081,sess-00760002,add_to_cart,2026-01-08 16:55:11.456057903,,"{""stage_rank"":1}"
evt-01061348,sess-00623919,add_to_cart,2023-07-01 19:50:25.559999157,,"{""stage_rank"":1}"
evt-01072583,sess-00630484,add_to_cart,2023-01-22 18:48:40.869097338,3.8.0,"{""stage_rank"":1}"
evt-00231038,sess-00135779,page_view,2025-12-05 21:35:04.731443401,4.4.0,"{""stage_rank"":0}"
evt-00714048,sess-00419653,page_view,2023-10-28 17:20:32.242017559,3.8.0,"{""stage_rank"":0}"
evt-00024085,sess-00014177,page_view,2026-03-18 14:47:10.712228772,4.4.0,"{""stage_rank"":0}"
evt-00918547,sess-00539988,page_view,2025-02-10 17:38:32.513708249,,"{""stage_rank"":0}"
evt-00915436,sess-00538200,page_view,2024-05-01 18:07:50.263926737,,"{""stage_rank"":0}"
evt-01377209,sess-00809243,page_view,2024-12-23 18:08:25.162158050,,"{""stage_rank"":0}"
evt-00678877,sess-00398995,add_to_cart,2024-06-27 20:04:37.508121352,4.0.0,"{""stage_rank"":1}"
evt-00293848,sess-00172633,add_to_cart,2025-07-09 23:35:03.551767235,,"{""stage_rank"":1}"
evt-00325989,sess-00191576,checkout,2025-08-13 14:10:28.456602058,4.4.0,"{""stage_rank"":2}"
evt-00752292,sess-00442137,page_view,2024-05-13 02:21:08.276663519,,"{""stage_rank"":0}"
evt-01243384,sess-00730750,page_view,2024-12-12 17:59:52.078755142,,"{""stage_rank"":0}"
evt-01601646,sess-00941190,page_view,2023-08-13 16:18:11.025416515,3.8.0,"{""stage_rank"":0}"
evt-01281652,sess-00753229,page_view,2025-08-17 21:35:35.526199753,,"{""stage_rank"":0}"
evt-01601970,sess-00941379,add_to_cart,2025-09-27 17:50:00.671678205,4.4.0,"{""stage_rank"":1}"
evt-01640167,sess-00963973,add_to_cart,2026-05-17 20:03:09.341077906,,"{""stage_rank"":1}"
evt-01543686,sess-00907115,page_view,2023-09-25 15:42:08.907693214,,"{""stage_rank"":0}"
evt-00126139,sess-00073977,add_to_cart,2023-07-15 19:51:25.179565298,,"{""stage_rank"":1}"
evt-00666501,sess-00391763,page_view,2026-06-30 11:48:56.739179245,,"{""stage_rank"":0}"
evt-01268207,sess-00745327,add_to_cart,2023-01-28 13:42:12.738180818,3.8.0,"{""stage_rank"":1}"
evt-00841012,sess-00494318,page_view,2024-10-28 23:14:58.360499901,,"{""stage_rank"":0}"
evt-01225763,sess-00720402,page_view,2023-04-29 15:13:35.454357694,3.8.0,"{""stage_rank"":0}"
evt-01462128,sess-00859135,add_to_cart,2025-08-27 14:56:23.583861791,4.4.0,"{""stage_rank"":1}"
evt-01220072,sess-00717011,checkout,2024-08-12 00:06:14.674149837,4.1.0,"{""stage_rank"":2}"
evt-01428083,sess-00839222,add_to_cart,2024-08-13 18:40:54.615669873,4.1.0,"{""stage_rank"":1}"
evt-01397297,sess-00821099,add_to_cart,2026-02-10 18:04:44.930196838,4.4.0,"{""stage_rank"":1}"
evt-00429707,sess-00252588,page_view,2024-02-23 19:11:03.979045748,,"{""stage_rank"":0}"
evt-00598030,sess-00351361,page_view,2024-07-15 03:54:44.351419517,4.0.0,"{""stage_rank"":0}"
evt-00680655,sess-00400028,add_to_cart,2026-05-15 19:51:59.576727430,,"{""stage_rank"":1}"
evt-01554712,sess-00913617,checkout,2026-01-28 15:59:07.233480160,4.4.0,"{""stage_rank"":2}"
evt-01284233,sess-00754746,page_view,2025-08-04 18:22:58.225301820,,"{""stage_rank"":0}"
evt-00750814,sess-00441265,add_to_cart,2026-01-19 17:31:07.837108869,4.4.0,"{""stage_rank"":1}"
evt-01623379,sess-00954047,page_view,2023-01-29 17:44:41.575129328,,"{""stage_rank"":0}"
evt-01194673,sess-00702175,page_view,2025-08-02 01:42:21.827589975,4.4.0,"{""stage_rank"":0}"
evt-01369189,sess-00804549,add_to_cart,2023-11-16 10:56:35.709511150,,"{""stage_rank"":1}"
evt-00332146,sess-00195218,page_view,2025-11-16 12:49:53.716469546,,"{""stage_rank"":0}"
evt-00537630,sess-00315924,page_view,2023-04-19 21:21:42.280038175,3.8.0,"{""stage_rank"":0}"
evt-01425080,sess-00837464,page_view,2023-08-18 20:11:06.083728881,3.8.0,"{""stage_rank"":0}"
evt-00241199,sess-00141827,checkout,2025-03-12 19:02:34.640653569,,"{""stage_rank"":2}"
evt-00246421,sess-00144891,page_view,2023-01-11 18:35:19.897333615,3.8.0,"{""stage_rank"":0}"
evt-01079056,sess-00634297,checkout,2024-09-24 18:33:49.024917210,,"{""stage_rank"":2}"
evt-00997006,sess-00586244,checkout,2024-01-31 22:27:28.561865954,,"{""stage_rank"":2}"
evt-00446942,sess-00262743,add_to_cart,2025-05-27 18:16:48.134979500,,"{""stage_rank"":1}"
evt-00891096,sess-00523756,page_view,2023-12-12 18:32:14.630379936,,"{""stage_rank"":0}"
evt-00106673,sess-00062617,checkout,2025-12-22 17:18:31.162716930,,"{""stage_rank"":2}"
evt-01480185,sess-00869751,page_view,2025-08-26 23:41:09.917702382,4.4.0,"{""stage_rank"":0}"
evt-00810981,sess-00476613,page_view,2023-08-13 00:56:24.360228775,,"{""stage_rank"":0}"
evt-00434722,sess-00255549,page_view,2025-07-28 01:23:48.757046863,4.3.0,"{""stage_rank"":0}"
evt-01210019,sess-00711104,add_to_cart,2026-06-13 22:12:56.593576469,4.4.0,"{""stage_rank"":1}"
evt-01460532,sess-00858189,add_to_cart,2025-01-23 23:13:14.619460633,4.2.0,"{""stage_rank"":1}"
evt-00128377,sess-00075303,page_view,2023-02-01 18:06:05.681446243,,"{""stage_rank"":0}"
evt-00551435,sess-00323973,page_view,2024-08-28 18:30:55.346362885,4.1.0,"{""stage_rank"":0}"
evt-00806698,sess-00474095,page_view,2024-08-24 19:52:02.733456656,4.1.0,"{""stage_rank"":0}"
evt-00568796,sess-00334149,page_view,2024-12-19 19:30:28.521043682,,"{""stage_rank"":0}"
evt-00125267,sess-00073461,add_to_cart,2025-02-16 18:09:18.572499793,,"{""stage_rank"":1}"
evt-00467449,sess-00274881,page_view,2025-11-07 20:07:53.868143791,4.4.0,"{""stage_rank"":0}"
evt-00110551,sess-00064892,add_to_cart,2023-11-23 19:35:15.166443898,3.8.0,"{""stage_rank"":1}"
evt-01675736,sess-00984696,page_view,2025-03-11 22:03:18.633605540,,"{""stage_rank"":0}"
evt-01053391,sess-00619224,page_view,2023-02-14 18:55:41.008608431,,"{""stage_rank"":0}"
evt-00806493,sess-00473977,checkout,2024-02-29 20:28:55.848966098,,"{""stage_rank"":2}"
evt-00230222,sess-00135277,add_to_cart,2025-07-14 18:54:05.564111047,4.3.0,"{""stage_rank"":1}"
evt-00861190,sess-00506223,page_view,2024-03-16 19:50:37.305976138,4.0.0,"{""stage_rank"":0}"
evt-00214860,sess-00126185,page_view,2023-02-04 21:58:31.198414859,,"{""stage_rank"":0}"
evt-00437763,sess-00257345,add_to_cart,2026-05-02 22:26:32.100049689,,"{""stage_rank"":1}"
evt-01662671,sess-00977084,page_view,2025-08-31 23:41:17.681330077,4.4.0,"{""stage_rank"":0}"
evt-01551490,sess-00911673,add_to_cart,2024-10-30 13:13:01.514661602,4.1.0,"{""stage_rank"":1}"
evt-01460837,sess-00858373,page_view,2024-06-05 17:18:27.473671491,,"{""stage_rank"":0}"
evt-00393889,sess-00231514,add_to_cart,2023-02-21 20:58:19.297933273,3.8.0,"{""stage_rank"":1}"
evt-00331208,sess-00194654,page_view,2023-11-26 22:53:08.651246255,,"{""stage_rank"":0}"
evt-00008288,sess-00004937,add_to_cart,2023-10-11 16:08:00.668868478,3.8.0,"{""stage_rank"":1}"
evt-00104310,sess-00061227,add_to_cart,2025-04-28 17:42:08.939243093,4.3.0,"{""stage_rank"":1}"
evt-00942725,sess-00554318,page_view,2025-09-30 15:19:26.715928617,4.4.0,"{""stage_rank"":0}"
evt-01142019,sess-00671250,page_view,2023-05-04 16:37:31.461629976,,"{""stage_rank"":0}"
evt-00734735,sess-00431831,page_view,2025-07-19 17:41:57.792826943,4.3.0,"{""stage_rank"":0}"
evt-00817489,sess-00480459,add_to_cart,2024-05-17 15:29:35.134356731,,"{""stage_rank"":1}"
evt-00835139,sess-00490859,page_view,2023-06-29 19:01:42.322032529,3.8.0,"{""stage_rank"":0}"
evt-00993865,sess-00584423,add_to_cart,2025-01-04 20:05:15.660915228,,"{""stage_rank"":1}"
evt-01442319,sess-00847546,purchase,2023-11-15 00:53:53.206035483,,"{""stage_rank"":3}"
evt-00729155,sess-00428496,page_view,2026-01-07 13:33:31.906122583,4.4.0,"{""stage_rank"":0}"
evt-00010543,sess-00006262,add_to_cart,2024-04-16 19:41:57.591333872,4.0.0,"{""stage_rank"":1}"
evt-00452874,sess-00266237,add_to_cart,2024-11-20 16:55:14.930480467,,"{""stage_rank"":1}"
evt-01393594,sess-00818875,page_view,2023-07-26 17:57:38.579932974,,"{""stage_rank"":0}"
evt-00083648,sess-00049144,page_view,2026-02-20 01:15:05.629256585,4.4.0,"{""stage_rank"":0}"
evt-00496335,sess-00291829,page_view,2024-07-12 21:19:47.946341823,4.0.0,"{""stage_rank"":0}"
evt-01281577,sess-00753187,page_view,2025-02-03 03:37:52.081611200,,"{""stage_rank"":0}"
evt-01014510,sess-00596430,checkout,2024-07-14 01:24:37.330524027,,"{""stage_rank"":2}"
evt-01527026,sess-00897311,page_view,2023-06-24 16:28:38.176627182,3.8.0,"{""stage_rank"":0}"
evt-00733161,sess-00430865,page_view,2024-10-26 21:38:23.412557651,,"{""stage_rank"":0}"
evt-00190960,sess-00112146,page_view,2023-08-09 17:56:49.781848450,,"{""stage_rank"":0}"
evt-00807273,sess-00474434,page_view,2023-08-28 14:48:29.632004753,3.8.0,"{""stage_rank"":0}"
evt-00199811,sess-00117341,page_view,2024-02-02 21:36:45.529913427,4.0.0,"{""stage_rank"":0}"
evt-01294670,sess-00760929,checkout,2024-10-18 00:52:51.473164068,4.1.0,"{""stage_rank"":2}"
evt-00396471,sess-00233034,add_to_cart,2024-11-03 00:53:50.215581006,4.1.0,"{""stage_rank"":1}"
evt-00366273,sess-00215280,page_view,2024-10-18 18:50:19.068573803,,"{""stage_rank"":0}"
evt-01498146,sess-00880283,add_to_cart,2025-01-03 18:44:28.187759178,,"{""stage_rank"":1}"
evt-00100697,sess-00059103,add_to_cart,2023-08-11 18:57:33.282160736,,"{""stage_rank"":1}"
evt-01085712,sess-00638207,page_view,2025-03-22 00:44:39.788539391,,"{""stage_rank"":0}"
evt-00438686,sess-00257897,page_view,2024-01-06 19:04:32.217316205,,"{""stage_rank"":0}"
evt-01355336,sess-00796435,add_to_cart,2024-03-10 18:18:29.539137406,,"{""stage_rank"":1}"
evt-00047661,sess-00027934,page_view,2026-06-02 15:14:07.931370035,,"{""stage_rank"":0}"
evt-01621483,sess-00952946,page_view,2025-01-14 18:26:35.958717878,4.2.0,"{""stage_rank"":0}"
evt-01214218,sess-00713545,page_view,2025-02-19 17:31:53.700926580,,"{""stage_rank"":0}"
evt-00148107,sess-00086954,page_view,2025-07-29 20:53:07.661844644,4.3.0,"{""stage_rank"":0}"
evt-00266582,sess-00156686,page_view,2026-05-27 23:44:41.986284062,,"{""stage_rank"":0}"
evt-01351927,sess-00794431,add_to_cart,2025-11-25 19:50:07.392161482,4.4.0,"{""stage_rank"":1}"
evt-00363243,sess-00213470,page_view,2025-04-07 20:13:10.967185481,,"{""stage_rank"":0}"
evt-01318828,sess-00775075,add_to_cart,2025-05-29 19:43:05.101975721,4.3.0,"{""stage_rank"":1}"
evt-01420858,sess-00834959,add_to_cart,2023-08-23 19:03:41.986214040,3.8.0,"{""stage_rank"":1}"
evt-01057331,sess-00621569,page_view,2023-11-07 22:45:41.879199192,,"{""stage_rank"":0}"
evt-01700080,sess-00998953,add_to_cart,2024-11-12 01:14:20.081933490,4.2.0,"{""stage_rank"":1}"
evt-01429798,sess-00840194,add_to_cart,2025-10-27 22:03:09.849057827,4.4.0,"{""stage_rank"":1}"
evt-00945188,sess-00555781,page_view,2023-07-11 16:40:01.026314622,3.8.0,"{""stage_rank"":0}"
evt-01151174,sess-00676652,add_to_cart,2025-10-17 19:25:53.721852379,,"{""stage_rank"":1}"
evt-00691509,sess-00406449,add_to_cart,2023-01-15 19:48:40.551358310,,"{""stage_rank"":1}"
evt-00367069,sess-00215752,add_to_cart,2025-01-07 23:47:20.158698372,,"{""stage_rank"":1}"
evt-00944977,sess-00555665,add_to_cart,2026-04-03 19:09:38.774094460,,"{""stage_rank"":1}"
evt-00709669,sess-00417131,page_view,2024-07-06 18:44:14.407108848,4.0.0,"{""stage_rank"":0}"
evt-01512890,sess-00889006,page_view,2024-11-08 21:45:02.305646019,4.1.0,"{""stage_rank"":0}"
evt-00306734,sess-00180165,page_view,2023-08-20 23:33:33.510708505,3.8.0,"{""stage_rank"":0}"
evt-01222273,sess-00718327,checkout,2023-12-17 19:57:00.386245861,,"{""stage_rank"":2}"
evt-00949567,sess-00558351,add_to_cart,2025-12-31 00:04:06.686542948,4.4.0,"{""stage_rank"":1}"
evt-00715503,sess-00420488,checkout,2024-04-03 22:04:51.410391689,,"{""stage_rank"":2}"
evt-01126403,sess-00662051,add_to_cart,2025-11-18 12:38:18.864965632,,"{""stage_rank"":1}"
evt-00340579,sess-00200177,checkout,2023-07-29 21:00:54.324653886,3.8.0,"{""stage_rank"":2}"
evt-00447572,sess-00263110,add_to_cart,2026-06-18 13:56:21.927174492,,"{""stage_rank"":1}"
evt-01546657,sess-00908870,page_view,2026-02-23 19:06:12.443045107,,"{""stage_rank"":0}"
evt-00423971,sess-00249256,page_view,2025-02-08 20:10:52.649989229,,"{""stage_rank"":0}"
evt-00586214,sess-00344435,page_view,2025-03-08 18:53:04.009802871,4.3.0,"{""stage_rank"":0}"
evt-01052051,sess-00618439,add_to_cart,2024-07-06 13:48:59.817855686,4.0.0,"{""stage_rank"":1}"
evt-01065968,sess-00626570,add_to_cart,2024-02-04 22:17:12.126795975,,"{""stage_rank"":1}"
evt-01585186,sess-00931471,add_to_cart,2025-02-15 21:03:25.278596232,,"{""stage_rank"":1}"
evt-00336973,sess-00198046,add_to_cart,2025-12-13 21:05:34.995119753,4.4.0,"{""stage_rank"":1}"
evt-01492069,sess-00876678,page_view,2024-11-17 22:05:12.713598365,4.2.0,"{""stage_rank"":0}"
evt-01267726,sess-00745050,add_to_cart,2023-03-01 01:16:44.978000633,,"{""stage_rank"":1}"
evt-00975652,sess-00573702,page_view,2023-08-13 21:57:57.998643588,3.8.0,"{""stage_rank"":0}"
evt-00301259,sess-00176962,page_view,2026-01-09 20:14:33.658522477,,"{""stage_rank"":0}"
evt-00164544,sess-00096623,add_to_cart,2024-07-24 15:02:47.723614941,,"{""stage_rank"":1}"
evt-00284877,sess-00167371,page_view,2024-11-13 22:55:02.313820640,,"{""stage_rank"":0}"
evt-00616023,sess-00361890,page_view,2026-01-07 22:45:12.978052768,,"{""stage_rank"":0}"
evt-00623509,sess-00366300,page_view,2026-04-17 23:46:51.788944499,,"{""stage_rank"":0}"
evt-00665816,sess-00391353,page_view,2025-10-17 21:07:10.619056304,,"{""stage_rank"":0}"
evt-01661392,sess-00976342,add_to_cart,2025-05-19 20:42:22.031895404,4.3.0,"{""stage_rank"":1}"
evt-01416826,sess-00832600,page_view,2023-03-05 20:10:18.456794522,,"{""stage_rank"":0}"
evt-01639381,sess-00963509,add_to_cart,2024-02-20 14:55:18.971855057,,"{""stage_rank"":1}"
evt-00546877,sess-00321311,checkout,2024-12-10 18:55:44.257716930,4.2.0,"{""stage_rank"":2}"
evt-00620302,sess-00364398,page_view,2023-07-12 21:48:41.430463870,3.8.0,"{""stage_rank"":0}"
evt-01476169,sess-00867368,page_view,2025-01-18 20:15:33.009185755,4.2.0,"{""stage_rank"":0}"
evt-01021378,sess-00600445,add_to_cart,2023-03-13 14:04:12.186623643,,"{""stage_rank"":1}"
evt-01670462,sess-00981611,add_to_cart,2025-07-09 16:09:09.942944090,,"{""stage_rank"":1}"
evt-01135716,sess-00667523,page_view,2024-09-26 18:45:13.552804908,,"{""stage_rank"":0}"
evt-00191429,sess-00112427,page_view,2026-04-25 19:05:59.320822564,4.4.0,"{""stage_rank"":0}"
evt-00000084,sess-00000048,page_view,2025-02-10 00:19:32.858802969,,"{""stage_rank"":0}"
evt-00528769,sess-00310710,page_view,2025-09-16 15:12:13.335173488,4.4.0,"{""stage_rank"":0}"
evt-00246674,sess-00145030,add_to_cart,2025-04-20 18:35:17.955366541,,"{""stage_rank"":1}"
evt-00918929,sess-00540209,checkout,2024-12-19 19:07:46.171307785,4.2.0,"{""stage_rank"":2}"
evt-01508198,sess-00886229,page_view,2023-06-24 21:30:36.459298781,3.8.0,"{""stage_rank"":0}"
evt-00008837,sess-00005267,page_view,2023-03-18 16:25:54.593062920,,"{""stage_rank"":0}"
evt-00534085,sess-00313864,page_view,2025-12-04 22:19:53.218410328,,"{""stage_rank"":0}"
evt-00567375,sess-00333310,page_view,2024-11-21 01:39:15.115325634,,"{""stage_rank"":0}"
evt-00404318,sess-00237671,add_to_cart,2024-08-23 20:50:02.349137435,,"{""stage_rank"":1}"
evt-00568737,sess-00334110,add_to_cart,2023-10-27 19:11:17.833953958,,"{""stage_rank"":1}"
evt-00609664,sess-00358170,page_view,2025-11-23 15:11:39.430940652,,"{""stage_rank"":0}"
evt-01112072,sess-00653686,page_view,2024-09-14 22:20:38.698572632,4.1.0,"{""stage_rank"":0}"
evt-00862950,sess-00507242,page_view,2023-03-23 04:30:28.780703449,3.8.0,"{""stage_rank"":0}"
evt-00132791,sess-00077895,page_view,2024-02-14 21:37:02.823473301,,"{""stage_rank"":0}"
evt-00174901,sess-00102685,page_view,2026-02-15 23:52:18.084898864,4.4.0,"{""stage_rank"":0}"
evt-01620194,sess-00952168,add_to_cart,2024-06-22 18:05:00.925987844,,"{""stage_rank"":1}"
evt-01660890,sess-00976049,add_to_cart,2025-06-11 20:11:09.078684438,,"{""stage_rank"":1}"
evt-00569364,sess-00334474,page_view,2025-07-28 00:44:22.933602050,,"{""stage_rank"":0}"
evt-00838306,sess-00492723,page_view,2024-11-26 15:25:51.657277688,,"{""stage_rank"":0}"
evt-01637183,sess-00962199,add_to_cart,2025-07-14 17:21:56.882484860,4.3.0,"{""stage_rank"":1}"
evt-00059704,sess-00035046,page_view,2023-12-10 21:31:57.523227139,3.8.0,"{""stage_rank"":0}"
evt-00168042,sess-00098643,add_to_cart,2024-03-27 20:42:36.386716119,,"{""stage_rank"":1}"
evt-01157292,sess-00680237,page_view,2023-02-15 18:35:52.375156114,3.8.0,"{""stage_rank"":0}"
evt-00210643,sess-00123718,add_to_cart,2023-02-04 17:31:18.020119891,3.8.0,"{""stage_rank"":1}"
evt-00313195,sess-00184027,checkout,2024-07-24 17:18:03.353735458,,"{""stage_rank"":2}"
evt-01389033,sess-00816185,add_to_cart,2024-01-31 14:08:09.372853269,3.8.0,"{""stage_rank"":1}"
evt-01671834,sess-00982420,page_view,2023-05-31 22:25:48.270802361,,"{""stage_rank"":0}"
evt-01006711,sess-00591880,purchase,2024-05-17 16:56:26.511024356,,"{""stage_rank"":3}"
evt-00388295,sess-00228212,page_view,2023-08-05 19:52:57.313613489,3.8.0,"{""stage_rank"":0}"
evt-01146058,sess-00673630,add_to_cart,2025-06-05 15:31:00.021891773,4.3.0,"{""stage_rank"":1}"
evt-00015519,sess-00009189,add_to_cart,2024-03-04 15:26:08.973073117,4.0.0,"{""stage_rank"":1}"
evt-01071278,sess-00629695,checkout,2024-08-18 16:13:37.941188510,,"{""stage_rank"":2}"
evt-01034938,sess-00608383,purchase,2023-12-27 01:05:11.025739120,,"{""stage_rank"":3}"
evt-00897698,sess-00527673,add_to_cart,2024-12-18 16:19:01.684285020,,"{""stage_rank"":1}"
evt-00752175,sess-00442071,add_to_cart,2026-05-28 21:38:17.824379899,4.4.0,"{""stage_rank"":1}"
evt-01168745,sess-00686957,add_to_cart,2023-05-20 22:01:41.359796503,,"{""stage_rank"":1}"
evt-01586068,sess-00932001,page_view,2025-01-28 18:52:23.110831480,,"{""stage_rank"":0}"
evt-01313403,sess-00771877,purchase,2024-12-04 14:08:53.304596893,,"{""stage_rank"":3}"
evt-01372355,sess-00806395,page_view,2023-11-17 18:38:42.093990742,3.8.0,"{""stage_rank"":0}"
evt-00501414,sess-00294795,add_to_cart,2025-09-27 22:37:57.987550033,4.4.0,"{""stage_rank"":1}"
evt-01340911,sess-00787950,add_to_cart,2023-02-18 18:29:33.992599122,3.8.0,"{""stage_rank"":1}"
evt-01559311,sess-00916305,page_view,2026-02-21 00:36:30.202800704,4.4.0,"{""stage_rank"":0}"
evt-01262196,sess-00741815,checkout,2025-09-05 09:17:02.511511418,4.4.0,"{""stage_rank"":2}"
evt-00057482,sess-00033716,add_to_cart,2025-01-25 12:46:49.042848626,4.2.0,"{""stage_rank"":1}"
evt-00321323,sess-00188802,add_to_cart,2023-03-29 23:27:25.752707959,,"{""stage_rank"":1}"
evt-00246228,sess-00144770,page_view,2023-08-02 01:43:25.174863213,,"{""stage_rank"":0}"
evt-00539132,sess-00316805,checkout,2024-06-15 23:08:52.481587208,,"{""stage_rank"":2}"
evt-00794227,sess-00466805,page_view,2023-03-22 15:42:03.433692370,,"{""stage_rank"":0}"
evt-01075464,sess-00632205,page_view,2026-05-29 16:34:57.329806189,,"{""stage_rank"":0}"
evt-01627182,sess-00956297,page_view,2023-06-06 18:13:02.268128749,3.8.0,"{""stage_rank"":0}"
evt-01666186,sess-00979130,page_view,2024-03-09 19:39:53.914629947,,"{""stage_rank"":0}"
evt-01136702,sess-00668097,purchase,2023-03-03 21:04:12.153408171,3.8.0,"{""stage_rank"":3}"
evt-01474101,sess-00866147,page_view,2026-05-01 23:28:52.360509631,4.4.0,"{""stage_rank"":0}"
evt-01212130,sess-00712309,page_view,2024-07-08 22:19:47.465704835,,"{""stage_rank"":0}"
evt-01253364,sess-00736657,add_to_cart,2025-09-13 13:14:29.830192787,4.4.0,"{""stage_rank"":1}"
evt-00571892,sess-00335977,page_view,2026-02-02 23:06:49.605835681,,"{""stage_rank"":0}"
evt-00664606,sess-00390615,page_view,2023-07-10 21:41:26.248269351,3.8.0,"{""stage_rank"":0}"
evt-01155098,sess-00678961,add_to_cart,2025-06-18 18:44:45.787408024,4.3.0,"{""stage_rank"":1}"
evt-00867168,sess-00509719,page_view,2023-09-21 13:53:38.003143207,,"{""stage_rank"":0}"
evt-01448897,sess-00851401,add_to_cart,2026-04-13 19:32:42.402882430,4.4.0,"{""stage_rank"":1}"
evt-00906347,sess-00532797,page_view,2024-12-22 00:36:38.809172900,,"{""stage_rank"":0}"
evt-00892266,sess-00524439,page_view,2025-06-21 15:50:04.523907367,4.3.0,"{""stage_rank"":0}"
evt-01006378,sess-00591687,checkout,2023-11-12 21:52:53.915398878,3.8.0,"{""stage_rank"":2}"
evt-00228961,sess-00134538,checkout,2025-09-29 21:07:04.492601704,,"{""stage_rank"":2}"
evt-01221435,sess-00717822,page_view,2025-03-26 16:06:05.667848975,4.3.0,"{""stage_rank"":0}"
evt-01020440,sess-00599915,page_view,2025-10-06 19:00:03.200511617,,"{""stage_rank"":0}"
evt-01056880,sess-00621295,page_view,2025-08-18 16:09:11.888027583,4.4.0,"{""stage_rank"":0}"
evt-00527076,sess-00309727,page_view,2023-04-08 18:05:30.906690760,3.8.0,"{""stage_rank"":0}"
evt-01182251,sess-00694857,page_view,2023-04-22 01:12:13.097973993,3.8.0,"{""stage_rank"":0}"
evt-01679271,sess-00986752,checkout,2024-07-30 18:17:42.597978361,,"{""stage_rank"":2}"
evt-01316284,sess-00773556,page_view,2026-05-10 18:53:41.834769944,,"{""stage_rank"":0}"
evt-00921369,sess-00541653,page_view,2025-09-09 20:45:34.444004747,4.4.0,"{""stage_rank"":0}"
evt-00170468,sess-00100090,purchase,2026-03-20 03:26:59.989596457,,"{""stage_rank"":3}"
evt-01292095,sess-00759415,page_view,2025-03-30 01:34:14.183648771,4.3.0,"{""stage_rank"":0}"
evt-01424154,sess-00836913,page_view,2025-03-05 17:41:49.583857844,,"{""stage_rank"":0}"
evt-01256780,sess-00738671,page_view,2025-02-13 19:55:56.621691293,4.3.0,"{""stage_rank"":0}"
evt-00668465,sess-00392900,page_view,2025-09-29 22:48:05.457693242,,"{""stage_rank"":0}"
evt-00484673,sess-00284947,checkout,2024-11-14 23:09:54.959352709,4.2.0,"{""stage_rank"":2}"
evt-00782809,sess-00460072,page_view,2023-11-19 18:00:11.156189887,,"{""stage_rank"":0}"
evt-00412067,sess-00242279,page_view,2024-02-10 21:21:13.840418107,4.0.0,"{""stage_rank"":0}"
evt-00479473,sess-00281913,add_to_cart,2026-05-27 22:23:22.154486180,,"{""stage_rank"":1}"
evt-00676468,sess-00397584,checkout,2024-04-19 22:43:35.671903713,,"{""stage_rank"":2}"
evt-00614159,sess-00360807,page_view,2023-08-15 22:56:41.616759708,3.8.0,"{""stage_rank"":0}"
evt-01539247,sess-00904495,page_view,2025-07-21 21:08:52.441967692,,"{""stage_rank"":0}"
evt-00197967,sess-00116239,page_view,2023-12-14 14:32:54.673970989,,"{""stage_rank"":0}"
evt-00116104,sess-00068096,page_view,2023-12-23 21:14:32.844676251,,"{""stage_rank"":0}"
evt-00220093,sess-00129268,add_to_cart,2024-02-14 19:26:28.316603359,4.0.0,"{""stage_rank"":1}"
evt-00276604,sess-00162550,add_to_cart,2023-02-18 21:39:55.749581381,,"{""stage_rank"":1}"
evt-00893797,sess-00525348,page_view,2023-04-06 19:52:40.198101111,3.8.0,"{""stage_rank"":0}"
evt-00416410,sess-00244841,add_to_cart,2023-11-01 20:46:15.176554658,,"{""stage_rank"":1}"
evt-00179152,sess-00105169,page_view,2025-02-08 17:00:17.487979169,,"{""stage_rank"":0}"
evt-01210487,sess-00711364,purchase,2023-08-04 18:07:39.024871725,,"{""stage_rank"":3}"
evt-00365139,sess-00214583,page_view,2026-05-23 20:59:24.557784158,,"{""stage_rank"":0}"
evt-01537376,sess-00903361,page_view,2023-01-15 21:39:27.551613645,,"{""stage_rank"":0}"
evt-00750485,sess-00441069,page_view,2023-02-03 03:45:16.524093914,3.8.0,"{""stage_rank"":0}"
evt-00151517,sess-00088939,page_view,2025-02-07 19:35:37.085970180,4.3.0,"{""stage_rank"":0}"
evt-00670328,sess-00394007,add_to_cart,2024-03-29 22:31:32.015324172,,"{""stage_rank"":1}"
evt-01269587,sess-00746139,page_view,2023-11-07 19:12:38.230488392,3.8.0,"{""stage_rank"":0}"
evt-00945400,sess-00555909,page_view,2026-02-22 19:53:12.205444668,,"{""stage_rank"":0}"
evt-01014044,sess-00596161,page_view,2024-06-25 21:21:29.580625724,4.0.0,"{""stage_rank"":0}"
evt-00605277,sess-00355629,checkout,2025-09-24 17:17:14.031298232,4.4.0,"{""stage_rank"":2}"
evt-00864726,sess-00508293,add_to_cart,2023-12-10 23:54:44.180003221,,"{""stage_rank"":1}"
evt-01655929,sess-00973191,add_to_cart,2023-07-31 00:24:10.144693761,,"{""stage_rank"":1}"
evt-00376729,sess-00221445,checkout,2025-11-06 11:58:33.697254134,,"{""stage_rank"":2}"
evt-00998092,sess-00586852,page_view,2025-04-08 01:15:28.006517725,4.3.0,"{""stage_rank"":0}"
evt-01519231,sess-00892743,add_to_cart,2025-07-06 21:03:15.044312207,4.3.0,"{""stage_rank"":1}"
evt-00197943,sess-00116223,add_to_cart,2023-08-17 22:43:20.485805278,3.8.0,"{""stage_rank"":1}"
evt-00426390,sess-00250639,page_view,2025-06-01 00:01:48.958516948,,"{""stage_rank"":0}"
evt-00385459,sess-00226573,page_view,2025-01-29 20:56:28.716717602,,"{""stage_rank"":0}"
evt-00993447,sess-00584192,page_view,2024-12-15 20:25:24.445815323,,"{""stage_rank"":0}"
evt-00249565,sess-00146731,add_to_cart,2026-01-30 17:36:28.087500030,4.4.0,"{""stage_rank"":1}"
evt-01655846,sess-00973145,page_view,2026-04-15 16:39:59.787994877,4.4.0,"{""stage_rank"":0}"
evt-00888564,sess-00522270,checkout,2025-06-11 13:40:23.200297268,4.3.0,"{""stage_rank"":2}"
evt-00940727,sess-00553123,checkout,2025-11-28 02:48:36.962704934,,"{""stage_rank"":2}"
evt-00576247,sess-00338515,add_to_cart,2023-08-04 18:32:41.597497864,3.8.0,"{""stage_rank"":1}"
evt-01669585,sess-00981092,page_view,2023-04-23 19:15:01.631013881,3.8.0,"{""stage_rank"":0}"
evt-00980979,sess-00576904,add_to_cart,2024-03-26 18:22:22.933034324,,"{""stage_rank"":1}"
evt-01487589,sess-00874080,checkout,2026-04-25 20:26:47.929511288,4.4.0,"{""stage_rank"":2}"
evt-01138364,sess-00669079,add_to_cart,2026-02-07 22:03:41.677036501,4.4.0,"{""stage_rank"":1}"
evt-00138812,sess-00081471,add_to_cart,2026-03-31 21:53:10.003235906,,"{""stage_rank"":1}"
evt-00322368,sess-00189430,page_view,2023-11-26 18:27:03.822661120,,"{""stage_rank"":0}"
evt-00269240,sess-00158239,page_view,2024-10-19 17:32:28.598705467,4.1.0,"{""stage_rank"":0}"
evt-00658717,sess-00387170,checkout,2026-02-16 00:05:58.329270025,,"{""stage_rank"":2}"
evt-00677198,sess-00398020,page_view,2023-10-02 20:40:34.435453575,3.8.0,"{""stage_rank"":0}"
evt-00221535,sess-00130125,page_view,2024-03-03 17:46:08.002694652,,"{""stage_rank"":0}"
evt-00579310,sess-00340327,page_view,2025-04-08 18:54:16.695377805,,"{""stage_rank"":0}"
evt-01139442,sess-00669722,page_view,2025-05-04 21:58:04.529797806,,"{""stage_rank"":0}"
evt-00433522,sess-00254822,page_view,2023-10-08 21:45:49.026149112,3.8.0,"{""stage_rank"":0}"
evt-00318732,sess-00187281,page_view,2025-04-11 16:52:14.721862814,,"{""stage_rank"":0}"
evt-00855274,sess-00502739,checkout,2026-01-29 15:06:41.889749610,,"{""stage_rank"":2}"
evt-01011020,sess-00594400,add_to_cart,2023-05-07 13:37:01.040896868,3.8.0,"{""stage_rank"":1}"
evt-00097474,sess-00057230,add_to_cart,2025-07-13 22:44:58.105734440,,"{""stage_rank"":1}"
evt-00482023,sess-00283406,page_view,2024-10-30 20:31:12.279524111,,"{""stage_rank"":0}"
evt-00044337,sess-00026005,checkout,2024-08-20 15:38:37.252121527,4.1.0,"{""stage_rank"":2}"
evt-00151008,sess-00088650,checkout,2025-08-01 22:14:42.058729776,,"{""stage_rank"":2}"
evt-00708065,sess-00416184,page_view,2025-12-12 08:49:17.532001401,4.4.0,"{""stage_rank"":0}"
evt-00284878,sess-00167371,add_to_cart,2024-11-13 23:00:19.052730824,,"{""stage_rank"":1}"
evt-01669950,sess-00981309,add_to_cart,2024-09-26 22:54:07.131500559,4.1.0,"{""stage_rank"":1}"
evt-01365391,sess-00802352,add_to_cart,2023-06-08 19:32:00.779029679,,"{""stage_rank"":1}"
evt-00255789,sess-00150340,page_view,2023-04-26 16:56:39.305774603,,"{""stage_rank"":0}"
evt-01426134,sess-00838093,add_to_cart,2023-09-02 14:35:30.960347944,3.8.0,"{""stage_rank"":1}"
evt-00946453,sess-00556531,page_view,2023-06-03 17:03:33.234802207,,"{""stage_rank"":0}"
evt-00893699,sess-00525292,page_view,2024-02-14 00:12:30.770149453,,"{""stage_rank"":0}"
evt-01037512,sess-00609899,purchase,2025-05-21 00:11:19.434730166,,"{""stage_rank"":3}"
evt-00502125,sess-00295206,add_to_cart,2025-02-15 16:01:19.635795777,4.3.0,"{""stage_rank"":1}"
evt-01451143,sess-00852694,add_to_cart,2026-06-12 18:43:18.747890907,,"{""stage_rank"":1}"
evt-00133592,sess-00078366,page_view,2024-07-17 17:11:21.978878708,,"{""stage_rank"":0}"
evt-01691431,sess-00993887,page_view,2025-01-07 21:12:15.888975315,4.2.0,"{""stage_rank"":0}"
evt-00675573,sess-00397068,add_to_cart,2026-04-17 21:18:17.055391959,4.4.0,"{""stage_rank"":1}"
evt-00363262,sess-00213480,page_view,2025-11-02 16:03:57.058572614,4.4.0,"{""stage_rank"":0}"
evt-01033430,sess-00607519,purchase,2023-09-13 01:50:37.834838187,,"{""stage_rank"":3}"
evt-01484046,sess-00872000,page_view,2024-08-24 17:08:18.314661836,4.1.0,"{""stage_rank"":0}"
evt-00546796,sess-00321269,add_to_cart,2025-01-10 20:16:57.807771411,,"{""stage_rank"":1}"
evt-00391385,sess-00230063,page_view,2024-07-01 15:03:44.124116672,4.0.0,"{""stage_rank"":0}"
evt-00392593,sess-00230747,add_to_cart,2025-10-14 04:09:42.400051109,4.4.0,"{""stage_rank"":1}"
evt-01446245,sess-00849866,page_view,2025-03-30 20:06:52.688796213,4.3.0,"{""stage_rank"":0}"
evt-01507259,sess-00885673,page_view,2024-11-30 19:43:20.690807981,4.2.0,"{""stage_rank"":0}"
evt-00729134,sess-00428483,page_view,2024-01-17 00:13:25.464218420,3.8.0,"{""stage_rank"":0}"
evt-00275214,sess-00161725,page_view,2024-01-23 18:10:00.381647736,3.8.0,"{""stage_rank"":0}"
evt-00536892,sess-00315500,page_view,2026-06-29 23:46:05.811873422,,"{""stage_rank"":0}"
evt-00402646,sess-00236705,page_view,2025-06-11 20:30:39.162785293,,"{""stage_rank"":0}"
evt-00400930,sess-00235692,add_to_cart,2026-06-23 03:35:08.469028465,4.4.0,"{""stage_rank"":1}"
evt-00169502,sess-00099513,page_view,2024-05-18 18:16:37.418593589,,"{""stage_rank"":0}"
evt-01608055,sess-00944935,page_view,2024-06-03 18:34:38.898404443,4.0.0,"{""stage_rank"":0}"
evt-00824886,sess-00484783,page_view,2026-06-29 01:02:15.209280688,,"{""stage_rank"":0}"
evt-00128740,sess-00075514,page_view,2025-10-06 20:28:24.762190804,4.4.0,"{""stage_rank"":0}"
evt-00723447,sess-00425167,page_view,2023-04-13 16:19:23.290043784,,"{""stage_rank"":0}"
evt-01491266,sess-00876230,page_view,2025-04-27 19:09:48.826924110,,"{""stage_rank"":0}"
evt-01272860,sess-00748054,page_view,2024-11-05 19:44:02.420861196,4.1.0,"{""stage_rank"":0}"
evt-00794108,sess-00466736,add_to_cart,2023-09-14 00:24:13.288456777,3.8.0,"{""stage_rank"":1}"
evt-00792356,sess-00465716,page_view,2023-10-26 17:35:29.693796084,,"{""stage_rank"":0}"
evt-00704462,sess-00414074,page_view,2023-04-02 17:24:43.467199426,3.8.0,"{""stage_rank"":0}"
evt-00566069,sess-00332563,page_view,2025-06-18 20:17:39.890890998,4.3.0,"{""stage_rank"":0}"
evt-01493518,sess-00877529,page_view,2026-04-29 03:47:57.641637969,4.4.0,"{""stage_rank"":0}"
evt-00259915,sess-00152794,page_view,2025-08-17 19:56:58.712352158,4.4.0,"{""stage_rank"":0}"
evt-00268697,sess-00157916,page_view,2024-05-28 20:49:31.380322498,4.0.0,"{""stage_rank"":0}"
evt-00763532,sess-00448749,page_view,2024-12-21 16:58:49.263045513,,"{""stage_rank"":0}"
evt-01400449,sess-00822970,page_view,2024-09-21 19:52:56.292676522,4.1.0,"{""stage_rank"":0}"
evt-01659586,sess-00975293,checkout,2024-06-14 00:24:05.306049389,,"{""stage_rank"":2}"
evt-01464837,sess-00860714,page_view,2024-02-05 22:23:45.155543380,,"{""stage_rank"":0}"
evt-00028159,sess-00016563,page_view,2025-02-18 13:19:54.821465265,,"{""stage_rank"":0}"
evt-00961918,sess-00565587,checkout,2024-05-23 22:44:36.382632482,4.0.0,"{""stage_rank"":2}"
evt-00138469,sess-00081262,add_to_cart,2023-08-10 23:29:38.234736997,3.8.0,"{""stage_rank"":1}"
evt-01355841,sess-00796747,add_to_cart,2025-07-31 23:36:31.320557118,,"{""stage_rank"":1}"
evt-01004494,sess-00590594,add_to_cart,2025-05-24 00:09:56.197977881,,"{""stage_rank"":1}"
evt-00273268,sess-00160567,page_view,2023-10-27 18:36:17.174197922,,"{""stage_rank"":0}"
evt-01620194,sess-00952168,add_to_cart,2024-06-22 18:05:00.925987844,,"{""stage_rank"":1}"
evt-01011472,sess-00594662,page_view,2023-07-21 15:51:03.744040037,,"{""stage_rank"":0}"
evt-00786938,sess-00462479,page_view,2025-08-30 21:23:45.732581466,4.4.0,"{""stage_rank"":0}"
evt-00986818,sess-00580338,page_view,2024-01-20 17:40:59.294633030,,"{""stage_rank"":0}"
evt-01436124,sess-00843911,add_to_cart,2024-11-06 22:52:09.728328612,,"{""stage_rank"":1}"
evt-01613257,sess-00948031,page_view,2026-02-02 18:09:36.583746119,4.4.0,"{""stage_rank"":0}"
evt-00548185,sess-00322083,page_view,2024-04-03 21:12:49.105794054,,"{""stage_rank"":0}"
evt-00378771,sess-00222661,add_to_cart,2026-02-28 19:47:07.469726392,,"{""stage_rank"":1}"
evt-01355838,sess-00796746,page_view,2023-10-17 00:37:46.641556590,,"{""stage_rank"":0}"
evt-01390188,sess-00816869,add_to_cart,2024-05-26 19:40:13.979577848,4.0.0,"{""stage_rank"":1}"
evt-00119366,sess-00069975,page_view,2024-12-05 22:12:10.256126883,4.2.0,"{""stage_rank"":0}"
evt-00942369,sess-00554107,page_view,2024-01-27 14:46:27.976774948,,"{""stage_rank"":0}"
evt-00139963,sess-00082161,purchase,2023-08-27 20:14:42.447678513,,"{""stage_rank"":3}"
evt-01238211,sess-00727696,page_view,2023-04-20 15:53:04.009621385,3.8.0,"{""stage_rank"":0}"
evt-00326767,sess-00192040,add_to_cart,2023-08-18 23:56:24.814363581,,"{""stage_rank"":1}"
evt-00966350,sess-00568261,page_view,2025-10-26 00:28:13.494063249,,"{""stage_rank"":0}"
evt-00953279,sess-00560518,page_view,2023-03-21 21:27:42.782699268,,"{""stage_rank"":0}"
evt-00901619,sess-00530021,add_to_cart,2025-12-23 00:03:21.848824381,4.4.0,"{""stage_rank"":1}"
evt-00825500,sess-00485133,page_view,2025-11-19 21:52:19.556996945,,"{""stage_rank"":0}"
evt-00411965,sess-00242223,add_to_cart,2025-04-19 18:45:28.890857151,,"{""stage_rank"":1}"
evt-00915776,sess-00538395,checkout,2024-11-13 03:29:20.703570323,4.2.0,"{""stage_rank"":2}"
evt-01667132,sess-00979670,page_view,2024-05-02 16:46:33.005947542,4.0.0,"{""stage_rank"":0}"
evt-00198568,sess-00116601,checkout,2023-07-05 03:24:02.281596181,,"{""stage_rank"":2}"
evt-00844732,sess-00496525,add_to_cart,2025-11-06 04:58:35.679668294,4.4.0,"{""stage_rank"":1}"
evt-01508430,sess-00886361,add_to_cart,2024-08-30 17:37:13.502350367,4.1.0,"{""stage_rank"":1}"
evt-00762388,sess-00448088,page_view,2024-03-01 19:19:04.120918512,4.0.0,"{""stage_rank"":0}"
evt-01035862,sess-00608926,add_to_cart,2025-06-09 17:48:38.387098531,,"{""stage_rank"":1}"
evt-00854900,sess-00502514,checkout,2025-10-20 19:18:36.955097723,,"{""stage_rank"":2}"
evt-01003001,sess-00589718,page_view,2023-05-20 16:51:42.956998211,,"{""stage_rank"":0}"
evt-00373922,sess-00219807,page_view,2026-03-08 19:07:21.173639867,,"{""stage_rank"":0}"
evt-00509233,sess-00299350,add_to_cart,2026-06-27 16:06:35.319373320,,"{""stage_rank"":1}"
evt-00328693,sess-00193183,checkout,2026-06-01 20:30:31.407583724,,"{""stage_rank"":2}"
evt-01420984,sess-00835035,add_to_cart,2024-11-08 22:17:10.578124505,4.1.0,"{""stage_rank"":1}"
evt-01670104,sess-00981405,page_view,2024-04-17 21:49:59.549921430,4.0.0,"{""stage_rank"":0}"
evt-00512187,sess-00301045,add_to_cart,2023-02-17 13:59:59.964232481,,"{""stage_rank"":1}"
evt-00362538,sess-00213038,add_to_cart,2026-04-11 02:51:15.557534664,4.4.0,"{""stage_rank"":1}"
evt-01000343,sess-00588179,page_view,2023-05-26 14:12:35.702214088,,"{""stage_rank"":0}"
evt-01327771,sess-00780316,page_view,2023-04-29 21:12:50.450596117,3.8.0,"{""stage_rank"":0}"
evt-00051219,sess-00030046,purchase,2024-05-02 15:12:56.011983470,4.0.0,"{""stage_rank"":3}"
evt-00618783,sess-00363508,page_view,2024-10-11 23:34:06.623722026,,"{""stage_rank"":0}"
evt-01176289,sess-00691417,page_view,2024-10-09 18:05:25.182431849,4.1.0,"{""stage_rank"":0}"
evt-00231582,sess-00136099,page_view,2026-05-21 21:05:52.739714831,4.4.0,"{""stage_rank"":0}"
evt-01360819,sess-00799675,page_view,2025-09-23 19:17:09.108834257,4.4.0,"{""stage_rank"":0}"
evt-00749292,sess-00440367,checkout,2024-09-04 18:55:43.959545286,4.1.0,"{""stage_rank"":2}"
evt-01026953,sess-00603700,page_view,2024-10-09 01:18:58.314679938,,"{""stage_rank"":0}"
evt-00836872,sess-00491895,page_view,2024-06-18 01:44:39.508700217,4.0.0,"{""stage_rank"":0}"
evt-00271814,sess-00159740,page_view,2025-06-02 15:03:30.975871416,4.3.0,"{""stage_rank"":0}"
evt-01479243,sess-00869182,page_view,2023-01-20 00:22:18.050593722,,"{""stage_rank"":0}"
evt-00456917,sess-00268662,page_view,2023-11-21 20:55:05.412240133,,"{""stage_rank"":0}"
evt-00844939,sess-00496654,page_view,2025-04-24 06:06:06.683275444,4.3.0,"{""stage_rank"":0}"
evt-00868541,sess-00510517,add_to_cart,2024-12-12 18:20:56.487930375,4.2.0,"{""stage_rank"":1}"
evt-00682217,sess-00400933,add_to_cart,2023-08-18 20:14:33.279049259,,"{""stage_rank"":1}"
evt-00356113,sess-00209243,page_view,2025-11-26 17:35:09.279572108,,"{""stage_rank"":0}"
evt-00328333,sess-00192968,page_view,2023-03-03 02:36:53.870848342,3.8.0,"{""stage_rank"":0}"
evt-01108554,sess-00651635,page_view,2024-08-31 21:38:50.001997724,4.1.0,"{""stage_rank"":0}"
evt-00898792,sess-00528326,page_view,2026-01-29 23:31:16.023852528,4.4.0,"{""stage_rank"":0}"
evt-00232620,sess-00136733,add_to_cart,2026-01-11 20:59:21.355208807,,"{""stage_rank"":1}"
evt-00514794,sess-00302557,add_to_cart,2023-07-16 17:23:18.485940314,,"{""stage_rank"":1}"
evt-01135257,sess-00667248,page_view,2023-02-09 18:00:07.424024719,,"{""stage_rank"":0}"
evt-01539179,sess-00904452,page_view,2023-10-21 20:32:35.114490194,3.8.0,"{""stage_rank"":0}"
evt-01267158,sess-00744730,checkout,2023-01-11 21:58:37.480372164,,"{""stage_rank"":2}"
evt-01680537,sess-00987478,page_view,2025-03-10 16:00:44.683277000,,"{""stage_rank"":0}"
evt-00942545,sess-00554216,page_view,2023-03-25 15:58:27.672148890,,"{""stage_rank"":0}"
evt-01035332,sess-00608612,page_view,2023-11-10 18:45:15.078619446,,"{""stage_rank"":0}"
evt-01599692,sess-00940045,page_view,2024-02-10 04:50:53.635269536,,"{""stage_rank"":0}"
evt-00105012,sess-00061628,add_to_cart,2023-02-25 23:22:57.537460613,3.8.0,"{""stage_rank"":1}"
evt-01473518,sess-00865809,add_to_cart,2024-10-30 23:01:56.464294436,4.1.0,"{""stage_rank"":1}"
evt-01625560,sess-00955331,page_view,2025-12-17 23:40:36.448847348,,"{""stage_rank"":0}"
evt-00604368,sess-00355075,page_view,2024-01-30 21:04:42.670849553,,"{""stage_rank"":0}"
evt-01419057,sess-00833894,add_to_cart,2025-08-26 02:40:39.018349751,,"{""stage_rank"":1}"
evt-00949117,sess-00558084,page_view,2023-06-05 19:45:42.145554557,,"{""stage_rank"":0}"
evt-00154567,sess-00090733,add_to_cart,2026-03-28 16:00:53.558207160,4.4.0,"{""stage_rank"":1}"
evt-00822675,sess-00483477,checkout,2025-07-10 23:37:44.574469350,,"{""stage_rank"":2}"
evt-01542416,sess-00906366,add_to_cart,2023-08-23 16:57:12.489661881,,"{""stage_rank"":1}"
evt-01446954,sess-00850276,add_to_cart,2023-05-14 19:43:21.038265880,,"{""stage_rank"":1}"
evt-00565266,sess-00332088,add_to_cart,2023-11-22 17:34:03.790485717,,"{""stage_rank"":1}"
evt-00286571,sess-00168367,add_to_cart,2024-10-11 18:51:48.909319355,4.1.0,"{""stage_rank"":1}"
evt-00971294,sess-00571149,checkout,2024-11-08 20:33:48.710472456,4.1.0,"{""stage_rank"":2}"
evt-00345569,sess-00203078,page_view,2023-05-24 19:45:25.214661424,,"{""stage_rank"":0}"
evt-00781844,sess-00459484,page_view,2026-06-06 01:10:21.095793705,,"{""stage_rank"":0}"
evt-01345033,sess-00790392,add_to_cart,2025-09-29 01:33:11.244119904,,"{""stage_rank"":1}"
evt-01613836,sess-00948388,page_view,2026-04-29 20:43:42.945304164,4.4.0,"{""stage_rank"":0}"
evt-01195211,sess-00702481,purchase,2025-01-08 14:37:31.852689268,,"{""stage_rank"":3}"
evt-00000795,sess-00000470,add_to_cart,2025-11-05 20:56:15.749206201,,"{""stage_rank"":1}"
evt-01686793,sess-00991139,checkout,2025-07-22 08:59:26.337129518,,"{""stage_rank"":2}"
evt-01671965,sess-00982497,checkout,2023-01-28 14:39:04.799840620,,"{""stage_rank"":2}"
evt-00838640,sess-00492918,purchase,2023-10-14 18:27:13.023640849,3.8.0,"{""stage_rank"":3}"
evt-01632918,sess-00959674,page_view,2025-01-12 18:27:51.928769387,,"{""stage_rank"":0}"
evt-01345068,sess-00790415,add_to_cart,2026-03-28 21:09:35.692069228,4.4.0,"{""stage_rank"":1}"
evt-00867850,sess-00510111,page_view,2023-04-21 15:06:45.553364172,3.8.0,"{""stage_rank"":0}"
evt-00843111,sess-00495577,checkout,2026-06-22 15:20:20.104831753,,"{""stage_rank"":2}"
evt-00058260,sess-00034188,add_to_cart,2025-07-16 18:57:06.604193888,4.3.0,"{""stage_rank"":1}"
evt-01384746,sess-00813669,checkout,2025-07-14 16:21:26.027878368,,"{""stage_rank"":2}"
evt-00035740,sess-00020976,page_view,2025-08-03 16:56:26.793983660,,"{""stage_rank"":0}"
evt-00195951,sess-00115031,page_view,2023-09-16 16:39:14.781834401,3.8.0,"{""stage_rank"":0}"
evt-00510596,sess-00300134,page_view,2023-06-20 17:14:13.192763162,3.8.0,"{""stage_rank"":0}"
evt-00745615,sess-00438197,add_to_cart,2025-12-06 21:31:25.610145339,4.4.0,"{""stage_rank"":1}"
evt-01383764,sess-00813081,page_view,2024-12-20 22:27:06.045020387,4.2.0,"{""stage_rank"":0}"
evt-01168721,sess-00686945,page_view,2025-07-20 20:14:00.657899557,,"{""stage_rank"":0}"
evt-00515992,sess-00303271,page_view,2025-03-27 23:54:05.235897438,4.3.0,"{""stage_rank"":0}"
evt-00197967,sess-00116239,page_view,2023-12-14 14:32:54.673970989,,"{""stage_rank"":0}"
evt-00190053,sess-00111609,page_view,2023-06-29 18:14:31.890551119,3.8.0,"{""stage_rank"":0}"
evt-01196601,sess-00703280,add_to_cart,2024-12-30 18:53:40.827752438,4.2.0,"{""stage_rank"":1}"
evt-00339304,sess-00199428,page_view,2025-07-04 19:06:36.624670742,4.3.0,"{""stage_rank"":0}"
evt-00481309,sess-00282987,page_view,2024-05-29 21:12:34.802347300,4.0.0,"{""stage_rank"":0}"
evt-01187813,sess-00698151,add_to_cart,2023-08-28 16:56:11.658886873,,"{""stage_rank"":1}"
evt-01175532,sess-00690977,page_view,2026-01-23 22:10:01.562686580,4.4.0,"{""stage_rank"":0}"
evt-00579806,sess-00340612,page_view,2025-11-04 12:32:54.953104111,4.4.0,"{""stage_rank"":0}"
evt-00923321,sess-00542817,checkout,2026-05-16 19:04:28.319068482,4.4.0,"{""stage_rank"":2}"
evt-00321761,sess-00189065,page_view,2024-01-27 22:57:10.804705833,,"{""stage_rank"":0}"
evt-00194210,sess-00114022,add_to_cart,2025-07-13 22:04:52.288485837,4.3.0,"{""stage_rank"":1}"
evt-00803032,sess-00471967,add_to_cart,2023-02-20 21:38:18.758899397,3.8.0,"{""stage_rank"":1}"
evt-00267864,sess-00157435,page_view,2023-12-27 15:12:35.588416413,3.8.0,"{""stage_rank"":0}"
evt-01533510,sess-00901147,page_view,2023-09-17 19:36:20.056686633,,"{""stage_rank"":0}"
evt-00027099,sess-00015948,page_view,2026-04-27 21:51:14.431074749,4.4.0,"{""stage_rank"":0}"
evt-00463547,sess-00272573,add_to_cart,2025-07-04 02:09:41.574418605,4.3.0,"{""stage_rank"":1}"
evt-00541606,sess-00318232,add_to_cart,2025-08-26 01:34:11.004362052,4.4.0,"{""stage_rank"":1}"
evt-00081070,sess-00047658,add_to_cart,2024-05-31 01:17:30.977678564,,"{""stage_rank"":1}"
evt-00910806,sess-00535477,page_view,2024-09-10 21:19:12.071142519,4.1.0,"{""stage_rank"":0}"
evt-00604640,sess-00355238,add_to_cart,2026-02-05 16:15:47.933354736,,"{""stage_rank"":1}"
evt-01642653,sess-00965415,add_to_cart,2023-05-26 23:18:26.490011185,3.8.0,"{""stage_rank"":1}"
evt-01364393,sess-00801779,checkout,2023-05-13 02:12:30.873423540,,"{""stage_rank"":2}"
evt-00224918,sess-00132156,purchase,2024-01-22 20:33:41.269041824,,"{""stage_rank"":3}"
evt-00756471,sess-00444592,page_view,2026-04-23 17:42:10.065404368,4.4.0,"{""stage_rank"":0}"
evt-00196276,sess-00115224,add_to_cart,2023-08-07 23:05:46.437923038,,"{""stage_rank"":1}"
evt-01251601,sess-00735611,page_view,2026-03-21 01:29:56.155521955,4.4.0,"{""stage_rank"":0}"
evt-00168956,sess-00099191,checkout,2025-10-03 23:38:37.814378400,,"{""stage_rank"":2}"
evt-01448217,sess-00851004,page_view,2024-10-28 17:02:06.855882342,,"{""stage_rank"":0}"
evt-00485201,sess-00285257,page_view,2023-10-01 21:50:41.100423432,,"{""stage_rank"":0}"
evt-00172210,sess-00101137,add_to_cart,2024-09-10 23:59:17.591031011,,"{""stage_rank"":1}"
evt-01030632,sess-00605844,page_view,2023-04-19 23:47:52.266844602,,"{""stage_rank"":0}"
evt-00817086,sess-00480235,page_view,2023-03-19 02:00:19.178490568,,"{""stage_rank"":0}"
evt-01209839,sess-00711003,add_to_cart,2025-06-15 22:17:39.192017235,,"{""stage_rank"":1}"
evt-00731437,sess-00429843,checkout,2025-12-13 15:24:54.961332763,4.4.0,"{""stage_rank"":2}"
evt-00877898,sess-00516009,checkout,2023-07-09 19:06:12.209572138,,"{""stage_rank"":2}"
evt-01561374,sess-00917497,page_view,2026-02-02 00:57:35.455465703,4.4.0,"{""stage_rank"":0}"
evt-01320865,sess-00776289,page_view,2025-07-03 21:16:12.148247596,4.3.0,"{""stage_rank"":0}"
evt-00694009,sess-00407916,page_view,2024-07-13 01:29:03.741548807,,"{""stage_rank"":0}"
evt-01520378,sess-00893435,page_view,2024-05-21 18:09:30.155254159,,"{""stage_rank"":0}"
evt-01185868,sess-00696991,checkout,2023-01-25 23:31:19.024256769,,"{""stage_rank"":2}"
evt-00391202,sess-00229950,page_view,2023-12-10 19:38:18.812922407,,"{""stage_rank"":0}"
evt-00167152,sess-00098125,checkout,2023-05-18 16:03:51.388907274,3.8.0,"{""stage_rank"":2}"
evt-01580499,sess-00928721,page_view,2025-11-21 15:49:29.180163535,,"{""stage_rank"":0}"
evt-00645975,sess-00379660,page_view,2024-01-07 18:50:26.840250297,,"{""stage_rank"":0}"
evt-00660005,sess-00387920,add_to_cart,2024-09-11 22:50:49.836851603,4.1.0,"{""stage_rank"":1}"
evt-00427860,sess-00251484,add_to_cart,2023-11-29 19:21:46.952130819,3.8.0,"{""stage_rank"":1}"
evt-00466237,sess-00274174,add_to_cart,2024-02-25 16:48:23.654494894,4.0.0,"{""stage_rank"":1}"
evt-00452746,sess-00266161,page_view,2024-10-04 23:09:54.651756406,4.1.0,"{""stage_rank"":0}"
evt-00903938,sess-00531355,page_view,2023-01-08 00:54:26.804399838,3.8.0,"{""stage_rank"":0}"
evt-00677102,sess-00397965,page_view,2026-01-01 00:01:06.082438819,,"{""stage_rank"":0}"
evt-00142107,sess-00083401,page_view,2026-05-15 16:34:47.920045180,,"{""stage_rank"":0}"
evt-00573011,sess-00336631,checkout,2023-10-20 19:53:31.502282919,,"{""stage_rank"":2}"
evt-00715847,sess-00420686,page_view,2023-03-13 23:22:59.931738737,3.8.0,"{""stage_rank"":0}"
evt-00901672,sess-00530051,page_view,2026-05-20 21:05:20.306692671,,"{""stage_rank"":0}"
evt-00494202,sess-00290569,purchase,2024-06-11 19:00:56.642655093,,"{""stage_rank"":3}"
evt-00655884,sess-00385510,page_view,2023-02-20 14:26:08.236451570,,"{""stage_rank"":0}"
evt-00472621,sess-00277875,purchase,2023-03-07 18:31:05.962595047,,"{""stage_rank"":3}"
evt-01334818,sess-00784421,page_view,2023-04-20 19:51:39.667936998,3.8.0,"{""stage_rank"":0}"
evt-01464895,sess-00860750,checkout,2025-09-07 18:53:15.547710804,,"{""stage_rank"":2}"
evt-00556013,sess-00326632,add_to_cart,2025-01-17 19:33:48.098282127,4.2.0,"{""stage_rank"":1}"
evt-00714505,sess-00419919,add_to_cart,2024-01-10 00:53:54.179037284,3.8.0,"{""stage_rank"":1}"
evt-00950133,sess-00558684,page_view,2025-08-26 19:37:02.730799142,4.4.0,"{""stage_rank"":0}"
evt-00336036,sess-00197523,checkout,2024-01-16 23:28:40.596847195,,"{""stage_rank"":2}"
evt-01626872,sess-00956103,page_view,2023-01-31 22:05:31.188497824,,"{""stage_rank"":0}"
evt-01651840,sess-00970803,add_to_cart,2024-04-20 23:50:42.893299281,,"{""stage_rank"":1}"
evt-00177213,sess-00104032,purchase,2024-09-06 19:04:51.337124243,4.1.0,"{""stage_rank"":3}"
evt-00078921,sess-00046393,checkout,2025-12-08 16:24:12.954545764,4.4.0,"{""stage_rank"":2}"
evt-01337813,sess-00786162,page_view,2024-05-28 20:03:05.876520235,4.0.0,"{""stage_rank"":0}"
evt-00812801,sess-00477694,add_to_cart,2024-12-26 13:26:29.377969118,4.2.0,"{""stage_rank"":1}"
evt-01691901,sess-00994151,add_to_cart,2024-07-14 18:47:51.725072168,,"{""stage_rank"":1}"
evt-00357658,sess-00210157,add_to_cart,2025-01-28 01:28:14.931758255,4.2.0,"{""stage_rank"":1}"
evt-00835033,sess-00490798,page_view,2023-04-21 23:35:21.528226739,3.8.0,"{""stage_rank"":0}"
evt-01316276,sess-00773551,add_to_cart,2024-03-19 17:39:57.399773525,,"{""stage_rank"":1}"
evt-00512233,sess-00301077,add_to_cart,2024-06-22 15:11:01.282237931,,"{""stage_rank"":1}"
evt-01394893,sess-00819659,add_to_cart,2023-06-28 20:32:41.190583018,,"{""stage_rank"":1}"
evt-01282892,sess-00753973,add_to_cart,2023-01-29 17:45:55.402152555,3.8.0,"{""stage_rank"":1}"
evt-00979591,sess-00576070,page_view,2025-02-26 20:49:31.352668785,,"{""stage_rank"":0}"
evt-00984636,sess-00579043,page_view,2024-03-27 17:01:57.470881268,,"{""stage_rank"":0}"
evt-00693180,sess-00407431,page_view,2025-01-27 20:58:42.380798911,4.2.0,"{""stage_rank"":0}"
evt-01534406,sess-00901650,page_view,2026-06-03 02:09:39.609468495,4.4.0,"{""stage_rank"":0}"
evt-01623376,sess-00954045,page_view,2026-05-23 17:51:07.386059522,4.4.0,"{""stage_rank"":0}"
evt-00761981,sess-00447845,page_view,2023-07-11 20:39:50.117787822,,"{""stage_rank"":0}"
evt-01296945,sess-00762269,page_view,2024-03-06 23:52:04.771656344,4.0.0,"{""stage_rank"":0}"
evt-00632776,sess-00371772,page_view,2023-05-29 20:43:57.687282162,3.8.0,"{""stage_rank"":0}"
evt-00395898,sess-00232684,page_view,2026-02-05 19:48:14.748738160,,"{""stage_rank"":0}"
evt-00715578,sess-00420531,page_view,2024-01-20 22:32:27.458343504,3.8.0,"{""stage_rank"":0}"
evt-01546596,sess-00908832,page_view,2023-08-03 18:31:20.255753934,,"{""stage_rank"":0}"
evt-00385855,sess-00226798,add_to_cart,2025-10-23 15:13:14.881097366,4.4.0,"{""stage_rank"":1}"
evt-01533017,sess-00900847,page_view,2025-11-30 13:50:21.839144085,4.4.0,"{""stage_rank"":0}"
evt-00117897,sess-00069142,page_view,2025-12-01 21:58:02.346713847,,"{""stage_rank"":0}"
evt-01354072,sess-00795707,page_view,2025-06-02 20:48:58.576001580,,"{""stage_rank"":0}"
evt-01133289,sess-00666081,page_view,2025-12-30 00:15:51.869692974,4.4.0,"{""stage_rank"":0}"
evt-00002076,sess-00001221,page_view,2024-04-25 11:40:55.844802341,4.0.0,"{""stage_rank"":0}"
evt-01193912,sess-00701729,add_to_cart,2023-05-03 23:38:38.461725868,3.8.0,"{""stage_rank"":1}"
evt-00996030,sess-00585651,add_to_cart,2025-07-29 18:46:38.733012924,4.3.0,"{""stage_rank"":1}"
evt-00358930,sess-00210902,checkout,2023-08-02 20:09:08.330843206,,"{""stage_rank"":2}"
evt-00461339,sess-00271269,add_to_cart,2025-05-05 23:39:55.194421543,,"{""stage_rank"":1}"
evt-01028951,sess-00604865,page_view,2024-11-30 23:01:54.540319811,,"{""stage_rank"":0}"
evt-01375630,sess-00808313,page_view,2024-03-08 17:22:45.938880508,,"{""stage_rank"":0}"
evt-01014301,sess-00596301,page_view,2025-07-19 23:10:53.848250981,,"{""stage_rank"":0}"
evt-01587577,sess-00932886,page_view,2025-08-25 23:56:33.666002961,,"{""stage_rank"":0}"
evt-00280725,sess-00164907,page_view,2025-02-22 20:43:12.509973971,4.3.0,"{""stage_rank"":0}"
evt-01638191,sess-00962793,add_to_cart,2025-02-22 17:40:37.653386617,4.3.0,"{""stage_rank"":1}"
evt-00596857,sess-00350661,page_view,2024-09-02 20:17:34.348343957,,"{""stage_rank"":0}"
evt-00074103,sess-00043556,page_view,2024-05-05 21:36:56.779431412,4.0.0,"{""stage_rank"":0}"
evt-00529884,sess-00311364,page_view,2024-04-26 16:22:15.303988013,4.0.0,"{""stage_rank"":0}"
evt-00971205,sess-00571092,checkout,2023-09-08 20:01:38.483305167,3.8.0,"{""stage_rank"":2}"
evt-00244307,sess-00143640,page_view,2025-06-18 18:59:45.988834583,4.3.0,"{""stage_rank"":0}"
evt-00221735,sess-00130240,page_view,2024-03-26 21:29:38.608863407,4.0.0,"{""stage_rank"":0}"
evt-00223517,sess-00131330,page_view,2026-04-30 18:04:53.735574729,4.4.0,"{""stage_rank"":0}"
evt-00755692,sess-00444119,page_view,2023-04-16 23:16:04.814205467,,"{""stage_rank"":0}"
evt-01023982,sess-00601952,page_view,2023-01-28 20:55:44.662081260,,"{""stage_rank"":0}"
evt-01429292,sess-00839907,page_view,2023-10-09 21:16:21.065456503,,"{""stage_rank"":0}"
evt-01486069,sess-00873186,purchase,2025-07-29 18:54:35.673915267,,"{""stage_rank"":3}"
evt-00391432,sess-00230087,add_to_cart,2024-02-08 20:40:58.993170154,,"{""stage_rank"":1}"
evt-00944081,sess-00555117,page_view,2024-07-19 23:54:45.053995316,,"{""stage_rank"":0}"
evt-00838721,sess-00492969,add_to_cart,2026-02-19 17:01:38.378590777,,"{""stage_rank"":1}"
evt-01492771,sess-00877085,checkout,2023-09-02 19:32:03.456539792,3.8.0,"{""stage_rank"":2}"
evt-00505615,sess-00297232,page_view,2024-02-08 17:11:46.203910298,,"{""stage_rank"":0}"
evt-00434908,sess-00255661,page_view,2025-11-07 19:43:32.310015273,,"{""stage_rank"":0}"
evt-00514586,sess-00302441,add_to_cart,2024-08-26 18:47:56.720055368,,"{""stage_rank"":1}"
evt-01566101,sess-00920237,add_to_cart,2025-02-22 18:45:27.196491786,,"{""stage_rank"":1}"
evt-00377262,sess-00221754,page_view,2025-12-06 00:20:54.425720408,4.4.0,"{""stage_rank"":0}"
evt-01444484,sess-00848815,page_view,2024-02-23 22:23:20.393523227,,"{""stage_rank"":0}"
evt-00921938,sess-00542001,checkout,2026-04-17 17:51:09.114466971,,"{""stage_rank"":2}"
evt-00249314,sess-00146591,page_view,2026-05-20 22:00:28.940409138,,"{""stage_rank"":0}"
evt-01281923,sess-00753401,add_to_cart,2026-05-05 17:36:49.888473889,,"{""stage_rank"":1}"
evt-01628536,sess-00957111,add_to_cart,2024-04-08 21:44:53.954531550,4.0.0,"{""stage_rank"":1}"
evt-00467526,sess-00274926,checkout,2025-02-01 23:02:28.618705438,,"{""stage_rank"":2}"
evt-00501543,sess-00294869,checkout,2025-10-29 23:42:45.694909917,,"{""stage_rank"":2}"
evt-01226132,sess-00720622,page_view,2025-07-07 16:32:07.049088773,4.3.0,"{""stage_rank"":0}"
evt-00380352,sess-00223571,checkout,2026-05-26 23:04:08.600027355,4.4.0,"{""stage_rank"":2}"
evt-01475528,sess-00866999,page_view,2025-08-31 14:25:37.051409830,,"{""stage_rank"":0}"
evt-01058102,sess-00622009,add_to_cart,2026-04-20 19:45:20.097471674,4.4.0,"{""stage_rank"":1}"
evt-01332639,sess-00783129,page_view,2024-09-17 01:15:04.531272678,,"{""stage_rank"":0}"
evt-00752657,sess-00442356,page_view,2025-12-25 15:17:11.773690539,,"{""stage_rank"":0}"
evt-00878953,sess-00516614,page_view,2024-08-16 22:35:33.232186041,4.1.0,"{""stage_rank"":0}"
evt-00526231,sess-00309236,page_view,2024-08-24 18:57:14.599709614,,"{""stage_rank"":0}"
evt-00241962,sess-00142272,page_view,2024-01-15 19:40:49.261608782,3.8.0,"{""stage_rank"":0}"
evt-00914716,sess-00537785,page_view,2025-01-07 23:43:52.060295459,,"{""stage_rank"":0}"
evt-00153564,sess-00090141,page_view,2024-11-25 22:31:31.161024804,4.2.0,"{""stage_rank"":0}"
evt-01508274,sess-00886276,add_to_cart,2024-04-19 17:41:09.456060088,4.0.0,"{""stage_rank"":1}"
evt-01472875,sess-00865450,add_to_cart,2024-08-11 22:49:01.639704204,,"{""stage_rank"":1}"
evt-00378628,sess-00222571,page_view,2024-03-11 00:55:21.816192023,,"{""stage_rank"":0}"
evt-01082705,sess-00636424,page_view,2023-07-29 00:40:13.355184837,3.8.0,"{""stage_rank"":0}"
evt-01391156,sess-00817424,page_view,2026-03-16 22:34:07.918034188,4.4.0,"{""stage_rank"":0}"
evt-00361815,sess-00212605,page_view,2024-06-15 00:53:37.500869587,4.0.0,"{""stage_rank"":0}"
evt-00125603,sess-00073662,page_view,2024-09-26 15:21:14.700344521,,"{""stage_rank"":0}"
evt-01212819,sess-00712713,checkout,2026-06-29 19:12:13.307997770,4.4.0,"{""stage_rank"":2}"
evt-00639195,sess-00375590,page_view,2025-08-11 20:31:14.788889289,4.4.0,"{""stage_rank"":0}"
evt-00494091,sess-00290503,page_view,2024-03-31 20:11:03.904831256,,"{""stage_rank"":0}"
evt-00924481,sess-00543508,add_to_cart,2024-01-15 20:45:26.746962419,,"{""stage_rank"":1}"
evt-01078579,sess-00634024,page_view,2023-09-04 19:28:01.448158833,,"{""stage_rank"":0}"
evt-01209477,sess-00710795,page_view,2023-09-09 20:18:05.444157626,3.8.0,"{""stage_rank"":0}"
evt-00708958,sess-00416707,page_view,2023-07-24 21:38:44.701797978,,"{""stage_rank"":0}"
evt-00573754,sess-00337060,page_view,2025-11-02 15:04:43.767236287,,"{""stage_rank"":0}"
evt-00401415,sess-00235982,page_view,2025-08-27 22:27:49.061629557,,"{""stage_rank"":0}"
evt-01349571,sess-00793053,page_view,2026-06-30 16:58:27.302630826,,"{""stage_rank"":0}"
evt-00748600,sess-00439957,page_view,2025-07-25 17:53:57.538554176,,"{""stage_rank"":0}"
evt-00247289,sess-00145408,add_to_cart,2024-10-12 21:54:46.524722800,,"{""stage_rank"":1}"
evt-00662753,sess-00389537,page_view,2024-08-23 16:44:16.459777331,4.1.0,"{""stage_rank"":0}"
evt-00858431,sess-00504595,add_to_cart,2024-07-29 17:14:14.324679694,4.0.0,"{""stage_rank"":1}"
evt-00076832,sess-00045158,page_view,2024-08-23 20:10:44.879827349,,"{""stage_rank"":0}"
evt-00521170,sess-00306302,add_to_cart,2024-05-30 01:14:33.798928048,4.0.0,"{""stage_rank"":1}"
evt-00032573,sess-00019123,page_view,2024-07-17 16:33:50.026676728,,"{""stage_rank"":0}"
evt-01090001,sess-00640740,page_view,2025-11-14 17:21:51.988973267,,"{""stage_rank"":0}"
evt-00683406,sess-00401624,checkout,2025-08-17 19:07:38.341317384,,"{""stage_rank"":2}"
evt-00902708,sess-00530646,page_view,2024-05-28 20:47:34.465652085,,"{""stage_rank"":0}"
evt-01367221,sess-00803421,page_view,2023-02-01 17:27:23.180259325,3.8.0,"{""stage_rank"":0}"
evt-00893798,sess-00525349,page_view,2025-09-03 18:16:24.448336787,,"{""stage_rank"":0}"
evt-01319609,sess-00775527,page_view,2023-12-16 20:12:23.574723878,,"{""stage_rank"":0}"
evt-01173820,sess-00689948,page_view,2024-01-17 19:33:50.713429885,3.8.0,"{""stage_rank"":0}"
evt-01385798,sess-00814286,add_to_cart,2025-11-23 22:44:39.114257596,4.4.0,"{""stage_rank"":1}"
evt-01656842,sess-00973720,purchase,2026-02-19 21:48:58.807412835,,"{""stage_rank"":3}"
evt-00114527,sess-00067184,page_view,2025-12-12 22:05:37.701257909,4.4.0,"{""stage_rank"":0}"
evt-00376880,sess-00221527,page_view,2026-06-10 16:46:47.978435233,4.4.0,"{""stage_rank"":0}"
evt-00919528,sess-00540545,page_view,2023-06-21 20:38:16.955904063,,"{""stage_rank"":0}"
evt-01617311,sess-00950437,add_to_cart,2025-05-25 20:04:48.109346385,,"{""stage_rank"":1}"
evt-01613814,sess-00948372,add_to_cart,2023-03-05 20:09:25.160869501,,"{""stage_rank"":1}"
evt-00964996,sess-00567456,add_to_cart,2023-02-18 21:11:42.620578346,,"{""stage_rank"":1}"
evt-00357548,sess-00210094,page_view,2023-04-28 15:29:42.987850413,3.8.0,"{""stage_rank"":0}"
evt-01407113,sess-00826863,page_view,2025-12-31 14:16:09.254875183,4.4.0,"{""stage_rank"":0}"
evt-00336579,sess-00197824,add_to_cart,2025-03-15 18:15:25.433140061,4.3.0,"{""stage_rank"":1}"
evt-01368729,sess-00804290,page_view,2024-07-30 21:43:22.893471253,4.0.0,"{""stage_rank"":0}"
evt-00974631,sess-00573099,page_view,2024-08-27 00:24:32.002345367,,"{""stage_rank"":0}"
evt-01287031,sess-00756403,page_view,2025-08-16 22:31:30.197313120,4.4.0,"{""stage_rank"":0}"
evt-01018935,sess-00599026,add_to_cart,2025-04-25 15:55:42.043390432,,"{""stage_rank"":1}"
evt-01353066,sess-00795091,purchase,2026-06-02 22:43:29.082256213,,"{""stage_rank"":3}"
evt-01459507,sess-00857581,add_to_cart,2026-01-07 00:05:13.347992067,4.4.0,"{""stage_rank"":1}"
evt-00706691,sess-00415388,page_view,2024-02-21 20:51:13.652745200,4.0.0,"{""stage_rank"":0}"
evt-00315488,sess-00185357,page_view,2025-06-14 16:10:06.473964314,,"{""stage_rank"":0}"
evt-00770732,sess-00452982,checkout,2023-09-13 00:29:16.751378453,,"{""stage_rank"":2}"
evt-00373754,sess-00219710,add_to_cart,2023-11-07 17:49:27.292184094,3.8.0,"{""stage_rank"":1}"
evt-00206028,sess-00120981,page_view,2024-01-14 23:49:33.515441556,,"{""stage_rank"":0}"
evt-00641063,sess-00376699,add_to_cart,2025-01-02 14:06:16.292289976,4.2.0,"{""stage_rank"":1}"
evt-01028387,sess-00604531,add_to_cart,2025-11-23 21:26:35.267455128,,"{""stage_rank"":1}"
evt-00057967,sess-00034007,page_view,2025-06-12 01:07:43.557337666,,"{""stage_rank"":0}"
evt-01533930,sess-00901375,page_view,2024-05-23 22:03:13.724669618,,"{""stage_rank"":0}"
evt-01629664,sess-00957762,page_view,2025-07-30 19:13:08.376315218,,"{""stage_rank"":0}"
evt-01512943,sess-00889035,page_view,2026-01-10 19:36:45.954667415,4.4.0,"{""stage_rank"":0}"
evt-00101134,sess-00059371,add_to_cart,2025-04-15 19:40:13.379277110,4.3.0,"{""stage_rank"":1}"
evt-01687105,sess-00991334,page_view,2023-05-03 18:47:23.514978033,,"{""stage_rank"":0}"
evt-00395994,sess-00232743,page_view,2025-02-13 20:16:47.293286563,4.3.0,"{""stage_rank"":0}"
evt-00416870,sess-00245118,page_view,2026-02-05 19:09:36.197542402,,"{""stage_rank"":0}"
evt-01534366,sess-00901625,page_view,2026-02-25 21:55:46.565430411,,"{""stage_rank"":0}"
evt-00213454,sess-00125333,page_view,2023-11-26 19:33:43.288229514,3.8.0,"{""stage_rank"":0}"
evt-00458889,sess-00269823,checkout,2025-10-01 22:14:02.311486990,4.4.0,"{""stage_rank"":2}"
evt-00432918,sess-00254471,page_view,2025-02-19 18:49:40.880014350,,"{""stage_rank"":0}"
evt-00474289,sess-00278854,page_view,2023-08-12 23:30:33.924711681,3.8.0,"{""stage_rank"":0}"
evt-00598359,sess-00351551,page_view,2025-10-27 20:56:28.586274695,,"{""stage_rank"":0}"
evt-01080886,sess-00635342,add_to_cart,2025-07-03 18:49:14.999790230,,"{""stage_rank"":1}"
evt-00369854,sess-00217398,add_to_cart,2025-07-07 20:41:32.745965522,,"{""stage_rank"":1}"
evt-01336057,sess-00785140,checkout,2023-10-03 23:59:41.248829927,,"{""stage_rank"":2}"
evt-00286438,sess-00168286,page_view,2023-12-09 16:20:23.124123766,3.8.0,"{""stage_rank"":0}"
evt-01354805,sess-00796133,page_view,2024-08-25 15:53:22.650453414,4.1.0,"{""stage_rank"":0}"
evt-00049184,sess-00028855,page_view,2025-09-24 22:37:42.357879562,4.4.0,"{""stage_rank"":0}"
evt-01485688,sess-00872960,add_to_cart,2024-10-28 19:58:38.941909354,,"{""stage_rank"":1}"
evt-00785511,sess-00461657,page_view,2024-11-19 15:53:00.392230128,,"{""stage_rank"":0}"
evt-01578867,sess-00927741,checkout,2023-01-13 22:51:50.793429846,,"{""stage_rank"":2}"
evt-00271312,sess-00159441,page_view,2025-12-27 19:03:28.654087033,4.4.0,"{""stage_rank"":0}"
evt-00413879,sess-00243345,add_to_cart,2023-05-01 20:28:31.737229164,3.8.0,"{""stage_rank"":1}"
evt-00149402,sess-00087701,checkout,2023-04-28 02:09:52.402611625,,"{""stage_rank"":2}"
evt-01341207,sess-00788128,add_to_cart,2026-05-19 23:03:01.774232964,4.4.0,"{""stage_rank"":1}"
evt-01543929,sess-00907263,page_view,2025-03-25 17:37:55.393282000,4.3.0,"{""stage_rank"":0}"
evt-00046948,sess-00027512,add_to_cart,2025-12-03 22:49:19.209733303,,"{""stage_rank"":1}"
evt-00640086,sess-00376123,checkout,2025-01-22 17:03:02.548230385,,"{""stage_rank"":2}"
evt-00342274,sess-00201161,add_to_cart,2023-08-11 20:35:44.791979014,,"{""stage_rank"":1}"
evt-00625221,sess-00367290,page_view,2025-11-07 19:04:31.974363765,,"{""stage_rank"":0}"
evt-00685739,sess-00403021,page_view,2025-09-16 21:10:45.950045920,,"{""stage_rank"":0}"
evt-01607872,sess-00944820,page_view,2025-05-14 22:26:04.741013144,4.3.0,"{""stage_rank"":0}"
evt-01033178,sess-00607369,add_to_cart,2026-01-31 18:33:14.221661481,4.4.0,"{""stage_rank"":1}"
evt-00388832,sess-00228527,add_to_cart,2026-01-23 16:35:16.155126845,4.4.0,"{""stage_rank"":1}"
evt-00829820,sess-00487648,page_view,2024-09-21 21:47:16.701792050,4.1.0,"{""stage_rank"":0}"
evt-01100153,sess-00646702,page_view,2026-06-27 14:53:53.647222248,4.4.0,"{""stage_rank"":0}"
evt-01363838,sess-00801461,page_view,2023-07-14 21:57:38.539178901,3.8.0,"{""stage_rank"":0}"
evt-00073648,sess-00043288,checkout,2023-01-31 19:51:35.062054538,,"{""stage_rank"":2}"
evt-01453811,sess-00854272,page_view,2025-02-07 20:08:00.596824013,4.3.0,"{""stage_rank"":0}"
evt-00402390,sess-00236557,checkout,2025-01-20 16:33:02.041232716,,"{""stage_rank"":2}"
evt-00359859,sess-00211458,page_view,2023-06-21 19:44:44.644801261,,"{""stage_rank"":0}"
evt-00689166,sess-00405072,add_to_cart,2024-04-19 19:59:26.222538250,4.0.0,"{""stage_rank"":1}"
evt-00022546,sess-00013300,page_view,2025-06-09 01:00:02.877659261,,"{""stage_rank"":0}"
evt-00084382,sess-00049579,add_to_cart,2023-02-22 20:29:46.628338942,3.8.0,"{""stage_rank"":1}"
evt-00488814,sess-00287380,page_view,2024-05-02 21:15:46.719934389,4.0.0,"{""stage_rank"":0}"
evt-00164412,sess-00096550,checkout,2024-10-15 20:46:15.670227188,,"{""stage_rank"":2}"
evt-00585089,sess-00343756,page_view,2023-01-27 21:11:56.924628213,3.8.0,"{""stage_rank"":0}"
evt-00165217,sess-00097014,page_view,2026-03-07 18:48:38.011139012,,"{""stage_rank"":0}"
evt-01108542,sess-00651629,page_view,2026-05-14 20:38:52.877858405,4.4.0,"{""stage_rank"":0}"
evt-00543660,sess-00319408,page_view,2025-02-12 22:38:17.031260308,,"{""stage_rank"":0}"
evt-01107552,sess-00651035,page_view,2026-04-27 19:09:58.663015738,,"{""stage_rank"":0}"
evt-00352253,sess-00206983,add_to_cart,2024-02-01 18:37:35.271559360,,"{""stage_rank"":1}"
evt-00104341,sess-00061244,add_to_cart,2024-08-23 16:49:30.531565700,4.1.0,"{""stage_rank"":1}"
evt-01563825,sess-00918916,page_view,2026-04-24 18:50:46.216024521,,"{""stage_rank"":0}"
evt-00864406,sess-00508111,add_to_cart,2025-09-23 14:31:58.110448233,4.4.0,"{""stage_rank"":1}"
evt-01592361,sess-00935740,page_view,2024-07-14 16:22:06.700369792,4.0.0,"{""stage_rank"":0}"
evt-01664704,sess-00978263,page_view,2025-04-18 13:58:36.946742608,,"{""stage_rank"":0}"
evt-00396301,sess-00232925,checkout,2026-01-15 18:22:00.849664981,4.4.0,"{""stage_rank"":2}"
evt-00396514,sess-00233059,add_to_cart,2025-10-29 15:54:04.170215607,4.4.0,"{""stage_rank"":1}"
evt-01601404,sess-00941054,add_to_cart,2025-08-10 19:09:07.333577230,,"{""stage_rank"":1}"
evt-00882873,sess-00518922,purchase,2023-07-07 13:06:32.390992230,3.8.0,"{""stage_rank"":3}"
evt-00789495,sess-00464022,page_view,2024-07-17 16:56:08.804585994,4.0.0,"{""stage_rank"":0}"
evt-01303584,sess-00766177,page_view,2024-09-14 20:45:36.570636449,,"{""stage_rank"":0}"
evt-00114208,sess-00067001,add_to_cart,2023-07-05 15:59:04.004574870,,"{""stage_rank"":1}"
evt-01186613,sess-00697441,add_to_cart,2026-01-27 19:30:03.669649871,4.4.0,"{""stage_rank"":1}"
evt-00873054,sess-00513162,add_to_cart,2025-02-17 16:40:16.755107795,,"{""stage_rank"":1}"
evt-00381044,sess-00223973,purchase,2026-04-17 20:27:40.792964746,4.4.0,"{""stage_rank"":3}"
evt-00143082,sess-00083975,purchase,2024-12-17 21:15:00.098624041,4.2.0,"{""stage_rank"":3}"
evt-01094387,sess-00643300,add_to_cart,2024-06-25 13:21:14.302611444,4.0.0,"{""stage_rank"":1}"
evt-00815091,sess-00479039,page_view,2025-11-23 18:18:23.058322384,,"{""stage_rank"":0}"
evt-00957271,sess-00562865,page_view,2025-12-16 20:11:16.793204626,,"{""stage_rank"":0}"
evt-00546233,sess-00320944,page_view,2023-05-17 21:01:55.616670445,3.8.0,"{""stage_rank"":0}"
evt-00936127,sess-00550408,add_to_cart,2025-10-20 00:14:44.431433550,4.4.0,"{""stage_rank"":1}"
evt-00263895,sess-00155110,add_to_cart,2025-05-04 21:29:30.318132255,4.3.0,"{""stage_rank"":1}"
evt-00930730,sess-00547224,page_view,2024-05-10 21:46:58.110996886,4.0.0,"{""stage_rank"":0}"
evt-00878308,sess-00516251,add_to_cart,2023-11-27 19:49:53.835272350,,"{""stage_rank"":1}"
evt-00921679,sess-00541841,add_to_cart,2023-01-26 03:38:10.102146942,,"{""stage_rank"":1}"
evt-00478112,sess-00281111,checkout,2025-02-28 00:48:54.543092453,4.3.0,"{""stage_rank"":2}"
evt-00808710,sess-00475275,page_view,2024-08-15 19:33:47.354149567,4.1.0,"{""stage_rank"":0}"
evt-00536750,sess-00315423,page_view,2024-10-16 17:28:31.243959603,,"{""stage_rank"":0}"
evt-00374951,sess-00220397,add_to_cart,2025-10-26 06:18:35.086353310,4.4.0,"{""stage_rank"":1}"
evt-00185103,sess-00108721,add_to_cart,2025-02-09 10:25:13.204981248,4.3.0,"{""stage_rank"":1}"
evt-01010602,sess-00594154,page_view,2026-06-30 00:38:50.518693919,4.4.0,"{""stage_rank"":0}"
evt-00247178,sess-00145339,add_to_cart,2024-02-16 16:12:59.335498273,4.0.0,"{""stage_rank"":1}"
evt-00830490,sess-00488059,page_view,2023-08-29 10:57:18.578680927,,"{""stage_rank"":0}"
evt-00499234,sess-00293538,add_to_cart,2024-09-13 22:23:11.709848672,,"{""stage_rank"":1}"
evt-00268143,sess-00157592,checkout,2023-08-29 16:42:00.269038944,3.8.0,"{""stage_rank"":2}"
evt-00343199,sess-00201678,page_view,2026-01-31 19:49:54.422984539,,"{""stage_rank"":0}"
evt-00025104,sess-00014786,page_view,2025-06-21 22:15:28.633089272,4.3.0,"{""stage_rank"":0}"
evt-00270756,sess-00159122,add_to_cart,2024-01-13 06:04:57.574557619,3.8.0,"{""stage_rank"":1}"
evt-01213787,sess-00713279,checkout,2023-09-01 15:29:19.095272263,,"{""stage_rank"":2}"
evt-00071498,sess-00042013,page_view,2025-12-01 01:25:49.143109724,4.4.0,"{""stage_rank"":0}"
evt-00032925,sess-00019336,page_view,2024-11-25 19:38:24.316214771,,"{""stage_rank"":0}"
evt-01447535,sess-00850602,checkout,2023-08-09 17:50:43.414576355,3.8.0,"{""stage_rank"":2}"
evt-00902664,sess-00530617,add_to_cart,2026-05-15 23:20:07.236573964,,"{""stage_rank"":1}"
evt-00136092,sess-00079824,add_to_cart,2025-07-17 13:19:51.893533919,4.3.0,"{""stage_rank"":1}"
evt-00726045,sess-00426681,page_view,2025-12-27 20:53:16.335175040,4.4.0,"{""stage_rank"":0}"
evt-00042326,sess-00024837,page_view,2025-08-19 22:42:04.193473556,4.4.0,"{""stage_rank"":0}"
evt-00617184,sess-00362575,page_view,2024-04-15 14:47:30.801857946,,"{""stage_rank"":0}"
evt-00158465,sess-00093048,checkout,2025-06-22 19:40:23.860386776,4.3.0,"{""stage_rank"":2}"
evt-01600061,sess-00940264,page_view,2023-01-19 00:35:28.270046423,3.8.0,"{""stage_rank"":0}"
evt-00944452,sess-00555346,page_view,2026-01-15 18:03:54.318259038,4.4.0,"{""stage_rank"":0}"
evt-00354853,sess-00208504,checkout,2025-02-27 19:22:19.646122238,,"{""stage_rank"":2}"
evt-00615386,sess-00361517,page_view,2024-02-26 19:16:17.016067016,4.0.0,"{""stage_rank"":0}"
evt-01278518,sess-00751381,add_to_cart,2023-11-03 21:45:36.390218130,,"{""stage_rank"":1}"
evt-01211011,sess-00711661,page_view,2024-06-05 18:47:41.206406760,4.0.0,"{""stage_rank"":0}"
evt-01173970,sess-00690039,page_view,2024-02-17 23:51:17.244579588,,"{""stage_rank"":0}"
evt-00135185,sess-00079290,add_to_cart,2025-12-17 20:38:43.533707466,,"{""stage_rank"":1}"
evt-00151165,sess-00088742,page_view,2024-11-22 16:13:34.741908669,4.2.0,"{""stage_rank"":0}"
evt-01086648,sess-00638758,add_to_cart,2025-08-21 22:19:36.675065001,,"{""stage_rank"":1}"
evt-00947925,sess-00557375,checkout,2025-10-14 22:19:51.415202377,4.4.0,"{""stage_rank"":2}"
evt-00063387,sess-00037229,add_to_cart,2023-10-19 17:39:28.012692560,,"{""stage_rank"":1}"
evt-00582871,sess-00342446,page_view,2026-04-28 20:45:04.314829634,,"{""stage_rank"":0}"
evt-00959824,sess-00564377,add_to_cart,2023-11-28 17:19:52.372705997,3.8.0,"{""stage_rank"":1}"
evt-01187750,sess-00698117,add_to_cart,2024-09-23 21:36:49.281742230,,"{""stage_rank"":1}"
evt-01290282,sess-00758326,add_to_cart,2023-11-21 06:56:32.808667803,,"{""stage_rank"":1}"
evt-01536936,sess-00903114,add_to_cart,2025-06-23 18:11:03.113376414,,"{""stage_rank"":1}"
evt-00461038,sess-00271091,page_view,2024-08-16 18:29:51.733200980,,"{""stage_rank"":0}"
evt-01603448,sess-00942232,checkout,2024-09-16 00:53:38.049825307,4.1.0,"{""stage_rank"":2}"
evt-00818911,sess-00481279,page_view,2023-11-26 15:31:21.294812649,3.8.0,"{""stage_rank"":0}"
evt-01191794,sess-00700479,page_view,2024-12-20 18:53:25.220991925,4.2.0,"{""stage_rank"":0}"
evt-01094679,sess-00643466,checkout,2025-12-27 14:24:10.971456371,,"{""stage_rank"":2}"
evt-00912009,sess-00536194,add_to_cart,2026-05-19 21:56:29.962983802,,"{""stage_rank"":1}"
evt-01397848,sess-00821439,page_view,2024-09-27 03:25:40.864722581,4.1.0,"{""stage_rank"":0}"
evt-01525907,sess-00896652,page_view,2025-02-21 13:33:13.007759665,,"{""stage_rank"":0}"
evt-00958684,sess-00563709,add_to_cart,2025-08-28 17:21:28.315245373,,"{""stage_rank"":1}"
evt-01326098,sess-00779343,page_view,2024-07-15 16:39:45.137401278,,"{""stage_rank"":0}"
evt-01407212,sess-00826929,add_to_cart,2024-08-14 22:20:04.625373677,,"{""stage_rank"":1}"
evt-00934271,sess-00549319,page_view,2026-02-22 19:28:23.405557519,4.4.0,"{""stage_rank"":0}"
evt-01268282,sess-00745378,add_to_cart,2024-10-11 01:07:11.596417418,,"{""stage_rank"":1}"
evt-00240724,sess-00141537,page_view,2025-01-22 16:23:17.361131631,,"{""stage_rank"":0}"
evt-00459041,sess-00269917,page_view,2025-04-12 22:31:32.769835831,,"{""stage_rank"":0}"
evt-01502866,sess-00883058,page_view,2023-02-04 00:37:55.818787287,,"{""stage_rank"":0}"
evt-00674562,sess-00396478,page_view,2024-05-28 16:35:56.405631314,,"{""stage_rank"":0}"
evt-01284592,sess-00754962,page_view,2026-02-27 00:49:23.224607031,4.4.0,"{""stage_rank"":0}"
evt-00021897,sess-00012935,add_to_cart,2023-07-13 21:17:15.026733726,3.8.0,"{""stage_rank"":1}"
evt-01634173,sess-00960417,purchase,2025-07-26 12:39:44.156209737,,"{""stage_rank"":3}"
evt-00250957,sess-00147537,page_view,2024-02-26 19:43:13.147843832,,"{""stage_rank"":0}"
evt-00519558,sess-00305378,checkout,2023-08-30 22:30:53.231993909,,"{""stage_rank"":2}"
evt-00959511,sess-00564178,page_view,2024-02-02 21:05:39.080586008,4.0.0,"{""stage_rank"":0}"
evt-01453708,sess-00854218,purchase,2023-09-14 01:36:10.977026359,,"{""stage_rank"":3}"
evt-00189384,sess-00111212,page_view,2026-03-13 18:13:59.503209944,,"{""stage_rank"":0}"
evt-00537352,sess-00315753,page_view,2025-11-05 19:41:27.061562163,,"{""stage_rank"":0}"
evt-00010152,sess-00006039,page_view,2024-03-04 18:05:10.443404600,4.0.0,"{""stage_rank"":0}"
evt-01199241,sess-00704840,page_view,2024-07-02 19:02:04.393789111,4.0.0,"{""stage_rank"":0}"
evt-00255419,sess-00150128,checkout,2023-07-03 23:00:04.682744755,3.8.0,"{""stage_rank"":2}"
evt-00884596,sess-00519949,page_view,2026-03-18 20:05:18.773683341,,"{""stage_rank"":0}"
evt-00307394,sess-00180539,page_view,2025-08-22 15:29:17.663812678,,"{""stage_rank"":0}"
evt-00953756,sess-00560804,page_view,2025-02-14 17:29:49.021450731,4.3.0,"{""stage_rank"":0}"
evt-01486165,sess-00873244,page_view,2025-02-06 00:50:22.611262576,4.3.0,"{""stage_rank"":0}"
evt-00684405,sess-00402216,page_view,2024-09-25 20:14:33.324089491,,"{""stage_rank"":0}"
evt-00261930,sess-00153972,add_to_cart,2026-06-06 17:38:21.158391398,,"{""stage_rank"":1}"
evt-01031482,sess-00606365,page_view,2025-03-21 22:03:51.315312907,4.3.0,"{""stage_rank"":0}"
evt-00054919,sess-00032203,add_to_cart,2023-01-19 20:55:03.796213106,,"{""stage_rank"":1}"
evt-00741036,sess-00435479,add_to_cart,2025-01-17 21:15:23.219862276,4.2.0,"{""stage_rank"":1}"
evt-00277923,sess-00163306,page_view,2024-05-31 13:19:15.014123320,,"{""stage_rank"":0}"
evt-01114003,sess-00654835,page_view,2023-03-31 22:37:59.122990600,3.8.0,"{""stage_rank"":0}"
evt-01321092,sess-00776424,add_to_cart,2025-05-17 16:13:04.397630965,,"{""stage_rank"":1}"
evt-01501943,sess-00882512,add_to_cart,2025-08-10 20:52:11.886672818,4.4.0,"{""stage_rank"":1}"
evt-00557048,sess-00327231,checkout,2026-02-11 15:51:02.157489419,4.4.0,"{""stage_rank"":2}"
evt-00871271,sess-00512107,checkout,2026-04-21 19:58:52.319536741,4.4.0,"{""stage_rank"":2}"
evt-00576171,sess-00338472,page_view,2023-06-09 21:04:49.620173981,3.8.0,"{""stage_rank"":0}"
evt-00353782,sess-00207885,checkout,2025-02-18 17:47:46.084113251,4.3.0,"{""stage_rank"":2}"
evt-00569698,sess-00334670,page_view,2024-07-21 17:43:04.170795610,4.0.0,"{""stage_rank"":0}"
evt-01058885,sess-00622463,add_to_cart,2024-10-21 20:15:09.158432480,4.1.0,"{""stage_rank"":1}"
evt-00443223,sess-00260534,page_view,2025-05-19 22:15:58.046706888,,"{""stage_rank"":0}"
evt-00949606,sess-00558378,page_view,2023-11-24 22:43:06.023823384,3.8.0,"{""stage_rank"":0}"
evt-00716427,sess-00421026,page_view,2023-01-16 16:43:54.044397539,,"{""stage_rank"":0}"
evt-00864821,sess-00508352,add_to_cart,2024-06-27 21:44:56.466187300,4.0.0,"{""stage_rank"":1}"
evt-01019899,sess-00599596,page_view,2024-08-08 20:37:45.141546580,4.1.0,"{""stage_rank"":0}"
evt-01032429,sess-00606930,page_view,2023-02-02 19:05:40.326037942,,"{""stage_rank"":0}"
evt-01396121,sess-00820399,page_view,2023-12-17 00:08:19.124012465,,"{""stage_rank"":0}"
evt-01147429,sess-00674441,checkout,2026-02-24 12:08:33.723198739,,"{""stage_rank"":2}"
evt-00798837,sess-00469478,page_view,2025-12-13 18:54:59.643512566,4.4.0,"{""stage_rank"":0}"
evt-00879616,sess-00517003,page_view,2023-10-27 13:50:14.561709477,3.8.0,"{""stage_rank"":0}"
evt-00558693,sess-00328210,checkout,2025-01-07 15:44:08.119746893,,"{""stage_rank"":2}"
evt-01057892,sess-00621888,page_view,2024-07-03 16:33:15.249690283,,"{""stage_rank"":0}"
evt-01172182,sess-00688995,page_view,2024-04-04 22:32:06.219060146,4.0.0,"{""stage_rank"":0}"
evt-00030254,sess-00017772,page_view,2024-03-04 23:51:35.389808356,,"{""stage_rank"":0}"
evt-01396699,sess-00820747,page_view,2025-02-10 17:57:24.306277271,,"{""stage_rank"":0}"
evt-00137812,sess-00080882,page_view,2025-05-22 22:40:19.897068328,4.3.0,"{""stage_rank"":0}"
evt-01588399,sess-00933371,page_view,2025-05-17 18:30:20.130498337,,"{""stage_rank"":0}"
evt-00120044,sess-00070390,page_view,2025-03-30 13:21:35.126583493,,"{""stage_rank"":0}"
evt-01387826,sess-00815471,page_view,2025-07-13 19:46:55.308679324,,"{""stage_rank"":0}"
evt-01128208,sess-00663122,checkout,2025-02-13 21:06:19.939986771,,"{""stage_rank"":2}"
evt-00721118,sess-00423797,add_to_cart,2023-06-01 00:31:50.277529628,,"{""stage_rank"":1}"
evt-01195202,sess-00702476,add_to_cart,2024-12-24 18:12:02.668499601,4.2.0,"{""stage_rank"":1}"
evt-01023384,sess-00601609,page_view,2024-10-26 19:39:23.291409507,4.1.0,"{""stage_rank"":0}"
evt-00876463,sess-00515184,page_view,2024-07-08 17:08:50.380155542,4.0.0,"{""stage_rank"":0}"
evt-01611522,sess-00947000,page_view,2026-03-13 21:06:19.834353708,,"{""stage_rank"":0}"
evt-01133330,sess-00666106,page_view,2024-07-31 00:27:50.386414227,,"{""stage_rank"":0}"
evt-01103551,sess-00648703,checkout,2025-12-15 21:27:54.686050976,,"{""stage_rank"":2}"
evt-00395783,sess-00232621,add_to_cart,2023-05-08 15:35:20.092463501,3.8.0,"{""stage_rank"":1}"
evt-00845111,sess-00496750,add_to_cart,2025-08-04 23:01:19.229143499,,"{""stage_rank"":1}"
evt-00818566,sess-00481078,page_view,2026-02-02 00:37:16.741172094,,"{""stage_rank"":0}"
evt-01351587,sess-00794228,page_view,2025-05-22 18:02:39.755400897,,"{""stage_rank"":0}"
evt-01658141,sess-00974458,add_to_cart,2025-06-23 17:35:21.678783606,4.3.0,"{""stage_rank"":1}"
evt-00733882,sess-00431326,add_to_cart,2024-11-28 01:04:05.449671916,,"{""stage_rank"":1}"
evt-01573510,sess-00924600,page_view,2023-02-10 12:22:04.985322173,,"{""stage_rank"":0}"
evt-00495201,sess-00291175,page_view,2025-09-15 02:18:15.103778098,4.4.0,"{""stage_rank"":0}"
evt-01548201,sess-00909775,checkout,2025-11-23 15:14:04.293399370,4.4.0,"{""stage_rank"":2}"
evt-00421833,sess-00248007,page_view,2023-04-09 14:44:38.228641243,3.8.0,"{""stage_rank"":0}"
evt-00875244,sess-00514475,checkout,2024-02-13 20:50:30.188747733,4.0.0,"{""stage_rank"":2}"
evt-00740438,sess-00435150,page_view,2025-03-01 20:18:33.644745009,,"{""stage_rank"":0}"
evt-01343493,sess-00789493,page_view,2023-01-28 20:32:06.508875216,,"{""stage_rank"":0}"
evt-00124635,sess-00073079,add_to_cart,2023-08-14 18:00:53.565177692,,"{""stage_rank"":1}"
evt-01423616,sess-00836599,add_to_cart,2023-08-12 20:09:22.985610350,3.8.0,"{""stage_rank"":1}"
evt-00770360,sess-00452757,add_to_cart,2024-08-22 22:55:19.762684122,,"{""stage_rank"":1}"
evt-00978901,sess-00575658,add_to_cart,2024-03-04 01:54:50.010642190,4.0.0,"{""stage_rank"":1}"
evt-01198736,sess-00704552,add_to_cart,2024-07-19 20:46:49.027540558,,"{""stage_rank"":1}"
evt-00636644,sess-00374062,page_view,2025-02-28 16:33:58.476041086,4.3.0,"{""stage_rank"":0}"
evt-00411326,sess-00241849,page_view,2026-02-12 19:09:57.974065488,4.4.0,"{""stage_rank"":0}"
evt-00500335,sess-00294169,add_to_cart,2023-03-15 17:34:49.445769466,,"{""stage_rank"":1}"
evt-01450147,sess-00852132,add_to_cart,2025-10-20 17:55:19.670563026,,"{""stage_rank"":1}"
evt-01659113,sess-00975015,add_to_cart,2025-07-27 20:09:23.970049084,,"{""stage_rank"":1}"
evt-00520906,sess-00306153,page_view,2025-06-30 14:42:28.296876241,,"{""stage_rank"":0}"
evt-01070818,sess-00629428,page_view,2023-04-25 21:37:02.718603828,3.8.0,"{""stage_rank"":0}"
evt-00730784,sess-00429453,add_to_cart,2024-02-02 18:56:22.864793894,4.0.0,"{""stage_rank"":1}"
evt-01388486,sess-00815857,checkout,2025-02-27 16:59:51.524484116,,"{""stage_rank"":2}"
evt-00052500,sess-00030790,add_to_cart,2023-12-09 01:12:22.345591111,3.8.0,"{""stage_rank"":1}"
evt-01580923,sess-00928979,page_view,2025-05-08 17:27:56.959500274,4.3.0,"{""stage_rank"":0}"
evt-00037241,sess-00021865,add_to_cart,2023-03-31 20:49:43.766451747,3.8.0,"{""stage_rank"":1}"
evt-01320560,sess-00776105,page_view,2024-10-14 20:43:56.074120082,,"{""stage_rank"":0}"
evt-00841656,sess-00494691,add_to_cart,2023-01-19 07:21:42.146476728,,"{""stage_rank"":1}"
evt-01535629,sess-00902374,page_view,2024-11-15 23:23:20.736120735,,"{""stage_rank"":0}"
evt-01159184,sess-00681363,add_to_cart,2023-06-26 21:19:27.090593059,3.8.0,"{""stage_rank"":1}"
evt-01499644,sess-00881144,add_to_cart,2024-06-04 14:52:48.783147770,,"{""stage_rank"":1}"
evt-01470702,sess-00864164,page_view,2023-08-22 14:01:10.782232531,,"{""stage_rank"":0}"
evt-00163697,sess-00096123,page_view,2025-09-28 15:15:22.097603592,4.4.0,"{""stage_rank"":0}"
evt-01470194,sess-00863858,page_view,2025-05-12 16:13:42.173763730,,"{""stage_rank"":0}"
evt-01520113,sess-00893265,add_to_cart,2024-10-29 21:00:35.454323770,4.1.0,"{""stage_rank"":1}"
evt-01452570,sess-00853519,add_to_cart,2024-07-09 21:24:13.905801066,4.0.0,"{""stage_rank"":1}"
evt-00617874,sess-00362979,checkout,2024-01-04 20:54:25.801181501,3.8.0,"{""stage_rank"":2}"
evt-01583533,sess-00930523,page_view,2023-07-29 01:15:29.012519526,3.8.0,"{""stage_rank"":0}"
evt-00286525,sess-00168337,add_to_cart,2025-01-12 18:00:57.768707965,,"{""stage_rank"":1}"
evt-01628212,sess-00956916,page_view,2023-12-04 20:27:35.372641038,,"{""stage_rank"":0}"
evt-01622559,sess-00953560,checkout,2024-11-19 20:35:03.109255105,,"{""stage_rank"":2}"
evt-00096575,sess-00056709,page_view,2024-11-03 19:35:03.738050106,4.1.0,"{""stage_rank"":0}"
evt-01023207,sess-00601519,page_view,2024-02-23 08:53:02.082484738,,"{""stage_rank"":0}"
evt-00347510,sess-00204203,page_view,2025-11-05 17:15:19.734913916,,"{""stage_rank"":0}"
evt-00629090,sess-00369588,page_view,2024-07-17 16:30:06.923342980,4.0.0,"{""stage_rank"":0}"
evt-01185225,sess-00696617,add_to_cart,2025-04-05 17:27:42.393308596,4.3.0,"{""stage_rank"":1}"
evt-00829893,sess-00487693,add_to_cart,2026-05-09 03:35:56.748099327,,"{""stage_rank"":1}"
evt-00930126,sess-00546867,page_view,2024-01-24 21:45:33.980206761,3.8.0,"{""stage_rank"":0}"
evt-01561688,sess-00917687,page_view,2024-08-07 22:42:59.444391231,4.1.0,"{""stage_rank"":0}"
evt-00538704,sess-00316557,page_view,2025-06-10 23:28:13.898831333,4.3.0,"{""stage_rank"":0}"
evt-01367120,sess-00803359,page_view,2025-07-09 01:33:49.909729329,4.3.0,"{""stage_rank"":0}"
evt-00492368,sess-00289459,add_to_cart,2025-03-25 14:49:11.265832117,,"{""stage_rank"":1}"
evt-01027075,sess-00603768,add_to_cart,2025-10-26 21:05:36.428128490,4.4.0,"{""stage_rank"":1}"
evt-00266375,sess-00156567,page_view,2026-01-12 20:16:42.956877271,4.4.0,"{""stage_rank"":0}"
evt-01044174,sess-00613825,page_view,2023-03-19 20:31:02.103616810,3.8.0,"{""stage_rank"":0}"
evt-00493088,sess-00289896,add_to_cart,2025-06-30 19:44:01.854189152,,"{""stage_rank"":1}"
evt-00745700,sess-00438252,page_view,2026-02-22 21:15:15.771255252,,"{""stage_rank"":0}"
evt-01505461,sess-00884610,page_view,2023-09-24 17:12:06.653763146,3.8.0,"{""stage_rank"":0}"
evt-00363617,sess-00213694,add_to_cart,2025-02-27 21:21:26.915719213,4.3.0,"{""stage_rank"":1}"
evt-00525380,sess-00308746,page_view,2026-01-23 18:28:25.006997853,4.4.0,"{""stage_rank"":0}"
evt-01258040,sess-00739411,page_view,2025-03-02 17:31:19.684966266,,"{""stage_rank"":0}"
evt-00197176,sess-00115760,checkout,2024-07-06 16:14:51.087378969,4.0.0,"{""stage_rank"":2}"
evt-01045050,sess-00614338,checkout,2024-03-27 21:36:35.180386837,4.0.0,"{""stage_rank"":2}"
evt-00737473,sess-00433442,add_to_cart,2025-06-25 22:06:08.454269584,4.3.0,"{""stage_rank"":1}"
evt-00524888,sess-00308449,checkout,2025-04-19 04:06:12.334566599,,"{""stage_rank"":2}"
evt-01591738,sess-00935376,page_view,2026-01-21 16:42:44.509600643,,"{""stage_rank"":0}"
evt-01360016,sess-00799182,page_view,2024-05-03 18:29:19.847457077,4.0.0,"{""stage_rank"":0}"
evt-00202683,sess-00119004,add_to_cart,2023-08-06 16:06:34.172334110,3.8.0,"{""stage_rank"":1}"
evt-01462752,sess-00859499,page_view,2025-12-27 20:12:38.926600772,4.4.0,"{""stage_rank"":0}"
evt-01141644,sess-00671034,page_view,2023-11-18 15:15:23.599043464,,"{""stage_rank"":0}"
evt-00591760,sess-00347708,add_to_cart,2026-05-24 03:53:42.784291082,,"{""stage_rank"":1}"
evt-00721602,sess-00424089,checkout,2025-12-05 16:52:51.598338862,4.4.0,"{""stage_rank"":2}"
evt-00683111,sess-00401453,checkout,2023-06-01 16:22:24.358237421,,"{""stage_rank"":2}"
evt-00186730,sess-00109648,page_view,2026-06-10 19:04:08.584875015,4.4.0,"{""stage_rank"":0}"
evt-00508770,sess-00299090,page_view,2023-12-16 21:42:48.169710896,3.8.0,"{""stage_rank"":0}"
evt-00615279,sess-00361452,page_view,2026-03-08 15:22:27.068564510,,"{""stage_rank"":0}"
evt-00615118,sess-00361360,add_to_cart,2025-04-27 20:34:03.369907666,,"{""stage_rank"":1}"
evt-01102911,sess-00648338,add_to_cart,2024-01-22 17:56:45.105977347,,"{""stage_rank"":1}"
evt-00904831,sess-00531895,page_view,2023-09-19 21:31:50.346477243,,"{""stage_rank"":0}"
evt-00640137,sess-00376153,page_view,2023-07-26 13:03:37.067524976,,"{""stage_rank"":0}"
evt-01225772,sess-00720408,page_view,2024-12-17 20:31:31.207836251,,"{""stage_rank"":0}"
evt-00708609,sess-00416500,page_view,2025-08-04 17:19:43.405680752,4.4.0,"{""stage_rank"":0}"
evt-00203719,sess-00119625,add_to_cart,2024-11-08 17:42:59.680135518,,"{""stage_rank"":1}"
evt-01534995,sess-00901996,add_to_cart,2026-02-24 22:30:05.101265327,4.4.0,"{""stage_rank"":1}"
evt-01119308,sess-00657881,add_to_cart,2023-04-06 14:18:48.258857956,,"{""stage_rank"":1}"
evt-00202607,sess-00118965,page_view,2023-08-16 20:17:50.435961048,,"{""stage_rank"":0}"
evt-00339233,sess-00199383,page_view,2026-04-14 00:59:17.865788694,,"{""stage_rank"":0}"
evt-00804265,sess-00472691,page_view,2023-12-03 17:02:57.669520525,,"{""stage_rank"":0}"
evt-01059551,sess-00622855,page_view,2025-01-16 00:21:08.869075557,4.2.0,"{""stage_rank"":0}"
evt-00785074,sess-00461401,page_view,2026-02-21 22:42:13.018478458,4.4.0,"{""stage_rank"":0}"
evt-00450008,sess-00264540,page_view,2025-01-12 18:28:11.730934898,4.2.0,"{""stage_rank"":0}"
evt-01556626,sess-00914721,page_view,2023-06-29 20:35:29.791471957,,"{""stage_rank"":0}"
evt-00234117,sess-00137625,add_to_cart,2024-07-19 00:21:36.163465142,,"{""stage_rank"":1}"
evt-01492071,sess-00876679,page_view,2023-02-23 20:33:28.819600803,,"{""stage_rank"":0}"
evt-01338459,sess-00786542,page_view,2026-03-03 19:33:38.890874341,4.4.0,"{""stage_rank"":0}"
evt-00705773,sess-00414825,page_view,2024-08-31 17:19:20.784592688,,"{""stage_rank"":0}"
evt-00681248,sess-00400372,page_view,2025-02-01 16:21:08.497598886,,"{""stage_rank"":0}"
evt-00205846,sess-00120875,add_to_cart,2024-02-23 14:28:46.436817162,4.0.0,"{""stage_rank"":1}"
evt-01310321,sess-00770080,add_to_cart,2023-10-10 21:02:50.975734444,3.8.0,"{""stage_rank"":1}"
evt-01615217,sess-00949202,page_view,2026-03-25 17:52:39.843418586,,"{""stage_rank"":0}"
evt-00524036,sess-00307947,add_to_cart,2023-12-16 18:28:46.863752799,3.8.0,"{""stage_rank"":1}"
evt-01495483,sess-00878721,page_view,2024-08-08 12:47:50.597092813,4.1.0,"{""stage_rank"":0}"
evt-01163048,sess-00683579,page_view,2026-03-19 20:59:29.722566452,4.4.0,"{""stage_rank"":0}"
evt-00718334,sess-00422135,page_view,2024-01-23 16:00:34.037060404,,"{""stage_rank"":0}"
evt-00841085,sess-00494359,checkout,2025-02-27 14:08:24.857223295,,"{""stage_rank"":2}"
evt-01646894,sess-00967879,purchase,2024-07-19 22:39:26.300212323,4.0.0,"{""stage_rank"":3}"
evt-01102004,sess-00647814,page_view,2023-05-04 19:23:50.937191271,,"{""stage_rank"":0}"
evt-01133775,sess-00666373,add_to_cart,2024-08-10 18:16:16.978299657,4.1.0,"{""stage_rank"":1}"
evt-01095898,sess-00644189,page_view,2025-11-04 17:00:51.616066235,,"{""stage_rank"":0}"
evt-01364589,sess-00801884,purchase,2024-12-25 23:07:24.558167273,,"{""stage_rank"":3}"
evt-00754756,sess-00443595,page_view,2023-08-06 20:30:50.160171740,,"{""stage_rank"":0}"
evt-01395276,sess-00819896,page_view,2025-01-23 20:50:32.454866562,4.2.0,"{""stage_rank"":0}"
evt-00368921,sess-00216827,add_to_cart,2025-04-13 16:22:07.755897175,4.3.0,"{""stage_rank"":1}"
evt-01027831,sess-00604209,page_view,2026-01-05 20:46:41.554843155,,"{""stage_rank"":0}"
evt-00988793,sess-00581487,page_view,2024-04-18 16:00:15.334875016,4.0.0,"{""stage_rank"":0}"
evt-01688689,sess-00992263,page_view,2023-02-15 17:26:49.613663273,3.8.0,"{""stage_rank"":0}"
evt-00352038,sess-00206848,add_to_cart,2025-08-05 00:47:31.679465749,,"{""stage_rank"":1}"
evt-00999579,sess-00587729,add_to_cart,2026-01-04 18:03:33.851739277,4.4.0,"{""stage_rank"":1}"
evt-01552984,sess-00912566,add_to_cart,2024-01-19 21:45:37.725061849,,"{""stage_rank"":1}"
evt-01354476,sess-00795932,page_view,2023-07-29 22:23:52.591834533,,"{""stage_rank"":0}"
evt-01384658,sess-00813617,page_view,2023-05-09 14:46:23.030122779,,"{""stage_rank"":0}"
evt-00991413,sess-00583019,add_to_cart,2024-09-13 02:38:13.517343788,,"{""stage_rank"":1}"
evt-00007912,sess-00004715,page_view,2024-03-20 21:02:58.750934478,4.0.0,"{""stage_rank"":0}"
evt-00459068,sess-00269933,page_view,2025-05-18 20:52:31.121148072,4.3.0,"{""stage_rank"":0}"
evt-01607924,sess-00944850,page_view,2024-10-30 21:17:20.421936797,,"{""stage_rank"":0}"
evt-00541782,sess-00318330,add_to_cart,2025-06-06 19:41:15.362221090,4.3.0,"{""stage_rank"":1}"
evt-00613526,sess-00360427,add_to_cart,2023-08-11 16:37:38.542411545,3.8.0,"{""stage_rank"":1}"
evt-01316423,sess-00773643,add_to_cart,2024-02-06 18:33:42.081089704,4.0.0,"{""stage_rank"":1}"
evt-01622192,sess-00953363,add_to_cart,2024-06-30 15:55:09.774702655,4.0.0,"{""stage_rank"":1}"
evt-00316891,sess-00186192,purchase,2024-09-21 18:47:59.994175486,4.1.0,"{""stage_rank"":3}"
evt-00597634,sess-00351133,page_view,2026-03-11 22:25:44.103215958,,"{""stage_rank"":0}"
evt-01172041,sess-00688907,add_to_cart,2024-08-30 21:49:07.262722601,4.1.0,"{""stage_rank"":1}"
evt-00810567,sess-00476367,add_to_cart,2025-07-29 23:00:39.600551527,4.3.0,"{""stage_rank"":1}"
evt-00100713,sess-00059113,add_to_cart,2024-01-24 19:34:22.541858708,3.8.0,"{""stage_rank"":1}"
evt-00823824,sess-00484146,page_view,2025-06-24 01:18:51.026287353,4.3.0,"{""stage_rank"":0}"
evt-00747781,sess-00439479,checkout,2025-11-02 21:22:33.016096350,,"{""stage_rank"":2}"
evt-00322425,sess-00189464,add_to_cart,2025-10-27 18:27:48.611247174,,"{""stage_rank"":1}"
evt-00837317,sess-00492155,page_view,2024-07-12 22:00:02.249200639,4.0.0,"{""stage_rank"":0}"
evt-00833461,sess-00489855,page_view,2025-10-24 02:32:22.730765800,4.4.0,"{""stage_rank"":0}"
evt-01064910,sess-00625969,page_view,2023-06-02 20:37:09.828357345,3.8.0,"{""stage_rank"":0}"
evt-01522263,sess-00894523,page_view,2024-11-23 22:45:58.953921797,4.2.0,"{""stage_rank"":0}"
evt-00313594,sess-00184262,page_view,2023-02-14 00:34:18.130876998,3.8.0,"{""stage_rank"":0}"
evt-01625012,sess-00955020,checkout,2025-09-21 18:10:38.673926587,4.4.0,"{""stage_rank"":2}"
evt-01035560,sess-00608748,page_view,2025-12-28 17:49:43.782817725,4.4.0,"{""stage_rank"":0}"
evt-00894262,sess-00525634,checkout,2026-02-02 12:46:45.392441590,4.4.0,"{""stage_rank"":2}"
evt-01506078,sess-00884972,page_view,2023-02-23 21:06:50.153128702,3.8.0,"{""stage_rank"":0}"
evt-01479480,sess-00869324,checkout,2023-12-13 18:21:16.013869930,3.8.0,"{""stage_rank"":2}"
evt-01091051,sess-00641345,page_view,2025-05-02 15:53:47.816626612,,"{""stage_rank"":0}"
evt-01563905,sess-00918962,add_to_cart,2023-02-14 22:42:56.204006598,,"{""stage_rank"":1}"
evt-00757959,sess-00445473,checkout,2024-10-13 22:36:20.142188923,,"{""stage_rank"":2}"
evt-00481610,sess-00283161,add_to_cart,2024-09-20 22:11:43.264661353,,"{""stage_rank"":1}"
evt-01590301,sess-00934511,page_view,2023-12-15 02:28:47.723604859,,"{""stage_rank"":0}"
evt-00310566,sess-00182431,add_to_cart,2024-04-10 21:52:08.907791872,4.0.0,"{""stage_rank"":1}"
evt-00413131,sess-00242907,checkout,2025-06-01 13:15:49.743377165,4.3.0,"{""stage_rank"":2}"
evt-00438088,sess-00257542,page_view,2023-05-05 19:22:53.682502079,3.8.0,"{""stage_rank"":0}"
evt-00407437,sess-00239523,add_to_cart,2025-07-28 01:36:25.058610756,4.3.0,"{""stage_rank"":1}"
evt-00200801,sess-00117914,add_to_cart,2023-11-27 21:41:03.434618641,3.8.0,"{""stage_rank"":1}"
evt-00072533,sess-00042629,page_view,2024-09-26 22:42:14.441792936,,"{""stage_rank"":0}"
evt-00514143,sess-00302187,page_view,2023-05-04 20:10:06.907402647,,"{""stage_rank"":0}"
evt-00318321,sess-00187038,add_to_cart,2023-11-10 22:19:02.924825451,,"{""stage_rank"":1}"
evt-00258172,sess-00151744,add_to_cart,2023-01-17 18:31:58.461430428,3.8.0,"{""stage_rank"":1}"
evt-00010966,sess-00006509,page_view,2026-06-02 00:06:15.463558229,,"{""stage_rank"":0}"
evt-00725853,sess-00426562,add_to_cart,2025-02-10 00:32:08.363597737,,"{""stage_rank"":1}"
evt-01105191,sess-00649674,add_to_cart,2023-11-23 18:41:13.854313316,,"{""stage_rank"":1}"
evt-01027122,sess-00603796,add_to_cart,2025-01-03 20:54:30.379766586,,"{""stage_rank"":1}"
evt-01408491,sess-00827703,page_view,2024-05-31 20:26:44.543977991,4.0.0,"{""stage_rank"":0}"
evt-00905112,sess-00532058,page_view,2025-04-02 21:35:53.541614728,4.3.0,"{""stage_rank"":0}"
evt-00858771,sess-00504802,page_view,2025-07-07 18:23:18.542881336,,"{""stage_rank"":0}"
evt-00102076,sess-00059931,page_view,2023-08-05 17:00:25.880732174,3.8.0,"{""stage_rank"":0}"
evt-01639158,sess-00963379,add_to_cart,2024-10-13 19:26:05.898452384,,"{""stage_rank"":1}"
evt-00013413,sess-00007952,page_view,2023-01-01 22:13:35.512229329,,"{""stage_rank"":0}"
evt-00616626,sess-00362248,add_to_cart,2024-02-15 13:52:43.319234195,4.0.0,"{""stage_rank"":1}"
evt-01238975,sess-00728148,page_view,2023-10-20 22:00:38.665004621,,"{""stage_rank"":0}"
evt-01061884,sess-00624215,page_view,2025-08-11 22:51:48.812201939,,"{""stage_rank"":0}"
evt-00137839,sess-00080899,page_view,2023-05-20 12:54:48.006680423,3.8.0,"{""stage_rank"":0}"
evt-00178887,sess-00105010,page_view,2024-05-20 06:25:13.264040953,4.0.0,"{""stage_rank"":0}"
evt-01584177,sess-00930891,page_view,2023-03-17 16:25:45.416055561,3.8.0,"{""stage_rank"":0}"
evt-00427700,sess-00251391,checkout,2026-01-24 04:26:16.522997795,4.4.0,"{""stage_rank"":2}"
evt-01197210,sess-00703638,page_view,2026-05-30 16:08:12.307601671,,"{""stage_rank"":0}"
evt-00983517,sess-00578402,page_view,2025-07-28 17:40:03.353446473,4.3.0,"{""stage_rank"":0}"
evt-00653874,sess-00384342,checkout,2024-01-04 20:09:38.854103160,3.8.0,"{""stage_rank"":2}"
evt-01246131,sess-00732371,page_view,2025-10-13 01:47:58.305453741,,"{""stage_rank"":0}"
evt-01233925,sess-00725205,page_view,2023-09-07 22:29:42.644544555,3.8.0,"{""stage_rank"":0}"
evt-01202060,sess-00706493,page_view,2023-01-02 19:00:31.088973597,,"{""stage_rank"":0}"
evt-00902484,sess-00530518,page_view,2026-04-06 17:18:25.246983252,4.4.0,"{""stage_rank"":0}"
evt-00366565,sess-00215444,page_view,2024-01-04 14:08:50.720428532,3.8.0,"{""stage_rank"":0}"
evt-01699248,sess-00998465,purchase,2024-06-24 01:09:05.583475714,4.0.0,"{""stage_rank"":3}"
evt-01019617,sess-00599423,page_view,2023-01-03 12:42:15.219597999,3.8.0,"{""stage_rank"":0}"
evt-00431558,sess-00253665,add_to_cart,2024-06-14 20:49:18.611384322,4.0.0,"{""stage_rank"":1}"
evt-00395093,sess-00232212,page_view,2024-05-31 18:22:37.750033787,,"{""stage_rank"":0}"
evt-01498317,sess-00880371,add_to_cart,2025-02-07 21:44:59.257373923,4.3.0,"{""stage_rank"":1}"
evt-01035540,sess-00608733,page_view,2025-06-24 23:12:28.986611900,,"{""stage_rank"":0}"
evt-00271371,sess-00159474,add_to_cart,2024-03-12 16:44:59.230587630,,"{""stage_rank"":1}"
evt-00045410,sess-00026620,page_view,2024-01-25 20:18:09.147539693,3.8.0,"{""stage_rank"":0}"
evt-01464456,sess-00860499,page_view,2024-02-17 17:45:59.657074486,4.0.0,"{""stage_rank"":0}"
evt-00679459,sess-00399328,page_view,2023-08-06 20:19:03.009469008,,"{""stage_rank"":0}"
evt-00034466,sess-00020226,add_to_cart,2024-10-15 22:06:08.297559317,4.1.0,"{""stage_rank"":1}"
evt-00273307,sess-00160592,checkout,2025-07-20 21:04:42.559837701,,"{""stage_rank"":2}"
evt-00976833,sess-00574413,page_view,2024-02-10 22:21:46.188646605,4.0.0,"{""stage_rank"":0}"
evt-00175402,sess-00102975,page_view,2025-09-25 00:31:42.931547237,,"{""stage_rank"":0}"
evt-00059065,sess-00034666,add_to_cart,2026-01-24 19:15:18.523863796,,"{""stage_rank"":1}"
evt-00749300,sess-00440372,page_view,2025-07-08 20:33:46.796483886,4.3.0,"{""stage_rank"":0}"
evt-00049152,sess-00028832,checkout,2025-07-07 21:00:41.286378085,4.3.0,"{""stage_rank"":2}"
evt-01468062,sess-00862616,add_to_cart,2024-01-20 17:21:08.458025207,,"{""stage_rank"":1}"
evt-01312177,sess-00771166,page_view,2024-05-03 20:43:31.137213468,4.0.0,"{""stage_rank"":0}"
evt-01348367,sess-00792356,add_to_cart,2024-04-27 15:50:04.244173571,4.0.0,"{""stage_rank"":1}"
evt-00311806,sess-00183190,checkout,2025-10-22 17:52:27.745125580,4.4.0,"{""stage_rank"":2}"
evt-00698802,sess-00410748,page_view,2023-01-21 21:58:36.022349152,3.8.0,"{""stage_rank"":0}"
evt-00385341,sess-00226504,page_view,2026-05-19 21:07:16.651988799,4.4.0,"{""stage_rank"":0}"
evt-00163386,sess-00095938,page_view,2024-12-18 01:36:45.276837249,,"{""stage_rank"":0}"
evt-01435772,sess-00843695,page_view,2025-10-28 22:51:26.766023605,,"{""stage_rank"":0}"
evt-01401521,sess-00823614,add_to_cart,2023-09-17 14:50:00.531754837,,"{""stage_rank"":1}"
evt-00793626,sess-00466455,page_view,2023-08-20 16:28:37.904478697,3.8.0,"{""stage_rank"":0}"
evt-01639498,sess-00963577,checkout,2025-07-16 13:22:37.685473277,4.3.0,"{""stage_rank"":2}"
evt-00843040,sess-00495536,page_view,2024-12-30 17:57:04.410712188,4.2.0,"{""stage_rank"":0}"
evt-00705370,sess-00414586,add_to_cart,2024-08-17 18:02:26.259755994,4.1.0,"{""stage_rank"":1}"
evt-00375844,sess-00220925,add_to_cart,2026-04-10 18:58:26.154087114,,"{""stage_rank"":1}"
evt-00991679,sess-00583175,add_to_cart,2025-10-26 20:43:23.206665869,,"{""stage_rank"":1}"
evt-00534959,sess-00314385,page_view,2024-05-11 22:27:52.747027363,4.0.0,"{""stage_rank"":0}"
evt-00292263,sess-00171696,checkout,2023-12-29 08:49:05.998440003,,"{""stage_rank"":2}"
evt-01404346,sess-00825256,add_to_cart,2025-01-27 14:47:33.704729001,,"{""stage_rank"":1}"
evt-00602456,sess-00353955,page_view,2023-12-19 21:19:38.420335786,3.8.0,"{""stage_rank"":0}"
evt-00487287,sess-00286514,page_view,2023-12-16 19:00:35.401177846,3.8.0,"{""stage_rank"":0}"
evt-00131913,sess-00077382,page_view,2023-08-18 17:47:16.429575648,,"{""stage_rank"":0}"
evt-00952573,sess-00560109,add_to_cart,2026-05-15 00:05:25.484727868,,"{""stage_rank"":1}"
evt-01448617,sess-00851237,checkout,2024-08-24 20:25:58.077559812,,"{""stage_rank"":2}"
evt-00074453,sess-00043765,page_view,2026-01-05 18:06:18.340522952,,"{""stage_rank"":0}"
evt-00534410,sess-00314059,add_to_cart,2026-06-17 17:58:35.922243222,,"{""stage_rank"":1}"
evt-01325374,sess-00778925,purchase,2023-07-12 22:00:37.532312857,,"{""stage_rank"":3}"
evt-00549674,sess-00322939,page_view,2024-11-16 20:25:10.541628160,4.2.0,"{""stage_rank"":0}"
evt-01698382,sess-00997977,add_to_cart,2023-07-15 18:30:28.885208972,,"{""stage_rank"":1}"
evt-00923417,sess-00542876,page_view,2023-04-07 20:30:14.640722444,,"{""stage_rank"":0}"
evt-00582069,sess-00341984,page_view,2023-04-12 21:05:41.524820018,3.8.0,"{""stage_rank"":0}"
evt-00788863,sess-00463637,add_to_cart,2025-12-24 17:19:10.837920808,4.4.0,"{""stage_rank"":1}"
evt-00571852,sess-00335955,purchase,2023-12-18 22:14:36.894878210,,"{""stage_rank"":3}"
evt-01535303,sess-00902188,checkout,2025-01-26 19:15:51.361978522,,"{""stage_rank"":2}"
evt-01168835,sess-00687006,page_view,2024-10-24 22:25:38.380974157,4.1.0,"{""stage_rank"":0}"
evt-01458232,sess-00856845,page_view,2025-06-08 20:12:26.485884570,,"{""stage_rank"":0}"
evt-00250909,sess-00147512,add_to_cart,2025-01-10 22:27:22.942153961,4.2.0,"{""stage_rank"":1}"
evt-01189810,sess-00699317,page_view,2025-01-02 20:07:50.189460294,4.2.0,"{""stage_rank"":0}"
evt-01433619,sess-00842436,page_view,2025-08-24 17:19:58.147161786,4.4.0,"{""stage_rank"":0}"
evt-01066030,sess-00626607,page_view,2025-08-04 12:10:33.395320767,,"{""stage_rank"":0}"
evt-01368533,sess-00804175,page_view,2025-02-14 18:29:12.384452715,,"{""stage_rank"":0}"
evt-00241876,sess-00142221,page_view,2024-03-12 18:23:35.640815211,,"{""stage_rank"":0}"
evt-00495738,sess-00291483,add_to_cart,2025-06-16 21:01:20.547931369,4.3.0,"{""stage_rank"":1}"
evt-00822590,sess-00483422,page_view,2024-08-18 19:21:44.546222569,4.1.0,"{""stage_rank"":0}"
evt-01461247,sess-00858614,add_to_cart,2025-09-12 14:13:48.564549167,,"{""stage_rank"":1}"
evt-00160612,sess-00094292,add_to_cart,2025-12-15 21:43:09.479406060,,"{""stage_rank"":1}"
evt-00259014,sess-00152242,page_view,2023-12-02 23:46:52.808272728,3.8.0,"{""stage_rank"":0}"
evt-00174309,sess-00102350,page_view,2023-04-28 17:51:22.412657093,,"{""stage_rank"":0}"
evt-01312523,sess-00771369,page_view,2025-01-17 17:27:09.786243263,4.2.0,"{""stage_rank"":0}"
evt-00433634,sess-00254886,page_view,2025-07-23 15:32:58.929385697,,"{""stage_rank"":0}"
evt-00896486,sess-00526952,page_view,2024-06-02 18:24:17.809857186,4.0.0,"{""stage_rank"":0}"
evt-00918766,sess-00540114,checkout,2024-04-14 01:41:37.057814005,4.0.0,"{""stage_rank"":2}"
evt-00080746,sess-00047468,page_view,2023-06-17 19:42:43.183740257,,"{""stage_rank"":0}"
evt-01122643,sess-00659855,checkout,2026-01-24 17:30:51.868870228,,"{""stage_rank"":2}"
evt-01453052,sess-00853823,page_view,2024-07-27 01:16:17.974459956,,"{""stage_rank"":0}"
evt-01103873,sess-00648889,page_view,2023-10-17 14:39:35.065477894,3.8.0,"{""stage_rank"":0}"
evt-01011497,sess-00594677,add_to_cart,2024-03-20 20:01:11.919439623,4.0.0,"{""stage_rank"":1}"
evt-00618031,sess-00363068,add_to_cart,2023-05-06 19:50:58.161571153,3.8.0,"{""stage_rank"":1}"
evt-00527642,sess-00310068,checkout,2024-09-01 19:02:57.969901722,4.1.0,"{""stage_rank"":2}"
evt-00631175,sess-00370815,page_view,2024-03-08 18:47:37.514725766,4.0.0,"{""stage_rank"":0}"
evt-00392705,sess-00230808,page_view,2026-02-19 20:13:52.182106997,,"{""stage_rank"":0}"
evt-01673980,sess-00983661,add_to_cart,2024-10-31 19:09:20.331453408,,"{""stage_rank"":1}"
evt-00304046,sess-00178586,add_to_cart,2024-12-23 23:25:26.049219718,,"{""stage_rank"":1}"
evt-00369887,sess-00217417,page_view,2025-06-13 18:25:16.932755695,4.3.0,"{""stage_rank"":0}"
evt-01379828,sess-00810764,checkout,2023-01-04 17:59:12.217568420,,"{""stage_rank"":2}"
evt-00750955,sess-00441347,page_view,2025-01-05 23:09:48.753074646,,"{""stage_rank"":0}"
evt-01245873,sess-00732214,page_view,2024-06-16 02:19:56.381838478,4.0.0,"{""stage_rank"":0}"
evt-00270228,sess-00158812,page_view,2023-02-01 18:49:54.467735741,,"{""stage_rank"":0}"
evt-01551451,sess-00911653,checkout,2025-08-24 23:36:33.154781526,,"{""stage_rank"":2}"
evt-01345714,sess-00790804,page_view,2026-01-31 15:52:28.672030424,4.4.0,"{""stage_rank"":0}"
evt-01350118,sess-00793380,add_to_cart,2024-06-25 05:41:47.694887682,,"{""stage_rank"":1}"
evt-00433375,sess-00254743,page_view,2026-02-15 22:57:39.903560180,4.4.0,"{""stage_rank"":0}"
evt-00487441,sess-00286598,add_to_cart,2025-03-28 23:22:07.179953382,,"{""stage_rank"":1}"
evt-01433755,sess-00842522,add_to_cart,2023-09-03 20:20:33.064544352,3.8.0,"{""stage_rank"":1}"
evt-00325683,sess-00191403,page_view,2023-02-15 03:02:43.144128437,,"{""stage_rank"":0}"
evt-00832571,sess-00489315,page_view,2025-09-23 22:23:24.739204115,,"{""stage_rank"":0}"
evt-00148971,sess-00087450,add_to_cart,2025-08-19 02:12:55.709537533,,"{""stage_rank"":1}"
evt-00132939,sess-00077980,page_view,2024-06-05 04:29:32.797757200,,"{""stage_rank"":0}"
evt-00064907,sess-00038105,add_to_cart,2026-01-27 23:16:01.735070444,4.4.0,"{""stage_rank"":1}"
evt-00959496,sess-00564170,page_view,2025-08-15 21:59:32.800188490,,"{""stage_rank"":0}"
evt-00823528,sess-00483979,page_view,2024-07-03 20:24:46.023772071,4.0.0,"{""stage_rank"":0}"
evt-00674360,sess-00396362,page_view,2026-06-16 16:09:49.324245914,,"{""stage_rank"":0}"
evt-00221732,sess-00130239,page_view,2025-03-26 21:39:21.529144135,,"{""stage_rank"":0}"
evt-00622665,sess-00365796,page_view,2026-04-30 22:52:00.418809838,,"{""stage_rank"":0}"
evt-00711958,sess-00418451,page_view,2025-01-31 18:06:33.536244457,,"{""stage_rank"":0}"
evt-01146577,sess-00673925,page_view,2025-09-06 13:20:44.587939159,,"{""stage_rank"":0}"
evt-00721560,sess-00424059,add_to_cart,2025-06-11 00:05:48.518033877,,"{""stage_rank"":1}"
evt-00117383,sess-00068838,page_view,2024-02-04 17:43:47.983731362,,"{""stage_rank"":0}"
evt-00495510,sess-00291353,page_view,2024-09-18 18:01:15.064856073,4.1.0,"{""stage_rank"":0}"
evt-00278102,sess-00163404,page_view,2024-12-16 17:56:02.342256428,4.2.0,"{""stage_rank"":0}"
evt-00808639,sess-00475234,add_to_cart,2024-03-17 23:10:42.629678888,,"{""stage_rank"":1}"
evt-01377151,sess-00809207,checkout,2023-06-27 21:04:33.029365283,,"{""stage_rank"":2}"
evt-01520775,sess-00893662,add_to_cart,2025-06-27 16:46:35.889273741,4.3.0,"{""stage_rank"":1}"
evt-00023191,sess-00013670,purchase,2025-08-25 18:09:58.560930459,4.4.0,"{""stage_rank"":3}"
evt-00867586,sess-00509956,page_view,2024-10-15 21:24:27.628590800,,"{""stage_rank"":0}"
evt-01398605,sess-00821887,page_view,2023-01-25 16:23:39.388070298,3.8.0,"{""stage_rank"":0}"
evt-00796644,sess-00468220,page_view,2024-02-23 01:41:11.313106486,4.0.0,"{""stage_rank"":0}"
evt-00159229,sess-00093489,page_view,2026-02-14 20:32:10.890332491,,"{""stage_rank"":0}"
evt-00072087,sess-00042352,page_view,2024-02-04 21:06:12.711469086,,"{""stage_rank"":0}"
evt-00581227,sess-00341477,page_view,2025-03-19 16:14:07.909103445,,"{""stage_rank"":0}"
evt-00134650,sess-00078989,add_to_cart,2026-03-09 21:36:34.536349073,4.4.0,"{""stage_rank"":1}"
evt-00974259,sess-00572876,page_view,2023-12-15 17:19:16.506879149,,"{""stage_rank"":0}"
evt-00030747,sess-00018055,add_to_cart,2023-06-07 16:35:02.594057690,3.8.0,"{""stage_rank"":1}"
evt-01251712,sess-00735674,page_view,2024-12-04 00:04:34.009219236,,"{""stage_rank"":0}"
evt-00265579,sess-00156092,page_view,2025-12-15 17:17:48.004098241,4.4.0,"{""stage_rank"":0}"
evt-00684285,sess-00402147,add_to_cart,2024-07-31 21:11:58.996594629,,"{""stage_rank"":1}"
evt-00611957,sess-00359533,page_view,2023-02-18 13:51:05.763039820,3.8.0,"{""stage_rank"":0}"
evt-00709153,sess-00416825,add_to_cart,2023-01-13 19:57:33.533040846,3.8.0,"{""stage_rank"":1}"
evt-01479051,sess-00869071,add_to_cart,2025-10-27 20:10:53.400974342,4.4.0,"{""stage_rank"":1}"
evt-00946969,sess-00556841,page_view,2025-08-04 16:55:57.082594936,,"{""stage_rank"":0}"
evt-00642491,sess-00377554,page_view,2023-12-24 17:50:08.904207170,,"{""stage_rank"":0}"
evt-01684472,sess-00989794,add_to_cart,2024-05-12 19:28:09.973180477,4.0.0,"{""stage_rank"":1}"
evt-00377628,sess-00221968,page_view,2025-06-12 19:48:08.992111931,,"{""stage_rank"":0}"
evt-01650611,sess-00970084,page_view,2024-01-31 20:24:20.949763546,,"{""stage_rank"":0}"
evt-00172471,sess-00101294,page_view,2024-03-22 18:13:34.606991568,4.0.0,"{""stage_rank"":0}"
evt-01690143,sess-00993118,checkout,2026-02-23 23:07:28.486143203,,"{""stage_rank"":2}"
evt-00426708,sess-00250828,page_view,2025-12-18 22:37:52.137729347,,"{""stage_rank"":0}"
evt-00335740,sess-00197357,page_view,2025-05-20 22:30:32.435821787,4.3.0,"{""stage_rank"":0}"
evt-00866004,sess-00509029,page_view,2025-08-13 19:19:35.323545480,4.4.0,"{""stage_rank"":0}"
evt-00677811,sess-00398388,page_view,2025-08-17 21:47:21.112447044,4.4.0,"{""stage_rank"":0}"
evt-00969917,sess-00570336,add_to_cart,2025-07-17 22:11:21.071330025,4.3.0,"{""stage_rank"":1}"
evt-00328589,sess-00193122,add_to_cart,2023-01-02 21:41:23.428454278,,"{""stage_rank"":1}"
evt-01006640,sess-00591839,page_view,2026-06-19 18:46:19.818116506,,"{""stage_rank"":0}"
evt-01263669,sess-00742685,checkout,2024-01-21 21:46:11.690446697,3.8.0,"{""stage_rank"":2}"
evt-00899363,sess-00528672,add_to_cart,2026-01-08 18:17:49.155958300,4.4.0,"{""stage_rank"":1}"
evt-00091983,sess-00054070,page_view,2023-10-06 12:20:24.507646506,3.8.0,"{""stage_rank"":0}"
evt-01211835,sess-00712134,page_view,2024-04-19 20:30:44.304734283,,"{""stage_rank"":0}"
evt-00287105,sess-00168683,page_view,2023-10-10 16:56:26.677283082,3.8.0,"{""stage_rank"":0}"
evt-00016749,sess-00009915,add_to_cart,2023-09-01 19:15:41.843099777,,"{""stage_rank"":1}"
evt-00009183,sess-00005468,add_to_cart,2025-06-20 16:44:41.115221132,,"{""stage_rank"":1}"
evt-00281539,sess-00165405,page_view,2026-03-13 12:34:37.462260284,,"{""stage_rank"":0}"
evt-00356355,sess-00209389,page_view,2026-03-28 20:30:14.451656317,,"{""stage_rank"":0}"
evt-00710858,sess-00417812,checkout,2025-01-07 01:15:10.521350077,4.2.0,"{""stage_rank"":2}"
evt-00359670,sess-00211355,page_view,2025-07-04 01:08:43.997860276,4.3.0,"{""stage_rank"":0}"
evt-00387887,sess-00227978,page_view,2023-02-08 02:15:23.308351493,,"{""stage_rank"":0}"
evt-01434085,sess-00842708,add_to_cart,2024-12-21 21:40:16.980772090,,"{""stage_rank"":1}"
evt-00926986,sess-00545004,add_to_cart,2025-10-26 20:52:10.574468200,,"{""stage_rank"":1}"
evt-01568202,sess-00921485,page_view,2024-01-13 20:22:11.844385006,3.8.0,"{""stage_rank"":0}"
evt-00940339,sess-00552895,add_to_cart,2024-10-06 23:54:07.480266038,4.1.0,"{""stage_rank"":1}"
evt-00234760,sess-00138009,page_view,2025-10-18 16:10:17.759719508,,"{""stage_rank"":0}"
evt-00979291,sess-00575893,page_view,2024-06-14 17:59:01.707714395,,"{""stage_rank"":0}"
evt-01079477,sess-00634545,add_to_cart,2025-09-08 19:13:07.505882559,,"{""stage_rank"":1}"
evt-01674950,sess-00984241,page_view,2025-05-18 19:25:01.698888867,4.3.0,"{""stage_rank"":0}"
evt-01432141,sess-00841566,page_view,2024-03-26 21:47:27.002078429,,"{""stage_rank"":0}"
evt-00531375,sess-00312229,page_view,2023-12-20 20:23:29.732171275,3.8.0,"{""stage_rank"":0}"
evt-01311015,sess-00770485,add_to_cart,2025-03-15 19:52:39.537288586,,"{""stage_rank"":1}"
evt-00949372,sess-00558238,add_to_cart,2023-07-17 21:04:24.329844498,,"{""stage_rank"":1}"
evt-00929385,sess-00546430,page_view,2025-05-26 18:15:22.520328463,4.3.0,"{""stage_rank"":0}"
evt-00301546,sess-00177139,page_view,2024-06-08 01:33:07.004998537,,"{""stage_rank"":0}"
evt-00729872,sess-00428914,add_to_cart,2025-03-31 22:36:34.847821095,4.3.0,"{""stage_rank"":1}"
evt-01640187,sess-00963987,add_to_cart,2024-09-19 20:24:59.826706971,,"{""stage_rank"":1}"
evt-00607544,sess-00356944,checkout,2025-02-21 21:09:47.775805734,,"{""stage_rank"":2}"
evt-00136459,sess-00080057,page_view,2025-05-11 12:06:48.601267255,,"{""stage_rank"":0}"
evt-00104431,sess-00061296,checkout,2023-07-15 02:52:12.114417334,3.8.0,"{""stage_rank"":2}"
evt-01207000,sess-00709346,add_to_cart,2025-10-08 11:57:50.019740464,4.4.0,"{""stage_rank"":1}"
evt-01004296,sess-00590484,page_view,2024-08-12 00:26:02.280785619,,"{""stage_rank"":0}"
evt-00680696,sess-00400051,page_view,2024-12-04 20:57:09.680239105,,"{""stage_rank"":0}"
evt-01341979,sess-00788606,page_view,2023-11-16 20:31:01.233218633,3.8.0,"{""stage_rank"":0}"
evt-01224691,sess-00719770,page_view,2025-11-25 22:15:25.245897219,4.4.0,"{""stage_rank"":0}"
evt-00150816,sess-00088533,add_to_cart,2024-01-06 22:57:06.388460823,3.8.0,"{""stage_rank"":1}"
evt-01320994,sess-00776367,page_view,2025-12-18 00:37:06.593957542,4.4.0,"{""stage_rank"":0}"
evt-00958009,sess-00563300,page_view,2026-05-12 21:13:40.731647543,,"{""stage_rank"":0}"
evt-01265059,sess-00743486,add_to_cart,2026-06-28 14:08:14.814314105,,"{""stage_rank"":1}"
evt-01330690,sess-00782018,checkout,2026-01-20 17:47:21.450362572,,"{""stage_rank"":2}"
evt-00212565,sess-00124811,page_view,2025-06-17 22:38:18.160241730,,"{""stage_rank"":0}"
evt-01407981,sess-00827388,page_view,2024-01-14 23:02:49.690681007,3.8.0,"{""stage_rank"":0}"
evt-00584233,sess-00343248,page_view,2023-05-04 20:49:05.318902966,3.8.0,"{""stage_rank"":0}"
evt-00761560,sess-00447588,checkout,2024-01-22 18:30:36.488531404,,"{""stage_rank"":2}"
evt-01173577,sess-00689805,page_view,2025-03-19 18:22:13.202726032,4.3.0,"{""stage_rank"":0}"
evt-01572532,sess-00924026,checkout,2026-03-29 21:24:28.762487509,4.4.0,"{""stage_rank"":2}"
evt-01131549,sess-00665102,page_view,2024-09-27 04:29:54.764528401,,"{""stage_rank"":0}"
evt-00709742,sess-00417176,page_view,2026-02-17 19:50:30.216182859,,"{""stage_rank"":0}"
evt-00070383,sess-00041345,page_view,2024-09-24 00:37:57.018533270,4.1.0,"{""stage_rank"":0}"
evt-00789896,sess-00464255,page_view,2023-09-13 22:03:57.915989994,3.8.0,"{""stage_rank"":0}"
evt-00332128,sess-00195210,page_view,2023-04-23 16:00:36.444317334,3.8.0,"{""stage_rank"":0}"
evt-01186564,sess-00697411,page_view,2024-08-21 19:54:54.801885774,,"{""stage_rank"":0}"
evt-00380372,sess-00223582,add_to_cart,2024-10-22 18:07:36.905255041,,"{""stage_rank"":1}"
evt-00286507,sess-00168327,page_view,2025-01-28 12:26:24.008909512,4.2.0,"{""stage_rank"":0}"
evt-00959042,sess-00563919,add_to_cart,2023-08-29 20:11:30.492587197,3.8.0,"{""stage_rank"":1}"
evt-01668826,sess-00980653,add_to_cart,2024-04-08 00:21:51.163218279,,"{""stage_rank"":1}"
evt-00321441,sess-00188873,add_to_cart,2026-06-10 02:03:55.880830760,4.4.0,"{""stage_rank"":1}"
evt-00009538,sess-00005673,page_view,2024-12-21 19:12:18.242581002,4.2.0,"{""stage_rank"":0}"
evt-01619196,sess-00951594,page_view,2025-01-22 17:52:22.101613953,,"{""stage_rank"":0}"
evt-00207837,sess-00122071,page_view,2026-01-09 01:43:52.012340340,,"{""stage_rank"":0}"
evt-01308295,sess-00768888,add_to_cart,2026-01-07 14:11:40.611507340,4.4.0,"{""stage_rank"":1}"
evt-00298538,sess-00175361,page_view,2024-08-20 18:32:23.948364885,4.1.0,"{""stage_rank"":0}"
evt-00457851,sess-00269207,page_view,2024-09-16 21:51:04.302938038,,"{""stage_rank"":0}"
evt-00327129,sess-00192253,checkout,2024-01-20 13:14:03.035637270,,"{""stage_rank"":2}"
evt-00068399,sess-00040179,page_view,2025-07-23 14:50:38.077368912,,"{""stage_rank"":0}"
evt-00118401,sess-00069429,page_view,2023-11-25 01:15:48.308486796,3.8.0,"{""stage_rank"":0}"
evt-00300762,sess-00176666,page_view,2026-03-06 19:02:51.129755455,,"{""stage_rank"":0}"
evt-00790633,sess-00464682,add_to_cart,2023-09-01 16:31:53.870247852,,"{""stage_rank"":1}"
evt-00757317,sess-00445098,page_view,2026-05-06 18:38:05.670262719,4.4.0,"{""stage_rank"":0}"
evt-00013739,sess-00008144,checkout,2024-04-16 19:49:25.804792146,4.0.0,"{""stage_rank"":2}"
evt-00219864,sess-00129134,add_to_cart,2023-05-26 17:53:40.715123167,,"{""stage_rank"":1}"
evt-00722914,sess-00424861,checkout,2025-06-03 12:48:05.036246532,4.3.0,"{""stage_rank"":2}"
evt-01478715,sess-00868883,add_to_cart,2026-01-09 21:58:40.618067080,,"{""stage_rank"":1}"
evt-01684358,sess-00989725,add_to_cart,2024-06-04 16:29:33.544521610,,"{""stage_rank"":1}"
evt-01212782,sess-00712691,checkout,2024-01-20 19:59:05.427369033,3.8.0,"{""stage_rank"":2}"
evt-01273458,sess-00748404,purchase,2023-01-26 16:13:12.667795925,,"{""stage_rank"":3}"
evt-01344521,sess-00790094,checkout,2024-11-22 18:00:43.876720885,,"{""stage_rank"":2}"
evt-01003756,sess-00590168,page_view,2024-10-29 20:56:46.476674495,,"{""stage_rank"":0}"
evt-01130447,sess-00664449,page_view,2023-04-10 21:47:06.188499740,,"{""stage_rank"":0}"
evt-00706084,sess-00415009,add_to_cart,2024-02-19 03:04:29.938704085,,"{""stage_rank"":1}"
evt-00004419,sess-00002642,page_view,2026-03-28 21:51:35.454795101,,"{""stage_rank"":0}"
evt-01214545,sess-00713741,add_to_cart,2025-10-02 22:49:47.512576154,,"{""stage_rank"":1}"
evt-01633313,sess-00959900,add_to_cart,2025-12-12 12:19:33.067311128,4.4.0,"{""stage_rank"":1}"
evt-01574582,sess-00925231,page_view,2024-02-28 18:14:30.582666621,4.0.0,"{""stage_rank"":0}"
evt-00073363,sess-00043119,add_to_cart,2023-07-21 22:47:35.342222277,3.8.0,"{""stage_rank"":1}"
evt-01031356,sess-00606288,add_to_cart,2024-07-10 23:50:09.836829977,,"{""stage_rank"":1}"
evt-01667033,sess-00979608,page_view,2024-07-17 20:02:52.438881500,4.0.0,"{""stage_rank"":0}"
evt-01098971,sess-00646008,add_to_cart,2024-06-22 21:03:32.786937934,,"{""stage_rank"":1}"
evt-00242230,sess-00142425,page_view,2023-05-12 00:46:47.349374590,3.8.0,"{""stage_rank"":0}"
evt-00804214,sess-00472657,checkout,2024-05-12 02:06:33.059315222,,"{""stage_rank"":2}"
evt-00701933,sess-00412578,page_view,2023-12-15 23:28:04.692462004,,"{""stage_rank"":0}"
evt-01075501,sess-00632224,checkout,2026-06-30 21:40:55.051512445,,"{""stage_rank"":2}"
evt-00747893,sess-00439550,page_view,2025-07-07 22:09:27.136573517,4.3.0,"{""stage_rank"":0}"
evt-00665872,sess-00391386,page_view,2025-04-07 21:12:45.557021473,,"{""stage_rank"":0}"
evt-00871696,sess-00512352,page_view,2024-10-03 20:23:20.777643359,,"{""stage_rank"":0}"
evt-00979875,sess-00576234,add_to_cart,2026-06-20 22:42:50.197528197,,"{""stage_rank"":1}"
evt-00172276,sess-00101178,page_view,2023-12-15 23:02:42.160769376,3.8.0,"{""stage_rank"":0}"
evt-01667510,sess-00979887,page_view,2024-03-21 17:50:28.358586534,4.0.0,"{""stage_rank"":0}"
evt-00866185,sess-00509138,page_view,2025-06-08 16:10:44.693846179,4.3.0,"{""stage_rank"":0}"
evt-00733644,sess-00431171,page_view,2024-05-03 22:00:23.540912680,,"{""stage_rank"":0}"
evt-01075598,sess-00632288,page_view,2023-11-09 01:17:25.416415526,,"{""stage_rank"":0}"
evt-00155785,sess-00091462,add_to_cart,2024-01-29 21:03:39.228607347,3.8.0,"{""stage_rank"":1}"
evt-01589364,sess-00933947,page_view,2025-01-15 17:12:39.300140334,,"{""stage_rank"":0}"
evt-01118453,sess-00657387,add_to_cart,2024-11-22 22:19:47.663996917,,"{""stage_rank"":1}"
evt-00155802,sess-00091472,page_view,2024-01-30 20:22:13.328882784,3.8.0,"{""stage_rank"":0}"
evt-00011205,sess-00006641,purchase,2024-08-09 15:16:48.635057319,4.1.0,"{""stage_rank"":3}"
evt-00434562,sess-00255457,add_to_cart,2025-07-28 04:27:42.995203080,,"{""stage_rank"":1}"
evt-00502716,sess-00295540,add_to_cart,2024-07-02 20:59:39.807768308,4.0.0,"{""stage_rank"":1}"
evt-01278528,sess-00751388,page_view,2025-03-05 23:18:13.368290703,,"{""stage_rank"":0}"
evt-01077964,sess-00633675,page_view,2024-07-09 23:56:27.811360315,4.0.0,"{""stage_rank"":0}"
evt-00676214,sess-00397443,page_view,2023-01-31 01:47:28.515198096,,"{""stage_rank"":0}"
evt-01197832,sess-00704008,page_view,2023-03-29 16:00:34.314042132,,"{""stage_rank"":0}"
evt-00106203,sess-00062340,checkout,2023-12-09 18:36:36.264559843,3.8.0,"{""stage_rank"":2}"
evt-01635251,sess-00961043,page_view,2024-09-15 19:06:17.249035958,,"{""stage_rank"":0}"
evt-00498230,sess-00292949,add_to_cart,2025-11-11 02:52:39.576633236,4.4.0,"{""stage_rank"":1}"
evt-00587784,sess-00345365,page_view,2025-08-07 23:30:29.936527259,,"{""stage_rank"":0}"
evt-01381792,sess-00811902,page_view,2024-06-05 14:01:41.994964015,4.0.0,"{""stage_rank"":0}"
evt-01524821,sess-00896017,page_view,2023-12-09 21:12:06.148708192,3.8.0,"{""stage_rank"":0}"
evt-00452122,sess-00265795,page_view,2025-10-09 20:28:13.339634449,,"{""stage_rank"":0}"
evt-00840879,sess-00494239,add_to_cart,2025-04-26 15:57:40.355621239,,"{""stage_rank"":1}"
evt-00589043,sess-00346115,page_view,2025-07-12 19:29:14.449719264,,"{""stage_rank"":0}"
evt-01572439,sess-00923974,add_to_cart,2024-02-25 21:07:18.492673881,4.0.0,"{""stage_rank"":1}"
evt-01146804,sess-00674054,add_to_cart,2023-09-20 19:07:16.967490510,,"{""stage_rank"":1}"
evt-01595606,sess-00937639,page_view,2024-11-30 18:26:04.972367286,,"{""stage_rank"":0}"
evt-01039647,sess-00611149,page_view,2024-11-09 17:17:08.825126560,4.1.0,"{""stage_rank"":0}"
evt-00183352,sess-00107684,page_view,2024-01-04 21:45:26.733175701,3.8.0,"{""stage_rank"":0}"
evt-00773623,sess-00454694,add_to_cart,2026-06-16 23:53:08.541857830,,"{""stage_rank"":1}"
evt-01627378,sess-00956419,page_view,2024-05-14 01:32:56.635927546,4.0.0,"{""stage_rank"":0}"
evt-00415949,sess-00244569,page_view,2024-08-14 22:14:39.110215136,4.1.0,"{""stage_rank"":0}"
evt-00815197,sess-00479097,add_to_cart,2024-02-16 16:37:46.398468824,,"{""stage_rank"":1}"
evt-01302066,sess-00765291,page_view,2024-02-11 15:55:05.664203358,,"{""stage_rank"":0}"
evt-01455368,sess-00855174,add_to_cart,2025-07-30 00:25:56.436596866,,"{""stage_rank"":1}"
evt-00206245,sess-00121112,page_view,2023-10-17 17:04:57.943601237,3.8.0,"{""stage_rank"":0}"
evt-01595122,sess-00937364,page_view,2025-09-24 15:44:43.862914426,4.4.0,"{""stage_rank"":0}"
evt-00009570,sess-00005691,add_to_cart,2025-07-10 17:35:17.608962236,4.3.0,"{""stage_rank"":1}"
evt-00990979,sess-00582759,checkout,2026-03-03 19:45:54.646075979,,"{""stage_rank"":2}"
evt-00739000,sess-00434323,checkout,2023-09-06 00:21:55.912796629,,"{""stage_rank"":2}"
evt-00759011,sess-00446078,page_view,2023-12-11 23:55:56.561652577,,"{""stage_rank"":0}"
evt-00138673,sess-00081383,page_view,2025-08-18 01:36:01.265187158,,"{""stage_rank"":0}"
evt-01696772,sess-00997027,page_view,2025-07-07 21:32:02.166557973,4.3.0,"{""stage_rank"":0}"
evt-00196682,sess-00115466,page_view,2025-07-05 00:27:09.301755569,4.3.0,"{""stage_rank"":0}"
evt-01517345,sess-00891614,page_view,2024-06-17 19:06:30.415524854,4.0.0,"{""stage_rank"":0}"
evt-00532878,sess-00313137,add_to_cart,2024-02-23 20:21:02.927087929,,"{""stage_rank"":1}"
evt-01407452,sess-00827074,page_view,2024-10-05 18:51:18.611011736,4.1.0,"{""stage_rank"":0}"
evt-01060876,sess-00623630,add_to_cart,2025-08-03 12:06:49.792858923,,"{""stage_rank"":1}"
evt-01553889,sess-00913127,page_view,2025-10-15 19:07:14.315723573,4.4.0,"{""stage_rank"":0}"
evt-01480271,sess-00869800,add_to_cart,2025-12-03 21:04:55.517638084,4.4.0,"{""stage_rank"":1}"
evt-01665599,sess-00978792,add_to_cart,2025-05-04 17:11:35.164024494,4.3.0,"{""stage_rank"":1}"
evt-00212444,sess-00124738,page_view,2025-07-17 18:10:26.114117554,4.3.0,"{""stage_rank"":0}"
evt-00391774,sess-00230284,page_view,2025-10-02 16:18:54.955348723,4.4.0,"{""stage_rank"":0}"
evt-00182065,sess-00106911,page_view,2025-01-29 23:09:00.618470182,,"{""stage_rank"":0}"
evt-01109787,sess-00652350,page_view,2025-01-21 18:08:17.399271389,4.2.0,"{""stage_rank"":0}"
evt-00636561,sess-00374013,page_view,2025-04-04 23:00:25.182022584,4.3.0,"{""stage_rank"":0}"
evt-00625089,sess-00367219,page_view,2026-05-15 17:37:26.554506141,,"{""stage_rank"":0}"
evt-00160252,sess-00094070,page_view,2023-01-17 21:08:54.642716368,3.8.0,"{""stage_rank"":0}"
evt-00750263,sess-00440947,add_to_cart,2023-10-23 20:04:05.870956642,3.8.0,"{""stage_rank"":1}"
evt-00890330,sess-00523307,page_view,2026-01-08 22:51:15.730131979,,"{""stage_rank"":0}"
evt-00654686,sess-00384810,add_to_cart,2026-02-26 20:56:15.500986782,4.4.0,"{""stage_rank"":1}"
evt-00215797,sess-00126740,page_view,2025-04-05 16:26:24.224222151,,"{""stage_rank"":0}"
evt-01168625,sess-00686891,page_view,2025-12-27 20:08:02.045129603,,"{""stage_rank"":0}"
evt-00360477,sess-00211824,page_view,2023-02-28 00:01:49.285620475,3.8.0,"{""stage_rank"":0}"
evt-00095442,sess-00056036,page_view,2023-02-10 16:55:00.817241441,,"{""stage_rank"":0}"
evt-00940861,sess-00553205,page_view,2025-04-23 21:25:05.827910009,,"{""stage_rank"":0}"
evt-01310307,sess-00770069,add_to_cart,2025-02-12 18:22:23.483016389,4.3.0,"{""stage_rank"":1}"
evt-01303637,sess-00766209,page_view,2024-08-09 16:43:06.336325499,4.1.0,"{""stage_rank"":0}"
evt-00048881,sess-00028673,page_view,2023-03-26 21:13:05.264995076,,"{""stage_rank"":0}"
evt-01329558,sess-00781368,page_view,2024-06-17 17:40:22.868419151,4.0.0,"{""stage_rank"":0}"
evt-01041929,sess-00612484,purchase,2026-01-16 17:00:58.419370422,4.4.0,"{""stage_rank"":3}"
evt-00786488,sess-00462220,add_to_cart,2025-12-04 21:37:22.107093676,4.4.0,"{""stage_rank"":1}"
evt-01068868,sess-00628263,checkout,2025-05-28 20:11:51.630018023,4.3.0,"{""stage_rank"":2}"
evt-00827949,sess-00486543,page_view,2025-03-26 00:15:54.765985031,,"{""stage_rank"":0}"
evt-00746741,sess-00438863,add_to_cart,2023-03-24 00:49:01.907535903,,"{""stage_rank"":1}"
evt-00109383,sess-00064210,add_to_cart,2025-07-07 20:34:31.296839734,4.3.0,"{""stage_rank"":1}"
evt-01206247,sess-00708917,add_to_cart,2025-12-19 23:33:32.578676771,,"{""stage_rank"":1}"
evt-00195838,sess-00114968,add_to_cart,2023-04-04 15:23:34.724923263,3.8.0,"{""stage_rank"":1}"
evt-00170336,sess-00100011,add_to_cart,2024-12-06 17:57:19.600874263,4.2.0,"{""stage_rank"":1}"
evt-01199722,sess-00705121,add_to_cart,2024-12-21 19:32:24.340089615,,"{""stage_rank"":1}"
evt-00966845,sess-00568547,page_view,2025-12-21 21:56:19.858863203,4.4.0,"{""stage_rank"":0}"
evt-01227195,sess-00721248,checkout,2024-08-19 19:49:54.728705175,,"{""stage_rank"":2}"
evt-01323188,sess-00777649,add_to_cart,2024-02-14 23:08:05.218338022,,"{""stage_rank"":1}"
evt-01257540,sess-00739118,page_view,2026-02-07 22:47:17.472465607,4.4.0,"{""stage_rank"":0}"
evt-00105781,sess-00062090,page_view,2024-05-28 00:49:32.506476859,,"{""stage_rank"":0}"
evt-01146950,sess-00674140,add_to_cart,2025-12-24 22:42:50.283381573,,"{""stage_rank"":1}"
evt-01067900,sess-00627689,page_view,2026-05-01 20:56:36.111898362,,"{""stage_rank"":0}"
evt-00764682,sess-00449432,page_view,2024-02-06 16:26:46.471268081,,"{""stage_rank"":0}"
evt-00332357,sess-00195336,checkout,2023-05-21 19:15:44.216743809,3.8.0,"{""stage_rank"":2}"
evt-01057090,sess-00621422,page_view,2023-05-15 21:54:36.059374246,3.8.0,"{""stage_rank"":0}"
evt-00942035,sess-00553914,page_view,2023-06-28 01:26:03.217276876,3.8.0,"{""stage_rank"":0}"
evt-00964267,sess-00567039,page_view,2024-09-08 17:02:40.084889281,4.1.0,"{""stage_rank"":0}"
evt-01046610,sess-00615256,checkout,2023-05-25 19:26:36.166103371,3.8.0,"{""stage_rank"":2}"
evt-01311833,sess-00770963,page_view,2026-01-25 19:55:32.406861027,,"{""stage_rank"":0}"
evt-00009871,sess-00005877,page_view,2025-07-17 22:02:22.093923951,,"{""stage_rank"":0}"
evt-00450592,sess-00264877,checkout,2023-07-21 19:21:54.799930208,,"{""stage_rank"":2}"
evt-00082456,sess-00048461,checkout,2023-02-18 15:54:28.737314712,,"{""stage_rank"":2}"
evt-00251391,sess-00147783,page_view,2024-12-28 20:35:32.791498544,,"{""stage_rank"":0}"
evt-00723307,sess-00425089,page_view,2025-02-05 02:43:07.765879089,4.3.0,"{""stage_rank"":0}"
evt-00814563,sess-00478726,add_to_cart,2024-08-14 16:50:12.762985907,,"{""stage_rank"":1}"
evt-01219697,sess-00716795,add_to_cart,2023-02-02 21:01:41.371937987,,"{""stage_rank"":1}"
evt-00847424,sess-00498112,add_to_cart,2024-11-01 22:51:45.789538442,,"{""stage_rank"":1}"
evt-00862064,sess-00506731,page_view,2026-02-17 12:45:23.508776148,4.4.0,"{""stage_rank"":0}"
evt-00498689,sess-00293222,page_view,2024-12-05 19:46:45.300403885,,"{""stage_rank"":0}"
evt-00395641,sess-00232534,page_view,2023-10-08 13:52:34.631316158,,"{""stage_rank"":0}"
evt-00699635,sess-00411237,page_view,2023-06-07 20:43:51.242626543,,"{""stage_rank"":0}"
evt-01170885,sess-00688230,add_to_cart,2026-02-27 19:25:07.589201177,4.4.0,"{""stage_rank"":1}"
evt-01419372,sess-00834087,page_view,2026-03-29 20:41:36.819486825,4.4.0,"{""stage_rank"":0}"
evt-00566776,sess-00332961,page_view,2024-03-04 23:48:45.178413614,,"{""stage_rank"":0}"
evt-01278199,sess-00751205,page_view,2024-12-20 21:25:01.434752516,,"{""stage_rank"":0}"
evt-00329410,sess-00193599,page_view,2026-06-27 15:52:41.027385646,,"{""stage_rank"":0}"
evt-00559054,sess-00328444,checkout,2023-07-17 20:39:10.081966021,,"{""stage_rank"":2}"
evt-01359939,sess-00799138,page_view,2026-05-03 01:12:42.282379432,4.4.0,"{""stage_rank"":0}"
evt-01451622,sess-00852971,page_view,2024-01-27 23:41:26.746738344,3.8.0,"{""stage_rank"":0}"
evt-01131692,sess-00665185,page_view,2026-03-06 23:42:46.021000405,,"{""stage_rank"":0}"
evt-01602161,sess-00941487,add_to_cart,2025-06-03 20:22:06.634561848,4.3.0,"{""stage_rank"":1}"
evt-00673354,sess-00395766,add_to_cart,2024-08-31 14:56:29.345377423,,"{""stage_rank"":1}"
evt-00981237,sess-00577048,page_view,2024-08-14 20:40:06.002651478,,"{""stage_rank"":0}"
evt-01209120,sess-00710580,add_to_cart,2024-08-06 17:49:01.323154258,,"{""stage_rank"":1}"
evt-00423655,sess-00249069,add_to_cart,2023-06-22 23:19:09.613708058,,"{""stage_rank"":1}"
evt-00143878,sess-00084461,page_view,2025-09-18 20:28:11.921027106,4.4.0,"{""stage_rank"":0}"
evt-00171010,sess-00100420,page_view,2024-08-22 14:30:28.408065974,,"{""stage_rank"":0}"
evt-00931952,sess-00547941,page_view,2025-02-09 20:11:31.236121695,,"{""stage_rank"":0}"
evt-00234955,sess-00138128,checkout,2023-11-30 23:38:59.102200245,,"{""stage_rank"":2}"
evt-00199703,sess-00117277,page_view,2025-08-30 20:00:53.227944771,,"{""stage_rank"":0}"
evt-01284212,sess-00754734,checkout,2024-02-20 20:18:29.587108504,4.0.0,"{""stage_rank"":2}"
evt-01349014,sess-00792733,add_to_cart,2025-07-31 20:42:40.801847729,,"{""stage_rank"":1}"
evt-00839305,sess-00493319,page_view,2025-05-29 00:18:46.157516437,,"{""stage_rank"":0}"
evt-00568015,sess-00333676,page_view,2023-08-20 23:30:05.629652870,3.8.0,"{""stage_rank"":0}"
evt-01048164,sess-00616145,add_to_cart,2024-03-11 23:46:22.224808363,,"{""stage_rank"":1}"
evt-01551493,sess-00911676,page_view,2023-09-15 10:43:23.494147106,,"{""stage_rank"":0}"
evt-00790195,sess-00464424,page_view,2023-09-27 17:46:26.055370937,,"{""stage_rank"":0}"
evt-00996674,sess-00586040,page_view,2025-06-14 15:32:25.777601901,4.3.0,"{""stage_rank"":0}"
evt-00150495,sess-00088344,page_view,2025-10-11 18:39:38.256518709,4.4.0,"{""stage_rank"":0}"
evt-01237020,sess-00727002,page_view,2024-08-21 19:29:35.036843613,,"{""stage_rank"":0}"
evt-01475732,sess-00867109,add_to_cart,2025-08-15 14:05:35.632352773,,"{""stage_rank"":1}"
evt-00503159,sess-00295810,page_view,2025-05-28 18:46:22.520241260,,"{""stage_rank"":0}"
evt-01183148,sess-00695384,page_view,2026-01-19 19:57:48.218996471,4.4.0,"{""stage_rank"":0}"
evt-00089667,sess-00052686,purchase,2023-08-27 22:00:01.212864401,,"{""stage_rank"":3}"
evt-01433953,sess-00842636,add_to_cart,2023-02-17 18:21:05.086926081,,"{""stage_rank"":1}"
evt-00486390,sess-00285970,add_to_cart,2025-06-10 17:09:03.602131066,,"{""stage_rank"":1}"
evt-00656066,sess-00385621,add_to_cart,2025-02-25 15:58:24.893356690,4.3.0,"{""stage_rank"":1}"
evt-01663293,sess-00977436,add_to_cart,2025-09-27 00:06:44.928020699,,"{""stage_rank"":1}"
evt-01247318,sess-00733091,page_view,2025-03-09 19:19:39.230792759,4.3.0,"{""stage_rank"":0}"
evt-00712499,sess-00418751,page_view,2026-01-06 18:30:21.074188035,4.4.0,"{""stage_rank"":0}"
evt-00601091,sess-00353161,page_view,2025-05-01 19:41:08.601763267,4.3.0,"{""stage_rank"":0}"
evt-00211260,sess-00124067,page_view,2023-04-18 20:10:45.301096323,,"{""stage_rank"":0}"
evt-00154140,sess-00090480,add_to_cart,2024-07-24 23:07:07.961767524,4.0.0,"{""stage_rank"":1}"
evt-00614760,sess-00361161,page_view,2025-09-13 23:20:06.087809811,4.4.0,"{""stage_rank"":0}"
evt-00334805,sess-00196790,add_to_cart,2025-04-25 18:07:29.030252414,4.3.0,"{""stage_rank"":1}"
evt-00934947,sess-00549700,page_view,2025-03-17 11:39:48.173596767,,"{""stage_rank"":0}"
evt-01627757,sess-00956644,add_to_cart,2024-12-19 19:38:06.585839131,4.2.0,"{""stage_rank"":1}"
evt-01161122,sess-00682463,add_to_cart,2024-08-03 18:48:23.228941437,4.1.0,"{""stage_rank"":1}"
evt-01219270,sess-00716544,checkout,2026-02-03 19:45:37.174255506,4.4.0,"{""stage_rank"":2}"
evt-00681768,sess-00400680,page_view,2024-12-14 05:28:06.855989236,,"{""stage_rank"":0}"
evt-00958483,sess-00563592,page_view,2026-02-09 21:01:03.893999011,,"{""stage_rank"":0}"
evt-00139685,sess-00082008,add_to_cart,2025-02-10 17:18:56.866573255,,"{""stage_rank"":1}"
evt-00182826,sess-00107367,add_to_cart,2023-10-30 15:41:33.183639196,,"{""stage_rank"":1}"
evt-00583815,sess-00342992,add_to_cart,2025-08-05 22:44:38.912618186,,"{""stage_rank"":1}"
evt-00652262,sess-00383380,page_view,2024-09-19 17:56:23.952700420,4.1.0,"{""stage_rank"":0}"
evt-01701252,sess-00999646,add_to_cart,2023-08-22 16:10:17.777634024,,"{""stage_rank"":1}"
evt-00639419,sess-00375717,page_view,2023-06-01 15:59:30.140365787,3.8.0,"{""stage_rank"":0}"
evt-00805218,sess-00473258,add_to_cart,2024-07-27 14:47:07.094480013,4.0.0,"{""stage_rank"":1}"
evt-01013069,sess-00595586,add_to_cart,2024-12-10 15:20:31.494710494,,"{""stage_rank"":1}"
evt-01318959,sess-00775152,page_view,2025-09-25 00:29:51.983823102,4.4.0,"{""stage_rank"":0}"
evt-01432702,sess-00841876,purchase,2025-08-18 22:51:57.690680896,,"{""stage_rank"":3}"
evt-00778061,sess-00457265,add_to_cart,2025-04-13 22:23:38.591513952,,"{""stage_rank"":1}"
evt-00416277,sess-00244760,add_to_cart,2023-07-13 20:41:08.254090566,,"{""stage_rank"":1}"
evt-01525271,sess-00896285,page_view,2026-06-08 20:39:24.124445977,,"{""stage_rank"":0}"
evt-00905054,sess-00532026,page_view,2025-05-26 16:00:32.822928060,4.3.0,"{""stage_rank"":0}"
evt-01337020,sess-00785711,page_view,2025-03-22 20:57:16.727954898,4.3.0,"{""stage_rank"":0}"
evt-00201636,sess-00118405,page_view,2023-12-19 17:30:28.015315605,,"{""stage_rank"":0}"
evt-00797183,sess-00468518,page_view,2025-08-21 20:14:23.153033667,,"{""stage_rank"":0}"
evt-00045103,sess-00026443,add_to_cart,2024-08-17 18:07:14.260778196,,"{""stage_rank"":1}"
evt-01431983,sess-00841471,page_view,2026-01-04 19:26:16.588703954,4.4.0,"{""stage_rank"":0}"
evt-00188298,sess-00110570,page_view,2025-07-07 19:15:06.131204307,,"{""stage_rank"":0}"
evt-00907720,sess-00533622,checkout,2023-06-12 15:49:36.982788009,,"{""stage_rank"":2}"
evt-00602581,sess-00354033,page_view,2026-04-30 21:53:11.720320399,4.4.0,"{""stage_rank"":0}"
evt-01681718,sess-00988167,page_view,2024-09-18 14:35:49.743446864,4.1.0,"{""stage_rank"":0}"
evt-01385999,sess-00814403,add_to_cart,2025-07-05 20:27:26.047724463,,"{""stage_rank"":1}"
evt-00942662,sess-00554281,add_to_cart,2023-10-15 17:24:09.882300371,,"{""stage_rank"":1}"
evt-00077563,sess-00045600,page_view,2023-09-11 05:25:41.253675510,3.8.0,"{""stage_rank"":0}"
evt-01691324,sess-00993824,page_view,2023-12-29 16:41:00.739409430,,"{""stage_rank"":0}"
evt-00834829,sess-00490669,add_to_cart,2025-05-22 18:38:08.050314102,,"{""stage_rank"":1}"
evt-00111203,sess-00065268,page_view,2024-01-22 14:07:34.269635762,3.8.0,"{""stage_rank"":0}"
evt-00007414,sess-00004420,page_view,2024-06-08 00:57:58.511624390,4.0.0,"{""stage_rank"":0}"
evt-00162429,sess-00095374,add_to_cart,2025-06-27 18:33:54.735718161,4.3.0,"{""stage_rank"":1}"
evt-00390761,sess-00229695,page_view,2024-11-03 22:35:20.931773228,,"{""stage_rank"":0}"
evt-00250135,sess-00147058,add_to_cart,2025-02-25 22:23:24.983617811,4.3.0,"{""stage_rank"":1}"
evt-01659675,sess-00975343,page_view,2025-05-26 18:31:19.004466849,,"{""stage_rank"":0}"
evt-01020281,sess-00599817,checkout,2024-01-24 22:24:53.628630911,,"{""stage_rank"":2}"
evt-01687235,sess-00991410,page_view,2023-12-30 18:46:22.782003799,,"{""stage_rank"":0}"
evt-01408762,sess-00827862,add_to_cart,2025-01-14 20:57:26.746928867,4.2.0,"{""stage_rank"":1}"
evt-01222336,sess-00718364,page_view,2024-09-23 23:16:26.412773558,4.1.0,"{""stage_rank"":0}"
evt-00366400,sess-00215354,checkout,2023-07-31 12:39:16.512935915,,"{""stage_rank"":2}"
evt-00301675,sess-00177214,page_view,2024-06-10 22:42:00.825990153,4.0.0,"{""stage_rank"":0}"
evt-01222567,sess-00718503,checkout,2025-06-19 22:57:45.676357870,4.3.0,"{""stage_rank"":2}"
evt-01294133,sess-00760626,page_view,2024-03-17 11:09:26.970083503,4.0.0,"{""stage_rank"":0}"
evt-01330656,sess-00782000,page_view,2023-03-28 20:32:45.551381274,3.8.0,"{""stage_rank"":0}"
evt-01229970,sess-00722870,add_to_cart,2025-05-16 01:12:49.710791916,,"{""stage_rank"":1}"
evt-01314159,sess-00772312,add_to_cart,2024-10-30 17:23:44.861742180,4.1.0,"{""stage_rank"":1}"
evt-01554733,sess-00913631,add_to_cart,2025-07-17 21:24:34.891128018,4.3.0,"{""stage_rank"":1}"
evt-00155831,sess-00091489,page_view,2024-06-03 02:32:30.644624675,,"{""stage_rank"":0}"
evt-00509719,sess-00299640,page_view,2023-02-03 01:06:19.664531629,,"{""stage_rank"":0}"
evt-00187621,sess-00110187,page_view,2025-07-20 20:42:44.488212592,4.3.0,"{""stage_rank"":0}"
evt-00456231,sess-00268247,add_to_cart,2023-07-28 21:29:35.485575623,,"{""stage_rank"":1}"
evt-00792508,sess-00465802,add_to_cart,2024-12-22 21:38:07.012257959,,"{""stage_rank"":1}"
evt-00827912,sess-00486522,checkout,2025-03-22 20:36:30.915989672,4.3.0,"{""stage_rank"":2}"
evt-00947397,sess-00557080,add_to_cart,2026-03-13 00:58:40.976979421,,"{""stage_rank"":1}"
evt-00222683,sess-00130810,page_view,2025-06-12 11:47:01.402023820,4.3.0,"{""stage_rank"":0}"
evt-01558708,sess-00915956,page_view,2025-08-23 12:04:53.615596031,,"{""stage_rank"":0}"
evt-01491384,sess-00876296,add_to_cart,2025-11-23 02:19:24.870442806,4.4.0,"{""stage_rank"":1}"
evt-01143029,sess-00671844,add_to_cart,2024-03-12 17:16:07.217169677,4.0.0,"{""stage_rank"":1}"
evt-00069137,sess-00040598,add_to_cart,2025-07-16 21:09:24.996131658,4.3.0,"{""stage_rank"":1}"
evt-00129144,sess-00075762,page_view,2024-10-30 21:55:37.167909939,,"{""stage_rank"":0}"
evt-01673436,sess-00983359,page_view,2025-12-01 22:29:40.592523803,4.4.0,"{""stage_rank"":0}"
evt-00315350,sess-00185281,page_view,2025-10-29 15:49:32.427576850,4.4.0,"{""stage_rank"":0}"
evt-01039249,sess-00610923,page_view,2023-03-01 21:42:33.574518712,,"{""stage_rank"":0}"
evt-01357885,sess-00797936,page_view,2023-12-16 18:51:14.455825045,3.8.0,"{""stage_rank"":0}"
evt-00201230,sess-00118161,page_view,2025-07-29 22:44:28.358347033,4.3.0,"{""stage_rank"":0}"
evt-01463405,sess-00859876,checkout,2025-01-05 04:06:13.008828366,,"{""stage_rank"":2}"
evt-00596914,sess-00350699,page_view,2024-07-04 12:11:18.867363468,,"{""stage_rank"":0}"
evt-01041016,sess-00611941,add_to_cart,2024-12-13 19:25:46.097520819,4.2.0,"{""stage_rank"":1}"
evt-00695236,sess-00408652,add_to_cart,2026-04-21 23:35:48.187195570,,"{""stage_rank"":1}"
evt-01216137,sess-00714707,add_to_cart,2025-08-28 16:20:30.782391367,4.4.0,"{""stage_rank"":1}"
evt-01258202,sess-00739506,page_view,2026-06-12 14:59:05.202378439,4.4.0,"{""stage_rank"":0}"
evt-00535024,sess-00314422,add_to_cart,2026-05-23 14:49:18.904864886,,"{""stage_rank"":1}"
evt-00471395,sess-00277143,add_to_cart,2023-11-27 14:01:21.806516823,,"{""stage_rank"":1}"
evt-00705988,sess-00414954,page_view,2023-10-24 21:04:37.309766943,,"{""stage_rank"":0}"
evt-00102188,sess-00059997,add_to_cart,2025-06-27 19:07:28.847352239,,"{""stage_rank"":1}"
evt-00782208,sess-00459709,page_view,2023-07-23 18:22:28.681998994,3.8.0,"{""stage_rank"":0}"
evt-00060710,sess-00035650,page_view,2023-09-14 21:38:25.543948084,,"{""stage_rank"":0}"
evt-01434223,sess-00842790,add_to_cart,2024-05-01 14:05:40.997781582,4.0.0,"{""stage_rank"":1}"
evt-00107654,sess-00063181,purchase,2024-11-27 17:02:58.138625070,,"{""stage_rank"":3}"
evt-01561843,sess-00917775,add_to_cart,2025-10-10 23:18:11.093707218,,"{""stage_rank"":1}"
evt-00747550,sess-00439344,page_view,2025-10-12 12:44:49.878418971,,"{""stage_rank"":0}"
evt-00493372,sess-00290069,purchase,2023-01-27 19:53:53.801788119,3.8.0,"{""stage_rank"":3}"
evt-00835141,sess-00490861,page_view,2025-10-07 18:29:03.667297462,,"{""stage_rank"":0}"
evt-00593074,sess-00348463,purchase,2024-02-15 22:32:08.977631140,,"{""stage_rank"":3}"
evt-00616863,sess-00362385,add_to_cart,2024-03-08 22:21:20.481297330,4.0.0,"{""stage_rank"":1}"
evt-01115531,sess-00655698,add_to_cart,2023-05-06 16:41:02.313775148,,"{""stage_rank"":1}"
evt-01007814,sess-00592514,page_view,2024-11-08 23:10:17.125152704,,"{""stage_rank"":0}"
evt-00619412,sess-00363875,page_view,2025-11-18 17:31:53.379230809,,"{""stage_rank"":0}"
evt-00273722,sess-00160835,add_to_cart,2025-01-05 18:32:27.467425037,,"{""stage_rank"":1}"
evt-01222278,sess-00718331,page_view,2023-08-18 19:35:54.728609572,3.8.0,"{""stage_rank"":0}"
evt-01403266,sess-00824658,add_to_cart,2025-03-19 16:44:22.061360765,4.3.0,"{""stage_rank"":1}"
evt-00601713,sess-00353529,page_view,2024-07-20 15:16:17.039337849,,"{""stage_rank"":0}"
evt-01287247,sess-00756526,purchase,2024-09-19 20:02:39.519108023,4.1.0,"{""stage_rank"":3}"
evt-01639851,sess-00963787,page_view,2023-11-23 23:41:39.905932808,3.8.0,"{""stage_rank"":0}"
evt-01322119,sess-00777024,page_view,2024-08-29 16:47:41.066533882,,"{""stage_rank"":0}"
evt-00438671,sess-00257887,page_view,2025-02-10 16:01:23.560105323,,"{""stage_rank"":0}"
evt-01228665,sess-00722093,page_view,2025-10-21 21:58:19.230760889,4.4.0,"{""stage_rank"":0}"
evt-00511728,sess-00300778,page_view,2025-07-27 01:55:41.716679665,4.3.0,"{""stage_rank"":0}"
evt-00062586,sess-00036759,page_view,2023-02-19 00:34:36.661211467,3.8.0,"{""stage_rank"":0}"
evt-01456538,sess-00855835,page_view,2025-06-23 18:08:54.896705880,,"{""stage_rank"":0}"
evt-00963826,sess-00566765,page_view,2023-05-15 21:00:40.047413949,3.8.0,"{""stage_rank"":0}"
evt-00367904,sess-00216244,page_view,2024-07-19 19:01:03.441733724,4.0.0,"{""stage_rank"":0}"
evt-00155302,sess-00091180,checkout,2025-04-17 17:07:27.526747954,,"{""stage_rank"":2}"
evt-00405803,sess-00238553,page_view,2023-02-01 15:24:07.289903478,3.8.0,"{""stage_rank"":0}"
evt-00308312,sess-00181080,checkout,2025-10-20 21:29:24.965809835,4.4.0,"{""stage_rank"":2}"
evt-01111358,sess-00653276,page_view,2023-08-29 15:19:13.782045816,3.8.0,"{""stage_rank"":0}"
evt-00496360,sess-00291844,add_to_cart,2023-12-27 19:49:32.810625072,,"{""stage_rank"":1}"
evt-00480005,sess-00282221,page_view,2023-05-07 20:59:38.244420331,3.8.0,"{""stage_rank"":0}"
evt-01631776,sess-00958981,page_view,2026-06-30 18:40:28.234010548,4.4.0,"{""stage_rank"":0}"
evt-01439899,sess-00846152,page_view,2024-07-24 17:19:17.776177098,4.0.0,"{""stage_rank"":0}"
evt-01590433,sess-00934599,checkout,2025-09-29 19:43:11.310239672,,"{""stage_rank"":2}"
evt-00590804,sess-00347144,add_to_cart,2023-10-13 15:34:39.176750054,3.8.0,"{""stage_rank"":1}"
evt-01526799,sess-00897177,page_view,2024-03-26 19:39:16.200630295,,"{""stage_rank"":0}"
evt-00942291,sess-00554063,add_to_cart,2023-08-18 20:06:34.970661026,,"{""stage_rank"":1}"
evt-01379958,sess-00810850,add_to_cart,2024-07-17 17:18:27.312372406,4.0.0,"{""stage_rank"":1}"
evt-00753060,sess-00442598,add_to_cart,2023-01-21 17:33:04.497508748,3.8.0,"{""stage_rank"":1}"
evt-00985812,sess-00579759,page_view,2025-03-01 00:20:25.429319733,4.3.0,"{""stage_rank"":0}"
evt-00031572,sess-00018542,add_to_cart,2026-05-03 23:13:38.016002587,,"{""stage_rank"":1}"
evt-01581970,sess-00929578,page_view,2024-08-09 22:41:46.383968595,4.1.0,"{""stage_rank"":0}"
evt-01623453,sess-00954087,checkout,2023-05-08 00:21:59.648135523,,"{""stage_rank"":2}"
evt-00287873,sess-00169117,add_to_cart,2024-08-31 18:52:17.255424744,4.1.0,"{""stage_rank"":1}"
evt-00445209,sess-00261695,add_to_cart,2024-09-10 23:46:33.579773224,4.1.0,"{""stage_rank"":1}"
evt-01276327,sess-00750113,page_view,2024-10-25 17:44:26.688314103,4.1.0,"{""stage_rank"":0}"
evt-00976643,sess-00574293,page_view,2024-07-22 20:35:16.690198965,,"{""stage_rank"":0}"
evt-01093953,sess-00643039,page_view,2026-01-22 18:56:29.310043891,,"{""stage_rank"":0}"
evt-01240943,sess-00729294,page_view,2024-06-23 15:00:18.738410114,4.0.0,"{""stage_rank"":0}"
evt-01387055,sess-00815023,add_to_cart,2023-02-07 14:57:26.700536404,3.8.0,"{""stage_rank"":1}"
evt-00445037,sess-00261593,page_view,2026-04-15 19:57:34.006559354,,"{""stage_rank"":0}"
evt-01561361,sess-00917489,page_view,2025-01-08 23:08:30.188340817,,"{""stage_rank"":0}"
evt-00099301,sess-00058292,page_view,2023-08-09 17:07:43.394866635,3.8.0,"{""stage_rank"":0}"
evt-01102590,sess-00648155,page_view,2024-10-01 00:54:05.117203567,4.1.0,"{""stage_rank"":0}"
evt-01190643,sess-00699808,page_view,2024-10-07 13:43:38.155439868,4.1.0,"{""stage_rank"":0}"
evt-00237628,sess-00139700,add_to_cart,2023-03-03 13:48:15.179047058,3.8.0,"{""stage_rank"":1}"
evt-00008693,sess-00005177,checkout,2025-08-15 23:04:11.363619077,,"{""stage_rank"":2}"
evt-00709484,sess-00417017,page_view,2025-10-11 21:24:24.246122292,4.4.0,"{""stage_rank"":0}"
evt-00070888,sess-00041642,add_to_cart,2024-08-19 16:20:45.760581637,,"{""stage_rank"":1}"
evt-01076593,sess-00632859,checkout,2023-11-04 22:49:23.557848682,,"{""stage_rank"":2}"
evt-00929421,sess-00546453,page_view,2023-12-15 01:36:46.292876912,,"{""stage_rank"":0}"
evt-01120719,sess-00658710,add_to_cart,2025-10-16 22:43:38.782466872,,"{""stage_rank"":1}"
evt-01627199,sess-00956310,add_to_cart,2025-04-18 01:56:08.530160882,4.3.0,"{""stage_rank"":1}"
evt-00627475,sess-00368640,checkout,2025-11-14 19:48:56.689566438,,"{""stage_rank"":2}"
evt-00096014,sess-00056385,checkout,2023-11-27 16:27:05.488294663,,"{""stage_rank"":2}"
evt-01155157,sess-00678997,checkout,2026-02-21 17:13:48.907715033,4.4.0,"{""stage_rank"":2}"
evt-00267947,sess-00157480,page_view,2026-01-13 01:48:03.376858824,,"{""stage_rank"":0}"
evt-00368755,sess-00216739,add_to_cart,2025-08-05 23:00:53.845402080,4.4.0,"{""stage_rank"":1}"
evt-00064598,sess-00037930,page_view,2025-07-06 00:27:37.563890511,4.3.0,"{""stage_rank"":0}"
evt-01679318,sess-00986776,page_view,2025-03-25 21:24:37.630558658,4.3.0,"{""stage_rank"":0}"
evt-00988366,sess-00581229,add_to_cart,2023-02-25 17:50:31.340681437,,"{""stage_rank"":1}"
evt-00346932,sess-00203864,add_to_cart,2024-08-25 16:40:08.334861136,4.1.0,"{""stage_rank"":1}"
evt-01232205,sess-00724180,purchase,2025-07-29 18:56:55.231157555,4.3.0,"{""stage_rank"":3}"
evt-00336210,sess-00197617,page_view,2026-02-28 18:33:21.905185198,,"{""stage_rank"":0}"
evt-01214285,sess-00713582,add_to_cart,2025-06-15 19:50:26.926453669,4.3.0,"{""stage_rank"":1}"
evt-00040183,sess-00023574,page_view,2025-12-31 02:11:26.100072262,,"{""stage_rank"":0}"
evt-01353041,sess-00795077,add_to_cart,2023-09-06 18:38:24.111361702,,"{""stage_rank"":1}"
evt-01189000,sess-00698843,page_view,2025-05-25 21:29:33.058073952,,"{""stage_rank"":0}"
evt-01168909,sess-00687051,checkout,2025-05-03 22:26:36.947257428,,"{""stage_rank"":2}"
evt-00843173,sess-00495614,page_view,2024-12-22 23:24:49.157611708,4.2.0,"{""stage_rank"":0}"
evt-00032210,sess-00018913,page_view,2023-07-22 19:03:43.364132303,,"{""stage_rank"":0}"
evt-01098257,sess-00645573,page_view,2024-05-04 17:41:00.436752026,4.0.0,"{""stage_rank"":0}"
evt-01267068,sess-00744673,page_view,2025-09-26 16:53:43.253645341,,"{""stage_rank"":0}"
evt-00527990,sess-00310266,page_view,2024-05-23 21:16:14.718124177,,"{""stage_rank"":0}"
evt-00802903,sess-00471886,page_view,2024-12-16 19:01:35.614036670,,"{""stage_rank"":0}"
evt-00592045,sess-00347874,page_view,2025-08-03 20:56:13.833553054,,"{""stage_rank"":0}"
evt-00927505,sess-00545304,checkout,2023-12-17 18:12:16.647838989,3.8.0,"{""stage_rank"":2}"
evt-01446856,sess-00850213,checkout,2023-06-20 18:47:13.799523507,3.8.0,"{""stage_rank"":2}"
evt-01547744,sess-00909511,page_view,2026-04-19 20:38:46.920376913,,"{""stage_rank"":0}"
evt-00372472,sess-00218968,page_view,2024-07-04 21:01:52.163797929,,"{""stage_rank"":0}"
evt-01339104,sess-00786907,page_view,2025-03-29 23:08:21.565432190,,"{""stage_rank"":0}"
evt-00612291,sess-00359718,add_to_cart,2023-08-14 20:48:00.151074968,,"{""stage_rank"":1}"
evt-00443785,sess-00260866,page_view,2024-06-13 23:08:50.399643303,4.0.0,"{""stage_rank"":0}"
evt-00815189,sess-00479094,add_to_cart,2025-12-11 18:58:40.023139817,4.4.0,"{""stage_rank"":1}"
evt-01258260,sess-00739536,purchase,2025-10-03 20:04:17.347148951,4.4.0,"{""stage_rank"":3}"
evt-01434229,sess-00842793,page_view,2026-06-27 22:06:47.488620380,4.4.0,"{""stage_rank"":0}"
evt-00375913,sess-00220959,page_view,2024-09-18 14:52:26.193211824,4.1.0,"{""stage_rank"":0}"
evt-00869660,sess-00511173,page_view,2024-02-02 14:39:37.609966511,4.0.0,"{""stage_rank"":0}"
evt-01247705,sess-00733324,page_view,2023-11-08 11:40:39.371588592,,"{""stage_rank"":0}"
evt-01626733,sess-00956023,page_view,2024-04-09 20:54:47.535842659,4.0.0,"{""stage_rank"":0}"
evt-01429827,sess-00840208,page_view,2024-08-19 15:12:20.497558664,4.1.0,"{""stage_rank"":0}"
evt-00447331,sess-00262976,add_to_cart,2024-07-08 19:30:10.365728686,,"{""stage_rank"":1}"
evt-00384292,sess-00225908,page_view,2025-08-19 21:04:55.017928798,4.4.0,"{""stage_rank"":0}"
evt-00085924,sess-00050469,purchase,2024-05-15 12:57:12.504655899,,"{""stage_rank"":3}"
evt-01469011,sess-00863154,page_view,2026-03-20 20:25:59.387690895,,"{""stage_rank"":0}"
evt-01101267,sess-00647376,page_view,2024-12-22 16:33:36.511395635,4.2.0,"{""stage_rank"":0}"
evt-00585807,sess-00344182,add_to_cart,2023-05-11 21:35:42.733728766,3.8.0,"{""stage_rank"":1}"
evt-00746689,sess-00438832,page_view,2024-05-10 19:10:05.684818729,,"{""stage_rank"":0}"
evt-01147784,sess-00674644,add_to_cart,2025-08-27 15:41:05.485014971,,"{""stage_rank"":1}"
evt-00466448,sess-00274295,page_view,2024-10-07 15:17:37.769215364,4.1.0,"{""stage_rank"":0}"
evt-00739861,sess-00434820,page_view,2025-10-17 20:10:35.780293257,,"{""stage_rank"":0}"
evt-01377103,sess-00809179,page_view,2025-05-30 21:21:09.202225474,,"{""stage_rank"":0}"
evt-01072777,sess-00630611,page_view,2024-05-06 17:09:48.318105131,,"{""stage_rank"":0}"
evt-00645285,sess-00379241,page_view,2024-07-21 15:54:48.123680215,,"{""stage_rank"":0}"
evt-01696306,sess-00996747,page_view,2024-07-17 20:33:07.865125551,4.0.0,"{""stage_rank"":0}"
evt-01290935,sess-00758717,add_to_cart,2024-11-24 16:50:27.231108473,4.2.0,"{""stage_rank"":1}"
evt-01546345,sess-00908691,page_view,2023-07-13 17:09:03.335362887,3.8.0,"{""stage_rank"":0}"
evt-00530862,sess-00311929,page_view,2025-08-25 14:33:47.839687612,,"{""stage_rank"":0}"
evt-01000841,sess-00588453,checkout,2025-07-05 20:31:00.690268222,,"{""stage_rank"":2}"
evt-00066064,sess-00038775,page_view,2023-09-23 18:49:02.045082271,3.8.0,"{""stage_rank"":0}"
evt-01456384,sess-00855750,page_view,2025-07-15 22:54:02.379091781,,"{""stage_rank"":0}"
evt-00903738,sess-00531239,page_view,2026-06-23 03:32:06.010394931,,"{""stage_rank"":0}"
evt-00042911,sess-00025176,checkout,2025-06-09 00:05:27.999420771,,"{""stage_rank"":2}"
evt-01029386,sess-00605123,page_view,2025-01-16 14:31:56.970192918,4.2.0,"{""stage_rank"":0}"
evt-00479499,sess-00281927,page_view,2026-04-08 01:29:07.505525807,,"{""stage_rank"":0}"
evt-00531443,sess-00312268,add_to_cart,2025-07-25 23:27:33.361674797,4.3.0,"{""stage_rank"":1}"
evt-00194877,sess-00114415,add_to_cart,2024-08-06 22:30:55.586101302,4.1.0,"{""stage_rank"":1}"
evt-00603037,sess-00354298,page_view,2025-10-17 08:16:14.889378325,4.4.0,"{""stage_rank"":0}"
evt-01139550,sess-00669785,page_view,2023-01-09 20:54:07.064585718,3.8.0,"{""stage_rank"":0}"
evt-00534696,sess-00314221,page_view,2023-11-10 20:14:13.778011960,,"{""stage_rank"":0}"
evt-00313990,sess-00184484,add_to_cart,2024-07-02 23:13:54.615482272,4.0.0,"{""stage_rank"":1}"
evt-01057715,sess-00621787,add_to_cart,2025-07-11 19:19:24.516756628,4.3.0,"{""stage_rank"":1}"
evt-00864210,sess-00507985,add_to_cart,2023-08-27 21:23:00.238382246,,"{""stage_rank"":1}"
evt-00505682,sess-00297270,page_view,2026-04-16 19:00:31.843959810,4.4.0,"{""stage_rank"":0}"
evt-01287223,sess-00756511,page_view,2025-01-27 18:45:23.911797643,4.2.0,"{""stage_rank"":0}"
evt-00010035,sess-00005974,add_to_cart,2026-04-20 19:17:02.479952750,4.4.0,"{""stage_rank"":1}"
evt-00035479,sess-00020829,add_to_cart,2025-06-06 20:49:10.049290313,4.3.0,"{""stage_rank"":1}"
evt-01073481,sess-00631014,page_view,2025-07-31 13:36:57.124197089,4.3.0,"{""stage_rank"":0}"
evt-01452080,sess-00853240,page_view,2024-05-09 00:44:50.213991434,4.0.0,"{""stage_rank"":0}"
evt-00956216,sess-00562233,add_to_cart,2025-02-28 14:13:33.623389164,,"{""stage_rank"":1}"
evt-00834986,sess-00490767,page_view,2026-01-28 00:55:10.043582717,4.4.0,"{""stage_rank"":0}"
evt-00362703,sess-00213132,checkout,2026-06-23 01:55:02.272597536,,"{""stage_rank"":2}"
evt-00661416,sess-00388729,add_to_cart,2024-08-11 19:21:34.841590645,,"{""stage_rank"":1}"
evt-01016182,sess-00597397,page_view,2025-06-14 22:00:48.929320072,4.3.0,"{""stage_rank"":0}"
evt-01046891,sess-00615414,page_view,2024-06-07 21:22:39.753476856,,"{""stage_rank"":0}"
evt-00514644,sess-00302475,checkout,2025-09-25 20:37:57.281081606,,"{""stage_rank"":2}"
evt-01473862,sess-00866017,add_to_cart,2023-11-26 02:52:02.105415677,,"{""stage_rank"":1}"
evt-01700857,sess-00999421,add_to_cart,2025-06-04 23:32:54.109515956,4.3.0,"{""stage_rank"":1}"
evt-00630704,sess-00370529,add_to_cart,2026-04-08 16:49:46.896077073,,"{""stage_rank"":1}"
evt-00888828,sess-00522412,add_to_cart,2023-07-01 16:59:19.620608854,,"{""stage_rank"":1}"
evt-00956116,sess-00562182,page_view,2025-07-21 22:21:07.842784284,,"{""stage_rank"":0}"
evt-00550148,sess-00323214,page_view,2023-11-27 00:45:03.765467992,,"{""stage_rank"":0}"
evt-01458395,sess-00856936,add_to_cart,2024-07-10 18:06:12.159858698,,"{""stage_rank"":1}"
evt-00027630,sess-00016256,add_to_cart,2025-06-04 21:52:14.021668363,,"{""stage_rank"":1}"
evt-00311074,sess-00182742,add_to_cart,2025-07-02 02:26:06.518826066,,"{""stage_rank"":1}"
evt-00363111,sess-00213390,page_view,2024-09-20 16:52:25.542612271,,"{""stage_rank"":0}"
evt-00084505,sess-00049645,add_to_cart,2024-01-13 02:54:29.302905880,3.8.0,"{""stage_rank"":1}"
evt-00596876,sess-00350673,add_to_cart,2023-08-18 00:58:08.110466636,,"{""stage_rank"":1}"
evt-00378569,sess-00222538,page_view,2026-02-10 21:10:30.380557870,,"{""stage_rank"":0}"
evt-00344795,sess-00202616,page_view,2023-11-19 19:24:55.493494058,,"{""stage_rank"":0}"
evt-01137344,sess-00668471,add_to_cart,2023-08-18 21:32:05.681536438,,"{""stage_rank"":1}"
evt-01076170,sess-00632613,page_view,2025-08-25 03:02:35.665461631,4.4.0,"{""stage_rank"":0}"
evt-01109054,sess-00651919,page_view,2025-01-27 20:03:52.567969758,,"{""stage_rank"":0}"
evt-00061154,sess-00035913,checkout,2024-04-16 20:11:19.127788027,4.0.0,"{""stage_rank"":2}"
evt-01463981,sess-00860207,add_to_cart,2024-07-17 23:41:03.930575107,4.0.0,"{""stage_rank"":1}"
evt-01450542,sess-00852348,page_view,2026-01-26 20:34:19.554446524,,"{""stage_rank"":0}"
evt-01298621,sess-00763256,add_to_cart,2025-04-02 18:36:55.656800630,,"{""stage_rank"":1}"
evt-01321433,sess-00776630,page_view,2023-02-10 20:12:16.720099616,,"{""stage_rank"":0}"
evt-01521725,sess-00894201,page_view,2024-07-23 19:47:11.971086532,,"{""stage_rank"":0}"
evt-00213881,sess-00125588,page_view,2026-01-08 20:05:15.788656951,4.4.0,"{""stage_rank"":0}"
evt-00724463,sess-00425771,add_to_cart,2024-09-26 00:01:56.196013147,,"{""stage_rank"":1}"
evt-00648387,sess-00381095,add_to_cart,2023-12-04 18:37:21.734922444,,"{""stage_rank"":1}"
evt-00746245,sess-00438571,page_view,2025-08-25 19:49:45.617776189,4.4.0,"{""stage_rank"":0}"
evt-01024646,sess-00602330,page_view,2024-10-14 15:51:13.116297631,,"{""stage_rank"":0}"
evt-00517283,sess-00304046,add_to_cart,2025-08-08 17:19:00.496387697,4.4.0,"{""stage_rank"":1}"
evt-00846704,sess-00497687,page_view,2025-07-09 15:12:03.845406136,4.3.0,"{""stage_rank"":0}"
evt-00120357,sess-00070559,add_to_cart,2023-11-23 02:16:25.312832989,3.8.0,"{""stage_rank"":1}"
evt-01365177,sess-00802233,add_to_cart,2024-07-01 20:48:15.861183009,4.0.0,"{""stage_rank"":1}"
evt-01110113,sess-00652555,page_view,2023-08-30 23:56:21.919726333,,"{""stage_rank"":0}"
evt-01579001,sess-00927814,page_view,2025-02-03 00:01:46.716922270,4.3.0,"{""stage_rank"":0}"
evt-01318876,sess-00775105,add_to_cart,2023-10-31 00:55:00.707825707,3.8.0,"{""stage_rank"":1}"
evt-01307553,sess-00768437,checkout,2023-11-21 23:16:18.893809599,,"{""stage_rank"":2}"
evt-01352107,sess-00794545,page_view,2026-02-27 23:36:08.372883362,,"{""stage_rank"":0}"
evt-01533854,sess-00901338,checkout,2024-03-17 21:30:36.341022962,4.0.0,"{""stage_rank"":2}"
evt-01438573,sess-00845374,page_view,2025-09-01 22:22:32.372800278,,"{""stage_rank"":0}"
evt-00623733,sess-00366422,add_to_cart,2024-02-01 18:32:49.510858659,,"{""stage_rank"":1}"
evt-01399249,sess-00822267,checkout,2026-01-17 16:35:48.790381653,,"{""stage_rank"":2}"
evt-00555947,sess-00326597,page_view,2024-01-03 16:10:24.891633673,,"{""stage_rank"":0}"
evt-01328779,sess-00780909,page_view,2026-06-01 17:08:50.614539100,4.4.0,"{""stage_rank"":0}"
evt-01393799,sess-00818990,add_to_cart,2025-01-07 20:46:37.266339071,,"{""stage_rank"":1}"
evt-01321236,sess-00776510,page_view,2023-12-21 20:36:51.781441897,3.8.0,"{""stage_rank"":0}"
evt-00285371,sess-00167644,page_view,2024-06-18 22:01:11.621627272,,"{""stage_rank"":0}"
evt-01332199,sess-00782874,checkout,2025-11-28 20:04:51.259074525,4.4.0,"{""stage_rank"":2}"
evt-00886269,sess-00520931,page_view,2025-06-13 20:43:58.503410750,4.3.0,"{""stage_rank"":0}"
evt-01572574,sess-00924051,page_view,2023-10-20 21:33:51.985761791,3.8.0,"{""stage_rank"":0}"
evt-01555581,sess-00914111,page_view,2025-02-02 15:26:37.459994125,4.3.0,"{""stage_rank"":0}"
evt-01005225,sess-00591026,page_view,2025-12-17 18:49:54.524574750,,"{""stage_rank"":0}"
evt-00780279,sess-00458574,add_to_cart,2025-07-27 04:20:09.728676093,4.3.0,"{""stage_rank"":1}"
evt-00538702,sess-00316555,add_to_cart,2025-08-06 23:42:35.429852314,,"{""stage_rank"":1}"
evt-01066118,sess-00626660,page_view,2024-12-19 19:47:33.355900372,4.2.0,"{""stage_rank"":0}"
evt-00819204,sess-00481437,add_to_cart,2024-07-03 16:00:59.057989422,,"{""stage_rank"":1}"
evt-01313320,sess-00771830,page_view,2024-02-16 19:34:36.538658125,4.0.0,"{""stage_rank"":0}"
evt-01253781,sess-00736911,add_to_cart,2024-04-15 19:23:18.680258748,,"{""stage_rank"":1}"
evt-00121186,sess-00071062,add_to_cart,2024-04-24 16:33:57.471663475,4.0.0,"{""stage_rank"":1}"
evt-00301697,sess-00177228,page_view,2024-12-20 11:42:44.561409319,,"{""stage_rank"":0}"
evt-00296205,sess-00174015,page_view,2024-09-10 21:27:52.117498433,4.1.0,"{""stage_rank"":0}"
evt-00612339,sess-00359742,page_view,2024-08-20 17:52:38.011856332,,"{""stage_rank"":0}"
evt-00826234,sess-00485544,add_to_cart,2024-10-30 02:44:26.052481319,4.1.0,"{""stage_rank"":1}"
evt-00211406,sess-00124148,checkout,2025-12-21 21:18:43.552228880,,"{""stage_rank"":2}"
evt-01590352,sess-00934547,page_view,2024-08-06 16:05:33.661208524,4.1.0,"{""stage_rank"":0}"
evt-00684626,sess-00402342,page_view,2023-12-17 18:05:37.159976335,3.8.0,"{""stage_rank"":0}"
evt-00909806,sess-00534882,page_view,2025-08-01 22:09:26.382319792,,"{""stage_rank"":0}"
evt-00381944,sess-00224532,page_view,2023-07-22 16:16:37.367764387,3.8.0,"{""stage_rank"":0}"
evt-00363321,sess-00213513,add_to_cart,2023-02-11 18:53:06.115023540,3.8.0,"{""stage_rank"":1}"
evt-01475642,sess-00867057,page_view,2026-01-24 20:28:02.240126539,,"{""stage_rank"":0}"
evt-01171246,sess-00688442,checkout,2024-05-27 22:43:59.760744134,,"{""stage_rank"":2}"
evt-01524376,sess-00895752,page_view,2026-04-26 00:46:11.252934446,,"{""stage_rank"":0}"
evt-00653815,sess-00384305,page_view,2024-11-06 21:20:08.638299270,4.1.0,"{""stage_rank"":0}"
evt-01614460,sess-00948749,page_view,2026-06-18 18:47:12.314065903,,"{""stage_rank"":0}"
evt-01644243,sess-00966345,page_view,2023-09-26 21:42:10.160264920,3.8.0,"{""stage_rank"":0}"
evt-00498624,sess-00293185,page_view,2025-06-03 18:40:54.221914357,,"{""stage_rank"":0}"
evt-01441415,sess-00847019,add_to_cart,2024-01-26 20:48:22.512657588,3.8.0,"{""stage_rank"":1}"
evt-00054478,sess-00031957,page_view,2026-05-07 15:51:36.001934465,,"{""stage_rank"":0}"
evt-00976364,sess-00574127,page_view,2025-01-31 21:49:52.429513503,4.2.0,"{""stage_rank"":0}"
evt-00627109,sess-00368414,page_view,2026-05-31 19:41:20.705647089,,"{""stage_rank"":0}"
evt-01410294,sess-00828757,add_to_cart,2025-09-17 00:05:04.582665841,,"{""stage_rank"":1}"
evt-00831925,sess-00488932,checkout,2023-12-05 16:48:20.470589357,3.8.0,"{""stage_rank"":2}"
evt-01451366,sess-00852827,page_view,2024-02-07 23:11:07.203416532,4.0.0,"{""stage_rank"":0}"
evt-00127196,sess-00074605,page_view,2025-08-27 18:30:24.342064819,4.4.0,"{""stage_rank"":0}"
evt-01299149,sess-00763570,add_to_cart,2024-11-03 20:57:08.525911547,,"{""stage_rank"":1}"
evt-00028355,sess-00016681,page_view,2023-01-11 22:40:37.720398229,3.8.0,"{""stage_rank"":0}"
evt-00433008,sess-00254526,page_view,2023-10-22 19:25:50.548734090,3.8.0,"{""stage_rank"":0}"
evt-00750842,sess-00441281,add_to_cart,2023-01-13 21:53:27.872952587,3.8.0,"{""stage_rank"":1}"
evt-00591180,sess-00347367,checkout,2024-09-21 20:13:21.980139550,4.1.0,"{""stage_rank"":2}"
evt-00587149,sess-00344990,add_to_cart,2023-08-20 23:35:13.994543229,3.8.0,"{""stage_rank"":1}"
evt-00490648,sess-00288463,page_view,2024-08-22 21:03:53.691716756,4.1.0,"{""stage_rank"":0}"
evt-01133363,sess-00666124,add_to_cart,2026-06-17 22:48:08.067288781,,"{""stage_rank"":1}"
evt-00849610,sess-00499384,add_to_cart,2024-01-22 22:11:16.531848247,3.8.0,"{""stage_rank"":1}"
evt-01152748,sess-00677573,checkout,2023-01-30 21:51:36.123093834,3.8.0,"{""stage_rank"":2}"
evt-01561673,sess-00917680,page_view,2024-01-08 20:27:59.209512107,3.8.0,"{""stage_rank"":0}"
evt-01243633,sess-00730887,page_view,2025-11-24 19:26:38.969687964,,"{""stage_rank"":0}"
evt-00093868,sess-00055122,add_to_cart,2024-06-04 21:08:08.822233179,4.0.0,"{""stage_rank"":1}"
evt-01138083,sess-00668915,add_to_cart,2025-07-19 22:54:04.580523155,4.3.0,"{""stage_rank"":1}"
evt-00247263,sess-00145390,page_view,2024-04-23 21:32:54.080693165,4.0.0,"{""stage_rank"":0}"
evt-01105909,sess-00650087,checkout,2023-07-13 15:09:39.487942224,3.8.0,"{""stage_rank"":2}"
evt-00279330,sess-00164119,page_view,2025-03-21 22:28:33.222435769,4.3.0,"{""stage_rank"":0}"
evt-00733231,sess-00430909,page_view,2023-05-28 21:19:24.622324830,,"{""stage_rank"":0}"
evt-01448502,sess-00851173,add_to_cart,2024-05-12 01:02:17.710106132,4.0.0,"{""stage_rank"":1}"
evt-01428543,sess-00839480,purchase,2025-04-24 22:13:45.590164044,,"{""stage_rank"":3}"
evt-01579232,sess-00927955,add_to_cart,2025-07-04 19:51:41.048588717,,"{""stage_rank"":1}"
evt-01632932,sess-00959685,page_view,2025-04-04 22:40:23.270243663,4.3.0,"{""stage_rank"":0}"
evt-00029608,sess-00017408,checkout,2026-01-20 21:44:51.863164518,4.4.0,"{""stage_rank"":2}"
evt-00750037,sess-00440812,add_to_cart,2025-01-10 15:18:24.488170777,,"{""stage_rank"":1}"
evt-00553578,sess-00325203,checkout,2025-09-07 23:59:07.997542999,,"{""stage_rank"":2}"
evt-00422810,sess-00248581,add_to_cart,2023-02-12 05:08:05.798133310,,"{""stage_rank"":1}"
evt-00003394,sess-00002030,page_view,2025-10-18 05:11:40.818386246,,"{""stage_rank"":0}"
evt-01069986,sess-00628928,page_view,2025-09-16 21:49:59.845040047,4.4.0,"{""stage_rank"":0}"
evt-00673063,sess-00395596,add_to_cart,2025-11-01 12:52:14.047998286,4.4.0,"{""stage_rank"":1}"
evt-00383869,sess-00225661,add_to_cart,2023-05-24 22:03:54.735990905,,"{""stage_rank"":1}"
evt-00392599,sess-00230750,page_view,2024-05-27 19:29:40.047975933,4.0.0,"{""stage_rank"":0}"
evt-00681173,sess-00400327,page_view,2025-08-26 19:02:14.878081514,,"{""stage_rank"":0}"
evt-00739851,sess-00434812,add_to_cart,2025-02-24 18:17:55.960424918,,"{""stage_rank"":1}"
evt-01294625,sess-00760905,page_view,2024-07-30 21:58:57.007730236,4.0.0,"{""stage_rank"":0}"
evt-00148759,sess-00087332,purchase,2025-05-05 21:43:13.113855263,,"{""stage_rank"":3}"
evt-01052612,sess-00618773,checkout,2024-02-02 19:06:25.221620820,4.0.0,"{""stage_rank"":2}"
evt-00296291,sess-00174062,page_view,2023-03-19 23:47:55.055258031,,"{""stage_rank"":0}"
evt-00987047,sess-00580471,add_to_cart,2025-02-11 19:39:10.499446774,,"{""stage_rank"":1}"
evt-01507636,sess-00885894,page_view,2023-01-06 21:27:31.239075901,,"{""stage_rank"":0}"
evt-00647689,sess-00380681,page_view,2025-02-04 00:53:45.027763554,4.3.0,"{""stage_rank"":0}"
evt-00497873,sess-00292742,page_view,2023-03-17 18:44:58.353173406,3.8.0,"{""stage_rank"":0}"
evt-01547330,sess-00909262,add_to_cart,2023-11-14 17:22:21.043455289,3.8.0,"{""stage_rank"":1}"
evt-00022284,sess-00013153,add_to_cart,2025-05-26 18:07:11.959912651,4.3.0,"{""stage_rank"":1}"
evt-00726954,sess-00427209,page_view,2023-08-19 17:07:24.737795609,3.8.0,"{""stage_rank"":0}"
evt-00612635,sess-00359926,page_view,2023-07-12 18:33:11.805915820,,"{""stage_rank"":0}"
evt-01611214,sess-00946811,page_view,2024-01-11 16:15:16.524697096,,"{""stage_rank"":0}"
evt-01309746,sess-00769727,checkout,2024-02-29 00:00:11.632411196,,"{""stage_rank"":2}"
evt-00940431,sess-00552949,checkout,2024-12-02 17:38:39.594727369,,"{""stage_rank"":2}"
evt-00819648,sess-00481700,add_to_cart,2026-05-31 23:26:17.174449649,,"{""stage_rank"":1}"
evt-00222610,sess-00130765,page_view,2025-07-15 15:47:01.253176218,,"{""stage_rank"":0}"
evt-01458029,sess-00856723,add_to_cart,2025-02-14 16:21:40.511005880,,"{""stage_rank"":1}"
evt-01487443,sess-00873999,checkout,2023-01-06 19:08:02.606516562,,"{""stage_rank"":2}"
evt-00636752,sess-00374125,page_view,2025-03-11 22:08:39.292008959,4.3.0,"{""stage_rank"":0}"
evt-00414163,sess-00243511,add_to_cart,2023-09-30 20:51:01.095774982,3.8.0,"{""stage_rank"":1}"
evt-00236306,sess-00138928,page_view,2026-04-16 19:59:08.283363022,4.4.0,"{""stage_rank"":0}"
evt-01530606,sess-00899442,page_view,2023-12-20 23:02:52.243581273,,"{""stage_rank"":0}"
evt-00917589,sess-00539427,page_view,2023-10-04 21:31:14.629603081,3.8.0,"{""stage_rank"":0}"
evt-01056218,sess-00620921,page_view,2024-01-16 14:57:34.665412923,,"{""stage_rank"":0}"
evt-01651763,sess-00970753,add_to_cart,2025-12-11 15:37:45.705966484,4.4.0,"{""stage_rank"":1}"
evt-01425237,sess-00837561,page_view,2024-07-27 18:42:21.028838354,4.0.0,"{""stage_rank"":0}"
evt-00012922,sess-00007655,add_to_cart,2025-01-09 18:51:59.645278313,4.2.0,"{""stage_rank"":1}"
evt-01035540,sess-00608733,page_view,2025-06-24 23:12:28.986611900,,"{""stage_rank"":0}"
evt-00455033,sess-00267539,add_to_cart,2026-01-17 17:57:20.301804634,4.4.0,"{""stage_rank"":1}"
evt-00584122,sess-00343183,add_to_cart,2023-02-25 20:02:42.329754179,,"{""stage_rank"":1}"
evt-00562922,sess-00330714,add_to_cart,2023-05-27 12:38:11.371619465,,"{""stage_rank"":1}"
evt-01626939,sess-00956144,page_view,2024-12-16 18:22:33.628835694,4.2.0,"{""stage_rank"":0}"
evt-00764558,sess-00449352,page_view,2024-12-20 19:22:01.920653697,,"{""stage_rank"":0}"
evt-00495092,sess-00291104,page_view,2024-10-05 02:02:15.466300296,4.1.0,"{""stage_rank"":0}"
evt-00153953,sess-00090375,page_view,2026-03-28 18:36:19.885038258,4.4.0,"{""stage_rank"":0}"
evt-00208658,sess-00122556,page_view,2026-01-24 21:50:59.578371786,4.4.0,"{""stage_rank"":0}"
evt-00816921,sess-00480132,page_view,2023-07-17 20:27:23.029728651,,"{""stage_rank"":0}"
evt-01073232,sess-00630874,add_to_cart,2024-08-27 22:20:16.070352173,,"{""stage_rank"":1}"
evt-01404959,sess-00825614,page_view,2025-06-03 16:22:16.758480103,4.3.0,"{""stage_rank"":0}"
evt-00244820,sess-00143941,checkout,2023-04-26 21:24:21.847568942,,"{""stage_rank"":2}"
evt-00639150,sess-00375565,page_view,2026-01-04 18:25:22.561640978,4.4.0,"{""stage_rank"":0}"
evt-00095510,sess-00056077,page_view,2024-09-22 20:40:54.192719020,4.1.0,"{""stage_rank"":0}"
evt-00313496,sess-00184201,add_to_cart,2026-01-15 21:06:13.333618566,,"{""stage_rank"":1}"
evt-01321993,sess-00776952,purchase,2025-07-12 15:20:49.290498464,4.3.0,"{""stage_rank"":3}"
evt-01358090,sess-00798070,add_to_cart,2023-04-18 21:58:29.634447364,3.8.0,"{""stage_rank"":1}"
evt-00638092,sess-00374924,checkout,2023-07-14 12:13:31.461796717,3.8.0,"{""stage_rank"":2}"
evt-00609069,sess-00357831,page_view,2025-12-27 17:43:10.398821193,4.4.0,"{""stage_rank"":0}"
evt-00382127,sess-00224645,add_to_cart,2024-07-20 14:31:03.797484497,4.0.0,"{""stage_rank"":1}"
evt-00171113,sess-00100475,add_to_cart,2024-08-05 23:32:51.380268135,4.1.0,"{""stage_rank"":1}"
evt-01405673,sess-00826018,page_view,2024-06-01 23:27:24.703159606,,"{""stage_rank"":0}"
evt-01642662,sess-00965420,page_view,2024-01-31 17:50:54.118494564,,"{""stage_rank"":0}"
evt-01121048,sess-00658899,page_view,2025-09-13 19:50:37.783947198,4.4.0,"{""stage_rank"":0}"
evt-01556280,sess-00914519,page_view,2026-06-10 19:26:37.373357361,,"{""stage_rank"":0}"
evt-00922227,sess-00542165,page_view,2023-07-04 20:43:54.278610464,,"{""stage_rank"":0}"
evt-01532557,sess-00900584,add_to_cart,2023-09-26 15:02:05.746288645,,"{""stage_rank"":1}"
evt-01005798,sess-00591340,page_view,2024-02-16 21:43:15.325427557,4.0.0,"{""stage_rank"":0}"
evt-01319467,sess-00775443,page_view,2023-07-27 19:35:42.456629202,3.8.0,"{""stage_rank"":0}"
evt-01694385,sess-00995593,add_to_cart,2023-04-16 19:40:25.406936527,,"{""stage_rank"":1}"
evt-01518124,sess-00892086,add_to_cart,2024-04-13 16:56:01.197816259,4.0.0,"{""stage_rank"":1}"
evt-00415995,sess-00244598,add_to_cart,2025-06-05 23:14:02.299351256,,"{""stage_rank"":1}"
evt-01623424,sess-00954071,checkout,2024-06-17 00:35:25.382755002,,"{""stage_rank"":2}"
evt-01096376,sess-00644466,page_view,2024-07-29 22:56:26.188443405,,"{""stage_rank"":0}"
evt-00862861,sess-00507192,add_to_cart,2025-10-18 21:17:30.722296202,,"{""stage_rank"":1}"
evt-01619722,sess-00951891,add_to_cart,2024-06-07 18:08:18.604249122,,"{""stage_rank"":1}"
evt-00999386,sess-00587610,page_view,2026-01-22 02:11:05.738966271,,"{""stage_rank"":0}"
evt-00656288,sess-00385756,page_view,2026-06-22 11:55:17.932631065,,"{""stage_rank"":0}"
evt-00439296,sess-00258256,page_view,2023-12-31 20:10:27.407007457,3.8.0,"{""stage_rank"":0}"
evt-01329516,sess-00781342,checkout,2025-01-29 18:32:50.935140055,4.2.0,"{""stage_rank"":2}"
evt-00996911,sess-00586188,page_view,2024-05-18 18:00:36.326955657,4.0.0,"{""stage_rank"":0}"
evt-00227700,sess-00133793,page_view,2023-01-22 21:29:42.703446568,3.8.0,"{""stage_rank"":0}"
evt-00899733,sess-00528892,page_view,2024-06-09 21:09:07.416685995,,"{""stage_rank"":0}"
evt-01036510,sess-00609300,add_to_cart,2026-02-24 21:42:44.009933680,,"{""stage_rank"":1}"
evt-01615428,sess-00949328,page_view,2023-01-22 20:44:36.808185143,,"{""stage_rank"":0}"
evt-01477621,sess-00868241,add_to_cart,2026-01-20 20:52:26.565585974,4.4.0,"{""stage_rank"":1}"
evt-00134991,sess-00079177,add_to_cart,2025-02-04 19:45:07.332397055,,"{""stage_rank"":1}"
evt-01454826,sess-00854858,page_view,2023-02-02 17:32:27.767512273,3.8.0,"{""stage_rank"":0}"
evt-01068501,sess-00628045,add_to_cart,2025-03-18 19:06:51.630888097,4.3.0,"{""stage_rank"":1}"
evt-00584011,sess-00343114,page_view,2026-02-20 15:07:19.385597556,4.4.0,"{""stage_rank"":0}"
evt-00879518,sess-00516950,purchase,2025-08-08 20:13:44.023502098,4.4.0,"{""stage_rank"":3}"
evt-00390570,sess-00229586,page_view,2025-02-16 19:35:53.896304554,,"{""stage_rank"":0}"
evt-01486716,sess-00873560,page_view,2024-02-12 00:18:18.924915703,4.0.0,"{""stage_rank"":0}"
evt-00466887,sess-00274560,page_view,2026-06-12 20:19:24.215527496,4.4.0,"{""stage_rank"":0}"
evt-01659519,sess-00975256,page_view,2025-10-23 23:18:57.099202012,,"{""stage_rank"":0}"
evt-01482590,sess-00871141,page_view,2025-10-26 15:14:06.864684834,4.4.0,"{""stage_rank"":0}"
evt-01220604,sess-00717324,page_view,2023-02-21 01:11:40.000092766,,"{""stage_rank"":0}"
evt-00291759,sess-00171400,add_to_cart,2025-07-25 05:18:31.834075071,,"{""stage_rank"":1}"
evt-00048852,sess-00028658,page_view,2025-05-24 15:05:44.341389341,,"{""stage_rank"":0}"
evt-01455756,sess-00855393,add_to_cart,2024-10-22 22:37:18.619061441,4.1.0,"{""stage_rank"":1}"
evt-01413382,sess-00830572,page_view,2024-08-16 16:24:07.319460572,4.1.0,"{""stage_rank"":0}"
evt-00036065,sess-00021163,add_to_cart,2025-05-23 23:49:47.823751306,4.3.0,"{""stage_rank"":1}"
evt-00747150,sess-00439112,add_to_cart,2025-09-16 21:54:40.120488966,4.4.0,"{""stage_rank"":1}"
evt-01641477,sess-00964728,page_view,2025-02-19 00:47:45.264195860,4.3.0,"{""stage_rank"":0}"
evt-01128590,sess-00663364,add_to_cart,2024-05-27 20:48:41.288682226,4.0.0,"{""stage_rank"":1}"
evt-00582043,sess-00341968,page_view,2025-08-29 03:57:36.154120443,,"{""stage_rank"":0}"
evt-00024842,sess-00014637,checkout,2024-03-06 11:53:24.097214906,4.0.0,"{""stage_rank"":2}"
evt-00589674,sess-00346477,add_to_cart,2024-08-17 15:20:00.484295947,,"{""stage_rank"":1}"
evt-00370972,sess-00218048,add_to_cart,2024-11-05 05:01:21.965393350,,"{""stage_rank"":1}"
evt-00774422,sess-00455167,add_to_cart,2025-09-14 17:02:09.046380317,,"{""stage_rank"":1}"
evt-00873233,sess-00513267,page_view,2024-09-27 23:29:28.455628136,4.1.0,"{""stage_rank"":0}"
evt-01225057,sess-00719982,add_to_cart,2025-01-19 20:46:26.988893335,4.2.0,"{""stage_rank"":1}"
evt-01412325,sess-00829939,add_to_cart,2025-02-09 21:16:56.526791460,4.3.0,"{""stage_rank"":1}"
evt-00278010,sess-00163351,add_to_cart,2025-12-22 18:52:38.016359139,4.4.0,"{""stage_rank"":1}"
evt-01413616,sess-00830704,page_view,2023-03-06 23:49:37.981006230,3.8.0,"{""stage_rank"":0}"
evt-01183793,sess-00695753,purchase,2026-03-10 17:50:56.480018526,4.4.0,"{""stage_rank"":3}"
evt-00686694,sess-00403605,add_to_cart,2024-08-14 19:26:53.739806371,4.1.0,"{""stage_rank"":1}"
evt-00125075,sess-00073345,add_to_cart,2024-01-17 20:57:24.107109976,3.8.0,"{""stage_rank"":1}"
evt-00355278,sess-00208759,page_view,2023-09-09 17:52:39.293360754,,"{""stage_rank"":0}"
evt-00195289,sess-00114650,add_to_cart,2024-12-12 18:20:17.404725326,,"{""stage_rank"":1}"
evt-01217929,sess-00715757,page_view,2023-11-23 17:54:57.275360614,,"{""stage_rank"":0}"
evt-01056659,sess-00621173,add_to_cart,2023-05-22 01:06:32.201424506,,"{""stage_rank"":1}"
evt-00963918,sess-00566822,page_view,2023-11-24 21:11:41.575512527,3.8.0,"{""stage_rank"":0}"
evt-01150958,sess-00676526,checkout,2026-06-08 22:40:50.907987497,4.4.0,"{""stage_rank"":2}"
evt-00700920,sess-00411979,page_view,2025-11-13 00:15:52.638503548,,"{""stage_rank"":0}"
evt-00686193,sess-00403296,page_view,2023-11-15 16:38:47.320739817,3.8.0,"{""stage_rank"":0}"
evt-01186567,sess-00697412,page_view,2026-02-18 18:21:59.520535857,,"{""stage_rank"":0}"
evt-01462551,sess-00859379,page_view,2023-04-01 14:47:58.199531091,3.8.0,"{""stage_rank"":0}"
evt-01232290,sess-00724229,add_to_cart,2025-02-19 01:21:38.790331047,4.3.0,"{""stage_rank"":1}"
evt-01408797,sess-00827881,add_to_cart,2025-02-22 00:49:21.594225644,4.3.0,"{""stage_rank"":1}"
evt-00526041,sess-00309124,page_view,2026-04-22 04:42:18.452613742,4.4.0,"{""stage_rank"":0}"
evt-00055692,sess-00032667,page_view,2024-12-16 23:28:13.809056470,,"{""stage_rank"":0}"
evt-00583515,sess-00342823,add_to_cart,2023-08-29 16:41:57.245793350,3.8.0,"{""stage_rank"":1}"
evt-00236187,sess-00138855,page_view,2025-03-20 17:14:58.702550767,,"{""stage_rank"":0}"
evt-01517840,sess-00891912,page_view,2025-03-14 17:45:04.329096662,,"{""stage_rank"":0}"
evt-00189120,sess-00111058,page_view,2026-02-24 17:11:44.943150792,4.4.0,"{""stage_rank"":0}"
evt-01426215,sess-00838140,page_view,2025-08-08 00:53:31.211833079,,"{""stage_rank"":0}"
evt-00417876,sess-00245719,page_view,2026-03-31 13:20:20.700964751,4.4.0,"{""stage_rank"":0}"
evt-00668065,sess-00392676,page_view,2024-10-18 17:15:22.228614885,,"{""stage_rank"":0}"
evt-01624517,sess-00954735,page_view,2024-10-16 21:47:21.471709489,,"{""stage_rank"":0}"
evt-00808836,sess-00475352,page_view,2023-07-23 23:26:09.562878843,,"{""stage_rank"":0}"
evt-01645991,sess-00967358,page_view,2024-01-12 22:55:46.575530503,,"{""stage_rank"":0}"
evt-00846056,sess-00497312,page_view,2023-05-19 17:49:22.233766405,3.8.0,"{""stage_rank"":0}"
evt-00407394,sess-00239499,purchase,2025-10-03 19:32:16.132390299,4.4.0,"{""stage_rank"":3}"
evt-00739010,sess-00434332,page_view,2025-04-24 20:52:44.824357131,,"{""stage_rank"":0}"
evt-01656160,sess-00973326,page_view,2023-08-16 14:33:39.114237254,,"{""stage_rank"":0}"
evt-00506066,sess-00297477,page_view,2026-01-27 18:27:46.485956816,,"{""stage_rank"":0}"
evt-00739651,sess-00434693,page_view,2023-12-06 22:36:39.430841541,,"{""stage_rank"":0}"
evt-00092825,sess-00054548,page_view,2025-07-25 17:18:32.957895223,,"{""stage_rank"":0}"
evt-00974361,sess-00572935,add_to_cart,2024-05-03 21:16:54.366530891,,"{""stage_rank"":1}"
evt-01617759,sess-00950720,checkout,2026-02-10 00:06:05.860447490,4.4.0,"{""stage_rank"":2}"
evt-00698857,sess-00410775,page_view,2026-04-07 21:47:50.849949206,4.4.0,"{""stage_rank"":0}"
evt-00716604,sess-00421130,page_view,2026-03-14 20:30:59.662986431,,"{""stage_rank"":0}"
evt-00867621,sess-00509975,add_to_cart,2024-06-28 21:41:49.950992818,,"{""stage_rank"":1}"
evt-00423678,sess-00249083,page_view,2026-01-04 22:41:33.383935971,4.4.0,"{""stage_rank"":0}"
evt-00157430,sess-00092445,page_view,2025-03-14 21:16:50.891487411,4.3.0,"{""stage_rank"":0}"
evt-00938629,sess-00551884,add_to_cart,2025-06-09 14:17:22.009865469,4.3.0,"{""stage_rank"":1}"
evt-00863252,sess-00507415,page_view,2025-05-17 20:50:50.141396228,,"{""stage_rank"":0}"
evt-00078984,sess-00046428,checkout,2024-02-15 19:50:59.854120804,4.0.0,"{""stage_rank"":2}"
evt-00134193,sess-00078715,checkout,2024-08-17 18:12:21.211377210,,"{""stage_rank"":2}"
evt-00897324,sess-00527447,page_view,2025-10-16 17:14:56.940696472,4.4.0,"{""stage_rank"":0}"
evt-00501714,sess-00294970,page_view,2025-08-12 18:26:47.145416267,,"{""stage_rank"":0}"
evt-00427368,sess-00251193,checkout,2023-01-30 17:55:09.034249452,,"{""stage_rank"":2}"
evt-00546049,sess-00320835,page_view,2025-10-11 15:30:47.352620482,,"{""stage_rank"":0}"
evt-01482346,sess-00871007,page_view,2025-08-26 16:22:12.177755343,,"{""stage_rank"":0}"
evt-00241711,sess-00142116,checkout,2024-10-27 21:33:22.774737693,4.1.0,"{""stage_rank"":2}"
evt-00738217,sess-00433870,page_view,2023-04-28 22:39:06.093967892,,"{""stage_rank"":0}"
evt-01332252,sess-00782905,checkout,2023-10-23 15:56:47.635791515,3.8.0,"{""stage_rank"":2}"
evt-00558155,sess-00327885,page_view,2024-03-04 20:31:43.653787056,4.0.0,"{""stage_rank"":0}"
evt-01395084,sess-00819780,page_view,2023-02-23 20:52:22.264880638,,"{""stage_rank"":0}"
evt-00008776,sess-00005236,page_view,2023-04-05 00:29:39.098400874,3.8.0,"{""stage_rank"":0}"
evt-00902136,sess-00530314,page_view,2023-09-30 16:16:08.512830759,,"{""stage_rank"":0}"
evt-01323919,sess-00778061,page_view,2024-04-06 14:53:26.405135878,,"{""stage_rank"":0}"
evt-00005298,sess-00003176,page_view,2025-10-29 11:58:26.387462254,,"{""stage_rank"":0}"
evt-00562604,sess-00330526,add_to_cart,2023-06-23 21:38:55.659494082,3.8.0,"{""stage_rank"":1}"
evt-01176130,sess-00691327,page_view,2025-01-28 14:43:05.739782280,4.2.0,"{""stage_rank"":0}"
evt-00740586,sess-00435234,purchase,2023-01-28 19:30:01.543102562,,"{""stage_rank"":3}"
evt-01302203,sess-00765369,add_to_cart,2024-06-21 23:57:42.289381721,4.0.0,"{""stage_rank"":1}"
evt-00530739,sess-00311859,purchase,2023-03-31 19:20:42.794127985,,"{""stage_rank"":3}"
evt-00369301,sess-00217054,page_view,2025-04-12 17:56:32.217916135,4.3.0,"{""stage_rank"":0}"
evt-00390986,sess-00229830,add_to_cart,2025-03-24 15:36:44.599220674,4.3.0,"{""stage_rank"":1}"
evt-00207199,sess-00121688,page_view,2024-05-16 21:12:54.040295510,,"{""stage_rank"":0}"
evt-01559326,sess-00916312,add_to_cart,2023-01-27 21:29:01.966711094,,"{""stage_rank"":1}"
evt-00257955,sess-00151611,page_view,2025-03-10 20:23:27.086962339,4.3.0,"{""stage_rank"":0}"
evt-00116882,sess-00068542,add_to_cart,2026-05-25 14:55:26.951476442,,"{""stage_rank"":1}"
evt-00211490,sess-00124194,page_view,2023-02-21 22:53:26.611794729,3.8.0,"{""stage_rank"":0}"
evt-00407620,sess-00239637,page_view,2023-09-15 23:39:10.236274432,3.8.0,"{""stage_rank"":0}"
evt-00842325,sess-00495095,page_view,2024-12-12 17:04:40.603621927,4.2.0,"{""stage_rank"":0}"
evt-01556636,sess-00914728,page_view,2024-01-12 17:29:57.929568788,3.8.0,"{""stage_rank"":0}"
evt-01120719,sess-00658710,add_to_cart,2025-10-16 22:43:38.782466872,,"{""stage_rank"":1}"
evt-01340115,sess-00787495,page_view,2025-11-02 19:25:18.441249388,4.4.0,"{""stage_rank"":0}"
evt-01051153,sess-00617915,add_to_cart,2025-09-09 20:25:21.857210097,4.4.0,"{""stage_rank"":1}"
evt-01529155,sess-00898574,add_to_cart,2023-02-11 21:23:17.259545662,3.8.0,"{""stage_rank"":1}"
evt-01389288,sess-00816340,page_view,2025-04-13 03:48:46.279440495,4.3.0,"{""stage_rank"":0}"
evt-00337433,sess-00198325,add_to_cart,2024-01-12 21:58:41.571475568,3.8.0,"{""stage_rank"":1}"
evt-00865074,sess-00508494,checkout,2024-10-13 00:16:47.983641679,,"{""stage_rank"":2}"
evt-00755513,sess-00444017,checkout,2023-08-12 15:34:23.441691084,,"{""stage_rank"":2}"
evt-00970935,sess-00570916,page_view,2024-04-20 19:05:49.792054220,4.0.0,"{""stage_rank"":0}"
evt-00269529,sess-00158405,purchase,2023-09-02 22:09:40.541542741,3.8.0,"{""stage_rank"":3}"
evt-00572208,sess-00336158,page_view,2025-10-24 13:01:21.586712476,4.4.0,"{""stage_rank"":0}"
evt-00785280,sess-00461522,add_to_cart,2024-08-25 21:11:49.094952003,,"{""stage_rank"":1}"
evt-00723055,sess-00424947,page_view,2026-06-09 20:31:38.774801496,,"{""stage_rank"":0}"
evt-01213752,sess-00713257,page_view,2023-06-29 17:17:54.237779065,,"{""stage_rank"":0}"
evt-00873220,sess-00513259,add_to_cart,2024-04-15 19:21:29.071900050,4.0.0,"{""stage_rank"":1}"
evt-00675644,sess-00397119,page_view,2025-02-11 21:04:14.397097074,,"{""stage_rank"":0}"
evt-01590349,sess-00934544,checkout,2025-01-16 19:40:32.248793162,4.2.0,"{""stage_rank"":2}"
evt-00054326,sess-00031861,page_view,2025-06-23 18:28:31.370394034,4.3.0,"{""stage_rank"":0}"
evt-00151302,sess-00088822,page_view,2023-08-11 13:40:18.199393510,3.8.0,"{""stage_rank"":0}"
evt-01648362,sess-00968738,add_to_cart,2023-07-22 20:38:01.037483760,3.8.0,"{""stage_rank"":1}"
evt-01291524,sess-00759071,page_view,2025-07-25 23:47:44.941373396,,"{""stage_rank"":0}"
evt-01471029,sess-00864355,page_view,2024-08-09 15:09:28.022479319,4.1.0,"{""stage_rank"":0}"
evt-01498054,sess-00880237,add_to_cart,2023-09-06 20:58:10.888708672,,"{""stage_rank"":1}"
evt-00701456,sess-00412283,add_to_cart,2023-04-07 18:49:03.299280413,3.8.0,"{""stage_rank"":1}"
evt-00620281,sess-00364388,add_to_cart,2025-08-23 01:05:37.017085945,4.4.0,"{""stage_rank"":1}"
evt-00947794,sess-00557303,page_view,2024-09-13 23:47:09.617798909,,"{""stage_rank"":0}"
evt-01453234,sess-00853934,page_view,2026-02-26 20:24:24.730952564,,"{""stage_rank"":0}"
evt-01390106,sess-00816821,checkout,2026-04-02 17:58:11.783981327,,"{""stage_rank"":2}"
evt-01299259,sess-00763629,purchase,2024-02-25 19:37:09.411534765,4.0.0,"{""stage_rank"":3}"
evt-00247154,sess-00145325,page_view,2023-02-08 16:29:50.424366322,3.8.0,"{""stage_rank"":0}"
evt-01517068,sess-00891443,page_view,2024-01-17 22:16:12.986089639,3.8.0,"{""stage_rank"":0}"
evt-00537210,sess-00315675,page_view,2026-02-03 16:21:12.254792112,,"{""stage_rank"":0}"
evt-00350413,sess-00205909,page_view,2025-06-02 22:53:20.928491975,,"{""stage_rank"":0}"
evt-00206106,sess-00121030,page_view,2023-12-27 11:05:27.710190286,,"{""stage_rank"":0}"
evt-00704200,sess-00413914,page_view,2025-01-13 15:43:45.668204381,4.2.0,"{""stage_rank"":0}"
evt-00069147,sess-00040602,checkout,2024-12-18 19:12:20.755549098,4.2.0,"{""stage_rank"":2}"
evt-00021083,sess-00012480,page_view,2025-11-11 18:56:45.715375230,4.4.0,"{""stage_rank"":0}"
evt-01393031,sess-00818545,page_view,2023-11-30 23:21:10.201509665,,"{""stage_rank"":0}"
evt-00911653,sess-00535987,page_view,2026-02-22 17:22:51.529302072,4.4.0,"{""stage_rank"":0}"
evt-00934455,sess-00549427,page_view,2024-07-29 16:46:50.397429705,,"{""stage_rank"":0}"
evt-01331805,sess-00782652,page_view,2023-03-07 17:05:17.544709247,3.8.0,"{""stage_rank"":0}"
evt-00250498,sess-00147273,page_view,2024-01-29 21:35:33.045128987,,"{""stage_rank"":0}"
evt-00228535,sess-00134280,page_view,2023-10-02 15:32:03.304081230,,"{""stage_rank"":0}"
evt-00780958,sess-00458963,add_to_cart,2023-12-18 22:18:48.083764135,3.8.0,"{""stage_rank"":1}"
evt-00303944,sess-00178526,page_view,2024-01-25 19:05:27.590145572,3.8.0,"{""stage_rank"":0}"
evt-01650560,sess-00970056,page_view,2025-09-12 13:45:08.141682949,4.4.0,"{""stage_rank"":0}"
evt-00741455,sess-00435739,page_view,2023-09-30 21:38:25.306798904,3.8.0,"{""stage_rank"":0}"
evt-01551489,sess-00911673,page_view,2024-10-30 13:09:38.303921359,4.1.0,"{""stage_rank"":0}"
evt-00438378,sess-00257717,page_view,2026-03-26 19:38:04.441849849,,"{""stage_rank"":0}"
evt-00588094,sess-00345563,page_view,2025-09-20 23:56:05.005438166,4.4.0,"{""stage_rank"":0}"
evt-01050623,sess-00617609,checkout,2024-09-29 14:19:27.293028300,4.1.0,"{""stage_rank"":2}"
evt-01151163,sess-00676643,page_view,2023-12-21 21:04:12.005459229,,"{""stage_rank"":0}"
evt-00106992,sess-00062803,page_view,2024-07-29 14:31:51.304324102,4.0.0,"{""stage_rank"":0}"
evt-00509996,sess-00299802,page_view,2025-12-22 19:52:23.929279815,4.4.0,"{""stage_rank"":0}"
evt-00233742,sess-00137402,add_to_cart,2025-12-07 15:51:23.672708763,,"{""stage_rank"":1}"
evt-01290825,sess-00758652,add_to_cart,2023-08-18 21:51:00.737449131,3.8.0,"{""stage_rank"":1}"
evt-00924612,sess-00543593,page_view,2023-05-10 21:20:31.819648237,,"{""stage_rank"":0}"
evt-00507744,sess-00298487,page_view,2025-12-20 20:27:30.009118872,,"{""stage_rank"":0}"
evt-00406146,sess-00238754,add_to_cart,2025-03-08 22:22:11.091761421,,"{""stage_rank"":1}"
evt-01415086,sess-00831575,checkout,2025-01-07 20:00:09.987802525,4.2.0,"{""stage_rank"":2}"
evt-00615178,sess-00361394,page_view,2024-11-14 20:53:29.219187343,,"{""stage_rank"":0}"
evt-00597896,sess-00351283,page_view,2023-05-18 22:37:22.495299556,,"{""stage_rank"":0}"
evt-00535153,sess-00314503,purchase,2025-12-17 14:27:33.263950531,,"{""stage_rank"":3}"
evt-01029988,sess-00605489,add_to_cart,2023-12-23 22:29:39.899807620,,"{""stage_rank"":1}"
evt-00902708,sess-00530646,page_view,2024-05-28 20:47:34.465652085,,"{""stage_rank"":0}"
evt-00678270,sess-00398636,checkout,2025-06-11 20:29:46.775725045,4.3.0,"{""stage_rank"":2}"
evt-01612367,sess-00947501,add_to_cart,2023-11-14 21:34:50.102244413,,"{""stage_rank"":1}"
evt-00906909,sess-00533129,add_to_cart,2024-01-17 20:08:29.325992900,3.8.0,"{""stage_rank"":1}"
evt-00447760,sess-00263222,purchase,2024-05-26 22:35:37.137610795,4.0.0,"{""stage_rank"":3}"
evt-01685398,sess-00990329,checkout,2025-06-10 22:44:45.640734947,4.3.0,"{""stage_rank"":2}"
evt-00678723,sess-00398908,page_view,2024-03-19 00:08:18.439564444,,"{""stage_rank"":0}"
evt-01607623,sess-00944679,page_view,2023-04-05 18:53:15.848963397,3.8.0,"{""stage_rank"":0}"
evt-00335214,sess-00197037,add_to_cart,2025-01-04 19:20:33.872755599,4.2.0,"{""stage_rank"":1}"
evt-00969215,sess-00569937,page_view,2023-12-26 21:02:48.617324453,3.8.0,"{""stage_rank"":0}"
evt-00850939,sess-00500172,page_view,2025-07-29 00:21:41.345299003,,"{""stage_rank"":0}"
evt-01489974,sess-00875482,page_view,2024-06-10 22:34:30.143500884,,"{""stage_rank"":0}"
evt-01644111,sess-00966271,page_view,2024-07-24 00:04:45.560643493,4.0.0,"{""stage_rank"":0}"
evt-01305144,sess-00767085,page_view,2024-02-01 14:27:44.651160105,4.0.0,"{""stage_rank"":0}"
evt-00921616,sess-00541802,page_view,2023-02-11 21:37:48.676454219,3.8.0,"{""stage_rank"":0}"
evt-00533929,sess-00313768,checkout,2026-03-26 22:05:56.051349983,4.4.0,"{""stage_rank"":2}"
evt-01402108,sess-00823975,page_view,2025-08-28 22:00:36.624596410,4.4.0,"{""stage_rank"":0}"
evt-01327090,sess-00779915,page_view,2026-01-16 14:09:22.303944739,,"{""stage_rank"":0}"
evt-00424417,sess-00249505,page_view,2024-12-02 19:19:14.397934285,4.2.0,"{""stage_rank"":0}"
evt-00925924,sess-00544375,add_to_cart,2024-11-21 17:56:25.336122258,4.2.0,"{""stage_rank"":1}"
evt-00786514,sess-00462235,purchase,2024-06-11 22:20:21.553125181,,"{""stage_rank"":3}"
evt-01136536,sess-00667999,checkout,2024-01-27 22:31:55.042375708,,"{""stage_rank"":2}"
evt-00136498,sess-00080082,page_view,2023-06-03 13:26:35.078295662,3.8.0,"{""stage_rank"":0}"
evt-00856409,sess-00503388,page_view,2025-02-12 21:39:36.044316056,,"{""stage_rank"":0}"
evt-00542974,sess-00319005,add_to_cart,2025-01-20 19:38:08.112954284,4.2.0,"{""stage_rank"":1}"
evt-00058408,sess-00034274,add_to_cart,2025-10-21 21:07:04.783463194,,"{""stage_rank"":1}"
evt-01618838,sess-00951388,page_view,2023-11-27 14:35:28.212234419,,"{""stage_rank"":0}"
evt-00398464,sess-00234221,page_view,2023-09-21 02:03:26.004219772,3.8.0,"{""stage_rank"":0}"
evt-01162285,sess-00683145,add_to_cart,2025-10-22 16:09:16.608882446,4.4.0,"{""stage_rank"":1}"
evt-01694954,sess-00995934,page_view,2025-07-18 19:34:21.130655082,,"{""stage_rank"":0}"
evt-00254373,sess-00149508,add_to_cart,2023-02-25 20:05:34.969778780,,"{""stage_rank"":1}"
evt-00215998,sess-00126853,page_view,2025-05-07 20:45:27.440102776,,"{""stage_rank"":0}"
evt-00142362,sess-00083556,page_view,2023-10-16 20:07:22.323134241,3.8.0,"{""stage_rank"":0}"
evt-00466800,sess-00274505,page_view,2024-07-11 18:39:59.018789958,4.0.0,"{""stage_rank"":0}"
evt-01505702,sess-00884756,add_to_cart,2024-04-11 21:57:26.520757017,4.0.0,"{""stage_rank"":1}"
evt-01576296,sess-00926231,page_view,2025-02-14 21:33:36.875099046,,"{""stage_rank"":0}"
evt-00963918,sess-00566822,page_view,2023-11-24 21:11:41.575512527,3.8.0,"{""stage_rank"":0}"
evt-00278865,sess-00163838,page_view,2024-08-17 00:21:04.580282392,,"{""stage_rank"":0}"
evt-00990132,sess-00582272,checkout,2024-02-23 20:01:54.449819335,,"{""stage_rank"":2}"
evt-01140894,sess-00670575,page_view,2023-09-12 20:26:36.470454814,,"{""stage_rank"":0}"
evt-01287193,sess-00756492,page_view,2025-06-01 00:06:58.216331922,,"{""stage_rank"":0}"
evt-01217239,sess-00715353,add_to_cart,2026-04-19 18:32:56.593311309,4.4.0,"{""stage_rank"":1}"
evt-00479365,sess-00281857,checkout,2024-10-11 16:54:28.329773934,4.1.0,"{""stage_rank"":2}"
evt-00482098,sess-00283449,page_view,2024-01-08 16:31:08.718222609,3.8.0,"{""stage_rank"":0}"
evt-01328090,sess-00780504,purchase,2025-04-19 16:13:26.266302949,4.3.0,"{""stage_rank"":3}"
evt-01071753,sess-00629981,page_view,2023-10-15 16:20:30.263782409,3.8.0,"{""stage_rank"":0}"
evt-00902964,sess-00530784,page_view,2025-08-03 13:27:48.331635299,4.4.0,"{""stage_rank"":0}"
evt-01209353,sess-00710720,add_to_cart,2023-05-05 21:18:43.354551134,,"{""stage_rank"":1}"
evt-00784032,sess-00460793,page_view,2026-02-08 22:05:47.511254196,,"{""stage_rank"":0}"
evt-00376802,sess-00221484,page_view,2025-02-21 19:31:55.382563721,,"{""stage_rank"":0}"
evt-00102675,sess-00060277,page_view,2024-06-09 01:26:55.699587160,,"{""stage_rank"":0}"
evt-01695550,sess-00996292,page_view,2023-09-06 21:13:12.244889629,3.8.0,"{""stage_rank"":0}"
evt-00417508,sess-00245502,page_view,2024-07-26 16:31:41.674512049,,"{""stage_rank"":0}"
evt-00344386,sess-00202370,page_view,2024-03-08 16:32:37.437194991,4.0.0,"{""stage_rank"":0}"
evt-01153415,sess-00677955,page_view,2024-04-13 02:30:17.264829183,,"{""stage_rank"":0}"
evt-00022752,sess-00013412,page_view,2025-10-09 02:15:36.049600081,4.4.0,"{""stage_rank"":0}"
evt-00978586,sess-00575465,page_view,2024-07-13 01:08:59.857710851,,"{""stage_rank"":0}"
evt-01684520,sess-00989823,add_to_cart,2025-04-09 19:06:23.762081892,,"{""stage_rank"":1}"
evt-00860784,sess-00505988,page_view,2023-07-08 22:37:22.166763583,3.8.0,"{""stage_rank"":0}"
evt-01595738,sess-00937720,page_view,2026-04-13 20:40:54.257872039,,"{""stage_rank"":0}"
evt-01323259,sess-00777687,page_view,2024-06-28 20:44:07.539112804,,"{""stage_rank"":0}"
evt-00127275,sess-00074655,page_view,2024-07-23 02:43:54.575152537,4.0.0,"{""stage_rank"":0}"
evt-01443637,sess-00848343,add_to_cart,2024-03-17 14:51:00.710269975,4.0.0,"{""stage_rank"":1}"
evt-00368980,sess-00216861,add_to_cart,2025-02-05 20:52:06.030955274,4.3.0,"{""stage_rank"":1}"
evt-00135783,sess-00079637,page_view,2026-02-15 21:55:42.745569196,,"{""stage_rank"":0}"
evt-00981707,sess-00577333,add_to_cart,2024-01-07 00:21:02.380486392,,"{""stage_rank"":1}"
evt-00692534,sess-00407047,checkout,2023-09-02 20:29:19.196015772,,"{""stage_rank"":2}"
evt-00873303,sess-00513308,page_view,2023-03-11 22:22:08.402452537,,"{""stage_rank"":0}"
evt-00877544,sess-00515813,page_view,2023-09-19 01:23:49.533951581,3.8.0,"{""stage_rank"":0}"
evt-01541370,sess-00905768,purchase,2026-01-28 16:17:48.420313241,,"{""stage_rank"":3}"
evt-00901182,sess-00529756,page_view,2025-02-07 02:40:29.241880022,4.3.0,"{""stage_rank"":0}"
evt-01491784,sess-00876527,page_view,2025-10-28 15:12:00.904525927,,"{""stage_rank"":0}"
evt-00475774,sess-00279722,add_to_cart,2026-02-04 18:19:19.101471985,,"{""stage_rank"":1}"
evt-00443687,sess-00260801,page_view,2025-12-23 02:33:13.046837274,4.4.0,"{""stage_rank"":0}"
evt-00254614,sess-00149650,purchase,2026-04-08 19:02:47.071162372,4.4.0,"{""stage_rank"":3}"
evt-01607146,sess-00944398,add_to_cart,2026-01-06 22:33:24.120801402,,"{""stage_rank"":1}"
evt-01407542,sess-00827129,page_view,2025-09-16 17:22:45.929985091,4.4.0,"{""stage_rank"":0}"
evt-00013081,sess-00007749,add_to_cart,2026-04-08 16:00:05.951520806,4.4.0,"{""stage_rank"":1}"
evt-01253441,sess-00736701,add_to_cart,2025-08-11 19:01:32.551159460,4.4.0,"{""stage_rank"":1}"
evt-01288974,sess-00757551,add_to_cart,2023-12-17 02:02:08.252089472,3.8.0,"{""stage_rank"":1}"
evt-01075680,sess-00632337,page_view,2023-09-05 19:36:03.676362726,3.8.0,"{""stage_rank"":0}"
evt-01303116,sess-00765909,checkout,2025-06-10 23:15:13.066617315,,"{""stage_rank"":2}"
evt-00063327,sess-00037197,page_view,2024-08-20 19:02:41.912557698,4.1.0,"{""stage_rank"":0}"
evt-00342069,sess-00201042,page_view,2023-02-14 17:49:06.998330683,,"{""stage_rank"":0}"
evt-00383871,sess-00225662,add_to_cart,2026-05-13 23:03:55.877457863,4.4.0,"{""stage_rank"":1}"
evt-00569982,sess-00334834,purchase,2024-11-11 01:14:20.968834213,4.2.0,"{""stage_rank"":3}"
evt-01121318,sess-00659055,page_view,2023-10-13 02:13:47.987247705,,"{""stage_rank"":0}"
evt-00155307,sess-00091184,page_view,2023-04-30 18:45:48.529090386,,"{""stage_rank"":0}"
evt-01397061,sess-00820957,add_to_cart,2025-09-26 17:22:03.038725388,4.4.0,"{""stage_rank"":1}"
evt-00851329,sess-00500410,page_view,2024-02-06 16:39:04.332330419,4.0.0,"{""stage_rank"":0}"
evt-01039092,sess-00610823,page_view,2026-02-26 14:02:19.066014136,,"{""stage_rank"":0}"
evt-01044880,sess-00614243,page_view,2024-02-18 21:28:36.420677357,4.0.0,"{""stage_rank"":0}"
evt-00981942,sess-00577476,page_view,2025-08-05 15:19:28.034546975,,"{""stage_rank"":0}"
evt-00712219,sess-00418598,purchase,2023-05-17 17:51:55.878985618,3.8.0,"{""stage_rank"":3}"
evt-00784525,sess-00461080,page_view,2025-11-20 18:22:41.913513395,4.4.0,"{""stage_rank"":0}"
evt-00924700,sess-00543647,add_to_cart,2024-11-12 20:37:59.472655208,4.2.0,"{""stage_rank"":1}"
evt-00575987,sess-00338362,add_to_cart,2026-04-19 18:33:26.917562988,,"{""stage_rank"":1}"
evt-01316825,sess-00773890,add_to_cart,2026-06-30 18:45:02.128931672,,"{""stage_rank"":1}"
evt-00804316,sess-00472723,add_to_cart,2024-01-19 01:08:09.616053929,3.8.0,"{""stage_rank"":1}"
evt-00443692,sess-00260804,page_view,2024-08-23 18:26:26.878879503,,"{""stage_rank"":0}"
evt-00393473,sess-00231259,page_view,2024-07-21 17:04:57.007169194,,"{""stage_rank"":0}"
evt-01211785,sess-00712104,page_view,2024-07-15 22:00:25.483303301,,"{""stage_rank"":0}"
evt-00513208,sess-00301643,page_view,2025-02-23 20:38:20.066079735,,"{""stage_rank"":0}"
evt-01327339,sess-00780060,page_view,2023-06-19 23:19:47.853436966,3.8.0,"{""stage_rank"":0}"
evt-01615160,sess-00949173,checkout,2026-05-05 19:42:09.511521093,,"{""stage_rank"":2}"
evt-00022672,sess-00013364,page_view,2025-06-08 19:11:57.174174901,4.3.0,"{""stage_rank"":0}"
evt-01051114,sess-00617893,add_to_cart,2024-06-30 04:03:50.431767598,4.0.0,"{""stage_rank"":1}"
evt-01032894,sess-00607204,add_to_cart,2024-02-10 21:19:33.739795258,4.0.0,"{""stage_rank"":1}"
evt-00932425,sess-00548225,checkout,2026-06-13 13:47:56.458795572,4.4.0,"{""stage_rank"":2}"
evt-00743507,sess-00436946,add_to_cart,2026-02-03 18:09:38.520221470,4.4.0,"{""stage_rank"":1}"
evt-00105246,sess-00061774,page_view,2025-11-18 14:41:10.280239068,4.4.0,"{""stage_rank"":0}"
evt-00047108,sess-00027606,page_view,2025-01-02 15:06:47.115157784,4.2.0,"{""stage_rank"":0}"
evt-00960545,sess-00564793,page_view,2026-01-18 15:59:44.346532756,,"{""stage_rank"":0}"
evt-01262327,sess-00741892,page_view,2024-05-12 22:27:08.302178720,,"{""stage_rank"":0}"
evt-01278580,sess-00751415,page_view,2023-11-08 19:10:32.708372201,,"{""stage_rank"":0}"
evt-00142847,sess-00083836,add_to_cart,2024-08-12 22:35:07.613688181,4.1.0,"{""stage_rank"":1}"
evt-01282819,sess-00753932,page_view,2024-05-16 16:09:38.694002325,,"{""stage_rank"":0}"
evt-00597886,sess-00351277,page_view,2023-01-17 21:11:56.464230311,3.8.0,"{""stage_rank"":0}"
evt-00574937,sess-00337750,add_to_cart,2025-11-20 16:30:36.523947238,4.4.0,"{""stage_rank"":1}"
evt-00988921,sess-00581564,page_view,2024-08-12 22:21:07.448498043,4.1.0,"{""stage_rank"":0}"
evt-01371421,sess-00805858,page_view,2023-08-07 14:19:33.041106496,,"{""stage_rank"":0}"
evt-01204167,sess-00707698,page_view,2025-06-13 17:59:52.230073711,,"{""stage_rank"":0}"
evt-00464512,sess-00273135,add_to_cart,2025-11-25 22:07:20.489449356,4.4.0,"{""stage_rank"":1}"
evt-00167647,sess-00098413,checkout,2025-08-02 22:30:37.017038038,4.4.0,"{""stage_rank"":2}"
evt-00696431,sess-00409346,add_to_cart,2023-12-21 20:20:40.875385975,3.8.0,"{""stage_rank"":1}"
evt-00776228,sess-00456186,page_view,2023-08-04 17:14:49.281242807,3.8.0,"{""stage_rank"":0}"
evt-00434309,sess-00255305,page_view,2023-10-29 18:47:51.476655490,,"{""stage_rank"":0}"
evt-00879951,sess-00517200,page_view,2025-04-23 14:12:36.548290016,4.3.0,"{""stage_rank"":0}"
evt-00369646,sess-00217270,add_to_cart,2024-07-13 20:07:39.067886889,4.0.0,"{""stage_rank"":1}"
evt-01133056,sess-00665947,add_to_cart,2024-07-08 18:23:25.107239446,,"{""stage_rank"":1}"
evt-00503995,sess-00296291,add_to_cart,2024-03-03 18:25:09.227551096,4.0.0,"{""stage_rank"":1}"
evt-01117988,sess-00657130,add_to_cart,2025-06-04 23:05:48.330431080,,"{""stage_rank"":1}"
evt-00181452,sess-00106542,page_view,2024-08-01 16:43:04.951515914,4.1.0,"{""stage_rank"":0}"
evt-00476179,sess-00279974,add_to_cart,2025-08-14 22:07:22.184370665,,"{""stage_rank"":1}"
evt-00712825,sess-00418937,page_view,2023-01-14 23:01:21.071680264,,"{""stage_rank"":0}"
evt-00977383,sess-00574736,page_view,2026-04-07 21:01:31.101037103,,"{""stage_rank"":0}"
evt-01585601,sess-00931727,add_to_cart,2025-07-06 23:29:42.067111228,,"{""stage_rank"":1}"
evt-00782776,sess-00460049,checkout,2026-01-24 11:21:20.214010861,,"{""stage_rank"":2}"
evt-01150463,sess-00676228,page_view,2025-07-11 17:29:54.705684254,,"{""stage_rank"":0}"
evt-01161355,sess-00682596,page_view,2023-08-28 18:37:54.417846661,3.8.0,"{""stage_rank"":0}"
evt-01168304,sess-00686697,page_view,2024-09-10 23:51:13.682487970,,"{""stage_rank"":0}"
evt-00275089,sess-00161648,page_view,2023-04-02 17:46:33.915724949,,"{""stage_rank"":0}"
evt-01697341,sess-00997361,page_view,2025-06-24 23:50:22.991885957,,"{""stage_rank"":0}"
evt-00629049,sess-00369567,add_to_cart,2025-09-13 00:02:31.299340012,4.4.0,"{""stage_rank"":1}"
evt-01088261,sess-00639713,checkout,2025-04-26 19:47:32.188659576,,"{""stage_rank"":2}"
evt-00430095,sess-00252804,page_view,2023-02-20 22:24:41.693802052,3.8.0,"{""stage_rank"":0}"
evt-00551417,sess-00323960,add_to_cart,2026-01-17 20:15:22.675981783,4.4.0,"{""stage_rank"":1}"
evt-01188014,sess-00698265,page_view,2026-01-30 01:30:44.421023036,4.4.0,"{""stage_rank"":0}"
evt-01584636,sess-00931154,checkout,2024-01-21 16:55:58.687342212,3.8.0,"{""stage_rank"":2}"
evt-01043206,sess-00613247,page_view,2026-02-06 17:09:27.141190609,,"{""stage_rank"":0}"
evt-00038909,sess-00022855,page_view,2023-09-30 20:21:49.659842303,3.8.0,"{""stage_rank"":0}"
evt-01414754,sess-00831354,checkout,2026-01-12 19:29:06.856677605,4.4.0,"{""stage_rank"":2}"
evt-01549022,sess-00910242,page_view,2026-04-22 23:26:41.812795575,4.4.0,"{""stage_rank"":0}"
evt-01626008,sess-00955600,page_view,2026-03-24 21:56:20.001815467,4.4.0,"{""stage_rank"":0}"
evt-01502452,sess-00882814,page_view,2024-02-18 20:48:50.802972863,4.0.0,"{""stage_rank"":0}"
evt-00375070,sess-00220463,page_view,2026-06-18 22:10:36.007932575,4.4.0,"{""stage_rank"":0}"
evt-01448227,sess-00851008,checkout,2026-01-02 16:38:47.407328345,,"{""stage_rank"":2}"
evt-00640762,sess-00376517,add_to_cart,2023-12-22 15:45:16.699889982,3.8.0,"{""stage_rank"":1}"
evt-00392820,sess-00230881,page_view,2023-10-09 00:50:35.963928965,,"{""stage_rank"":0}"
evt-00786756,sess-00462376,page_view,2025-05-10 23:03:37.228781862,,"{""stage_rank"":0}"
evt-00335113,sess-00196972,page_view,2023-09-05 13:59:03.661282314,3.8.0,"{""stage_rank"":0}"
evt-01109721,sess-00652314,add_to_cart,2024-12-28 21:04:00.136250562,4.2.0,"{""stage_rank"":1}"
evt-00253988,sess-00149276,page_view,2024-08-25 02:16:51.484437953,,"{""stage_rank"":0}"
evt-00778984,sess-00457795,page_view,2024-03-07 19:57:23.191672429,,"{""stage_rank"":0}"
evt-00844842,sess-00496587,purchase,2025-12-15 17:51:10.882582652,4.4.0,"{""stage_rank"":3}"
evt-01390968,sess-00817325,add_to_cart,2025-05-23 22:26:24.345914330,,"{""stage_rank"":1}"
evt-00320619,sess-00188382,add_to_cart,2026-03-13 18:18:52.121738692,4.4.0,"{""stage_rank"":1}"
evt-01281462,sess-00753116,page_view,2024-07-22 06:02:33.575299681,,"{""stage_rank"":0}"
evt-00215790,sess-00126734,page_view,2023-07-09 12:56:28.301663859,,"{""stage_rank"":0}"
evt-01403223,sess-00824630,page_view,2025-07-18 20:48:55.106210880,4.3.0,"{""stage_rank"":0}"
evt-00581945,sess-00341912,page_view,2026-05-10 15:07:16.688876854,,"{""stage_rank"":0}"
evt-00858462,sess-00504616,page_view,2025-08-14 00:00:05.332558131,4.4.0,"{""stage_rank"":0}"
evt-00319383,sess-00187660,add_to_cart,2024-08-13 13:12:27.007398424,,"{""stage_rank"":1}"
evt-00135542,sess-00079495,page_view,2023-12-29 22:16:13.101948342,,"{""stage_rank"":0}"
evt-01694655,sess-00995752,page_view,2023-10-05 23:32:28.527506988,3.8.0,"{""stage_rank"":0}"
evt-01481757,sess-00870660,page_view,2024-05-18 17:34:30.915671695,,"{""stage_rank"":0}"
evt-00986937,sess-00580407,page_view,2023-02-03 19:21:35.049999341,3.8.0,"{""stage_rank"":0}"
evt-00197606,sess-00116025,page_view,2025-10-14 17:25:49.089981776,4.4.0,"{""stage_rank"":0}"
evt-00649931,sess-00382007,checkout,2024-09-06 16:56:25.718575065,4.1.0,"{""stage_rank"":2}"
evt-01418774,sess-00833723,checkout,2025-10-09 21:45:05.663977451,4.4.0,"{""stage_rank"":2}"
evt-01325220,sess-00778833,page_view,2023-12-12 21:45:47.813483826,3.8.0,"{""stage_rank"":0}"
evt-00435928,sess-00256262,purchase,2024-06-30 00:25:52.430796493,,"{""stage_rank"":3}"
evt-00890303,sess-00523289,page_view,2025-07-26 18:31:48.977214951,,"{""stage_rank"":0}"
evt-00622576,sess-00365744,page_view,2025-04-10 02:42:35.886759476,4.3.0,"{""stage_rank"":0}"
evt-01033327,sess-00607456,checkout,2024-01-27 01:27:04.552484836,,"{""stage_rank"":2}"
evt-01331603,sess-00782539,page_view,2026-01-09 00:45:48.544926791,4.4.0,"{""stage_rank"":0}"
evt-00400921,sess-00235686,add_to_cart,2025-06-27 17:51:59.574941495,4.3.0,"{""stage_rank"":1}"
evt-00286744,sess-00168465,page_view,2023-04-27 20:42:35.609851672,3.8.0,"{""stage_rank"":0}"
evt-00639961,sess-00376047,page_view,2026-01-07 21:29:49.956418501,4.4.0,"{""stage_rank"":0}"
evt-00272857,sess-00160341,add_to_cart,2025-08-18 22:15:39.792730546,4.4.0,"{""stage_rank"":1}"
evt-00018518,sess-00010958,page_view,2023-05-24 11:22:30.893589951,3.8.0,"{""stage_rank"":0}"
evt-00850001,sess-00499613,add_to_cart,2026-04-17 23:20:31.211267233,,"{""stage_rank"":1}"
evt-01509282,sess-00886882,add_to_cart,2025-11-21 17:09:31.554049812,,"{""stage_rank"":1}"
evt-01476831,sess-00867768,page_view,2024-09-01 12:03:51.442924131,,"{""stage_rank"":0}"
evt-00653328,sess-00384014,page_view,2025-05-07 16:30:07.168849700,4.3.0,"{""stage_rank"":0}"
evt-01128789,sess-00663485,add_to_cart,2023-07-15 19:34:05.944738772,,"{""stage_rank"":1}"
evt-01556743,sess-00914796,page_view,2026-02-12 20:01:03.795726939,4.4.0,"{""stage_rank"":0}"
evt-01080190,sess-00634951,checkout,2025-07-21 18:02:01.441513774,,"{""stage_rank"":2}"
evt-00310732,sess-00182539,page_view,2025-12-05 23:10:35.882604864,,"{""stage_rank"":0}"
evt-00742568,sess-00436390,page_view,2024-01-09 22:27:43.939823825,,"{""stage_rank"":0}"
evt-01251205,sess-00735369,page_view,2024-03-08 20:00:57.028893725,,"{""stage_rank"":0}"
evt-00094208,sess-00055331,page_view,2023-10-02 16:49:10.944100034,,"{""stage_rank"":0}"
evt-00033265,sess-00019542,page_view,2025-05-08 20:06:13.404990397,,"{""stage_rank"":0}"
evt-01562145,sess-00917959,page_view,2025-06-20 22:58:56.554942618,,"{""stage_rank"":0}"
evt-00450309,sess-00264715,add_to_cart,2024-08-24 19:31:07.239104201,,"{""stage_rank"":1}"
evt-00532409,sess-00312850,add_to_cart,2024-07-27 19:19:06.311356172,4.0.0,"{""stage_rank"":1}"
evt-00841680,sess-00494706,page_view,2025-01-19 20:02:00.314091287,4.2.0,"{""stage_rank"":0}"
evt-01152253,sess-00677283,page_view,2023-08-25 18:11:20.992607644,3.8.0,"{""stage_rank"":0}"
evt-00947361,sess-00557059,page_view,2023-04-07 20:51:54.235942657,,"{""stage_rank"":0}"
evt-01329199,sess-00781159,page_view,2024-01-19 22:03:52.046129603,,"{""stage_rank"":0}"
evt-00337418,sess-00198316,add_to_cart,2024-12-13 20:29:28.835724600,,"{""stage_rank"":1}"
evt-00316572,sess-00185999,add_to_cart,2025-02-03 21:10:15.089312811,4.3.0,"{""stage_rank"":1}"
evt-01141023,sess-00670658,checkout,2025-06-06 17:48:18.626049268,,"{""stage_rank"":2}"
evt-01465961,sess-00861374,page_view,2023-11-04 23:30:17.546002506,,"{""stage_rank"":0}"
evt-00869299,sess-00510970,page_view,2023-09-01 15:02:26.734830627,,"{""stage_rank"":0}"
evt-00617988,sess-00363043,add_to_cart,2025-10-23 18:45:52.051407746,4.4.0,"{""stage_rank"":1}"
evt-00867583,sess-00509955,page_view,2025-05-15 15:45:10.703991986,,"{""stage_rank"":0}"
evt-00508925,sess-00299178,page_view,2024-08-11 23:45:13.216957521,,"{""stage_rank"":0}"
evt-00402075,sess-00236375,page_view,2024-11-17 13:50:03.829223017,4.2.0,"{""stage_rank"":0}"
evt-01553816,sess-00913079,add_to_cart,2025-07-10 21:39:50.394870622,,"{""stage_rank"":1}"
evt-00562746,sess-00330612,page_view,2025-11-09 21:49:38.760925164,4.4.0,"{""stage_rank"":0}"
evt-00873931,sess-00513675,add_to_cart,2026-06-08 03:19:55.577000129,,"{""stage_rank"":1}"
evt-01508264,sess-00886269,add_to_cart,2025-02-16 03:02:33.867789629,4.3.0,"{""stage_rank"":1}"
evt-01082035,sess-00636022,add_to_cart,2024-05-27 19:45:38.855497220,,"{""stage_rank"":1}"
evt-00540694,sess-00317714,page_view,2026-02-23 21:49:26.082022725,4.4.0,"{""stage_rank"":0}"
evt-00142609,sess-00083698,add_to_cart,2023-04-09 23:32:42.179282606,,"{""stage_rank"":1}"
evt-00482101,sess-00283452,page_view,2026-06-20 20:06:36.065102707,,"{""stage_rank"":0}"
evt-00212427,sess-00124728,page_view,2024-08-02 21:22:07.900243385,,"{""stage_rank"":0}"
evt-01552287,sess-00912142,add_to_cart,2024-05-11 21:36:10.324255234,4.0.0,"{""stage_rank"":1}"
evt-00716292,sess-00420950,checkout,2026-01-01 17:55:59.058051693,4.4.0,"{""stage_rank"":2}"
evt-01169636,sess-00687495,page_view,2024-11-30 17:27:19.617847052,4.2.0,"{""stage_rank"":0}"
evt-00946312,sess-00556441,add_to_cart,2025-07-29 19:50:13.246740923,4.3.0,"{""stage_rank"":1}"
evt-01652842,sess-00971394,page_view,2025-01-29 16:14:29.646673742,,"{""stage_rank"":0}"
evt-01059496,sess-00622825,page_view,2023-01-07 22:33:35.012296522,,"{""stage_rank"":0}"
evt-00094311,sess-00055392,page_view,2024-05-28 20:42:05.863047108,4.0.0,"{""stage_rank"":0}"
evt-00196059,sess-00115097,add_to_cart,2024-03-19 22:09:16.325779925,4.0.0,"{""stage_rank"":1}"
evt-00900696,sess-00529468,add_to_cart,2025-05-03 15:49:34.656808282,,"{""stage_rank"":1}"
evt-00927730,sess-00545440,checkout,2025-08-23 20:43:47.146431437,,"{""stage_rank"":2}"
evt-01411042,sess-00829185,checkout,2023-07-11 18:04:10.482049376,,"{""stage_rank"":2}"
evt-01139521,sess-00669771,page_view,2025-07-03 16:58:51.845629850,4.3.0,"{""stage_rank"":0}"
evt-00842308,sess-00495087,checkout,2024-11-19 16:07:11.711427388,4.2.0,"{""stage_rank"":2}"
evt-00395488,sess-00232443,page_view,2026-06-13 02:06:07.298354954,4.4.0,"{""stage_rank"":0}"
evt-01023705,sess-00601798,page_view,2023-10-24 17:14:38.994330956,,"{""stage_rank"":0}"
evt-00939263,sess-00552266,page_view,2024-08-12 21:40:43.914858377,4.1.0,"{""stage_rank"":0}"
evt-00439591,sess-00258425,page_view,2023-12-19 19:55:30.377583541,3.8.0,"{""stage_rank"":0}"
evt-00390905,sess-00229785,page_view,2023-02-20 15:45:02.215089518,3.8.0,"{""stage_rank"":0}"
evt-00488402,sess-00287143,page_view,2024-08-10 01:16:44.679197683,4.1.0,"{""stage_rank"":0}"
evt-00774739,sess-00455349,page_view,2024-12-28 20:08:39.514103419,4.2.0,"{""stage_rank"":0}"
evt-00815764,sess-00479437,page_view,2023-04-22 20:10:16.700381320,3.8.0,"{""stage_rank"":0}"
evt-00740404,sess-00435125,page_view,2024-01-09 18:44:17.963818050,3.8.0,"{""stage_rank"":0}"
evt-00977483,sess-00574793,page_view,2026-05-19 19:31:54.367097061,4.4.0,"{""stage_rank"":0}"
evt-00576731,sess-00338796,page_view,2026-01-27 16:59:38.186738788,,"{""stage_rank"":0}"
evt-00318330,sess-00187041,checkout,2025-05-03 21:44:41.947626010,,"{""stage_rank"":2}"
evt-00726112,sess-00426717,page_view,2023-07-29 02:39:21.506341589,3.8.0,"{""stage_rank"":0}"
evt-01347801,sess-00792030,page_view,2024-01-08 20:42:15.019624475,,"{""stage_rank"":0}"
evt-00629252,sess-00369688,page_view,2023-07-26 18:17:20.832168078,3.8.0,"{""stage_rank"":0}"
evt-01120693,sess-00658695,add_to_cart,2024-06-20 21:15:12.362315794,4.0.0,"{""stage_rank"":1}"
evt-00817034,sess-00480202,add_to_cart,2025-11-17 01:09:50.164599094,4.4.0,"{""stage_rank"":1}"
evt-00637484,sess-00374573,add_to_cart,2023-07-28 18:37:33.377605675,3.8.0,"{""stage_rank"":1}"
evt-00147503,sess-00086594,page_view,2024-09-14 17:33:57.552277142,4.1.0,"{""stage_rank"":0}"
evt-00441690,sess-00259633,page_view,2024-07-28 18:02:37.082512474,,"{""stage_rank"":0}"
evt-00165815,sess-00097356,page_view,2025-06-08 18:49:40.837749610,,"{""stage_rank"":0}"
evt-01314939,sess-00772765,page_view,2024-06-12 18:14:03.209964038,,"{""stage_rank"":0}"
evt-00879822,sess-00517125,page_view,2026-06-14 01:14:36.689263890,,"{""stage_rank"":0}"
evt-01620659,sess-00952444,page_view,2026-03-24 19:56:04.773427901,,"{""stage_rank"":0}"
evt-01189253,sess-00698991,page_view,2023-11-17 19:44:54.538114635,3.8.0,"{""stage_rank"":0}"
evt-01440244,sess-00846352,page_view,2026-02-09 16:04:52.355658600,,"{""stage_rank"":0}"
evt-00871639,sess-00512321,page_view,2026-04-11 15:29:28.152921021,,"{""stage_rank"":0}"
evt-00885948,sess-00520745,page_view,2024-12-04 11:06:27.754635218,4.2.0,"{""stage_rank"":0}"
evt-00969391,sess-00570035,page_view,2025-03-01 20:28:25.903114926,4.3.0,"{""stage_rank"":0}"
evt-01475296,sess-00866870,add_to_cart,2025-09-04 19:41:21.628645433,4.4.0,"{""stage_rank"":1}"
evt-01161743,sess-00682822,add_to_cart,2026-01-29 21:37:32.636185496,4.4.0,"{""stage_rank"":1}"
evt-00384988,sess-00226307,page_view,2025-08-23 18:53:54.618393982,,"{""stage_rank"":0}"
evt-01068109,sess-00627813,add_to_cart,2023-03-04 21:17:23.485097366,,"{""stage_rank"":1}"
evt-00570695,sess-00335260,add_to_cart,2026-06-21 22:39:33.890310496,,"{""stage_rank"":1}"
evt-00714098,sess-00419684,page_view,2025-12-03 20:44:37.045506275,4.4.0,"{""stage_rank"":0}"
evt-01459801,sess-00857760,page_view,2023-05-13 16:14:01.786001364,3.8.0,"{""stage_rank"":0}"
evt-01539804,sess-00904837,page_view,2024-07-03 22:31:14.141840377,4.0.0,"{""stage_rank"":0}"
evt-00676972,sess-00397891,page_view,2023-11-08 15:04:09.601449880,,"{""stage_rank"":0}"
evt-00839253,sess-00493292,add_to_cart,2026-03-22 20:58:07.407667223,4.4.0,"{""stage_rank"":1}"
evt-00312184,sess-00183424,page_view,2026-01-19 19:30:58.574939663,,"{""stage_rank"":0}"
evt-00932324,sess-00548164,page_view,2024-10-31 23:32:59.601764643,,"{""stage_rank"":0}"
evt-01158651,sess-00681040,page_view,2025-12-11 22:34:28.643987536,4.4.0,"{""stage_rank"":0}"
evt-00157949,sess-00092748,checkout,2024-10-15 23:51:45.514214637,4.1.0,"{""stage_rank"":2}"
evt-00728815,sess-00428307,add_to_cart,2025-08-14 19:36:22.557794004,4.4.0,"{""stage_rank"":1}"
evt-01083995,sess-00637183,checkout,2025-01-19 21:23:00.684241791,4.2.0,"{""stage_rank"":2}"
evt-00029268,sess-00017204,page_view,2025-02-08 18:56:01.947111801,4.3.0,"{""stage_rank"":0}"
evt-01479408,sess-00869285,page_view,2025-06-10 20:08:11.859807300,,"{""stage_rank"":0}"
evt-00022906,sess-00013506,page_view,2025-05-11 00:33:58.577694177,4.3.0,"{""stage_rank"":0}"
evt-01398218,sess-00821660,add_to_cart,2023-08-30 19:17:48.127905243,3.8.0,"{""stage_rank"":1}"
evt-00684855,sess-00402487,page_view,2026-06-26 14:04:41.623297705,4.4.0,"{""stage_rank"":0}"
evt-00650264,sess-00382206,page_view,2023-05-25 19:52:19.933433620,3.8.0,"{""stage_rank"":0}"
evt-00297716,sess-00174895,page_view,2024-10-20 22:57:19.629481247,,"{""stage_rank"":0}"
evt-00146326,sess-00085894,purchase,2025-08-11 17:54:15.786888663,4.4.0,"{""stage_rank"":3}"
evt-01590957,sess-00934904,page_view,2026-04-09 21:39:44.252435707,,"{""stage_rank"":0}"
evt-00951964,sess-00559765,checkout,2024-03-31 20:44:17.171572936,,"{""stage_rank"":2}"
evt-01144129,sess-00672494,page_view,2023-03-16 20:27:04.299805275,,"{""stage_rank"":0}"
evt-00275291,sess-00161774,page_view,2025-12-05 16:47:34.773667924,,"{""stage_rank"":0}"
evt-00059756,sess-00035076,page_view,2025-09-21 17:33:17.499558621,,"{""stage_rank"":0}"
evt-00302781,sess-00177833,page_view,2025-01-01 21:17:21.941724929,4.2.0,"{""stage_rank"":0}"
evt-01095197,sess-00643765,add_to_cart,2025-05-03 21:31:23.548430472,4.3.0,"{""stage_rank"":1}"
evt-01199712,sess-00705115,page_view,2025-03-08 19:25:30.744954756,,"{""stage_rank"":0}"
evt-00029709,sess-00017468,add_to_cart,2024-02-22 17:54:31.137469130,4.0.0,"{""stage_rank"":1}"
evt-00703079,sess-00413249,page_view,2024-03-14 01:04:19.898596527,4.0.0,"{""stage_rank"":0}"
evt-01323565,sess-00777858,page_view,2024-10-03 15:19:42.086315229,,"{""stage_rank"":0}"
evt-00009964,sess-00005939,page_view,2023-03-03 16:48:23.156250230,,"{""stage_rank"":0}"
evt-00880945,sess-00517778,purchase,2025-12-05 21:00:50.900600714,,"{""stage_rank"":3}"
evt-00823206,sess-00483772,purchase,2023-03-14 20:27:47.662252306,3.8.0,"{""stage_rank"":3}"
evt-00304458,sess-00178822,page_view,2024-04-12 16:38:46.823565767,4.0.0,"{""stage_rank"":0}"
evt-00603940,sess-00354831,add_to_cart,2025-01-26 18:53:48.885996269,,"{""stage_rank"":1}"
evt-01095872,sess-00644172,page_view,2024-07-17 15:26:57.297001921,4.0.0,"{""stage_rank"":0}"
evt-00861005,sess-00506119,page_view,2026-01-24 18:11:00.648244087,4.4.0,"{""stage_rank"":0}"
evt-00292663,sess-00171935,page_view,2023-05-20 16:11:34.659756406,3.8.0,"{""stage_rank"":0}"
evt-00705888,sess-00414890,add_to_cart,2024-02-11 14:10:47.784299109,,"{""stage_rank"":1}"
evt-00420032,sess-00246963,add_to_cart,2025-07-02 22:45:12.614406714,,"{""stage_rank"":1}"
evt-00729890,sess-00428924,page_view,2024-08-23 23:21:15.835195291,,"{""stage_rank"":0}"
evt-01648669,sess-00968927,page_view,2025-10-14 22:25:03.444532693,4.4.0,"{""stage_rank"":0}"
evt-01164687,sess-00684569,add_to_cart,2024-01-14 17:11:05.020771772,,"{""stage_rank"":1}"
evt-00045136,sess-00026462,add_to_cart,2024-01-14 23:27:18.440734847,3.8.0,"{""stage_rank"":1}"
evt-00655411,sess-00385233,purchase,2023-04-27 16:18:46.252917427,,"{""stage_rank"":3}"
evt-00208894,sess-00122698,checkout,2023-04-11 21:33:19.154891713,,"{""stage_rank"":2}"
evt-01492950,sess-00877196,page_view,2024-12-08 19:43:44.605345319,4.2.0,"{""stage_rank"":0}"
evt-00615924,sess-00361831,add_to_cart,2026-03-21 00:03:17.193211444,4.4.0,"{""stage_rank"":1}"
evt-01700557,sess-00999248,purchase,2024-01-01 17:07:50.333613837,3.8.0,"{""stage_rank"":3}"
evt-01504943,sess-00884310,page_view,2025-06-03 21:02:21.829523125,,"{""stage_rank"":0}"
evt-00770639,sess-00452928,checkout,2026-01-26 19:43:26.667840917,,"{""stage_rank"":2}"
evt-01578879,sess-00927747,page_view,2026-04-09 19:34:22.656265672,,"{""stage_rank"":0}"
evt-00783679,sess-00460580,page_view,2024-04-19 14:14:51.267013052,,"{""stage_rank"":0}"
evt-00833581,sess-00489924,checkout,2025-04-17 18:44:40.180679289,,"{""stage_rank"":2}"
evt-00683111,sess-00401453,checkout,2023-06-01 16:22:24.358237421,,"{""stage_rank"":2}"
evt-01479743,sess-00869476,page_view,2026-02-12 22:57:15.401307339,,"{""stage_rank"":0}"
evt-00383060,sess-00225174,page_view,2023-01-24 23:07:02.320272290,3.8.0,"{""stage_rank"":0}"
evt-00595690,sess-00349975,page_view,2025-12-06 20:44:05.698954279,,"{""stage_rank"":0}"
evt-00467732,sess-00275046,add_to_cart,2026-03-04 20:46:36.559230557,,"{""stage_rank"":1}"
evt-00618019,sess-00363062,page_view,2025-07-18 17:56:56.942350508,4.3.0,"{""stage_rank"":0}"
evt-01357929,sess-00797962,page_view,2025-03-02 00:55:37.684677830,,"{""stage_rank"":0}"
evt-00169657,sess-00099609,page_view,2023-05-24 21:33:13.323978735,,"{""stage_rank"":0}"
evt-00645373,sess-00379294,page_view,2023-08-30 13:42:24.091302074,,"{""stage_rank"":0}"
evt-00786656,sess-00462311,page_view,2024-10-02 21:37:04.517342676,,"{""stage_rank"":0}"
evt-01442392,sess-00847591,page_view,2024-07-22 16:33:24.999001369,,"{""stage_rank"":0}"
evt-01257361,sess-00739017,page_view,2023-01-15 19:13:51.663379104,3.8.0,"{""stage_rank"":0}"
evt-00253682,sess-00149092,page_view,2024-10-15 19:53:45.470745490,4.1.0,"{""stage_rank"":0}"
evt-00585132,sess-00343781,page_view,2025-11-10 17:43:00.681025719,4.4.0,"{""stage_rank"":0}"
evt-00449101,sess-00264015,add_to_cart,2026-04-28 19:56:01.758223991,4.4.0,"{""stage_rank"":1}"
evt-01287082,sess-00756431,checkout,2023-03-16 20:01:10.375595238,,"{""stage_rank"":2}"
evt-01451656,sess-00852991,add_to_cart,2026-01-12 22:23:36.946949049,4.4.0,"{""stage_rank"":1}"
evt-01150900,sess-00676490,page_view,2023-06-17 17:42:28.370519229,3.8.0,"{""stage_rank"":0}"
evt-00071462,sess-00041989,add_to_cart,2024-02-06 20:11:48.959845717,,"{""stage_rank"":1}"
evt-01665550,sess-00978762,add_to_cart,2023-11-24 21:02:23.177583301,3.8.0,"{""stage_rank"":1}"
evt-01247020,sess-00732912,page_view,2023-02-21 19:52:41.457506319,,"{""stage_rank"":0}"
evt-00351046,sess-00206271,page_view,2024-10-24 23:05:41.882084624,4.1.0,"{""stage_rank"":0}"
evt-01429112,sess-00839801,add_to_cart,2023-10-11 10:38:26.842861202,,"{""stage_rank"":1}"
evt-01026378,sess-00603367,checkout,2026-05-16 19:55:07.024137641,,"{""stage_rank"":2}"
evt-00574433,sess-00337457,page_view,2023-05-02 22:51:33.278845803,3.8.0,"{""stage_rank"":0}"
evt-00301167,sess-00176907,page_view,2025-08-22 15:55:19.471394948,,"{""stage_rank"":0}"
evt-01545455,sess-00908172,checkout,2023-05-24 20:21:42.570061527,,"{""stage_rank"":2}"
evt-01431466,sess-00841172,page_view,2023-07-19 20:30:31.550837005,,"{""stage_rank"":0}"
evt-01253297,sess-00736614,checkout,2025-02-01 17:01:27.144833197,,"{""stage_rank"":2}"
evt-00693610,sess-00407683,page_view,2025-10-06 19:50:35.108276041,4.4.0,"{""stage_rank"":0}"
evt-00710983,sess-00417885,page_view,2024-08-21 18:49:35.378188383,,"{""stage_rank"":0}"
evt-00109476,sess-00064261,page_view,2024-12-28 23:29:08.201302091,,"{""stage_rank"":0}"
evt-00558764,sess-00328252,add_to_cart,2024-02-14 13:58:03.258520670,4.0.0,"{""stage_rank"":1}"
evt-00649037,sess-00381480,page_view,2025-06-20 16:57:02.918310432,4.3.0,"{""stage_rank"":0}"
evt-00638542,sess-00375197,page_view,2026-02-27 19:18:58.801303781,,"{""stage_rank"":0}"
evt-01613369,sess-00948098,page_view,2023-04-04 20:44:57.711062029,3.8.0,"{""stage_rank"":0}"
evt-00277496,sess-00163057,page_view,2026-02-18 17:37:58.097225036,,"{""stage_rank"":0}"
evt-01253553,sess-00736773,add_to_cart,2024-04-17 16:19:01.377433306,,"{""stage_rank"":1}"
evt-00404213,sess-00237608,page_view,2023-05-04 18:53:16.142535848,,"{""stage_rank"":0}"
evt-01112277,sess-00653813,page_view,2023-09-22 22:23:19.893353933,3.8.0,"{""stage_rank"":0}"
evt-00808160,sess-00474946,checkout,2025-01-07 17:04:22.269215777,,"{""stage_rank"":2}"
evt-00918543,sess-00539985,add_to_cart,2024-04-20 00:39:01.764453531,4.0.0,"{""stage_rank"":1}"
evt-01634250,sess-00960466,page_view,2023-08-21 22:17:48.124694716,,"{""stage_rank"":0}"
evt-00468400,sess-00275428,checkout,2023-08-15 20:14:16.674927251,3.8.0,"{""stage_rank"":2}"
evt-00529498,sess-00311133,page_view,2024-04-14 18:10:43.347345878,,"{""stage_rank"":0}"
evt-01008745,sess-00593065,page_view,2023-08-31 22:03:05.909937354,3.8.0,"{""stage_rank"":0}"
evt-01569976,sess-00922533,page_view,2025-06-14 20:52:57.945414479,4.3.0,"{""stage_rank"":0}"
evt-00998153,sess-00586887,add_to_cart,2025-03-23 17:37:27.212982579,4.3.0,"{""stage_rank"":1}"
evt-01571958,sess-00923691,page_view,2024-10-30 19:05:23.829118903,,"{""stage_rank"":0}"
evt-00536869,sess-00315486,page_view,2025-03-31 16:36:23.910636833,,"{""stage_rank"":0}"
evt-01301259,sess-00764819,page_view,2023-02-22 21:21:49.593787869,,"{""stage_rank"":0}"
evt-01657871,sess-00974305,page_view,2023-11-04 21:06:34.452212907,3.8.0,"{""stage_rank"":0}"
evt-01230094,sess-00722939,add_to_cart,2023-04-22 23:21:00.136703524,3.8.0,"{""stage_rank"":1}"
evt-01048890,sess-00616575,add_to_cart,2025-07-27 20:42:11.314220500,,"{""stage_rank"":1}"
evt-01650397,sess-00969962,page_view,2024-02-13 17:42:20.164300382,,"{""stage_rank"":0}"
evt-00087465,sess-00051367,add_to_cart,2026-03-23 16:21:03.457909921,,"{""stage_rank"":1}"
evt-01122941,sess-00660039,page_view,2023-10-25 03:40:57.448081225,,"{""stage_rank"":0}"
evt-00653982,sess-00384405,add_to_cart,2025-12-21 04:45:29.647133052,,"{""stage_rank"":1}"
evt-00941386,sess-00553519,page_view,2025-12-15 00:15:39.587418999,4.4.0,"{""stage_rank"":0}"
evt-00055773,sess-00032721,page_view,2025-01-28 18:01:10.883652309,,"{""stage_rank"":0}"
evt-00482672,sess-00283778,page_view,2025-03-30 19:49:06.593764359,,"{""stage_rank"":0}"
evt-00244656,sess-00143843,checkout,2024-02-08 22:08:23.115235079,,"{""stage_rank"":2}"
evt-00431544,sess-00253657,page_view,2024-10-13 22:40:25.407326561,,"{""stage_rank"":0}"
evt-00269505,sess-00158393,page_view,2026-02-05 19:26:30.134961086,4.4.0,"{""stage_rank"":0}"
evt-01455957,sess-00855510,add_to_cart,2024-12-26 18:47:00.617576052,4.2.0,"{""stage_rank"":1}"
evt-01683003,sess-00988930,add_to_cart,2024-01-10 21:22:44.815319843,,"{""stage_rank"":1}"
evt-01199120,sess-00704766,add_to_cart,2026-02-01 17:57:07.800463053,4.4.0,"{""stage_rank"":1}"
evt-01661457,sess-00976379,checkout,2024-06-24 21:26:57.347646565,,"{""stage_rank"":2}"
evt-00663040,sess-00389703,page_view,2024-12-26 22:10:37.345998291,4.2.0,"{""stage_rank"":0}"
evt-01022076,sess-00600873,page_view,2023-01-25 12:24:10.029725145,,"{""stage_rank"":0}"
evt-01607699,sess-00944721,page_view,2023-01-25 22:00:15.070126947,3.8.0,"{""stage_rank"":0}"
evt-01380289,sess-00811048,add_to_cart,2024-06-29 02:39:14.560454659,4.0.0,"{""stage_rank"":1}"
evt-00061552,sess-00036151,add_to_cart,2024-08-17 17:22:49.246458968,,"{""stage_rank"":1}"
evt-01125486,sess-00661521,purchase,2024-05-25 17:17:35.236233137,,"{""stage_rank"":3}"
evt-01457634,sess-00856488,page_view,2026-02-15 23:22:19.361284376,4.4.0,"{""stage_rank"":0}"
evt-00663344,sess-00389875,page_view,2024-07-19 19:47:53.835407346,4.0.0,"{""stage_rank"":0}"
evt-00422240,sess-00248238,add_to_cart,2023-01-02 21:32:36.473708375,3.8.0,"{""stage_rank"":1}"
evt-00899975,sess-00529034,checkout,2024-08-30 21:56:42.451937949,4.1.0,"{""stage_rank"":2}"
evt-00592579,sess-00348182,page_view,2024-07-26 00:38:09.671784968,4.0.0,"{""stage_rank"":0}"
evt-00069766,sess-00040983,page_view,2024-10-10 16:57:04.889043699,,"{""stage_rank"":0}"
evt-00791498,sess-00465188,page_view,2024-01-19 01:17:17.528701614,,"{""stage_rank"":0}"
evt-01423520,sess-00836538,page_view,2025-09-06 15:29:42.165377617,,"{""stage_rank"":0}"
evt-01279257,sess-00751817,add_to_cart,2023-06-18 19:39:24.449349190,,"{""stage_rank"":1}"
evt-00766892,sess-00450722,page_view,2024-04-20 18:04:34.685702305,4.0.0,"{""stage_rank"":0}"
evt-01498200,sess-00880314,page_view,2025-08-11 16:24:56.903700139,,"{""stage_rank"":0}"
evt-00651775,sess-00383079,page_view,2024-07-28 18:48:32.477082670,4.0.0,"{""stage_rank"":0}"
evt-00364008,sess-00213923,page_view,2024-07-05 22:03:15.749756953,4.0.0,"{""stage_rank"":0}"
evt-00139632,sess-00081970,page_view,2024-01-15 23:16:14.203662136,3.8.0,"{""stage_rank"":0}"
evt-00790292,sess-00464479,checkout,2023-03-31 16:57:08.675392861,,"{""stage_rank"":2}"
evt-00809179,sess-00475547,add_to_cart,2026-02-16 17:17:41.754815374,,"{""stage_rank"":1}"
evt-00116710,sess-00068445,page_view,2023-09-18 19:13:00.318661739,,"{""stage_rank"":0}"
evt-01522828,sess-00894868,add_to_cart,2023-09-13 21:10:26.296293128,3.8.0,"{""stage_rank"":1}"
evt-00627198,sess-00368471,page_view,2026-03-28 20:19:43.876500044,,"{""stage_rank"":0}"
evt-00047196,sess-00027654,add_to_cart,2026-02-09 21:03:50.956099656,,"{""stage_rank"":1}"
evt-00875945,sess-00514889,page_view,2024-11-17 17:09:41.090571650,,"{""stage_rank"":0}"
evt-00877283,sess-00515663,page_view,2023-10-16 16:36:07.019218248,3.8.0,"{""stage_rank"":0}"
evt-01118359,sess-00657334,add_to_cart,2023-03-18 16:40:39.944491877,,"{""stage_rank"":1}"
evt-01430541,sess-00840636,add_to_cart,2025-12-05 21:35:58.723754962,,"{""stage_rank"":1}"
evt-00516592,sess-00303630,page_view,2025-04-04 22:03:13.296250709,,"{""stage_rank"":0}"
evt-01134214,sess-00666634,page_view,2025-04-17 19:55:08.881013741,4.3.0,"{""stage_rank"":0}"
evt-01193669,sess-00701581,page_view,2023-11-12 19:16:12.107690593,,"{""stage_rank"":0}"
evt-01185472,sess-00696763,page_view,2023-10-10 19:14:55.244348345,,"{""stage_rank"":0}"
evt-00359429,sess-00211207,add_to_cart,2023-08-06 19:12:43.743158516,,"{""stage_rank"":1}"
evt-00432459,sess-00254196,page_view,2024-12-02 14:03:46.680679783,,"{""stage_rank"":0}"
evt-00999641,sess-00587768,page_view,2025-08-12 23:08:56.832350591,4.4.0,"{""stage_rank"":0}"
evt-00080590,sess-00047381,page_view,2025-01-22 20:15:34.442428316,4.2.0,"{""stage_rank"":0}"
evt-00696906,sess-00409626,page_view,2024-02-05 23:05:49.021615957,4.0.0,"{""stage_rank"":0}"
evt-00612033,sess-00359579,add_to_cart,2026-03-28 21:58:41.857739260,,"{""stage_rank"":1}"
evt-01403133,sess-00824575,page_view,2025-06-05 22:51:52.360314041,,"{""stage_rank"":0}"
evt-01411261,sess-00829321,page_view,2026-04-27 22:02:55.865598733,,"{""stage_rank"":0}"
evt-01586223,sess-00932085,page_view,2023-07-15 20:27:59.429720267,3.8.0,"{""stage_rank"":0}"
evt-00276127,sess-00162263,purchase,2024-12-19 00:37:42.784964252,4.2.0,"{""stage_rank"":3}"
evt-00734416,sess-00431651,page_view,2025-07-15 01:55:08.342487928,4.3.0,"{""stage_rank"":0}"
evt-00525072,sess-00308556,page_view,2023-08-01 15:41:32.162100090,3.8.0,"{""stage_rank"":0}"
evt-00966794,sess-00568517,add_to_cart,2025-06-23 02:10:00.850875775,,"{""stage_rank"":1}"
evt-00380769,sess-00223813,page_view,2024-09-17 22:02:37.939239417,4.1.0,"{""stage_rank"":0}"
evt-00532115,sess-00312678,page_view,2023-12-12 16:08:49.508514550,,"{""stage_rank"":0}"
evt-01410427,sess-00828833,checkout,2024-09-02 21:56:33.457195869,4.1.0,"{""stage_rank"":2}"
evt-00496302,sess-00291809,checkout,2024-04-06 16:53:01.273356565,,"{""stage_rank"":2}"
evt-00566141,sess-00332604,add_to_cart,2023-10-03 23:38:50.098987428,,"{""stage_rank"":1}"
evt-00801194,sess-00470885,page_view,2026-04-12 23:32:49.686294500,,"{""stage_rank"":0}"
evt-00571564,sess-00335777,page_view,2025-03-17 22:38:20.543705037,,"{""stage_rank"":0}"
evt-00465807,sess-00273910,page_view,2024-04-19 19:54:14.880370258,4.0.0,"{""stage_rank"":0}"
evt-01524996,sess-00896126,page_view,2026-05-15 01:37:49.027842344,4.4.0,"{""stage_rank"":0}"
evt-00442795,sess-00260293,page_view,2025-04-24 11:28:52.380482838,,"{""stage_rank"":0}"
evt-00523162,sess-00307434,checkout,2023-08-04 18:45:49.540325203,,"{""stage_rank"":2}"
evt-00318237,sess-00186987,checkout,2024-09-08 22:45:57.593597996,,"{""stage_rank"":2}"
evt-00174358,sess-00102373,page_view,2024-04-17 20:54:28.716745807,4.0.0,"{""stage_rank"":0}"
evt-01572696,sess-00924128,add_to_cart,2026-04-14 00:41:10.571933122,,"{""stage_rank"":1}"
evt-01091510,sess-00641607,page_view,2024-02-14 22:25:35.132252485,,"{""stage_rank"":0}"
evt-00036485,sess-00021409,page_view,2023-02-21 01:52:06.081367088,,"{""stage_rank"":0}"
evt-00667392,sess-00392279,add_to_cart,2023-11-14 18:15:18.407375232,3.8.0,"{""stage_rank"":1}"
evt-01301204,sess-00764783,page_view,2024-08-09 17:09:35.494925859,4.1.0,"{""stage_rank"":0}"
evt-01179693,sess-00693377,page_view,2023-10-30 18:14:08.791779218,3.8.0,"{""stage_rank"":0}"
evt-01003486,sess-00590005,page_view,2024-12-16 19:43:24.593558974,4.2.0,"{""stage_rank"":0}"
evt-00220861,sess-00129732,add_to_cart,2026-04-25 15:48:59.830395687,4.4.0,"{""stage_rank"":1}"
evt-00119480,sess-00070056,page_view,2026-03-05 20:48:13.209193074,,"{""stage_rank"":0}"
evt-00758166,sess-00445597,checkout,2023-09-14 22:48:59.005416257,,"{""stage_rank"":2}"
evt-01242553,sess-00730269,purchase,2025-05-31 20:15:35.715671358,,"{""stage_rank"":3}"
evt-00165324,sess-00097072,page_view,2026-03-15 19:37:31.523890956,,"{""stage_rank"":0}"
evt-00900584,sess-00529402,add_to_cart,2023-12-25 17:20:04.616761106,3.8.0,"{""stage_rank"":1}"
evt-01165699,sess-00685165,checkout,2025-02-17 21:55:32.698619934,,"{""stage_rank"":2}"
evt-00463582,sess-00272594,page_view,2026-04-01 22:56:17.820326153,4.4.0,"{""stage_rank"":0}"
evt-00225507,sess-00132496,add_to_cart,2023-09-21 19:43:28.137752277,3.8.0,"{""stage_rank"":1}"
evt-00542545,sess-00318763,page_view,2023-04-23 23:19:20.224540635,,"{""stage_rank"":0}"
evt-00830255,sess-00487927,add_to_cart,2023-10-07 21:38:22.514120178,,"{""stage_rank"":1}"
evt-00743311,sess-00436831,page_view,2024-10-10 17:13:25.912890149,,"{""stage_rank"":0}"
evt-01179119,sess-00693044,add_to_cart,2023-05-06 16:11:41.417938252,,"{""stage_rank"":1}"
evt-00009761,sess-00005808,add_to_cart,2024-04-14 23:58:40.294946465,4.0.0,"{""stage_rank"":1}"
evt-00546846,sess-00321295,page_view,2025-02-21 22:45:56.351823571,,"{""stage_rank"":0}"
evt-00431244,sess-00253477,add_to_cart,2023-05-23 21:56:48.751394154,3.8.0,"{""stage_rank"":1}"
evt-01335109,sess-00784585,add_to_cart,2024-05-01 00:49:43.198281315,,"{""stage_rank"":1}"
evt-00481695,sess-00283213,add_to_cart,2023-03-10 18:18:48.815710157,3.8.0,"{""stage_rank"":1}"
evt-00685332,sess-00402771,add_to_cart,2026-02-26 19:11:05.656890096,,"{""stage_rank"":1}"
evt-00337600,sess-00198421,page_view,2024-11-01 14:30:34.404207220,4.1.0,"{""stage_rank"":0}"
evt-00743050,sess-00436669,page_view,2024-03-21 21:18:15.777591406,4.0.0,"{""stage_rank"":0}"
evt-00434411,sess-00255366,add_to_cart,2025-02-19 14:38:02.726654235,,"{""stage_rank"":1}"
evt-01003997,sess-00590310,checkout,2023-06-04 17:15:12.267827446,3.8.0,"{""stage_rank"":2}"
evt-01192479,sess-00700872,page_view,2024-05-03 20:01:04.719327556,4.0.0,"{""stage_rank"":0}"
evt-00629632,sess-00369913,page_view,2025-03-19 20:29:59.844926961,,"{""stage_rank"":0}"
evt-01327793,sess-00780327,add_to_cart,2025-12-03 23:45:16.656042720,,"{""stage_rank"":1}"
evt-00391359,sess-00230046,page_view,2024-08-03 19:26:43.684102386,4.1.0,"{""stage_rank"":0}"
evt-01091100,sess-00641374,page_view,2026-06-08 18:33:09.660521379,,"{""stage_rank"":0}"
evt-00787559,sess-00462854,add_to_cart,2024-09-04 17:12:34.954314412,,"{""stage_rank"":1}"
evt-01146639,sess-00673957,page_view,2025-08-24 22:15:11.737118211,4.4.0,"{""stage_rank"":0}"
evt-00423711,sess-00249100,page_view,2023-04-10 18:06:47.951808987,3.8.0,"{""stage_rank"":0}"
evt-00784757,sess-00461223,page_view,2026-05-26 21:37:25.876104237,,"{""stage_rank"":0}"
evt-01211163,sess-00711751,page_view,2024-08-12 18:36:30.741052092,4.1.0,"{""stage_rank"":0}"
evt-01067981,sess-00627740,add_to_cart,2024-01-13 12:48:32.350658426,3.8.0,"{""stage_rank"":1}"
evt-00802170,sess-00471465,page_view,2025-05-11 19:08:34.042745800,4.3.0,"{""stage_rank"":0}"
evt-00846991,sess-00497851,page_view,2023-11-09 16:33:10.084721881,3.8.0,"{""stage_rank"":0}"
evt-00293228,sess-00172275,page_view,2025-03-25 22:09:23.407364577,4.3.0,"{""stage_rank"":0}"
evt-00227097,sess-00133434,add_to_cart,2024-06-18 21:12:56.693700803,4.0.0,"{""stage_rank"":1}"
evt-00871096,sess-00511996,add_to_cart,2025-09-16 20:23:53.558423336,4.4.0,"{""stage_rank"":1}"
evt-01592484,sess-00935806,page_view,2024-07-18 16:12:57.100848041,,"{""stage_rank"":0}"
evt-01197120,sess-00703581,add_to_cart,2024-12-21 04:23:37.894214393,4.2.0,"{""stage_rank"":1}"
evt-00339782,sess-00199710,add_to_cart,2025-06-26 01:04:42.284416941,,"{""stage_rank"":1}"
evt-00770539,sess-00452868,page_view,2026-02-01 20:25:55.257540237,,"{""stage_rank"":0}"
evt-01328900,sess-00780982,add_to_cart,2026-04-18 01:22:07.553340054,,"{""stage_rank"":1}"
evt-01620387,sess-00952282,page_view,2024-03-23 21:12:08.496190034,,"{""stage_rank"":0}"
evt-00616603,sess-00362236,add_to_cart,2025-03-13 22:07:53.545179533,4.3.0,"{""stage_rank"":1}"
evt-00265175,sess-00155850,page_view,2025-01-25 22:11:25.737016676,4.2.0,"{""stage_rank"":0}"
evt-00410844,sess-00241553,page_view,2023-04-27 16:14:16.489018915,3.8.0,"{""stage_rank"":0}"
evt-01260785,sess-00740993,page_view,2024-02-07 19:31:12.677769160,4.0.0,"{""stage_rank"":0}"
evt-00303133,sess-00178034,page_view,2023-08-13 20:34:01.612385013,3.8.0,"{""stage_rank"":0}"
evt-00435319,sess-00255907,page_view,2023-11-22 01:42:22.401627083,,"{""stage_rank"":0}"
evt-00777663,sess-00457037,page_view,2023-10-31 14:02:05.239852609,3.8.0,"{""stage_rank"":0}"
evt-01184489,sess-00696184,add_to_cart,2026-01-20 20:23:10.397111190,4.4.0,"{""stage_rank"":1}"
evt-00428038,sess-00251592,add_to_cart,2024-04-18 10:52:17.720761236,,"{""stage_rank"":1}"
evt-00345001,sess-00202734,page_view,2024-07-03 03:00:14.328493273,4.0.0,"{""stage_rank"":0}"
evt-00257673,sess-00151441,page_view,2024-08-16 19:47:38.492458789,4.1.0,"{""stage_rank"":0}"
evt-00102156,sess-00059977,page_view,2024-08-02 14:41:19.566905968,,"{""stage_rank"":0}"
evt-00175356,sess-00102948,page_view,2025-07-07 17:46:13.260243221,,"{""stage_rank"":0}"
evt-00710113,sess-00417390,page_view,2025-04-14 03:01:56.971245925,4.3.0,"{""stage_rank"":0}"
evt-01631783,sess-00958984,add_to_cart,2024-09-27 23:38:08.308166575,4.1.0,"{""stage_rank"":1}"
evt-01254128,sess-00737119,add_to_cart,2024-09-16 20:44:50.020654303,4.1.0,"{""stage_rank"":1}"
evt-00855169,sess-00502682,page_view,2024-04-13 19:37:33.051509684,,"{""stage_rank"":0}"
evt-00590291,sess-00346841,page_view,2025-12-26 19:18:23.248649993,,"{""stage_rank"":0}"
evt-00018005,sess-00010659,page_view,2023-06-08 20:13:06.662358400,3.8.0,"{""stage_rank"":0}"
evt-01562508,sess-00918164,page_view,2026-02-09 12:54:30.514574600,,"{""stage_rank"":0}"
evt-00484306,sess-00284723,page_view,2025-01-11 18:38:55.537584746,4.2.0,"{""stage_rank"":0}"
evt-00881948,sess-00518378,page_view,2024-08-04 14:34:00.994746926,4.1.0,"{""stage_rank"":0}"
evt-00008895,sess-00005296,add_to_cart,2023-01-15 22:05:17.820677926,3.8.0,"{""stage_rank"":1}"
evt-01605541,sess-00943452,checkout,2025-01-26 23:07:47.736827522,4.2.0,"{""stage_rank"":2}"
evt-01007661,sess-00592421,page_view,2023-10-10 19:11:06.429314225,3.8.0,"{""stage_rank"":0}"
evt-00769373,sess-00452186,checkout,2023-09-02 19:31:11.909819119,3.8.0,"{""stage_rank"":2}"
evt-01300915,sess-00764606,add_to_cart,2026-02-17 19:41:22.604576710,4.4.0,"{""stage_rank"":1}"
evt-01594443,sess-00936969,checkout,2023-08-02 16:36:47.365059616,,"{""stage_rank"":2}"
evt-01034629,sess-00608212,page_view,2025-04-26 21:36:26.608072684,4.3.0,"{""stage_rank"":0}"
evt-01282386,sess-00753670,page_view,2023-08-30 15:54:22.612638807,,"{""stage_rank"":0}"
evt-01641990,sess-00965013,page_view,2023-10-22 16:26:35.956899846,3.8.0,"{""stage_rank"":0}"
evt-00301026,sess-00176827,page_view,2024-12-18 17:56:01.270359501,4.2.0,"{""stage_rank"":0}"
evt-00263060,sess-00154624,page_view,2025-11-01 23:25:27.486309301,4.4.0,"{""stage_rank"":0}"
evt-01667308,sess-00979771,add_to_cart,2023-02-04 22:32:20.866586522,3.8.0,"{""stage_rank"":1}"
evt-01222707,sess-00718587,checkout,2025-11-17 23:46:38.463158560,4.4.0,"{""stage_rank"":2}"
evt-00838611,sess-00492901,page_view,2024-10-27 01:29:48.498274282,,"{""stage_rank"":0}"
evt-01482144,sess-00870879,page_view,2025-12-19 21:36:56.920785851,,"{""stage_rank"":0}"
evt-00795961,sess-00467838,add_to_cart,2023-06-07 20:13:02.220958256,3.8.0,"{""stage_rank"":1}"
evt-01450667,sess-00852419,page_view,2024-07-26 22:49:28.855430634,4.0.0,"{""stage_rank"":0}"
evt-00212656,sess-00124859,page_view,2024-12-21 17:37:33.749370156,,"{""stage_rank"":0}"
evt-00442445,sess-00260073,page_view,2024-02-07 19:38:48.073839404,4.0.0,"{""stage_rank"":0}"
evt-01403956,sess-00825045,add_to_cart,2026-02-18 20:31:14.397929794,4.4.0,"{""stage_rank"":1}"
evt-01519463,sess-00892882,checkout,2025-05-26 19:32:22.670369064,4.3.0,"{""stage_rank"":2}"
evt-00329339,sess-00193557,checkout,2024-01-19 21:17:47.633849703,3.8.0,"{""stage_rank"":2}"
evt-00469217,sess-00275893,page_view,2024-11-21 19:42:06.741509450,4.2.0,"{""stage_rank"":0}"
evt-00191182,sess-00112277,page_view,2023-01-06 19:56:45.884819099,3.8.0,"{""stage_rank"":0}"
evt-00761875,sess-00447783,page_view,2023-09-01 19:44:47.026993735,,"{""stage_rank"":0}"
evt-01580275,sess-00928579,page_view,2024-03-27 00:19:38.781420196,,"{""stage_rank"":0}"
evt-00632963,sess-00371879,checkout,2026-02-04 18:08:52.665709927,4.4.0,"{""stage_rank"":2}"
evt-00382542,sess-00224873,add_to_cart,2024-07-19 19:43:05.943311617,,"{""stage_rank"":1}"
evt-00340575,sess-00200176,page_view,2026-04-12 18:59:23.584898809,,"{""stage_rank"":0}"
evt-00113296,sess-00066485,add_to_cart,2024-01-18 16:39:10.293524448,,"{""stage_rank"":1}"
evt-00625856,sess-00367650,checkout,2023-03-13 13:01:17.007175820,3.8.0,"{""stage_rank"":2}"
evt-00312273,sess-00183473,page_view,2023-11-29 17:23:08.942406792,,"{""stage_rank"":0}"
evt-00560078,sess-00329061,add_to_cart,2023-02-14 19:09:59.659755705,,"{""stage_rank"":1}"
evt-00501419,sess-00294797,page_view,2024-12-15 23:24:21.122102948,,"{""stage_rank"":0}"
evt-01670911,sess-00981863,add_to_cart,2025-12-04 23:10:03.967521220,4.4.0,"{""stage_rank"":1}"
evt-01144690,sess-00672819,page_view,2025-08-21 15:51:44.685156550,4.4.0,"{""stage_rank"":0}"
evt-01034381,sess-00608075,page_view,2024-02-02 19:20:51.237306995,,"{""stage_rank"":0}"
evt-00123900,sess-00072657,page_view,2023-07-25 19:33:55.252957763,,"{""stage_rank"":0}"
evt-00061150,sess-00035911,add_to_cart,2024-02-02 22:00:20.425605473,4.0.0,"{""stage_rank"":1}"
evt-00651870,sess-00383142,page_view,2025-12-05 22:45:59.451959631,,"{""stage_rank"":0}"
evt-00655142,sess-00385073,page_view,2023-06-09 00:07:19.942736152,3.8.0,"{""stage_rank"":0}"
evt-00544897,sess-00320146,page_view,2025-09-27 17:21:18.090116819,,"{""stage_rank"":0}"
evt-01065237,sess-00626154,page_view,2026-04-13 23:17:19.760494403,4.4.0,"{""stage_rank"":0}"
evt-01554969,sess-00913762,checkout,2026-05-11 21:59:21.000973836,4.4.0,"{""stage_rank"":2}"
evt-00297474,sess-00174759,page_view,2026-05-09 13:21:02.586227177,,"{""stage_rank"":0}"
evt-01417482,sess-00832987,checkout,2023-12-11 20:26:00.467996291,3.8.0,"{""stage_rank"":2}"
evt-00845858,sess-00497196,add_to_cart,2025-11-28 15:14:13.004968788,4.4.0,"{""stage_rank"":1}"
evt-01212625,sess-00712598,add_to_cart,2023-12-12 14:20:14.862512551,,"{""stage_rank"":1}"
evt-01483002,sess-00871393,page_view,2024-04-04 15:00:38.464538798,,"{""stage_rank"":0}"
evt-00825692,sess-00485245,page_view,2024-10-17 20:16:19.681068170,4.1.0,"{""stage_rank"":0}"
evt-00717940,sess-00421907,page_view,2025-05-13 19:16:44.684035726,,"{""stage_rank"":0}"
evt-00978538,sess-00575432,page_view,2024-04-12 16:33:59.403267902,4.0.0,"{""stage_rank"":0}"
evt-00005365,sess-00003214,page_view,2023-05-14 00:24:00.899111066,3.8.0,"{""stage_rank"":0}"
evt-01625687,sess-00955411,page_view,2023-08-02 16:01:16.694016183,3.8.0,"{""stage_rank"":0}"
evt-01525712,sess-00896542,add_to_cart,2023-02-25 16:59:23.976221374,3.8.0,"{""stage_rank"":1}"
evt-00174167,sess-00102265,page_view,2024-08-03 22:08:49.551482452,,"{""stage_rank"":0}"
evt-01312256,sess-00771213,page_view,2025-07-26 18:02:20.925602228,4.3.0,"{""stage_rank"":0}"
evt-00792244,sess-00465644,page_view,2023-01-22 18:05:27.941863847,,"{""stage_rank"":0}"
evt-00352027,sess-00206842,add_to_cart,2024-11-19 13:32:01.768772535,,"{""stage_rank"":1}"
evt-01536751,sess-00903013,add_to_cart,2024-05-13 22:03:30.830385868,4.0.0,"{""stage_rank"":1}"
evt-01123816,sess-00660555,add_to_cart,2026-01-21 23:35:22.933082781,4.4.0,"{""stage_rank"":1}"
evt-00420086,sess-00246992,page_view,2024-05-21 22:57:49.411404482,4.0.0,"{""stage_rank"":0}"
evt-01500272,sess-00881498,page_view,2024-08-17 22:33:29.048977631,4.1.0,"{""stage_rank"":0}"
evt-01142944,sess-00671797,page_view,2023-08-09 18:26:40.829654599,3.8.0,"{""stage_rank"":0}"
evt-01264494,sess-00743154,page_view,2024-07-30 20:03:37.505088482,,"{""stage_rank"":0}"
evt-01327265,sess-00780012,page_view,2023-12-10 22:59:09.924463191,,"{""stage_rank"":0}"
evt-01246217,sess-00732426,add_to_cart,2023-07-11 00:56:50.112955698,3.8.0,"{""stage_rank"":1}"
evt-01075361,sess-00632146,page_view,2025-05-10 21:00:46.427044760,,"{""stage_rank"":0}"
evt-00442693,sess-00260228,add_to_cart,2026-02-14 22:50:36.279665242,,"{""stage_rank"":1}"
evt-01175639,sess-00691044,add_to_cart,2024-02-22 18:51:05.657764753,4.0.0,"{""stage_rank"":1}"
evt-01186357,sess-00697284,page_view,2024-04-01 20:27:57.983888089,4.0.0,"{""stage_rank"":0}"
evt-00446642,sess-00262554,add_to_cart,2024-01-13 23:05:26.411425947,,"{""stage_rank"":1}"
evt-00801193,sess-00470884,checkout,2024-12-23 17:37:18.267992980,,"{""stage_rank"":2}"
evt-01234363,sess-00725453,page_view,2024-02-09 19:55:09.381063260,,"{""stage_rank"":0}"
evt-00257050,sess-00151082,checkout,2025-02-15 19:25:01.437972557,4.3.0,"{""stage_rank"":2}"
evt-01349000,sess-00792724,page_view,2024-02-20 20:53:35.067082617,,"{""stage_rank"":0}"
evt-01527072,sess-00897338,page_view,2024-08-14 02:06:39.751181347,4.1.0,"{""stage_rank"":0}"
evt-00123815,sess-00072606,page_view,2023-11-10 04:56:51.759332313,,"{""stage_rank"":0}"
evt-00015478,sess-00009165,checkout,2024-05-17 23:08:38.582247628,4.0.0,"{""stage_rank"":2}"
evt-00881512,sess-00518117,add_to_cart,2025-12-29 15:08:39.430785482,4.4.0,"{""stage_rank"":1}"
evt-01136951,sess-00668251,page_view,2024-01-30 20:44:08.733418711,3.8.0,"{""stage_rank"":0}"
evt-00709566,sess-00417067,page_view,2024-06-21 22:39:26.385054835,4.0.0,"{""stage_rank"":0}"
evt-01038839,sess-00610671,page_view,2023-06-30 19:53:46.261415992,3.8.0,"{""stage_rank"":0}"
evt-01381474,sess-00811729,checkout,2023-05-13 11:12:46.751525885,,"{""stage_rank"":2}"
evt-00430153,sess-00252844,add_to_cart,2025-08-24 17:09:04.480317845,,"{""stage_rank"":1}"
evt-00119056,sess-00069802,add_to_cart,2025-01-10 21:23:17.989599403,,"{""stage_rank"":1}"
evt-01454220,sess-00854500,add_to_cart,2023-06-10 07:46:05.170309077,,"{""stage_rank"":1}"
evt-00614690,sess-00361118,page_view,2025-07-14 23:58:37.301804953,,"{""stage_rank"":0}"
evt-00423474,sess-00248957,page_view,2023-09-23 16:38:54.659876546,3.8.0,"{""stage_rank"":0}"
evt-00500729,sess-00294392,add_to_cart,2024-01-01 19:51:17.143078973,3.8.0,"{""stage_rank"":1}"
evt-00629256,sess-00369690,add_to_cart,2024-11-21 19:35:34.445184432,4.2.0,"{""stage_rank"":1}"
evt-00051086,sess-00029970,add_to_cart,2024-12-18 22:40:14.479176279,4.2.0,"{""stage_rank"":1}"
evt-00383233,sess-00225277,add_to_cart,2024-11-27 20:11:33.413010640,4.2.0,"{""stage_rank"":1}"
evt-00727642,sess-00427626,page_view,2023-07-10 18:53:17.894517758,3.8.0,"{""stage_rank"":0}"
evt-00764449,sess-00449292,add_to_cart,2024-08-24 18:37:23.879513208,4.1.0,"{""stage_rank"":1}"
evt-00442609,sess-00260183,add_to_cart,2024-10-26 15:34:41.488837076,,"{""stage_rank"":1}"
evt-00819554,sess-00481644,purchase,2023-07-08 21:57:02.052048302,,"{""stage_rank"":3}"
evt-01221087,sess-00717624,page_view,2025-03-12 16:19:47.372219260,,"{""stage_rank"":0}"
evt-00236109,sess-00138804,page_view,2024-08-04 23:24:46.343638162,,"{""stage_rank"":0}"
evt-01515806,sess-00890714,purchase,2023-11-13 02:50:09.489225201,,"{""stage_rank"":3}"
evt-00876518,sess-00515216,page_view,2026-06-02 23:53:19.501595601,4.4.0,"{""stage_rank"":0}"
evt-01518073,sess-00892053,purchase,2026-02-03 16:38:46.716331052,,"{""stage_rank"":3}"
evt-00969346,sess-00570005,page_view,2025-08-27 19:50:11.857018874,,"{""stage_rank"":0}"
evt-01639988,sess-00963867,page_view,2025-10-07 19:24:34.613119796,4.4.0,"{""stage_rank"":0}"
evt-01264978,sess-00743440,add_to_cart,2023-09-15 14:44:01.719575385,,"{""stage_rank"":1}"
evt-01045912,sess-00614840,checkout,2026-03-04 17:42:02.557508458,,"{""stage_rank"":2}"
evt-01620328,sess-00952251,add_to_cart,2024-07-28 18:46:22.754716573,4.0.0,"{""stage_rank"":1}"
evt-00174009,sess-00102177,page_view,2023-05-05 22:03:55.715720087,3.8.0,"{""stage_rank"":0}"
evt-00365750,sess-00214952,page_view,2025-09-03 20:09:34.243009135,4.4.0,"{""stage_rank"":0}"
evt-00405049,sess-00238114,page_view,2024-09-22 19:27:08.843029756,4.1.0,"{""stage_rank"":0}"
evt-01414091,sess-00830981,page_view,2025-12-05 20:27:11.519204723,,"{""stage_rank"":0}"
evt-00074649,sess-00043881,add_to_cart,2023-09-16 14:41:25.051201741,,"{""stage_rank"":1}"
evt-00876577,sess-00515255,checkout,2025-07-24 21:46:19.915292352,4.3.0,"{""stage_rank"":2}"
evt-00169993,sess-00099804,checkout,2023-08-09 20:19:45.214488934,3.8.0,"{""stage_rank"":2}"
evt-00368498,sess-00216592,page_view,2025-01-15 20:20:21.143676495,,"{""stage_rank"":0}"
evt-01127979,sess-00662997,page_view,2026-06-03 19:24:22.617225897,4.4.0,"{""stage_rank"":0}"
evt-00327634,sess-00192557,page_view,2026-04-13 22:32:59.302082281,4.4.0,"{""stage_rank"":0}"
evt-00560482,sess-00329298,page_view,2024-09-02 18:23:25.883320824,4.1.0,"{""stage_rank"":0}"
evt-00490054,sess-00288121,add_to_cart,2023-09-16 03:47:47.311933952,,"{""stage_rank"":1}"
evt-00511783,sess-00300805,page_view,2024-09-24 19:47:54.375604928,,"{""stage_rank"":0}"
evt-00385374,sess-00226521,add_to_cart,2026-03-12 21:37:38.565930366,,"{""stage_rank"":1}"
evt-00703676,sess-00413595,page_view,2023-11-22 13:52:34.547316658,3.8.0,"{""stage_rank"":0}"
evt-00012778,sess-00007570,page_view,2026-05-10 21:39:27.520888699,4.4.0,"{""stage_rank"":0}"
evt-01095071,sess-00643696,page_view,2024-01-24 23:27:58.775703371,3.8.0,"{""stage_rank"":0}"
evt-00425628,sess-00250196,purchase,2025-05-04 21:45:13.793559981,,"{""stage_rank"":3}"
evt-01406650,sess-00826594,page_view,2024-08-11 22:01:07.215182089,,"{""stage_rank"":0}"
evt-01472074,sess-00864971,checkout,2024-04-04 16:44:39.002236524,4.0.0,"{""stage_rank"":2}"
evt-00552050,sess-00324312,add_to_cart,2026-04-10 19:19:24.871263241,,"{""stage_rank"":1}"
evt-00580975,sess-00341328,page_view,2025-08-26 18:56:18.281441815,,"{""stage_rank"":0}"
evt-00486501,sess-00286040,page_view,2025-10-02 17:59:25.772061316,,"{""stage_rank"":0}"
evt-01626452,sess-00955868,page_view,2025-03-21 15:27:29.785664473,,"{""stage_rank"":0}"
evt-01657384,sess-00974029,page_view,2023-09-20 19:53:47.395557869,3.8.0,"{""stage_rank"":0}"
evt-01606808,sess-00944207,page_view,2023-12-18 16:18:38.519873958,3.8.0,"{""stage_rank"":0}"
evt-00637352,sess-00374492,page_view,2024-09-21 18:52:20.769529104,4.1.0,"{""stage_rank"":0}"
evt-00817973,sess-00480735,page_view,2023-11-12 17:22:59.729121944,,"{""stage_rank"":0}"
evt-00481348,sess-00283008,page_view,2023-05-27 11:50:18.647310245,3.8.0,"{""stage_rank"":0}"
evt-01333464,sess-00783607,purchase,2024-03-01 20:58:00.263964046,4.0.0,"{""stage_rank"":3}"
evt-01265397,sess-00743685,page_view,2026-04-06 19:49:28.728994501,,"{""stage_rank"":0}"
evt-01331753,sess-00782623,page_view,2023-11-25 13:30:01.228418657,3.8.0,"{""stage_rank"":0}"
evt-00887679,sess-00521748,add_to_cart,2025-07-30 00:27:43.122067012,,"{""stage_rank"":1}"
evt-00908870,sess-00534315,add_to_cart,2024-07-14 21:01:26.644231877,4.0.0,"{""stage_rank"":1}"
evt-00652561,sess-00383552,page_view,2023-05-14 01:56:51.622372209,3.8.0,"{""stage_rank"":0}"
evt-01138496,sess-00669153,checkout,2025-10-17 15:04:43.150780388,4.4.0,"{""stage_rank"":2}"
evt-00397626,sess-00233743,page_view,2025-08-26 18:08:44.022841231,4.4.0,"{""stage_rank"":0}"
evt-00783901,sess-00460714,purchase,2023-06-03 17:05:01.651593979,,"{""stage_rank"":3}"
evt-00935241,sess-00549876,checkout,2026-01-13 15:44:49.191789349,4.4.0,"{""stage_rank"":2}"
evt-00066394,sess-00038995,checkout,2023-02-03 17:10:20.423445941,3.8.0,"{""stage_rank"":2}"
evt-01532327,sess-00900446,page_view,2025-09-29 19:57:04.825774528,,"{""stage_rank"":0}"
evt-01617424,sess-00950512,page_view,2023-04-25 00:49:21.098055901,3.8.0,"{""stage_rank"":0}"
evt-01320782,sess-00776239,add_to_cart,2024-03-10 18:37:06.982567367,,"{""stage_rank"":1}"
evt-00246721,sess-00145061,page_view,2023-02-25 22:31:17.831978106,,"{""stage_rank"":0}"
evt-01192042,sess-00700617,page_view,2026-02-27 17:10:37.493536548,4.4.0,"{""stage_rank"":0}"
evt-00485719,sess-00285562,page_view,2025-12-26 11:38:24.234846697,,"{""stage_rank"":0}"
evt-00639828,sess-00375965,page_view,2026-03-30 19:39:59.915604530,4.4.0,"{""stage_rank"":0}"
evt-00603433,sess-00354537,page_view,2025-06-06 19:25:22.680883245,4.3.0,"{""stage_rank"":0}"
evt-01174226,sess-00690190,checkout,2025-08-05 22:47:58.577389883,4.4.0,"{""stage_rank"":2}"
evt-01167245,sess-00686081,page_view,2024-03-22 01:20:19.742073471,4.0.0,"{""stage_rank"":0}"
evt-01625268,sess-00955167,page_view,2025-02-17 13:58:32.730480496,4.3.0,"{""stage_rank"":0}"
evt-00525515,sess-00308818,add_to_cart,2024-08-06 21:17:17.256628228,4.1.0,"{""stage_rank"":1}"
evt-01123371,sess-00660281,page_view,2024-06-19 17:39:29.434848542,,"{""stage_rank"":0}"
evt-00940414,sess-00552941,page_view,2023-07-02 16:31:40.885292675,3.8.0,"{""stage_rank"":0}"
evt-00657185,sess-00386278,checkout,2023-10-04 21:58:37.481057649,3.8.0,"{""stage_rank"":2}"
evt-00697614,sess-00410038,page_view,2023-08-13 01:24:44.041825360,,"{""stage_rank"":0}"
evt-00675516,sess-00397037,page_view,2023-05-04 16:45:42.592670207,,"{""stage_rank"":0}"
evt-01456022,sess-00855549,page_view,2025-02-05 17:44:39.719715870,,"{""stage_rank"":0}"
evt-00525081,sess-00308560,purchase,2026-01-18 19:45:47.818409994,4.4.0,"{""stage_rank"":3}"
evt-00315124,sess-00185158,add_to_cart,2023-05-21 21:18:52.965566657,3.8.0,"{""stage_rank"":1}"
evt-01052878,sess-00618923,page_view,2025-06-13 22:04:47.494962269,4.3.0,"{""stage_rank"":0}"
evt-01428741,sess-00839594,page_view,2023-07-30 18:55:17.084405788,,"{""stage_rank"":0}"
evt-01226232,sess-00720681,add_to_cart,2026-04-07 20:19:13.561318530,4.4.0,"{""stage_rank"":1}"
evt-00005207,sess-00003132,page_view,2023-10-18 21:26:26.069740164,3.8.0,"{""stage_rank"":0}"
evt-01596896,sess-00938390,page_view,2023-01-15 01:11:08.006109048,,"{""stage_rank"":0}"
evt-00605468,sess-00355741,add_to_cart,2024-02-23 00:43:06.132307839,4.0.0,"{""stage_rank"":1}"
evt-00449901,sess-00264480,checkout,2025-05-09 23:32:14.885712559,,"{""stage_rank"":2}"
evt-01502495,sess-00882835,page_view,2025-05-18 20:29:55.143264717,4.3.0,"{""stage_rank"":0}"
evt-00392716,sess-00230815,page_view,2023-12-19 14:35:43.020422498,3.8.0,"{""stage_rank"":0}"
evt-01233014,sess-00724659,page_view,2023-07-12 20:21:12.022522854,,"{""stage_rank"":0}"
evt-01191247,sess-00700145,add_to_cart,2025-03-25 22:27:44.092502980,,"{""stage_rank"":1}"
evt-00322252,sess-00189363,page_view,2025-11-17 03:44:59.753833617,4.4.0,"{""stage_rank"":0}"
evt-00710607,sess-00417666,add_to_cart,2025-06-19 11:29:15.519249509,4.3.0,"{""stage_rank"":1}"
evt-00102800,sess-00060360,page_view,2026-05-20 19:40:40.819392006,4.4.0,"{""stage_rank"":0}"
evt-00303220,sess-00178084,checkout,2026-01-30 23:23:25.414605517,4.4.0,"{""stage_rank"":2}"
evt-00958296,sess-00563476,page_view,2023-10-01 00:42:30.639017467,,"{""stage_rank"":0}"
evt-01437981,sess-00845017,checkout,2024-07-15 00:18:26.682994790,,"{""stage_rank"":2}"
evt-01551291,sess-00911553,page_view,2025-12-17 23:38:11.006938803,4.4.0,"{""stage_rank"":0}"
evt-01648931,sess-00969086,page_view,2025-02-05 18:12:08.372393451,,"{""stage_rank"":0}"
evt-00882794,sess-00518877,page_view,2026-01-13 20:39:29.208323653,,"{""stage_rank"":0}"
evt-00979642,sess-00576097,add_to_cart,2025-09-12 01:53:27.732377124,,"{""stage_rank"":1}"
evt-00940928,sess-00553239,checkout,2023-05-13 20:11:28.960130196,3.8.0,"{""stage_rank"":2}"
evt-00313719,sess-00184330,page_view,2024-02-16 01:13:31.743452947,4.0.0,"{""stage_rank"":0}"
evt-00206960,sess-00121548,page_view,2023-01-31 18:27:29.374027939,3.8.0,"{""stage_rank"":0}"
evt-01589552,sess-00934066,add_to_cart,2025-09-13 15:01:05.569372008,4.4.0,"{""stage_rank"":1}"
evt-00932083,sess-00548020,add_to_cart,2026-02-22 15:12:20.726592631,,"{""stage_rank"":1}"
evt-00280613,sess-00164844,add_to_cart,2026-03-18 00:18:12.423904930,,"{""stage_rank"":1}"
evt-00318469,sess-00187125,page_view,2024-03-15 20:37:51.099156274,,"{""stage_rank"":0}"
evt-00608365,sess-00357420,add_to_cart,2025-01-31 15:55:44.023200394,4.2.0,"{""stage_rank"":1}"
evt-01682992,sess-00988925,add_to_cart,2025-12-10 17:24:31.923730232,,"{""stage_rank"":1}"
evt-01372679,sess-00806593,page_view,2026-05-09 21:22:57.675800400,4.4.0,"{""stage_rank"":0}"
evt-00848439,sess-00498707,add_to_cart,2026-04-04 15:29:35.706987630,,"{""stage_rank"":1}"
evt-01067619,sess-00627527,page_view,2023-08-02 03:51:19.567399421,,"{""stage_rank"":0}"
evt-00974012,sess-00572733,add_to_cart,2026-04-20 17:13:46.974814179,,"{""stage_rank"":1}"
evt-01274508,sess-00749036,page_view,2023-02-15 00:06:30.024926134,3.8.0,"{""stage_rank"":0}"
evt-00780958,sess-00458963,add_to_cart,2023-12-18 22:18:48.083764135,3.8.0,"{""stage_rank"":1}"
evt-01196666,sess-00703318,page_view,2023-10-24 21:02:23.915577754,3.8.0,"{""stage_rank"":0}"
evt-01435712,sess-00843657,page_view,2025-07-18 23:52:26.694772396,,"{""stage_rank"":0}"
evt-00922913,sess-00542581,checkout,2023-11-26 21:53:23.135478488,3.8.0,"{""stage_rank"":2}"
evt-01221877,sess-00718076,add_to_cart,2024-09-14 15:15:37.301588519,4.1.0,"{""stage_rank"":1}"
evt-00712181,sess-00418578,page_view,2025-09-06 15:06:16.429681852,,"{""stage_rank"":0}"
evt-00798810,sess-00469462,page_view,2026-03-27 18:58:39.288241793,4.4.0,"{""stage_rank"":0}"
evt-00033223,sess-00019515,checkout,2024-09-03 15:54:28.670999834,,"{""stage_rank"":2}"
evt-01487860,sess-00874238,checkout,2026-06-05 20:37:30.744987600,,"{""stage_rank"":2}"
evt-01135732,sess-00667535,page_view,2026-01-17 16:53:31.283610633,4.4.0,"{""stage_rank"":0}"
evt-00845902,sess-00497221,page_view,2026-05-23 22:26:39.701164529,4.4.0,"{""stage_rank"":0}"
evt-01062613,sess-00624639,page_view,2025-09-29 20:31:22.619967491,,"{""stage_rank"":0}"
evt-00659800,sess-00387796,page_view,2024-06-07 14:52:55.385427041,,"{""stage_rank"":0}"
evt-01346214,sess-00791093,add_to_cart,2026-03-01 15:30:36.632836486,,"{""stage_rank"":1}"
evt-00689936,sess-00405543,page_view,2026-01-17 21:28:44.467220569,4.4.0,"{""stage_rank"":0}"
evt-01451294,sess-00852784,checkout,2025-10-21 00:07:56.822023404,,"{""stage_rank"":2}"
evt-00185524,sess-00108949,page_view,2025-02-05 18:41:32.458701673,4.3.0,"{""stage_rank"":0}"
evt-00338082,sess-00198702,page_view,2024-09-27 18:26:34.284710506,,"{""stage_rank"":0}"
evt-00867193,sess-00509738,page_view,2025-11-08 22:21:57.630445529,4.4.0,"{""stage_rank"":0}"
evt-00385383,sess-00226527,add_to_cart,2023-07-05 21:46:25.417094605,,"{""stage_rank"":1}"
evt-00672186,sess-00395103,page_view,2023-04-21 00:24:36.608851105,3.8.0,"{""stage_rank"":0}"
evt-01319550,sess-00775489,page_view,2025-07-25 17:14:08.962158403,,"{""stage_rank"":0}"
evt-00971113,sess-00571040,page_view,2025-02-18 20:28:25.912747032,,"{""stage_rank"":0}"
evt-01597889,sess-00938987,purchase,2025-09-18 01:35:55.485994598,4.4.0,"{""stage_rank"":3}"
evt-01512847,sess-00888979,page_view,2023-08-04 17:28:19.526240177,3.8.0,"{""stage_rank"":0}"
evt-00007083,sess-00004230,add_to_cart,2026-06-06 16:28:01.401528141,4.4.0,"{""stage_rank"":1}"
evt-01340190,sess-00787536,checkout,2025-06-25 19:48:50.507363521,4.3.0,"{""stage_rank"":2}"
evt-00252395,sess-00148352,page_view,2025-08-06 22:55:10.623950089,,"{""stage_rank"":0}"
evt-00972454,sess-00571823,checkout,2025-11-10 14:51:09.316422585,,"{""stage_rank"":2}"
evt-00778195,sess-00457339,page_view,2024-12-13 17:12:06.794222915,,"{""stage_rank"":0}"
evt-00558359,sess-00328005,page_view,2025-09-30 20:52:39.474924787,4.4.0,"{""stage_rank"":0}"
evt-00697444,sess-00409938,add_to_cart,2023-11-14 21:53:10.830101005,3.8.0,"{""stage_rank"":1}"
evt-00343123,sess-00201629,checkout,2026-02-23 20:20:16.982836906,4.4.0,"{""stage_rank"":2}"
evt-01435929,sess-00843787,page_view,2023-08-06 22:02:55.558532204,3.8.0,"{""stage_rank"":0}"
evt-01375406,sess-00808185,page_view,2024-02-23 22:28:41.092275429,,"{""stage_rank"":0}"
evt-00813582,sess-00478142,add_to_cart,2024-11-01 01:26:19.019720066,,"{""stage_rank"":1}"
evt-00867746,sess-00510052,page_view,2025-01-15 18:55:19.341861335,,"{""stage_rank"":0}"
evt-00115713,sess-00067880,page_view,2024-03-11 19:46:46.505289303,4.0.0,"{""stage_rank"":0}"
evt-01093636,sess-00642857,page_view,2024-11-27 18:47:19.263571670,,"{""stage_rank"":0}"
evt-01401170,sess-00823399,page_view,2024-10-10 18:03:33.113055757,4.1.0,"{""stage_rank"":0}"
evt-00000526,sess-00000314,add_to_cart,2025-02-07 00:49:03.347441898,4.3.0,"{""stage_rank"":1}"
evt-00093548,sess-00054947,page_view,2023-11-04 17:05:11.396247013,,"{""stage_rank"":0}"
evt-01179528,sess-00693275,page_view,2023-03-10 17:25:07.346968180,3.8.0,"{""stage_rank"":0}"
evt-00334478,sess-00196581,page_view,2025-01-31 16:40:07.680677064,,"{""stage_rank"":0}"
evt-01439315,sess-00845807,add_to_cart,2025-03-28 00:02:41.700617968,,"{""stage_rank"":1}"
evt-00495492,sess-00291344,page_view,2023-06-10 18:17:21.778992936,3.8.0,"{""stage_rank"":0}"
evt-01518886,sess-00892535,page_view,2026-01-02 21:43:36.948614011,,"{""stage_rank"":0}"
evt-00925948,sess-00544392,add_to_cart,2025-01-25 01:49:38.251227847,,"{""stage_rank"":1}"
evt-01059118,sess-00622602,page_view,2024-09-24 00:28:42.506394611,,"{""stage_rank"":0}"
evt-01639343,sess-00963491,page_view,2025-05-11 20:20:41.646165019,4.3.0,"{""stage_rank"":0}"
evt-01388590,sess-00815919,page_view,2023-07-28 23:28:05.220408981,3.8.0,"{""stage_rank"":0}"
evt-01462429,sess-00859311,page_view,2025-09-18 13:58:01.690365357,,"{""stage_rank"":0}"
evt-01651582,sess-00970650,add_to_cart,2023-09-20 12:53:19.547712011,,"{""stage_rank"":1}"
evt-00676296,sess-00397493,page_view,2024-02-27 16:26:18.922831980,,"{""stage_rank"":0}"
evt-00928040,sess-00545632,page_view,2024-07-20 17:33:43.638061841,4.0.0,"{""stage_rank"":0}"
evt-00339895,sess-00199780,add_to_cart,2025-11-15 17:27:23.823825347,4.4.0,"{""stage_rank"":1}"
evt-00041914,sess-00024600,add_to_cart,2024-11-24 22:51:11.281207414,,"{""stage_rank"":1}"
evt-01101581,sess-00647563,add_to_cart,2023-12-01 19:34:23.624265920,,"{""stage_rank"":1}"
evt-01458352,sess-00856913,add_to_cart,2025-10-21 17:48:26.657045407,4.4.0,"{""stage_rank"":1}"
evt-01415598,sess-00831873,page_view,2025-08-04 02:49:53.583174457,,"{""stage_rank"":0}"
evt-00587887,sess-00345429,purchase,2023-08-26 19:51:00.556333084,3.8.0,"{""stage_rank"":3}"
evt-01631841,sess-00959017,add_to_cart,2023-01-16 19:36:57.622384671,,"{""stage_rank"":1}"
evt-01129433,sess-00663870,add_to_cart,2025-12-18 16:50:47.835364964,4.4.0,"{""stage_rank"":1}"
evt-01140623,sess-00670410,page_view,2026-03-14 19:30:07.983706036,,"{""stage_rank"":0}"
evt-00383587,sess-00225493,add_to_cart,2024-11-16 19:00:38.420687839,4.2.0,"{""stage_rank"":1}"
evt-00404801,sess-00237963,page_view,2025-07-19 16:33:54.626071217,4.3.0,"{""stage_rank"":0}"
evt-00082615,sess-00048545,page_view,2023-02-27 18:48:13.557994824,,"{""stage_rank"":0}"
evt-01524195,sess-00895646,page_view,2025-03-13 02:10:42.839758543,4.3.0,"{""stage_rank"":0}"
evt-00697641,sess-00410059,page_view,2023-12-07 01:22:33.555513810,,"{""stage_rank"":0}"
evt-00814374,sess-00478615,add_to_cart,2024-10-21 15:56:34.892976023,4.1.0,"{""stage_rank"":1}"
evt-01229890,sess-00722826,add_to_cart,2024-10-22 01:33:16.408535546,,"{""stage_rank"":1}"
evt-00183523,sess-00107786,checkout,2026-02-15 17:42:37.419883433,,"{""stage_rank"":2}"
evt-00406775,sess-00239131,add_to_cart,2023-09-12 15:23:48.566454959,,"{""stage_rank"":1}"
evt-00113729,sess-00066728,page_view,2023-08-09 19:11:57.521488801,,"{""stage_rank"":0}"
evt-01698158,sess-00997845,add_to_cart,2025-08-08 14:11:40.179820131,4.4.0,"{""stage_rank"":1}"
evt-00727065,sess-00427272,page_view,2024-03-03 15:37:24.434046366,4.0.0,"{""stage_rank"":0}"
evt-00235556,sess-00138487,page_view,2025-04-29 17:16:05.434320707,,"{""stage_rank"":0}"
evt-00954190,sess-00561064,checkout,2026-05-27 16:04:21.092043781,,"{""stage_rank"":2}"
evt-00649737,sess-00381905,page_view,2025-07-03 01:09:47.561476544,4.3.0,"{""stage_rank"":0}"
evt-00238678,sess-00140325,add_to_cart,2023-05-07 21:22:46.003977570,,"{""stage_rank"":1}"
evt-00937697,sess-00551332,page_view,2023-05-29 16:21:25.721800147,,"{""stage_rank"":0}"
evt-00359366,sess-00211163,page_view,2025-02-05 00:14:23.175760645,4.3.0,"{""stage_rank"":0}"
evt-00658685,sess-00387151,page_view,2026-02-14 18:07:57.487719898,4.4.0,"{""stage_rank"":0}"
evt-01595907,sess-00937815,page_view,2025-02-14 19:34:30.297776923,,"{""stage_rank"":0}"
evt-01133068,sess-00665954,page_view,2023-10-24 19:39:55.922075490,,"{""stage_rank"":0}"
evt-00578267,sess-00339713,checkout,2025-08-30 19:52:35.185794282,,"{""stage_rank"":2}"
evt-01454470,sess-00854650,page_view,2023-02-20 18:25:39.903214155,,"{""stage_rank"":0}"
evt-00658504,sess-00387049,page_view,2025-11-30 20:51:12.177447277,4.4.0,"{""stage_rank"":0}"
evt-01634783,sess-00960778,checkout,2024-07-09 20:39:35.100993441,,"{""stage_rank"":2}"
evt-01484339,sess-00872162,page_view,2025-09-18 21:08:55.129978656,,"{""stage_rank"":0}"
evt-01220108,sess-00717037,page_view,2025-08-26 15:22:09.712661244,,"{""stage_rank"":0}"
evt-00365413,sess-00214750,add_to_cart,2023-07-07 04:37:26.518065217,,"{""stage_rank"":1}"
evt-00820579,sess-00482245,page_view,2025-03-12 17:33:43.315649045,,"{""stage_rank"":0}"
evt-00517286,sess-00304048,add_to_cart,2023-03-02 17:59:52.407957444,3.8.0,"{""stage_rank"":1}"
evt-00981104,sess-00576976,checkout,2025-10-30 15:23:00.031447068,,"{""stage_rank"":2}"
evt-00473632,sess-00278456,page_view,2026-04-18 22:41:32.671596935,,"{""stage_rank"":0}"
evt-00248808,sess-00146310,add_to_cart,2023-07-21 16:26:53.010457360,,"{""stage_rank"":1}"
evt-01185082,sess-00696540,page_view,2024-06-15 02:01:44.514408774,,"{""stage_rank"":0}"
evt-00748487,sess-00439893,add_to_cart,2026-03-19 23:08:44.916589831,4.4.0,"{""stage_rank"":1}"
evt-01624446,sess-00954690,page_view,2023-02-23 19:50:25.373897758,,"{""stage_rank"":0}"
evt-00268922,sess-00158041,page_view,2025-09-07 14:39:10.262872547,,"{""stage_rank"":0}"
evt-00033200,sess-00019497,page_view,2025-12-06 19:33:30.030668497,4.4.0,"{""stage_rank"":0}"
evt-01614481,sess-00948762,add_to_cart,2025-02-22 12:45:13.589438277,4.3.0,"{""stage_rank"":1}"
evt-01045842,sess-00614800,page_view,2026-02-13 23:06:50.680807730,4.4.0,"{""stage_rank"":0}"
evt-01627833,sess-00956692,page_view,2023-03-16 20:41:09.203960710,3.8.0,"{""stage_rank"":0}"
evt-00166232,sess-00097588,page_view,2025-03-07 19:54:20.697357206,,"{""stage_rank"":0}"
evt-00107309,sess-00062978,add_to_cart,2024-12-17 00:46:19.887905977,4.2.0,"{""stage_rank"":1}"
evt-00004284,sess-00002561,add_to_cart,2026-03-30 13:39:52.113339290,4.4.0,"{""stage_rank"":1}"
evt-00460451,sess-00270743,add_to_cart,2023-03-25 14:46:02.233952045,,"{""stage_rank"":1}"
evt-01287366,sess-00756600,page_view,2024-11-30 16:42:06.712396974,4.2.0,"{""stage_rank"":0}"
evt-00027581,sess-00016230,page_view,2023-05-01 17:16:13.972040699,3.8.0,"{""stage_rank"":0}"
evt-00854683,sess-00502391,page_view,2026-05-03 17:24:30.981314473,,"{""stage_rank"":0}"
evt-01404265,sess-00825214,purchase,2024-10-18 19:05:38.994886588,4.1.0,"{""stage_rank"":3}"
evt-00779545,sess-00458141,add_to_cart,2023-04-12 00:36:45.158581087,,"{""stage_rank"":1}"
evt-01364393,sess-00801779,checkout,2023-05-13 02:12:30.873423540,,"{""stage_rank"":2}"
evt-01304129,sess-00766495,page_view,2023-05-17 18:41:34.513536914,3.8.0,"{""stage_rank"":0}"
evt-01238942,sess-00728131,page_view,2026-01-07 16:27:07.229387198,4.4.0,"{""stage_rank"":0}"
evt-01599466,sess-00939914,page_view,2024-07-29 13:00:23.745333634,4.0.0,"{""stage_rank"":0}"
evt-01195960,sess-00702907,page_view,2025-09-22 16:59:41.992819779,,"{""stage_rank"":0}"
evt-00004012,sess-00002396,page_view,2026-02-05 00:18:04.830477033,4.4.0,"{""stage_rank"":0}"
evt-01501054,sess-00881978,purchase,2025-07-09 14:16:52.766567751,,"{""stage_rank"":3}"
evt-00646171,sess-00379772,add_to_cart,2025-08-23 20:15:56.963941099,4.4.0,"{""stage_rank"":1}"
evt-00776215,sess-00456177,add_to_cart,2025-10-14 18:24:15.969823652,4.4.0,"{""stage_rank"":1}"
evt-00758412,sess-00445736,page_view,2023-01-27 23:40:19.066566599,3.8.0,"{""stage_rank"":0}"
evt-01663590,sess-00977618,checkout,2025-08-23 22:27:08.135284032,,"{""stage_rank"":2}"
evt-01359258,sess-00798742,add_to_cart,2024-05-30 19:41:48.368169719,4.0.0,"{""stage_rank"":1}"
evt-01248982,sess-00734087,page_view,2025-08-06 01:29:13.115702107,,"{""stage_rank"":0}"
evt-00715700,sess-00420596,checkout,2024-06-02 21:29:43.375140449,4.0.0,"{""stage_rank"":2}"
evt-00527538,sess-00310005,add_to_cart,2025-02-07 21:59:33.831596406,,"{""stage_rank"":1}"
evt-00503936,sess-00296257,page_view,2024-05-25 16:39:40.418785621,,"{""stage_rank"":0}"
evt-00745243,sess-00437994,page_view,2023-09-26 00:02:42.563735193,3.8.0,"{""stage_rank"":0}"
evt-00644443,sess-00378734,page_view,2023-08-02 22:05:12.095373055,,"{""stage_rank"":0}"
evt-01193815,sess-00701673,page_view,2024-04-14 23:26:02.457337862,4.0.0,"{""stage_rank"":0}"
evt-01145604,sess-00673370,page_view,2025-08-12 22:00:01.236363581,,"{""stage_rank"":0}"
evt-00540607,sess-00317663,add_to_cart,2025-01-05 23:10:17.302603121,,"{""stage_rank"":1}"
evt-01488878,sess-00874824,page_view,2025-09-07 18:21:26.080857429,4.4.0,"{""stage_rank"":0}"
evt-01606978,sess-00944301,page_view,2025-10-05 15:07:22.578982587,4.4.0,"{""stage_rank"":0}"
evt-01311053,sess-00770505,add_to_cart,2025-08-18 21:02:39.615658947,4.4.0,"{""stage_rank"":1}"
evt-01141460,sess-00670921,page_view,2026-06-28 22:00:32.601384516,4.4.0,"{""stage_rank"":0}"
evt-00562677,sess-00330566,page_view,2025-12-09 14:06:45.234835646,4.4.0,"{""stage_rank"":0}"
evt-00951621,sess-00559567,add_to_cart,2025-03-17 21:06:45.806723936,,"{""stage_rank"":1}"
evt-00985872,sess-00579796,page_view,2023-04-19 01:54:42.833948689,,"{""stage_rank"":0}"
evt-01291272,sess-00758926,page_view,2026-03-14 22:39:56.355721100,4.4.0,"{""stage_rank"":0}"
evt-00947537,sess-00557156,add_to_cart,2025-01-22 19:45:20.941168909,,"{""stage_rank"":1}"
evt-00661557,sess-00388808,page_view,2023-08-18 21:21:26.799352994,3.8.0,"{""stage_rank"":0}"
evt-00876112,sess-00514989,page_view,2024-08-28 18:36:11.338845510,4.1.0,"{""stage_rank"":0}"
evt-00022253,sess-00013137,checkout,2026-05-12 17:11:06.815308894,,"{""stage_rank"":2}"
evt-00731686,sess-00429999,add_to_cart,2025-09-30 21:06:52.660353934,,"{""stage_rank"":1}"
evt-00856061,sess-00503189,checkout,2023-05-19 22:15:25.548219487,,"{""stage_rank"":2}"
evt-00510607,sess-00300139,page_view,2024-05-02 18:05:31.826630223,,"{""stage_rank"":0}"
evt-01290099,sess-00758210,add_to_cart,2024-03-02 01:01:51.100546332,4.0.0,"{""stage_rank"":1}"
evt-01117115,sess-00656619,checkout,2024-06-15 18:49:35.653773213,,"{""stage_rank"":2}"
evt-00216174,sess-00126962,page_view,2024-10-19 18:03:30.319724554,,"{""stage_rank"":0}"
evt-00914615,sess-00537722,add_to_cart,2025-07-02 23:29:03.610498942,4.3.0,"{""stage_rank"":1}"
evt-01605845,sess-00943632,page_view,2023-01-31 20:40:59.857707392,,"{""stage_rank"":0}"
evt-01338184,sess-00786370,add_to_cart,2023-01-19 12:14:04.999328718,3.8.0,"{""stage_rank"":1}"
evt-00615813,sess-00361767,page_view,2024-03-13 17:05:55.332120357,4.0.0,"{""stage_rank"":0}"
evt-00899318,sess-00528647,page_view,2024-12-24 01:40:26.392732392,,"{""stage_rank"":0}"
evt-00820254,sess-00482066,purchase,2025-07-30 00:40:01.280718901,4.3.0,"{""stage_rank"":3}"
evt-01094994,sess-00643652,page_view,2024-02-12 19:02:27.629202148,,"{""stage_rank"":0}"
evt-00594274,sess-00349150,page_view,2023-09-01 19:44:37.766064228,3.8.0,"{""stage_rank"":0}"
evt-00334691,sess-00196715,page_view,2024-07-28 20:29:17.925723753,,"{""stage_rank"":0}"
evt-00882002,sess-00518411,add_to_cart,2025-08-11 18:18:28.358592816,,"{""stage_rank"":1}"
evt-01644298,sess-00966373,page_view,2024-11-11 17:49:34.048507378,4.2.0,"{""stage_rank"":0}"
evt-00422428,sess-00248345,add_to_cart,2025-06-03 23:00:21.958323494,4.3.0,"{""stage_rank"":1}"
evt-00093020,sess-00054649,add_to_cart,2025-01-20 15:51:36.442640716,4.2.0,"{""stage_rank"":1}"
evt-01433450,sess-00842334,page_view,2024-05-24 21:34:38.417162260,,"{""stage_rank"":0}"
evt-00681239,sess-00400366,page_view,2024-04-08 02:24:15.495065495,4.0.0,"{""stage_rank"":0}"
evt-01470010,sess-00863754,page_view,2024-01-20 21:17:16.675879251,,"{""stage_rank"":0}"
evt-00927775,sess-00545468,page_view,2024-12-07 12:27:59.839919889,4.2.0,"{""stage_rank"":0}"
evt-01085608,sess-00638139,page_view,2023-06-04 11:40:35.788217835,,"{""stage_rank"":0}"
evt-00582487,sess-00342220,page_view,2023-07-19 13:51:08.216076532,3.8.0,"{""stage_rank"":0}"
evt-01203991,sess-00707598,add_to_cart,2023-07-25 17:54:37.144691588,3.8.0,"{""stage_rank"":1}"
evt-01073726,sess-00631161,add_to_cart,2026-06-11 18:07:14.454562051,4.4.0,"{""stage_rank"":1}"
evt-01028484,sess-00604584,page_view,2024-09-27 01:00:47.778699373,,"{""stage_rank"":0}"
evt-00470705,sess-00276744,page_view,2024-09-26 18:33:25.763788080,4.1.0,"{""stage_rank"":0}"
evt-01586518,sess-00932261,add_to_cart,2023-11-13 19:34:35.205961280,3.8.0,"{""stage_rank"":1}"
evt-00851166,sess-00500311,page_view,2023-07-05 16:52:46.879936604,,"{""stage_rank"":0}"
evt-01668637,sess-00980549,page_view,2023-04-24 02:34:37.200643483,,"{""stage_rank"":0}"
evt-00653084,sess-00383866,checkout,2025-11-28 19:42:31.165490654,4.4.0,"{""stage_rank"":2}"
evt-00584883,sess-00343630,page_view,2024-10-09 00:42:57.179213246,,"{""stage_rank"":0}"
evt-01574191,sess-00925003,add_to_cart,2023-01-26 16:32:44.741581097,,"{""stage_rank"":1}"
evt-00764068,sess-00449063,purchase,2024-08-02 19:37:53.453023146,4.1.0,"{""stage_rank"":3}"
evt-00312372,sess-00183533,add_to_cart,2024-05-24 19:53:40.248420878,,"{""stage_rank"":1}"
evt-01200493,sess-00705582,add_to_cart,2025-11-11 00:27:35.640877136,4.4.0,"{""stage_rank"":1}"
evt-00041619,sess-00024434,page_view,2024-05-17 21:56:19.769337799,,"{""stage_rank"":0}"
evt-00461731,sess-00271490,add_to_cart,2023-03-07 21:27:32.958513683,,"{""stage_rank"":1}"
evt-00653139,sess-00383899,page_view,2025-03-17 19:57:41.359840102,4.3.0,"{""stage_rank"":0}"
evt-00103394,sess-00060706,page_view,2024-01-17 17:06:04.031775435,,"{""stage_rank"":0}"
evt-00756334,sess-00444507,page_view,2023-12-11 22:15:02.324419189,3.8.0,"{""stage_rank"":0}"
evt-01591529,sess-00935244,checkout,2023-01-03 16:20:30.789532427,3.8.0,"{""stage_rank"":2}"
evt-00908839,sess-00534292,checkout,2024-01-13 18:01:23.671467145,3.8.0,"{""stage_rank"":2}"
evt-01343545,sess-00789521,page_view,2023-06-09 21:35:22.676130280,,"{""stage_rank"":0}"
evt-00915061,sess-00537978,add_to_cart,2023-02-12 17:34:21.163452638,3.8.0,"{""stage_rank"":1}"
evt-00224494,sess-00131901,page_view,2025-12-26 19:58:14.844291897,,"{""stage_rank"":0}"
evt-00681255,sess-00400376,page_view,2023-07-15 00:58:17.007262094,3.8.0,"{""stage_rank"":0}"
evt-01696680,sess-00996976,page_view,2026-06-18 00:43:06.446918241,,"{""stage_rank"":0}"
evt-00596026,sess-00350166,page_view,2023-02-25 21:17:02.279189961,,"{""stage_rank"":0}"
evt-00118284,sess-00069361,page_view,2024-03-12 00:41:19.528485880,4.0.0,"{""stage_rank"":0}"
evt-00374382,sess-00220079,add_to_cart,2023-09-08 18:04:57.918724310,,"{""stage_rank"":1}"
evt-00752893,sess-00442498,add_to_cart,2025-05-24 18:13:15.921671354,4.3.0,"{""stage_rank"":1}"
evt-00337952,sess-00198627,add_to_cart,2023-07-23 19:23:08.002449739,3.8.0,"{""stage_rank"":1}"
evt-00249683,sess-00146800,add_to_cart,2024-07-14 04:12:34.109593867,4.0.0,"{""stage_rank"":1}"
evt-01215986,sess-00714622,page_view,2025-05-11 18:39:19.667550908,4.3.0,"{""stage_rank"":0}"
evt-00376673,sess-00221413,page_view,2025-06-30 23:55:39.465398326,,"{""stage_rank"":0}"
evt-00784404,sess-00461011,add_to_cart,2023-12-29 21:31:43.648298106,,"{""stage_rank"":1}"
evt-00078337,sess-00046041,add_to_cart,2024-12-27 23:55:30.121501207,4.2.0,"{""stage_rank"":1}"
evt-01044718,sess-00614148,add_to_cart,2023-08-24 19:15:56.175199126,,"{""stage_rank"":1}"
evt-01271916,sess-00747517,page_view,2024-12-18 02:33:28.051022805,4.2.0,"{""stage_rank"":0}"
evt-01317579,sess-00774335,page_view,2025-08-22 23:14:45.603690436,,"{""stage_rank"":0}"
evt-01273706,sess-00748564,add_to_cart,2023-06-04 00:52:12.729476184,3.8.0,"{""stage_rank"":1}"
evt-00129218,sess-00075809,add_to_cart,2026-02-09 16:40:54.510782982,,"{""stage_rank"":1}"
evt-00175457,sess-00103006,checkout,2026-01-05 19:27:02.965063365,4.4.0,"{""stage_rank"":2}"
evt-00135055,sess-00079215,add_to_cart,2023-11-25 00:00:34.592643556,3.8.0,"{""stage_rank"":1}"
evt-00844293,sess-00496269,page_view,2025-07-19 22:19:15.279062735,4.3.0,"{""stage_rank"":0}"
evt-00290399,sess-00170600,add_to_cart,2023-11-05 16:58:05.023538116,3.8.0,"{""stage_rank"":1}"
evt-00078915,sess-00046390,page_view,2025-06-29 18:38:37.915445343,4.3.0,"{""stage_rank"":0}"
evt-00226667,sess-00133194,page_view,2026-01-27 09:40:32.331761465,4.4.0,"{""stage_rank"":0}"
evt-01190462,sess-00699701,page_view,2024-07-01 19:57:31.150221676,4.0.0,"{""stage_rank"":0}"
evt-00728391,sess-00428062,add_to_cart,2023-11-23 16:41:28.564442444,,"{""stage_rank"":1}"
evt-00560200,sess-00329134,page_view,2025-05-22 18:59:51.388324296,,"{""stage_rank"":0}"
evt-01420300,sess-00834622,add_to_cart,2023-08-06 18:27:49.488961722,,"{""stage_rank"":1}"
evt-00212456,sess-00124745,page_view,2024-04-28 22:56:19.397417333,,"{""stage_rank"":0}"
evt-01225436,sess-00720199,add_to_cart,2023-06-16 21:21:50.321559800,3.8.0,"{""stage_rank"":1}"
evt-01448035,sess-00850904,checkout,2023-07-23 19:41:50.689965535,3.8.0,"{""stage_rank"":2}"
evt-01115155,sess-00655488,add_to_cart,2024-08-20 16:48:34.643180713,4.1.0,"{""stage_rank"":1}"
evt-01680083,sess-00987222,page_view,2025-06-02 03:04:59.892234505,4.3.0,"{""stage_rank"":0}"
evt-00186434,sess-00109481,page_view,2026-02-02 21:45:18.035047433,4.4.0,"{""stage_rank"":0}"
evt-00038399,sess-00022553,add_to_cart,2023-07-26 20:54:07.418719006,,"{""stage_rank"":1}"
evt-00658204,sess-00386871,page_view,2024-08-04 15:05:12.527067352,,"{""stage_rank"":0}"
evt-00379067,sess-00222827,page_view,2024-01-26 15:24:13.809794555,3.8.0,"{""stage_rank"":0}"
evt-00942463,sess-00554158,checkout,2025-02-15 16:56:13.321038170,4.3.0,"{""stage_rank"":2}"
evt-01232520,sess-00724367,page_view,2024-11-23 18:03:56.045377100,,"{""stage_rank"":0}"
evt-01026645,sess-00603526,add_to_cart,2025-01-12 18:42:42.795836389,4.2.0,"{""stage_rank"":1}"
evt-00789372,sess-00463947,page_view,2025-02-24 21:24:04.082889561,,"{""stage_rank"":0}"
evt-01171134,sess-00688373,page_view,2026-05-22 21:34:00.555413250,4.4.0,"{""stage_rank"":0}"
evt-01397282,sess-00821090,add_to_cart,2026-02-13 21:01:50.591789336,,"{""stage_rank"":1}"
evt-01341008,sess-00788008,page_view,2025-07-11 16:49:35.198983094,,"{""stage_rank"":0}"
evt-00138792,sess-00081459,page_view,2026-05-09 23:20:40.973036816,,"{""stage_rank"":0}"
evt-01032145,sess-00606750,page_view,2023-08-19 22:38:38.351252942,,"{""stage_rank"":0}"
evt-00397718,sess-00233797,checkout,2025-05-08 00:41:44.645860986,4.3.0,"{""stage_rank"":2}"
evt-00688112,sess-00404447,page_view,2026-05-01 19:18:04.134671780,,"{""stage_rank"":0}"
evt-01224747,sess-00719803,add_to_cart,2023-11-27 00:31:29.954066818,3.8.0,"{""stage_rank"":1}"
evt-00022906,sess-00013506,page_view,2025-05-11 00:33:58.577694177,4.3.0,"{""stage_rank"":0}"
evt-00020382,sess-00012050,page_view,2023-02-08 14:41:24.369867573,,"{""stage_rank"":0}"
evt-01258510,sess-00739689,page_view,2024-04-16 01:10:29.531353463,,"{""stage_rank"":0}"
evt-00180773,sess-00106135,page_view,2025-01-04 17:52:42.922174207,,"{""stage_rank"":0}"
evt-01622330,sess-00953440,purchase,2026-03-23 23:56:10.505827042,4.4.0,"{""stage_rank"":3}"
evt-01167974,sess-00686493,page_view,2024-10-11 22:41:21.757837812,,"{""stage_rank"":0}"
evt-00577951,sess-00339524,checkout,2023-08-20 14:58:13.282088562,3.8.0,"{""stage_rank"":2}"
evt-01424408,sess-00837065,page_view,2023-09-17 17:13:55.373577186,3.8.0,"{""stage_rank"":0}"
evt-00431655,sess-00253724,page_view,2024-01-17 17:00:31.428840844,,"{""stage_rank"":0}"
evt-00240134,sess-00141178,page_view,2025-01-21 01:48:46.671567422,,"{""stage_rank"":0}"
evt-01329875,sess-00781546,page_view,2025-08-21 13:28:08.669806884,4.4.0,"{""stage_rank"":0}"
evt-00643900,sess-00378406,page_view,2023-01-28 17:53:57.668169774,3.8.0,"{""stage_rank"":0}"
evt-01689612,sess-00992805,page_view,2023-11-29 00:12:56.036254783,,"{""stage_rank"":0}"
evt-00912999,sess-00536780,page_view,2026-03-23 21:51:56.070950163,4.4.0,"{""stage_rank"":0}"
evt-00749932,sess-00440751,page_view,2024-08-05 15:45:25.008398096,4.1.0,"{""stage_rank"":0}"
evt-00698752,sess-00410721,page_view,2025-11-07 21:01:29.494101607,,"{""stage_rank"":0}"
evt-01408652,sess-00827799,add_to_cart,2023-07-12 21:04:53.036730849,3.8.0,"{""stage_rank"":1}"
evt-00643856,sess-00378381,checkout,2024-11-05 17:42:21.825002476,,"{""stage_rank"":2}"
evt-00764807,sess-00449510,checkout,2025-06-13 19:44:32.079437761,,"{""stage_rank"":2}"
evt-01542839,sess-00906612,page_view,2025-11-15 14:54:02.846275295,,"{""stage_rank"":0}"
evt-00797764,sess-00468857,add_to_cart,2024-07-09 00:37:30.133558942,4.0.0,"{""stage_rank"":1}"
evt-01385609,sess-00814186,page_view,2025-02-14 20:00:45.969613647,,"{""stage_rank"":0}"
evt-01230366,sess-00723107,page_view,2024-12-22 22:06:19.091942404,,"{""stage_rank"":0}"
evt-01273523,sess-00748446,page_view,2024-07-21 18:50:49.694000561,4.0.0,"{""stage_rank"":0}"
evt-00168243,sess-00098766,page_view,2023-08-25 21:06:35.149687912,3.8.0,"{""stage_rank"":0}"
evt-00174763,sess-00102604,purchase,2025-04-04 17:01:47.252121755,4.3.0,"{""stage_rank"":3}"
evt-00421249,sess-00247656,add_to_cart,2025-03-29 01:37:35.579931211,4.3.0,"{""stage_rank"":1}"
evt-00893094,sess-00524936,page_view,2024-10-16 17:38:59.553953632,4.1.0,"{""stage_rank"":0}"
evt-00626136,sess-00367822,page_view,2024-02-16 17:19:04.950850022,4.0.0,"{""stage_rank"":0}"
evt-01176937,sess-00691790,add_to_cart,2025-10-09 23:20:52.039090698,,"{""stage_rank"":1}"
evt-00971982,sess-00571547,page_view,2023-11-27 16:50:47.336946837,,"{""stage_rank"":0}"
evt-00051010,sess-00029922,add_to_cart,2023-01-17 17:17:14.276152496,,"{""stage_rank"":1}"
evt-00607873,sess-00357131,page_view,2025-04-19 00:01:51.362786192,,"{""stage_rank"":0}"
evt-00066685,sess-00039164,page_view,2023-11-21 18:18:27.030493270,3.8.0,"{""stage_rank"":0}"
evt-00129567,sess-00076019,add_to_cart,2025-02-15 15:46:18.925764742,,"{""stage_rank"":1}"
evt-01657638,sess-00974165,page_view,2023-05-26 19:20:32.961643577,,"{""stage_rank"":0}"
evt-01185699,sess-00696897,page_view,2024-09-09 19:19:35.635405847,4.1.0,"{""stage_rank"":0}"
evt-00803817,sess-00472428,add_to_cart,2026-06-25 17:24:51.774895546,,"{""stage_rank"":1}"
evt-00477736,sess-00280898,checkout,2023-07-02 19:48:49.730300364,,"{""stage_rank"":2}"
evt-00177049,sess-00103938,page_view,2025-03-09 23:52:21.498907885,4.3.0,"{""stage_rank"":0}"
evt-00505822,sess-00297349,add_to_cart,2025-01-24 23:54:26.018534225,4.2.0,"{""stage_rank"":1}"
evt-00516029,sess-00303293,page_view,2025-12-02 17:26:08.174884349,4.4.0,"{""stage_rank"":0}"
evt-00385952,sess-00226856,page_view,2025-10-04 02:18:39.258660125,4.4.0,"{""stage_rank"":0}"
evt-01017629,sess-00598256,page_view,2023-06-27 22:55:27.324460269,,"{""stage_rank"":0}"
evt-01235337,sess-00726036,page_view,2024-09-03 17:13:03.576815953,,"{""stage_rank"":0}"
evt-01436920,sess-00844373,add_to_cart,2025-04-27 18:31:50.865897202,4.3.0,"{""stage_rank"":1}"
evt-01611591,sess-00947044,page_view,2023-11-04 14:59:32.209480053,,"{""stage_rank"":0}"
evt-01259992,sess-00740551,page_view,2023-09-06 21:42:47.894745676,,"{""stage_rank"":0}"
evt-01015689,sess-00597100,checkout,2025-07-06 11:04:52.744518686,,"{""stage_rank"":2}"
evt-01179931,sess-00693510,checkout,2024-08-05 21:51:20.150945769,4.1.0,"{""stage_rank"":2}"
evt-01540098,sess-00905011,add_to_cart,2026-04-09 21:34:43.127975183,,"{""stage_rank"":1}"
evt-01604974,sess-00943121,page_view,2026-04-12 20:56:03.263294499,4.4.0,"{""stage_rank"":0}"
evt-00777902,sess-00457178,add_to_cart,2025-08-20 15:36:15.792780378,,"{""stage_rank"":1}"
evt-01299554,sess-00763820,page_view,2025-07-18 03:59:30.863436949,4.3.0,"{""stage_rank"":0}"
evt-00880324,sess-00517425,add_to_cart,2025-02-25 19:50:03.178560234,,"{""stage_rank"":1}"
evt-00127690,sess-00074905,page_view,2023-03-28 14:24:10.089167389,,"{""stage_rank"":0}"
evt-01050735,sess-00617670,add_to_cart,2024-02-10 23:27:46.757433483,,"{""stage_rank"":1}"
evt-01340837,sess-00787903,add_to_cart,2026-06-11 16:45:15.614227474,4.4.0,"{""stage_rank"":1}"
evt-00094077,sess-00055247,page_view,2024-05-24 20:28:54.130372267,4.0.0,"{""stage_rank"":0}"
evt-01675275,sess-00984430,page_view,2023-01-18 22:03:03.390194857,3.8.0,"{""stage_rank"":0}"
evt-01554269,sess-00913357,page_view,2026-05-25 18:51:55.384773949,4.4.0,"{""stage_rank"":0}"
evt-01373754,sess-00807226,page_view,2024-12-27 15:46:19.807766579,4.2.0,"{""stage_rank"":0}"
evt-01149849,sess-00675854,checkout,2023-01-28 20:34:40.460368350,,"{""stage_rank"":2}"
evt-00565266,sess-00332088,add_to_cart,2023-11-22 17:34:03.790485717,,"{""stage_rank"":1}"
evt-00003135,sess-00001870,page_view,2026-01-26 16:15:16.378899400,4.4.0,"{""stage_rank"":0}"
evt-00664660,sess-00390645,page_view,2025-01-02 19:46:30.245296594,,"{""stage_rank"":0}"
evt-00381450,sess-00224215,page_view,2025-01-17 22:01:04.958076838,4.2.0,"{""stage_rank"":0}"
evt-00425859,sess-00250331,page_view,2025-11-29 16:24:45.907038754,,"{""stage_rank"":0}"
evt-01239565,sess-00728493,page_view,2023-08-17 19:50:06.591278169,3.8.0,"{""stage_rank"":0}"
evt-00166483,sess-00097726,checkout,2025-02-23 23:36:28.849000395,4.3.0,"{""stage_rank"":2}"
evt-01039478,sess-00611048,page_view,2024-12-25 22:50:05.476721153,4.2.0,"{""stage_rank"":0}"
evt-00164311,sess-00096489,add_to_cart,2026-04-28 16:11:48.192479990,,"{""stage_rank"":1}"
evt-00024076,sess-00014171,add_to_cart,2026-03-03 23:21:34.935091674,4.4.0,"{""stage_rank"":1}"
evt-00955200,sess-00561656,page_view,2023-07-31 14:01:16.250296378,3.8.0,"{""stage_rank"":0}"
evt-01675945,sess-00984819,page_view,2023-10-26 12:18:26.506161980,3.8.0,"{""stage_rank"":0}"
evt-00150183,sess-00088154,page_view,2024-05-24 21:29:15.741708650,,"{""stage_rank"":0}"
evt-01548138,sess-00909741,checkout,2024-01-20 20:47:32.767297094,3.8.0,"{""stage_rank"":2}"
evt-00835639,sess-00491155,page_view,2026-02-07 04:48:38.731738901,4.4.0,"{""stage_rank"":0}"
evt-01405917,sess-00826159,add_to_cart,2024-03-07 23:47:07.481148332,4.0.0,"{""stage_rank"":1}"
evt-01501838,sess-00882454,add_to_cart,2025-06-19 16:15:40.855320071,,"{""stage_rank"":1}"
evt-00323163,sess-00189912,page_view,2023-03-21 17:22:41.926104044,3.8.0,"{""stage_rank"":0}"
evt-01272883,sess-00748067,page_view,2025-05-31 20:35:36.211437092,4.3.0,"{""stage_rank"":0}"
evt-00660138,sess-00387992,page_view,2026-04-28 22:13:58.870549808,4.4.0,"{""stage_rank"":0}"
evt-01131746,sess-00665211,add_to_cart,2026-03-02 13:40:50.852755394,,"{""stage_rank"":1}"
evt-00982530,sess-00577831,page_view,2025-10-19 01:42:14.782655141,,"{""stage_rank"":0}"
evt-00147595,sess-00086648,page_view,2024-01-01 19:31:40.067409110,3.8.0,"{""stage_rank"":0}"
evt-00018754,sess-00011097,add_to_cart,2024-01-25 01:35:18.010300435,3.8.0,"{""stage_rank"":1}"
evt-00470294,sess-00276496,checkout,2024-01-16 18:51:34.134631516,3.8.0,"{""stage_rank"":2}"
evt-00954755,sess-00561392,add_to_cart,2026-06-27 19:26:04.615996878,,"{""stage_rank"":1}"
evt-00444879,sess-00261512,page_view,2025-05-21 17:36:24.687366348,4.3.0,"{""stage_rank"":0}"
evt-00176023,sess-00103344,page_view,2025-03-27 14:35:44.540507123,,"{""stage_rank"":0}"
evt-01321166,sess-00776468,page_view,2023-05-08 19:18:56.982474236,3.8.0,"{""stage_rank"":0}"
evt-00013397,sess-00007941,page_view,2025-12-21 21:31:25.720333282,,"{""stage_rank"":0}"
evt-01215294,sess-00714185,checkout,2024-10-22 23:55:57.613243190,4.1.0,"{""stage_rank"":2}"
evt-01031000,sess-00606072,page_view,2024-04-14 18:43:29.778082520,4.0.0,"{""stage_rank"":0}"
evt-01244129,sess-00731188,page_view,2023-02-08 14:40:56.317641775,,"{""stage_rank"":0}"
evt-00356231,sess-00209316,add_to_cart,2023-02-09 22:56:35.610871073,3.8.0,"{""stage_rank"":1}"
evt-01595110,sess-00937355,page_view,2025-03-31 05:45:30.459367299,,"{""stage_rank"":0}"
evt-01051886,sess-00618343,add_to_cart,2023-09-19 21:33:01.242735824,3.8.0,"{""stage_rank"":1}"
evt-01339763,sess-00787282,add_to_cart,2024-08-21 19:03:32.678512880,4.1.0,"{""stage_rank"":1}"
evt-01536790,sess-00903034,page_view,2026-06-14 20:37:04.511756001,4.4.0,"{""stage_rank"":0}"
evt-00992763,sess-00583801,add_to_cart,2023-08-07 18:04:26.599643895,,"{""stage_rank"":1}"
evt-01699547,sess-00998637,page_view,2026-04-10 22:20:28.106406054,4.4.0,"{""stage_rank"":0}"
evt-00043660,sess-00025620,page_view,2025-08-14 17:47:25.508126845,,"{""stage_rank"":0}"
evt-00753428,sess-00442810,page_view,2026-05-26 22:01:22.398099222,,"{""stage_rank"":0}"
evt-01099661,sess-00646415,checkout,2026-04-06 15:00:12.667289309,,"{""stage_rank"":2}"
evt-01671743,sess-00982364,purchase,2024-10-11 16:18:34.330461716,4.1.0,"{""stage_rank"":3}"
evt-00928951,sess-00546173,page_view,2023-08-28 01:16:49.472957227,3.8.0,"{""stage_rank"":0}"
evt-00475118,sess-00279345,page_view,2023-07-01 15:16:41.695379047,3.8.0,"{""stage_rank"":0}"
evt-01413923,sess-00830880,add_to_cart,2025-11-25 18:50:04.727234379,4.4.0,"{""stage_rank"":1}"
evt-00814190,sess-00478508,page_view,2025-01-30 12:28:23.137930309,4.2.0,"{""stage_rank"":0}"
evt-00162472,sess-00095398,add_to_cart,2023-08-24 14:06:10.749769887,,"{""stage_rank"":1}"
evt-00657375,sess-00386375,page_view,2025-01-16 20:54:20.452569437,4.2.0,"{""stage_rank"":0}"
evt-01516579,sess-00891162,add_to_cart,2024-07-15 19:14:50.888174293,4.0.0,"{""stage_rank"":1}"
evt-00504740,sess-00296728,checkout,2025-03-06 23:19:12.378071845,,"{""stage_rank"":2}"
evt-00161306,sess-00094692,add_to_cart,2024-07-22 02:28:49.606511382,4.0.0,"{""stage_rank"":1}"
evt-00096097,sess-00056433,checkout,2024-08-11 23:11:26.108049754,4.1.0,"{""stage_rank"":2}"
evt-01499854,sess-00881256,checkout,2025-03-31 19:04:18.056598334,4.3.0,"{""stage_rank"":2}"
evt-00240281,sess-00141266,page_view,2024-10-09 05:03:19.059107040,,"{""stage_rank"":0}"
evt-01661407,sess-00976352,page_view,2025-09-16 15:44:00.079847192,,"{""stage_rank"":0}"
evt-00245879,sess-00144552,checkout,2023-02-08 21:50:11.503755116,,"{""stage_rank"":2}"
evt-00756365,sess-00444524,checkout,2023-05-18 22:18:55.884561130,3.8.0,"{""stage_rank"":2}"
evt-01346978,sess-00791534,add_to_cart,2025-05-19 19:00:37.897561129,4.3.0,"{""stage_rank"":1}"
evt-00461745,sess-00271499,page_view,2024-01-30 21:28:34.530786441,,"{""stage_rank"":0}"
evt-01126020,sess-00661830,page_view,2026-03-02 12:06:06.927312333,,"{""stage_rank"":0}"
evt-00368487,sess-00216585,page_view,2025-11-08 22:41:53.548433304,,"{""stage_rank"":0}"
evt-01692137,sess-00994292,page_view,2023-07-27 05:49:01.454669835,3.8.0,"{""stage_rank"":0}"
evt-00272907,sess-00160366,add_to_cart,2024-02-03 22:32:33.123308340,4.0.0,"{""stage_rank"":1}"
evt-00219085,sess-00128669,page_view,2023-04-07 19:26:25.287949796,3.8.0,"{""stage_rank"":0}"
evt-00229445,sess-00134826,add_to_cart,2026-03-19 20:03:43.527573082,4.4.0,"{""stage_rank"":1}"
evt-01541881,sess-00906057,add_to_cart,2023-03-16 02:28:55.549226792,,"{""stage_rank"":1}"
evt-00207635,sess-00121953,checkout,2024-12-08 22:16:22.945029967,,"{""stage_rank"":2}"
evt-01559846,sess-00916595,add_to_cart,2026-03-10 21:40:02.698704719,4.4.0,"{""stage_rank"":1}"
evt-01244448,sess-00731381,page_view,2023-07-14 22:16:31.852277686,,"{""stage_rank"":0}"
evt-01277111,sess-00750585,page_view,2024-09-27 13:46:55.409022374,,"{""stage_rank"":0}"
evt-01055301,sess-00620384,page_view,2024-07-20 21:31:34.010822748,4.0.0,"{""stage_rank"":0}"
evt-00925343,sess-00544034,page_view,2024-02-15 16:24:20.243655797,,"{""stage_rank"":0}"
evt-00476900,sess-00280388,page_view,2025-02-15 22:35:48.881659417,,"{""stage_rank"":0}"
evt-01287703,sess-00756814,page_view,2025-08-30 22:57:16.095424138,4.4.0,"{""stage_rank"":0}"
evt-01608018,sess-00944912,page_view,2026-04-21 19:21:45.819865539,,"{""stage_rank"":0}"
evt-00605068,sess-00355501,page_view,2024-07-26 19:50:39.836778024,4.0.0,"{""stage_rank"":0}"
evt-01560447,sess-00916958,checkout,2025-12-18 22:06:54.986715272,,"{""stage_rank"":2}"
evt-01137771,sess-00668743,page_view,2023-10-04 17:10:55.330898691,3.8.0,"{""stage_rank"":0}"
evt-01574395,sess-00925126,page_view,2024-12-22 23:53:02.541505082,,"{""stage_rank"":0}"
evt-01557692,sess-00915351,page_view,2024-07-31 13:26:29.424369177,4.0.0,"{""stage_rank"":0}"
evt-01105641,sess-00649936,add_to_cart,2026-02-07 01:51:52.113571235,,"{""stage_rank"":1}"
evt-00677837,sess-00398403,add_to_cart,2026-01-17 15:49:05.089077193,,"{""stage_rank"":1}"
evt-01321545,sess-00776695,page_view,2023-02-11 20:16:55.291475079,3.8.0,"{""stage_rank"":0}"
evt-01300340,sess-00764273,checkout,2025-07-05 18:15:10.655255733,,"{""stage_rank"":2}"
evt-00218451,sess-00128305,page_view,2026-01-22 19:25:29.018205565,,"{""stage_rank"":0}"
evt-01560317,sess-00916879,purchase,2025-05-22 16:18:45.931667598,,"{""stage_rank"":3}"
evt-00434964,sess-00255694,page_view,2025-07-05 21:54:48.502220225,,"{""stage_rank"":0}"
evt-00515224,sess-00302801,add_to_cart,2024-05-20 02:57:19.950022364,,"{""stage_rank"":1}"
evt-00774434,sess-00455174,page_view,2025-07-26 00:47:20.099832868,4.3.0,"{""stage_rank"":0}"
evt-01001018,sess-00588554,checkout,2025-08-18 16:14:35.163097694,4.4.0,"{""stage_rank"":2}"
evt-00943632,sess-00554855,add_to_cart,2024-07-04 17:10:41.826879010,4.0.0,"{""stage_rank"":1}"
evt-00885836,sess-00520685,add_to_cart,2025-02-22 02:41:28.382307618,4.3.0,"{""stage_rank"":1}"
evt-01091431,sess-00641563,page_view,2024-02-01 23:10:30.169593165,4.0.0,"{""stage_rank"":0}"
evt-01358072,sess-00798057,page_view,2024-02-10 17:06:47.425485278,,"{""stage_rank"":0}"
evt-01509692,sess-00887111,add_to_cart,2023-10-24 01:03:23.776094056,3.8.0,"{""stage_rank"":1}"
evt-01125630,sess-00661607,page_view,2024-02-24 12:29:36.765860815,,"{""stage_rank"":0}"
evt-01593952,sess-00936674,purchase,2026-02-26 15:39:48.756251782,4.4.0,"{""stage_rank"":3}"
evt-01205081,sess-00708218,add_to_cart,2023-10-10 22:54:25.048964769,3.8.0,"{""stage_rank"":1}"
evt-01320603,sess-00776132,add_to_cart,2025-04-25 18:38:14.983100834,,"{""stage_rank"":1}"
evt-00217287,sess-00127637,page_view,2025-11-12 20:17:34.690683366,4.4.0,"{""stage_rank"":0}"
evt-00197834,sess-00116159,page_view,2025-07-25 21:08:33.992761463,4.3.0,"{""stage_rank"":0}"
evt-00473859,sess-00278587,add_to_cart,2023-12-25 18:52:56.096030632,3.8.0,"{""stage_rank"":1}"
evt-00841330,sess-00494509,page_view,2025-08-27 14:51:02.654668611,,"{""stage_rank"":0}"
evt-00115532,sess-00067769,checkout,2024-11-06 00:09:14.297978818,4.1.0,"{""stage_rank"":2}"
evt-01299494,sess-00763777,page_view,2024-01-16 01:11:58.911839693,,"{""stage_rank"":0}"
evt-00737808,sess-00433641,add_to_cart,2023-03-29 11:59:55.871862575,3.8.0,"{""stage_rank"":1}"
evt-00237020,sess-00139344,checkout,2025-01-25 15:56:46.324095694,4.2.0,"{""stage_rank"":2}"
evt-01510436,sess-00887550,purchase,2025-12-26 22:49:55.685438947,,"{""stage_rank"":3}"
evt-00449255,sess-00264111,page_view,2023-04-02 01:55:59.574569190,3.8.0,"{""stage_rank"":0}"
evt-00588133,sess-00345588,add_to_cart,2024-02-20 22:43:35.976092622,,"{""stage_rank"":1}"
evt-01592266,sess-00935682,page_view,2023-03-21 19:23:58.401989950,,"{""stage_rank"":0}"
evt-01054426,sess-00619850,add_to_cart,2025-06-09 20:32:22.514479832,,"{""stage_rank"":1}"
evt-00115642,sess-00067832,page_view,2024-05-25 19:25:32.776327137,4.0.0,"{""stage_rank"":0}"
evt-00140952,sess-00082724,page_view,2025-11-25 18:46:41.938680716,4.4.0,"{""stage_rank"":0}"
evt-00685336,sess-00402774,page_view,2025-05-14 22:02:30.757586988,,"{""stage_rank"":0}"
evt-01047138,sess-00615559,checkout,2025-09-08 04:33:13.189069754,4.4.0,"{""stage_rank"":2}"
evt-01503980,sess-00883719,page_view,2026-03-04 12:31:51.629915461,4.4.0,"{""stage_rank"":0}"
evt-00580751,sess-00341194,add_to_cart,2024-09-16 20:13:36.452787129,,"{""stage_rank"":1}"
evt-01328501,sess-00780740,add_to_cart,2025-10-17 23:06:45.404702358,,"{""stage_rank"":1}"
evt-00427256,sess-00251136,add_to_cart,2026-05-18 22:41:24.837415399,4.4.0,"{""stage_rank"":1}"
evt-01640248,sess-00964021,add_to_cart,2025-01-08 16:21:43.453548983,4.2.0,"{""stage_rank"":1}"
evt-01690093,sess-00993090,purchase,2023-05-06 22:26:34.361065941,,"{""stage_rank"":3}"
evt-01692330,sess-00994407,page_view,2026-02-02 21:18:39.742664971,,"{""stage_rank"":0}"
evt-00486666,sess-00286128,add_to_cart,2026-01-08 21:05:53.833407477,4.4.0,"{""stage_rank"":1}"
evt-01527999,sess-00897887,page_view,2025-12-03 16:25:41.924296747,4.4.0,"{""stage_rank"":0}"
evt-00850698,sess-00500028,page_view,2026-01-20 21:36:44.119194731,,"{""stage_rank"":0}"
evt-00551265,sess-00323873,page_view,2025-08-18 18:00:29.922984614,4.4.0,"{""stage_rank"":0}"
evt-01151967,sess-00677117,purchase,2024-09-02 19:53:25.520400572,,"{""stage_rank"":3}"
evt-01590746,sess-00934778,checkout,2024-10-26 14:17:48.037416680,4.1.0,"{""stage_rank"":2}"
evt-01651209,sess-00970441,page_view,2025-10-26 18:13:53.673508077,,"{""stage_rank"":0}"
evt-00495832,sess-00291539,checkout,2025-02-19 02:28:30.596191399,,"{""stage_rank"":2}"
evt-00355959,sess-00209148,page_view,2024-01-23 00:36:10.615884543,3.8.0,"{""stage_rank"":0}"
evt-00242448,sess-00142544,checkout,2023-04-28 21:28:29.691562737,,"{""stage_rank"":2}"
evt-00041863,sess-00024569,add_to_cart,2023-12-21 01:30:36.936158174,3.8.0,"{""stage_rank"":1}"
evt-00637942,sess-00374835,checkout,2025-02-22 17:04:17.770740346,,"{""stage_rank"":2}"
evt-01378277,sess-00809861,page_view,2024-06-26 22:56:13.245381673,,"{""stage_rank"":0}"
evt-00489193,sess-00287611,page_view,2024-08-29 16:15:21.573735925,4.1.0,"{""stage_rank"":0}"
evt-00059129,sess-00034705,checkout,2026-05-12 21:45:36.734065638,4.4.0,"{""stage_rank"":2}"
evt-01629576,sess-00957708,page_view,2024-03-02 21:45:55.912566007,,"{""stage_rank"":0}"
evt-01083812,sess-00637076,add_to_cart,2024-08-03 17:35:18.480377688,,"{""stage_rank"":1}"
evt-00895068,sess-00526106,checkout,2025-02-27 16:25:31.213131664,,"{""stage_rank"":2}"
evt-00104986,sess-00061615,checkout,2023-08-25 18:49:32.996921686,3.8.0,"{""stage_rank"":2}"
evt-00430391,sess-00252974,page_view,2026-06-21 14:17:15.121072722,,"{""stage_rank"":0}"
evt-00152162,sess-00089321,page_view,2024-10-05 13:32:09.637414334,,"{""stage_rank"":0}"
evt-01635644,sess-00961278,checkout,2024-09-01 19:30:42.046949271,4.1.0,"{""stage_rank"":2}"
evt-01206379,sess-00708991,page_view,2024-11-29 00:48:25.054670899,,"{""stage_rank"":0}"
evt-01653359,sess-00971694,page_view,2024-09-07 21:05:54.066982145,,"{""stage_rank"":0}"
evt-01346583,sess-00791311,page_view,2026-03-26 21:43:54.470999982,4.4.0,"{""stage_rank"":0}"
evt-00316763,sess-00186120,page_view,2024-10-12 02:03:49.748475014,,"{""stage_rank"":0}"
evt-00659319,sess-00387522,add_to_cart,2025-05-24 12:39:31.609940907,,"{""stage_rank"":1}"
evt-00913778,sess-00537232,checkout,2024-07-05 16:05:10.051771469,4.0.0,"{""stage_rank"":2}"
evt-00011835,sess-00007015,add_to_cart,2025-08-31 21:01:02.568429936,4.4.0,"{""stage_rank"":1}"
evt-00752271,sess-00442124,page_view,2025-03-21 16:31:55.341735036,4.3.0,"{""stage_rank"":0}"
evt-01266113,sess-00744121,page_view,2025-10-29 17:51:15.026898241,4.4.0,"{""stage_rank"":0}"
evt-00635883,sess-00373607,page_view,2023-02-07 19:10:59.430095764,3.8.0,"{""stage_rank"":0}"
evt-01648963,sess-00969106,page_view,2024-06-05 20:22:50.147826497,,"{""stage_rank"":0}"
evt-00161969,sess-00095108,page_view,2025-12-20 17:27:03.503865370,,"{""stage_rank"":0}"
evt-00664217,sess-00390387,add_to_cart,2023-05-13 11:30:04.084869725,,"{""stage_rank"":1}"
evt-01260619,sess-00740894,page_view,2025-12-24 20:47:29.890732047,4.4.0,"{""stage_rank"":0}"
evt-00401181,sess-00235844,checkout,2024-10-08 17:32:04.808536261,4.1.0,"{""stage_rank"":2}"
evt-00625618,sess-00367519,add_to_cart,2026-01-15 22:56:02.949107697,4.4.0,"{""stage_rank"":1}"
evt-01304015,sess-00766429,page_view,2023-04-18 22:06:52.503039041,,"{""stage_rank"":0}"
evt-00807472,sess-00474540,purchase,2023-03-01 19:08:54.189715448,,"{""stage_rank"":3}"
evt-01690439,sess-00993299,page_view,2023-02-14 15:28:54.551154080,3.8.0,"{""stage_rank"":0}"
evt-01308165,sess-00768815,page_view,2025-08-28 19:14:00.154139444,,"{""stage_rank"":0}"
evt-00668900,sess-00393159,page_view,2024-08-13 17:11:01.599772537,4.1.0,"{""stage_rank"":0}"
evt-01233209,sess-00724770,add_to_cart,2024-03-31 00:23:38.038123415,,"{""stage_rank"":1}"
evt-00053910,sess-00031620,page_view,2025-08-16 01:49:07.620390649,,"{""stage_rank"":0}"
evt-01481092,sess-00870275,page_view,2023-02-17 21:18:31.252546197,,"{""stage_rank"":0}"
evt-00915415,sess-00538185,add_to_cart,2026-06-14 20:51:14.760155176,4.4.0,"{""stage_rank"":1}"
evt-01167901,sess-00686453,page_view,2025-01-19 14:58:17.210185575,4.2.0,"{""stage_rank"":0}"
evt-00817335,sess-00480376,add_to_cart,2023-08-11 15:01:53.127139442,,"{""stage_rank"":1}"
evt-01086727,sess-00638807,page_view,2023-08-17 00:20:41.593296206,3.8.0,"{""stage_rank"":0}"
evt-00898496,sess-00528157,page_view,2025-04-07 16:31:26.015121852,,"{""stage_rank"":0}"
evt-00152645,sess-00089603,page_view,2024-07-25 17:39:41.754429171,,"{""stage_rank"":0}"
evt-01523349,sess-00895158,add_to_cart,2024-08-28 19:49:26.552230692,,"{""stage_rank"":1}"
evt-00149138,sess-00087546,page_view,2025-09-25 18:17:08.919348504,4.4.0,"{""stage_rank"":0}"
evt-01622475,sess-00953517,page_view,2025-01-10 22:07:06.134535521,4.2.0,"{""stage_rank"":0}"
evt-00912073,sess-00536227,page_view,2026-04-03 19:42:01.351857700,4.4.0,"{""stage_rank"":0}"
evt-00791486,sess-00465178,add_to_cart,2025-01-07 23:57:44.030210030,4.2.0,"{""stage_rank"":1}"
evt-01455662,sess-00855338,checkout,2024-04-27 16:22:49.278060242,4.0.0,"{""stage_rank"":2}"
evt-01345851,sess-00790887,page_view,2024-12-20 01:12:08.877061784,,"{""stage_rank"":0}"
evt-01149342,sess-00675559,page_view,2023-09-30 22:52:31.401577127,,"{""stage_rank"":0}"
evt-01262567,sess-00742029,add_to_cart,2025-08-19 19:59:30.809327911,,"{""stage_rank"":1}"
evt-01428383,sess-00839389,page_view,2025-07-17 19:31:25.396114467,,"{""stage_rank"":0}"
evt-01312821,sess-00771547,page_view,2026-05-09 18:24:48.229319587,4.4.0,"{""stage_rank"":0}"
evt-01284608,sess-00754973,page_view,2024-04-17 21:34:42.755603462,4.0.0,"{""stage_rank"":0}"
evt-01266932,sess-00744592,page_view,2024-12-14 22:25:43.285139432,4.2.0,"{""stage_rank"":0}"
evt-00008373,sess-00004985,checkout,2023-12-24 19:45:35.758684649,3.8.0,"{""stage_rank"":2}"
evt-00998799,sess-00587273,page_view,2023-05-14 14:04:40.230189002,3.8.0,"{""stage_rank"":0}"
evt-01035292,sess-00608588,checkout,2024-10-20 21:37:57.401850375,,"{""stage_rank"":2}"
evt-00646092,sess-00379725,purchase,2024-04-03 00:40:28.576886605,4.0.0,"{""stage_rank"":3}"
evt-00518594,sess-00304808,add_to_cart,2024-08-25 21:06:00.440423659,4.1.0,"{""stage_rank"":1}"
evt-01333210,sess-00783468,checkout,2025-02-09 15:27:53.210390633,4.3.0,"{""stage_rank"":2}"
evt-00132108,sess-00077488,page_view,2023-04-13 21:05:00.840207616,,"{""stage_rank"":0}"
evt-00941214,sess-00553418,add_to_cart,2026-01-19 23:43:29.979007379,,"{""stage_rank"":1}"
evt-01507662,sess-00885910,add_to_cart,2025-11-02 16:28:26.481961999,,"{""stage_rank"":1}"
evt-01025512,sess-00602849,checkout,2023-08-14 16:25:52.319179508,,"{""stage_rank"":2}"
evt-00404324,sess-00237674,add_to_cart,2025-03-06 19:03:49.321811249,,"{""stage_rank"":1}"
evt-00040733,sess-00023905,page_view,2026-01-09 17:35:14.349302204,,"{""stage_rank"":0}"
evt-00104384,sess-00061268,add_to_cart,2026-01-31 19:59:31.671396096,,"{""stage_rank"":1}"
evt-01549272,sess-00910381,page_view,2025-06-11 16:49:56.699490433,,"{""stage_rank"":0}"
evt-00432744,sess-00254364,page_view,2023-02-22 19:34:29.272695755,3.8.0,"{""stage_rank"":0}"
evt-00000805,sess-00000474,add_to_cart,2024-07-03 21:28:01.642178421,4.0.0,"{""stage_rank"":1}"
evt-00238287,sess-00140090,add_to_cart,2025-04-11 17:05:20.169921847,4.3.0,"{""stage_rank"":1}"
evt-00076382,sess-00044898,page_view,2025-03-08 14:05:41.942272840,,"{""stage_rank"":0}"
evt-00129810,sess-00076156,add_to_cart,2026-03-26 16:24:33.554584011,4.4.0,"{""stage_rank"":1}"
evt-00887101,sess-00521413,page_view,2023-12-11 21:32:53.204795600,3.8.0,"{""stage_rank"":0}"
evt-00594643,sess-00349371,page_view,2026-05-01 02:43:54.340661337,4.4.0,"{""stage_rank"":0}"
evt-01147592,sess-00674537,add_to_cart,2026-01-06 17:29:11.355094385,,"{""stage_rank"":1}"
evt-01519634,sess-00892977,page_view,2023-02-09 23:34:51.777329240,,"{""stage_rank"":0}"
evt-01456272,sess-00855686,page_view,2023-06-02 18:26:09.784808846,3.8.0,"{""stage_rank"":0}"
evt-00833770,sess-00490040,page_view,2023-09-25 16:50:27.518551213,3.8.0,"{""stage_rank"":0}"
evt-00300566,sess-00176551,page_view,2023-04-17 18:59:16.931347883,,"{""stage_rank"":0}"
evt-00653887,sess-00384351,add_to_cart,2024-01-19 00:46:26.799142124,,"{""stage_rank"":1}"
evt-00059874,sess-00035150,page_view,2023-01-11 19:21:21.072255057,,"{""stage_rank"":0}"
evt-01051109,sess-00617890,page_view,2025-08-10 21:23:40.229335950,4.4.0,"{""stage_rank"":0}"
evt-00244463,sess-00143730,page_view,2025-05-12 01:32:14.218471058,4.3.0,"{""stage_rank"":0}"
evt-00967423,sess-00568890,checkout,2025-07-25 17:26:34.823197603,4.3.0,"{""stage_rank"":2}"
evt-00187847,sess-00110318,page_view,2024-01-17 20:41:59.970395296,3.8.0,"{""stage_rank"":0}"
evt-00497445,sess-00292493,add_to_cart,2025-07-25 19:12:38.449545664,,"{""stage_rank"":1}"
evt-01129897,sess-00664136,add_to_cart,2025-02-14 22:37:15.646706810,,"{""stage_rank"":1}"
evt-01040231,sess-00611489,page_view,2024-06-19 21:56:29.746860297,,"{""stage_rank"":0}"
evt-00583403,sess-00342755,page_view,2024-02-25 20:00:41.603422469,,"{""stage_rank"":0}"
evt-00221399,sess-00130047,page_view,2025-09-08 17:36:02.495599290,,"{""stage_rank"":0}"
evt-01656512,sess-00973540,page_view,2026-03-10 22:19:46.995265353,,"{""stage_rank"":0}"
evt-01238000,sess-00727570,page_view,2023-08-03 23:07:55.925242191,,"{""stage_rank"":0}"
evt-00478000,sess-00281049,page_view,2025-05-16 00:44:32.331288888,,"{""stage_rank"":0}"
evt-00579314,sess-00340329,page_view,2024-09-26 21:58:58.296054768,,"{""stage_rank"":0}"
evt-00908021,sess-00533797,page_view,2025-07-04 23:59:32.108340006,,"{""stage_rank"":0}"
evt-00673280,sess-00395724,page_view,2026-01-30 21:50:24.033954927,,"{""stage_rank"":0}"
evt-00512734,sess-00301355,checkout,2023-07-11 17:07:28.685178204,3.8.0,"{""stage_rank"":2}"
evt-00789264,sess-00463884,page_view,2024-04-19 02:53:12.604753235,,"{""stage_rank"":0}"
evt-01004267,sess-00590464,checkout,2023-12-11 22:00:03.772417557,,"{""stage_rank"":2}"
evt-00715544,sess-00420511,page_view,2026-01-16 13:27:53.241540571,,"{""stage_rank"":0}"
evt-00414893,sess-00243940,add_to_cart,2023-09-18 15:32:22.012568429,3.8.0,"{""stage_rank"":1}"
evt-00537389,sess-00315777,page_view,2025-09-29 19:35:57.305534908,4.4.0,"{""stage_rank"":0}"
evt-00991502,sess-00583075,add_to_cart,2026-04-13 20:30:32.294571967,4.4.0,"{""stage_rank"":1}"
evt-00118009,sess-00069207,add_to_cart,2023-05-04 23:29:39.907323263,,"{""stage_rank"":1}"
evt-00406306,sess-00238853,add_to_cart,2025-03-21 15:22:05.378267409,,"{""stage_rank"":1}"
evt-00223818,sess-00131507,page_view,2026-02-13 20:43:35.025885272,4.4.0,"{""stage_rank"":0}"
evt-01629671,sess-00957764,checkout,2025-11-17 13:32:52.452730550,4.4.0,"{""stage_rank"":2}"
evt-01470681,sess-00864150,page_view,2024-11-25 16:22:32.234276739,4.2.0,"{""stage_rank"":0}"
evt-01120738,sess-00658721,page_view,2025-01-28 22:43:02.309977242,4.2.0,"{""stage_rank"":0}"
evt-00997963,sess-00586788,page_view,2026-05-23 23:27:18.811404903,4.4.0,"{""stage_rank"":0}"
evt-00375289,sess-00220595,checkout,2023-01-18 19:04:23.918127508,3.8.0,"{""stage_rank"":2}"
evt-00863275,sess-00507426,add_to_cart,2023-11-10 19:27:03.643476556,,"{""stage_rank"":1}"
evt-00946914,sess-00556808,page_view,2025-01-16 21:44:33.452833131,,"{""stage_rank"":0}"
evt-00672972,sess-00395547,page_view,2025-11-12 17:03:07.073180116,4.4.0,"{""stage_rank"":0}"
evt-01569505,sess-00922261,page_view,2023-08-26 18:13:13.056382784,,"{""stage_rank"":0}"
evt-01310193,sess-00770004,page_view,2024-10-07 16:49:07.598966345,4.1.0,"{""stage_rank"":0}"
evt-00949004,sess-00558010,page_view,2023-09-01 19:29:50.384674206,3.8.0,"{""stage_rank"":0}"
evt-00358036,sess-00210374,page_view,2025-10-12 18:06:59.640464349,,"{""stage_rank"":0}"
evt-00563679,sess-00331163,page_view,2024-05-30 21:09:02.199865823,,"{""stage_rank"":0}"
evt-01013738,sess-00595977,add_to_cart,2024-11-05 17:55:31.640541560,,"{""stage_rank"":1}"
evt-01664591,sess-00978200,page_view,2024-04-04 18:26:23.288913350,,"{""stage_rank"":0}"
evt-00084411,sess-00049594,page_view,2023-05-05 16:56:27.871245311,3.8.0,"{""stage_rank"":0}"
evt-01492017,sess-00876652,page_view,2026-01-25 18:44:24.535256281,,"{""stage_rank"":0}"
evt-00433664,sess-00254906,page_view,2025-08-15 19:03:42.314252083,4.4.0,"{""stage_rank"":0}"
evt-00119752,sess-00070216,page_view,2025-11-19 02:57:03.327507871,,"{""stage_rank"":0}"
evt-00181995,sess-00106863,page_view,2025-01-04 18:11:57.221062514,4.2.0,"{""stage_rank"":0}"
evt-00522732,sess-00307186,add_to_cart,2024-08-28 19:09:04.117443332,4.1.0,"{""stage_rank"":1}"
evt-00361898,sess-00212659,page_view,2023-08-29 18:31:28.726844346,3.8.0,"{""stage_rank"":0}"
evt-00640053,sess-00376104,page_view,2023-01-16 23:46:34.645650593,,"{""stage_rank"":0}"
evt-01008592,sess-00592972,page_view,2023-07-01 19:32:49.867355449,,"{""stage_rank"":0}"
evt-01058870,sess-00622454,page_view,2025-03-12 23:24:18.712093128,,"{""stage_rank"":0}"
evt-01509497,sess-00887006,add_to_cart,2025-04-21 22:16:08.954205675,,"{""stage_rank"":1}"
evt-01590568,sess-00934679,page_view,2025-02-19 16:14:36.892087323,,"{""stage_rank"":0}"
evt-00775478,sess-00455766,add_to_cart,2025-12-25 17:15:17.051930754,4.4.0,"{""stage_rank"":1}"
evt-00486297,sess-00285919,page_view,2023-11-21 12:29:49.176652180,3.8.0,"{""stage_rank"":0}"
evt-01203653,sess-00707410,page_view,2024-12-24 21:37:47.727261776,4.2.0,"{""stage_rank"":0}"
evt-00616197,sess-00361996,page_view,2024-06-15 15:55:11.704078645,,"{""stage_rank"":0}"
evt-00718833,sess-00422430,page_view,2026-06-20 18:00:01.729997989,,"{""stage_rank"":0}"
evt-01377256,sess-00809271,checkout,2023-11-25 19:12:17.775922225,,"{""stage_rank"":2}"
evt-00266115,sess-00156416,page_view,2025-05-15 14:18:59.846002700,4.3.0,"{""stage_rank"":0}"
evt-01379607,sess-00810635,checkout,2024-01-09 18:01:39.054721028,,"{""stage_rank"":2}"
evt-00165891,sess-00097397,checkout,2026-04-04 16:59:34.660549190,4.4.0,"{""stage_rank"":2}"
evt-00105203,sess-00061744,add_to_cart,2023-02-02 19:44:02.533246397,3.8.0,"{""stage_rank"":1}"
evt-01392598,sess-00818295,checkout,2024-05-12 14:24:29.612900935,4.0.0,"{""stage_rank"":2}"
evt-01319599,sess-00775520,add_to_cart,2024-03-11 04:01:56.012390029,,"{""stage_rank"":1}"
evt-00095517,sess-00056081,add_to_cart,2024-05-04 19:02:12.295372703,,"{""stage_rank"":1}"
evt-00757980,sess-00445486,add_to_cart,2023-07-01 20:19:05.826195122,,"{""stage_rank"":1}"
evt-00035565,sess-00020879,add_to_cart,2023-10-12 04:44:29.475395101,,"{""stage_rank"":1}"
evt-00079732,sess-00046867,checkout,2025-02-04 20:04:24.867564238,,"{""stage_rank"":2}"
evt-00273193,sess-00160529,checkout,2025-11-20 17:03:06.308414082,,"{""stage_rank"":2}"
evt-00873631,sess-00513500,add_to_cart,2023-04-29 17:25:04.095056231,,"{""stage_rank"":1}"
evt-00060038,sess-00035249,page_view,2024-03-16 21:55:46.247944287,4.0.0,"{""stage_rank"":0}"
evt-01476534,sess-00867589,add_to_cart,2025-08-22 15:20:33.586647712,4.4.0,"{""stage_rank"":1}"
evt-01609343,sess-00945707,page_view,2024-01-13 17:56:45.493009402,,"{""stage_rank"":0}"
evt-00603158,sess-00354370,page_view,2025-03-03 15:29:40.168123679,4.3.0,"{""stage_rank"":0}"
evt-01626814,sess-00956065,add_to_cart,2023-02-27 19:13:42.348900916,,"{""stage_rank"":1}"
evt-01602749,sess-00941832,page_view,2024-02-17 17:07:35.767067916,,"{""stage_rank"":0}"
evt-00987934,sess-00580981,page_view,2024-07-16 22:24:39.031761127,4.0.0,"{""stage_rank"":0}"
evt-00615487,sess-00361578,add_to_cart,2023-09-17 17:34:05.033626794,3.8.0,"{""stage_rank"":1}"
evt-00748293,sess-00439779,page_view,2026-03-23 16:59:50.544567652,,"{""stage_rank"":0}"
evt-01132848,sess-00665835,add_to_cart,2025-05-31 18:58:28.580525649,4.3.0,"{""stage_rank"":1}"
evt-00873431,sess-00513387,page_view,2023-01-27 16:35:59.988125218,3.8.0,"{""stage_rank"":0}"
evt-01318393,sess-00774812,checkout,2026-05-09 20:53:17.905435784,,"{""stage_rank"":2}"
evt-01475726,sess-00867106,page_view,2024-01-21 18:18:09.577241495,3.8.0,"{""stage_rank"":0}"
evt-01667252,sess-00979737,add_to_cart,2024-01-19 19:33:57.229076392,3.8.0,"{""stage_rank"":1}"
evt-00735960,sess-00432527,add_to_cart,2025-01-14 19:48:00.626050605,,"{""stage_rank"":1}"
evt-00316518,sess-00185966,add_to_cart,2026-03-14 16:51:37.343868856,,"{""stage_rank"":1}"
evt-00884866,sess-00520107,page_view,2024-08-05 18:50:37.672541020,4.1.0,"{""stage_rank"":0}"
evt-01439432,sess-00845878,page_view,2026-06-08 19:44:31.832560096,4.4.0,"{""stage_rank"":0}"
evt-00200592,sess-00117792,add_to_cart,2026-04-05 23:37:23.193620170,4.4.0,"{""stage_rank"":1}"
evt-00133358,sess-00078226,add_to_cart,2024-01-13 17:06:30.773915578,,"{""stage_rank"":1}"
evt-00794915,sess-00467203,page_view,2024-05-01 11:21:49.305061830,4.0.0,"{""stage_rank"":0}"
evt-00334536,sess-00196615,page_view,2023-09-05 14:40:34.409031546,3.8.0,"{""stage_rank"":0}"
evt-00919185,sess-00540347,add_to_cart,2025-06-17 15:45:50.671223223,4.3.0,"{""stage_rank"":1}"
evt-00263826,sess-00155070,add_to_cart,2024-11-14 03:51:11.365615327,4.2.0,"{""stage_rank"":1}"
evt-00665177,sess-00390972,page_view,2026-06-06 18:15:14.170004365,4.4.0,"{""stage_rank"":0}"
evt-00094925,sess-00055745,checkout,2024-08-31 00:07:54.060509106,,"{""stage_rank"":2}"
evt-00792044,sess-00465529,page_view,2024-01-18 17:12:44.680643996,,"{""stage_rank"":0}"
evt-01544571,sess-00907642,page_view,2023-08-17 17:26:37.821490206,,"{""stage_rank"":0}"
evt-01543535,sess-00907029,page_view,2025-12-28 17:55:27.617673411,,"{""stage_rank"":0}"
evt-01334248,sess-00784075,add_to_cart,2023-02-21 22:38:47.453156205,,"{""stage_rank"":1}"
evt-00975887,sess-00573838,page_view,2026-01-24 14:20:47.770901432,4.4.0,"{""stage_rank"":0}"
evt-00212194,sess-00124591,add_to_cart,2025-12-26 12:11:42.505475800,,"{""stage_rank"":1}"
evt-00721516,sess-00424034,add_to_cart,2025-02-09 16:42:09.628255739,,"{""stage_rank"":1}"
evt-00447652,sess-00263162,add_to_cart,2024-06-04 12:34:33.925616533,4.0.0,"{""stage_rank"":1}"
evt-00107932,sess-00063356,add_to_cart,2026-05-17 19:12:04.263081063,,"{""stage_rank"":1}"
evt-00094566,sess-00055534,add_to_cart,2023-07-04 15:31:47.011380803,,"{""stage_rank"":1}"
evt-01157427,sess-00680319,page_view,2025-01-26 23:34:23.588922786,,"{""stage_rank"":0}"
evt-01349164,sess-00792817,page_view,2025-01-10 23:08:35.016560591,4.2.0,"{""stage_rank"":0}"
evt-01425801,sess-00837892,page_view,2026-04-15 20:26:25.237934758,4.4.0,"{""stage_rank"":0}"
evt-00606199,sess-00356169,page_view,2026-02-07 20:44:19.332217946,,"{""stage_rank"":0}"
evt-01307986,sess-00768697,page_view,2024-05-01 21:33:23.226122530,4.0.0,"{""stage_rank"":0}"
evt-01622832,sess-00953725,page_view,2023-07-13 20:48:57.028410703,,"{""stage_rank"":0}"
evt-01434089,sess-00842710,page_view,2023-03-27 05:11:13.241069943,3.8.0,"{""stage_rank"":0}"
evt-01676855,sess-00985336,page_view,2023-10-09 14:43:30.814208724,3.8.0,"{""stage_rank"":0}"
evt-00250267,sess-00147130,checkout,2023-06-16 15:35:14.478549531,,"{""stage_rank"":2}"
evt-01552399,sess-00912210,purchase,2023-06-23 19:30:14.621150870,3.8.0,"{""stage_rank"":3}"
evt-00597398,sess-00350997,page_view,2025-03-29 13:34:45.259683230,4.3.0,"{""stage_rank"":0}"
evt-01527381,sess-00897528,checkout,2024-11-25 22:35:40.581436645,4.2.0,"{""stage_rank"":2}"
evt-01679360,sess-00986798,page_view,2026-01-11 21:59:59.619926881,4.4.0,"{""stage_rank"":0}"
evt-01359002,sess-00798591,add_to_cart,2023-07-21 00:38:24.779350683,,"{""stage_rank"":1}"
evt-01519994,sess-00893197,page_view,2025-11-17 21:00:52.598484551,,"{""stage_rank"":0}"
evt-00882558,sess-00518739,page_view,2023-04-29 17:23:43.451563607,,"{""stage_rank"":0}"
evt-00808972,sess-00475429,page_view,2025-03-22 18:49:18.248705912,,"{""stage_rank"":0}"
evt-00908014,sess-00533793,purchase,2024-06-08 18:24:21.000563495,,"{""stage_rank"":3}"
evt-01090313,sess-00640921,add_to_cart,2024-06-26 20:52:53.003177600,,"{""stage_rank"":1}"
evt-01517840,sess-00891912,page_view,2025-03-14 17:45:04.329096662,,"{""stage_rank"":0}"
evt-00867229,sess-00509757,add_to_cart,2025-12-16 17:29:06.008893063,4.4.0,"{""stage_rank"":1}"
evt-00049895,sess-00029252,page_view,2024-03-26 23:26:41.113629865,,"{""stage_rank"":0}"
evt-00307835,sess-00180801,checkout,2025-04-13 18:17:31.284037503,4.3.0,"{""stage_rank"":2}"
evt-00682810,sess-00401279,page_view,2023-08-11 01:07:30.748375785,,"{""stage_rank"":0}"
evt-01556742,sess-00914795,page_view,2023-10-09 21:19:01.432735473,3.8.0,"{""stage_rank"":0}"
evt-00356721,sess-00209613,add_to_cart,2023-07-11 01:37:33.404603906,3.8.0,"{""stage_rank"":1}"
evt-00977924,sess-00575066,add_to_cart,2023-02-28 16:22:00.266281409,,"{""stage_rank"":1}"
evt-01024750,sess-00602393,add_to_cart,2023-06-20 20:36:15.736914701,3.8.0,"{""stage_rank"":1}"
evt-01228493,sess-00721994,purchase,2026-03-04 17:26:25.601428450,4.4.0,"{""stage_rank"":3}"
evt-00296270,sess-00174052,add_to_cart,2023-08-14 07:25:15.380724911,,"{""stage_rank"":1}"
evt-00593581,sess-00348763,add_to_cart,2023-06-28 17:29:34.117886886,,"{""stage_rank"":1}"
evt-01349353,sess-00792924,page_view,2026-01-06 17:42:30.813326968,,"{""stage_rank"":0}"
evt-01441574,sess-00847114,page_view,2024-11-19 21:52:23.298238215,,"{""stage_rank"":0}"
evt-00522954,sess-00307317,add_to_cart,2023-08-29 18:37:09.028528598,3.8.0,"{""stage_rank"":1}"
evt-01692242,sess-00994358,page_view,2025-07-12 17:10:12.303838959,,"{""stage_rank"":0}"
evt-00765281,sess-00449789,page_view,2024-08-16 03:06:46.748788080,,"{""stage_rank"":0}"
evt-01485176,sess-00872646,page_view,2024-07-12 00:45:08.280306151,,"{""stage_rank"":0}"
evt-01472234,sess-00865058,page_view,2023-06-18 18:46:53.967581174,3.8.0,"{""stage_rank"":0}"
evt-00921362,sess-00541650,add_to_cart,2026-02-09 18:37:55.131358144,,"{""stage_rank"":1}"
evt-01383555,sess-00812952,add_to_cart,2023-05-09 20:47:12.288487870,,"{""stage_rank"":1}"
evt-00668565,sess-00392963,add_to_cart,2023-07-04 16:39:48.821429781,,"{""stage_rank"":1}"
evt-01564877,sess-00919524,page_view,2026-06-21 16:19:37.479219838,4.4.0,"{""stage_rank"":0}"
evt-01641528,sess-00964751,checkout,2024-08-14 16:23:23.839060277,4.1.0,"{""stage_rank"":2}"
evt-00329581,sess-00193700,page_view,2023-11-13 21:43:01.385816901,,"{""stage_rank"":0}"
evt-01655868,sess-00973155,purchase,2025-03-03 23:05:08.148208767,4.3.0,"{""stage_rank"":3}"
evt-00739883,sess-00434836,add_to_cart,2026-06-09 17:45:45.667421219,4.4.0,"{""stage_rank"":1}"
evt-01093789,sess-00642945,page_view,2024-11-05 19:22:51.078400605,4.1.0,"{""stage_rank"":0}"
evt-01411583,sess-00829508,page_view,2024-09-09 10:42:24.227697311,4.1.0,"{""stage_rank"":0}"
evt-00346137,sess-00203399,add_to_cart,2023-10-08 21:34:40.295404293,3.8.0,"{""stage_rank"":1}"
evt-00782095,sess-00459639,page_view,2025-08-26 18:05:16.655494690,,"{""stage_rank"":0}"
evt-01125129,sess-00661325,page_view,2025-10-25 14:34:00.879576071,4.4.0,"{""stage_rank"":0}"
evt-01300155,sess-00764162,page_view,2023-02-22 00:56:01.574599520,3.8.0,"{""stage_rank"":0}"
evt-01352942,sess-00795019,page_view,2025-12-19 19:19:58.056567322,,"{""stage_rank"":0}"
evt-00626237,sess-00367884,page_view,2024-01-02 19:32:34.406323761,,"{""stage_rank"":0}"
evt-00201600,sess-00118382,page_view,2023-11-02 15:16:28.000126229,,"{""stage_rank"":0}"
evt-01083984,sess-00637177,page_view,2024-10-29 18:08:42.912542472,4.1.0,"{""stage_rank"":0}"
evt-00470780,sess-00276786,add_to_cart,2024-05-21 23:26:15.509674832,4.0.0,"{""stage_rank"":1}"
evt-00894055,sess-00525513,purchase,2024-02-13 23:51:39.503253058,,"{""stage_rank"":3}"
evt-01242525,sess-00730252,add_to_cart,2025-03-06 17:44:19.183128115,4.3.0,"{""stage_rank"":1}"
evt-01631189,sess-00958649,page_view,2025-09-13 20:47:56.719647369,,"{""stage_rank"":0}"
evt-01561909,sess-00917814,add_to_cart,2023-12-30 19:52:43.674041924,,"{""stage_rank"":1}"
evt-00095832,sess-00056273,add_to_cart,2024-02-01 20:06:57.347794452,4.0.0,"{""stage_rank"":1}"
evt-00376152,sess-00221103,add_to_cart,2026-05-19 02:42:08.907319090,,"{""stage_rank"":1}"
evt-01556012,sess-00914354,add_to_cart,2024-06-04 17:40:04.942113713,,"{""stage_rank"":1}"
evt-00526948,sess-00309651,add_to_cart,2023-10-29 19:19:24.256437474,3.8.0,"{""stage_rank"":1}"
evt-00318514,sess-00187148,add_to_cart,2026-01-02 20:44:17.446666855,,"{""stage_rank"":1}"
evt-00632584,sess-00371661,add_to_cart,2023-12-12 15:47:00.500756423,,"{""stage_rank"":1}"
evt-00219026,sess-00128627,page_view,2023-07-13 22:14:53.788016641,3.8.0,"{""stage_rank"":0}"
evt-01322617,sess-00777308,page_view,2025-06-28 18:14:47.603102295,4.3.0,"{""stage_rank"":0}"
evt-00677461,sess-00398175,checkout,2024-04-22 17:07:43.903209771,4.0.0,"{""stage_rank"":2}"
evt-00957937,sess-00563259,checkout,2025-12-14 21:59:06.821767182,4.4.0,"{""stage_rank"":2}"
evt-00018326,sess-00010842,page_view,2023-02-26 16:53:19.734251319,3.8.0,"{""stage_rank"":0}"
evt-01661669,sess-00976500,checkout,2023-08-02 00:29:05.461265144,3.8.0,"{""stage_rank"":2}"
evt-01538144,sess-00903825,page_view,2026-03-28 21:27:39.922823933,4.4.0,"{""stage_rank"":0}"
evt-01529325,sess-00898675,page_view,2023-01-24 20:49:32.403967035,3.8.0,"{""stage_rank"":0}"
evt-00054020,sess-00031684,page_view,2025-09-15 21:10:05.399588567,4.4.0,"{""stage_rank"":0}"
evt-00051368,sess-00030132,page_view,2026-04-06 16:44:40.008670667,4.4.0,"{""stage_rank"":0}"
evt-01526409,sess-00896943,add_to_cart,2026-02-18 14:01:07.064207571,,"{""stage_rank"":1}"
evt-00836132,sess-00491442,page_view,2025-04-20 21:09:27.910798925,4.3.0,"{""stage_rank"":0}"
evt-01688658,sess-00992245,add_to_cart,2025-08-20 17:30:44.147085269,,"{""stage_rank"":1}"
evt-00573900,sess-00337141,add_to_cart,2023-07-15 18:47:25.670805384,3.8.0,"{""stage_rank"":1}"
evt-01380565,sess-00811206,add_to_cart,2025-06-06 19:57:25.036652739,,"{""stage_rank"":1}"
evt-00169249,sess-00099364,page_view,2023-02-08 15:41:11.674848019,,"{""stage_rank"":0}"
evt-00949430,sess-00558268,page_view,2024-11-11 23:55:20.918567328,,"{""stage_rank"":0}"
evt-01559735,sess-00916538,page_view,2023-06-19 18:37:04.255814420,,"{""stage_rank"":0}"
evt-00685852,sess-00403088,page_view,2026-05-14 21:37:37.510595515,4.4.0,"{""stage_rank"":0}"
evt-00943003,sess-00554485,add_to_cart,2024-07-08 17:11:10.514678479,4.0.0,"{""stage_rank"":1}"
evt-00646375,sess-00379895,add_to_cart,2024-08-30 19:46:29.619517857,4.1.0,"{""stage_rank"":1}"
evt-01277939,sess-00751063,add_to_cart,2024-07-29 23:01:59.260179901,4.0.0,"{""stage_rank"":1}"
evt-00888945,sess-00522481,page_view,2024-11-23 00:09:34.848681033,4.2.0,"{""stage_rank"":0}"
evt-00949962,sess-00558583,page_view,2024-01-13 23:06:20.596766840,3.8.0,"{""stage_rank"":0}"
evt-01424165,sess-00836918,page_view,2025-07-16 00:59:41.941398244,4.3.0,"{""stage_rank"":0}"
evt-00731437,sess-00429843,checkout,2025-12-13 15:24:54.961332763,4.4.0,"{""stage_rank"":2}"
evt-01495278,sess-00878590,page_view,2026-05-06 15:21:25.636053993,4.4.0,"{""stage_rank"":0}"
evt-01351242,sess-00794032,page_view,2025-06-11 23:39:14.770435237,4.3.0,"{""stage_rank"":0}"
evt-01374172,sess-00807479,add_to_cart,2025-01-10 14:11:05.771578820,4.2.0,"{""stage_rank"":1}"
evt-00096739,sess-00056804,page_view,2025-02-16 19:36:59.424430769,,"{""stage_rank"":0}"
evt-01585913,sess-00931909,page_view,2023-06-08 16:56:22.390334430,,"{""stage_rank"":0}"
evt-00847298,sess-00498039,page_view,2024-12-21 18:41:20.675237829,,"{""stage_rank"":0}"
evt-01589050,sess-00933758,page_view,2023-04-22 21:29:44.334294384,,"{""stage_rank"":0}"
evt-00248386,sess-00146057,page_view,2026-01-31 17:37:31.292166965,4.4.0,"{""stage_rank"":0}"
evt-00585242,sess-00343850,add_to_cart,2024-10-24 23:10:48.492168927,,"{""stage_rank"":1}"
evt-00243100,sess-00142937,page_view,2026-02-10 23:50:01.845502958,,"{""stage_rank"":0}"
evt-01457433,sess-00856370,page_view,2026-02-19 10:26:20.077678079,,"{""stage_rank"":0}"
evt-00033168,sess-00019476,add_to_cart,2023-07-15 19:42:45.359414024,,"{""stage_rank"":1}"
evt-00758785,sess-00445953,page_view,2026-04-21 19:01:56.025427986,4.4.0,"{""stage_rank"":0}"
evt-01260620,sess-00740895,page_view,2024-11-25 18:21:01.852594378,,"{""stage_rank"":0}"
evt-00890987,sess-00523693,page_view,2023-06-12 00:06:08.638930192,3.8.0,"{""stage_rank"":0}"
evt-01639018,sess-00963292,add_to_cart,2023-06-24 20:43:03.546675763,3.8.0,"{""stage_rank"":1}"
evt-00248584,sess-00146172,page_view,2023-06-14 17:51:54.130160806,3.8.0,"{""stage_rank"":0}"
evt-00263375,sess-00154811,page_view,2023-02-04 20:02:39.504539789,,"{""stage_rank"":0}"
evt-00050731,sess-00029748,add_to_cart,2026-05-12 23:42:28.226684553,,"{""stage_rank"":1}"
evt-01295135,sess-00761195,add_to_cart,2023-06-09 22:16:11.915688112,3.8.0,"{""stage_rank"":1}"
evt-01213271,sess-00712986,page_view,2024-02-17 18:17:14.241582570,4.0.0,"{""stage_rank"":0}"
evt-00441398,sess-00259460,page_view,2026-04-19 22:59:13.424567039,,"{""stage_rank"":0}"
evt-01515896,sess-00890768,page_view,2023-07-31 21:48:17.336240340,,"{""stage_rank"":0}"
evt-01171595,sess-00688644,page_view,2023-12-26 22:16:38.314581482,,"{""stage_rank"":0}"
evt-00963032,sess-00566274,checkout,2024-12-16 01:37:02.745290403,,"{""stage_rank"":2}"
evt-00066552,sess-00039088,add_to_cart,2026-04-14 20:32:07.689866866,4.4.0,"{""stage_rank"":1}"
evt-00789810,sess-00464210,page_view,2023-03-27 22:21:44.919035819,3.8.0,"{""stage_rank"":0}"
evt-00067265,sess-00039508,page_view,2023-04-01 17:45:38.339562541,3.8.0,"{""stage_rank"":0}"
evt-01626299,sess-00955773,add_to_cart,2024-02-10 22:45:26.904483977,,"{""stage_rank"":1}"
evt-00694239,sess-00408058,page_view,2025-01-18 18:04:17.466898272,,"{""stage_rank"":0}"
evt-01126959,sess-00662390,page_view,2024-08-13 17:59:00.942928658,4.1.0,"{""stage_rank"":0}"
evt-00081309,sess-00047796,page_view,2025-08-15 23:00:05.233258479,,"{""stage_rank"":0}"
evt-00906733,sess-00533024,page_view,2025-02-23 22:13:51.707138405,,"{""stage_rank"":0}"
evt-00393192,sess-00231098,page_view,2023-07-15 18:57:06.811385056,,"{""stage_rank"":0}"
evt-00533719,sess-00313646,page_view,2025-10-01 18:13:02.771857856,4.4.0,"{""stage_rank"":0}"
evt-01127900,sess-00662941,page_view,2024-01-19 01:56:17.435016828,,"{""stage_rank"":0}"
evt-00782824,sess-00460083,page_view,2026-02-07 01:54:49.702724762,,"{""stage_rank"":0}"
evt-00997490,sess-00586524,page_view,2025-03-25 22:17:18.392417921,,"{""stage_rank"":0}"
evt-00639461,sess-00375741,add_to_cart,2023-07-25 17:28:02.136384049,3.8.0,"{""stage_rank"":1}"
evt-00172197,sess-00101132,page_view,2026-05-06 20:49:21.049144833,,"{""stage_rank"":0}"
evt-00087336,sess-00051300,page_view,2025-01-20 20:52:38.676677458,4.2.0,"{""stage_rank"":0}"
evt-00350887,sess-00206180,checkout,2025-08-03 22:34:52.695153413,,"{""stage_rank"":2}"
evt-00863783,sess-00507729,page_view,2023-03-20 18:56:27.902976601,,"{""stage_rank"":0}"
evt-00783877,sess-00460704,page_view,2025-05-21 17:26:38.393592735,4.3.0,"{""stage_rank"":0}"
evt-00644363,sess-00378686,add_to_cart,2025-03-08 17:39:50.009169545,,"{""stage_rank"":1}"
evt-00317819,sess-00186733,page_view,2024-12-25 18:39:43.750897627,4.2.0,"{""stage_rank"":0}"
evt-00476316,sess-00280063,page_view,2026-06-07 18:47:18.644072957,,"{""stage_rank"":0}"
evt-01323921,sess-00778061,checkout,2024-04-06 15:03:57.413676623,,"{""stage_rank"":2}"
evt-00653603,sess-00384180,page_view,2026-04-07 01:46:25.467476580,,"{""stage_rank"":0}"
evt-00335697,sess-00197330,page_view,2026-05-13 21:55:47.637546109,4.4.0,"{""stage_rank"":0}"
evt-00508664,sess-00299030,page_view,2026-05-05 22:31:40.805330850,,"{""stage_rank"":0}"
evt-00591067,sess-00347303,checkout,2026-01-25 18:30:44.780794351,4.4.0,"{""stage_rank"":2}"
evt-00807523,sess-00474567,page_view,2025-07-08 16:23:08.971153049,,"{""stage_rank"":0}"
evt-01618738,sess-00951333,purchase,2025-11-22 17:08:11.666324855,,"{""stage_rank"":3}"
evt-00810149,sess-00476116,page_view,2025-11-25 17:29:56.335978780,,"{""stage_rank"":0}"
evt-00823800,sess-00484133,page_view,2024-07-24 21:55:59.869201264,4.0.0,"{""stage_rank"":0}"
evt-01585043,sess-00931389,page_view,2025-04-26 13:50:20.930184360,4.3.0,"{""stage_rank"":0}"
evt-00576650,sess-00338747,purchase,2024-08-05 21:10:29.380108936,,"{""stage_rank"":3}"
evt-00167662,sess-00098422,add_to_cart,2025-11-27 18:58:10.790582979,4.4.0,"{""stage_rank"":1}"
evt-00253734,sess-00149120,page_view,2024-07-18 02:27:21.610931584,,"{""stage_rank"":0}"
evt-00150400,sess-00088290,page_view,2025-05-23 23:31:03.372988131,4.3.0,"{""stage_rank"":0}"
evt-00104934,sess-00061588,page_view,2025-11-28 00:31:54.305406883,4.4.0,"{""stage_rank"":0}"
evt-01413806,sess-00830814,page_view,2025-12-18 21:55:46.461664550,,"{""stage_rank"":0}"
evt-00543575,sess-00319360,page_view,2025-10-13 17:05:05.935064762,,"{""stage_rank"":0}"
evt-01388170,sess-00815678,page_view,2025-04-23 23:43:19.830906378,,"{""stage_rank"":0}"
evt-01699871,sess-00998832,page_view,2025-08-21 19:08:55.665142757,,"{""stage_rank"":0}"
evt-00137552,sess-00080726,page_view,2024-02-06 18:17:32.844834335,4.0.0,"{""stage_rank"":0}"
evt-01118588,sess-00657461,page_view,2024-02-24 12:18:02.558111584,,"{""stage_rank"":0}"
evt-00598010,sess-00351346,page_view,2025-09-09 21:02:59.801174813,4.4.0,"{""stage_rank"":0}"
evt-00605730,sess-00355893,page_view,2025-03-24 01:06:01.838624221,4.3.0,"{""stage_rank"":0}"
evt-00540096,sess-00317374,page_view,2024-12-06 19:38:02.703798081,4.2.0,"{""stage_rank"":0}"
evt-01482751,sess-00871239,page_view,2023-04-30 21:39:33.686962493,3.8.0,"{""stage_rank"":0}"
evt-01344860,sess-00790289,add_to_cart,2024-07-15 19:47:04.145506090,4.0.0,"{""stage_rank"":1}"
evt-00531298,sess-00312187,page_view,2026-03-18 22:58:56.570546746,4.4.0,"{""stage_rank"":0}"
evt-00053953,sess-00031646,page_view,2024-10-31 13:55:54.580683914,,"{""stage_rank"":0}"
evt-00911996,sess-00536187,add_to_cart,2026-04-11 20:17:02.962464168,,"{""stage_rank"":1}"
evt-00898385,sess-00528091,add_to_cart,2024-05-01 21:01:44.924513636,,"{""stage_rank"":1}"
evt-00393602,sess-00231338,page_view,2025-04-20 23:32:36.196358995,4.3.0,"{""stage_rank"":0}"
evt-00209819,sess-00123242,page_view,2023-01-22 17:12:39.408836236,3.8.0,"{""stage_rank"":0}"
evt-00656615,sess-00385944,page_view,2026-01-17 15:07:32.091353862,,"{""stage_rank"":0}"
evt-01378373,sess-00809911,checkout,2024-01-02 18:56:54.551341113,3.8.0,"{""stage_rank"":2}"
evt-01664178,sess-00977958,add_to_cart,2024-01-03 21:23:12.184797721,3.8.0,"{""stage_rank"":1}"
evt-01197598,sess-00703874,page_view,2023-01-07 17:59:18.294117001,,"{""stage_rank"":0}"
evt-01472378,sess-00865145,add_to_cart,2023-08-24 18:26:00.623389037,3.8.0,"{""stage_rank"":1}"
evt-00168164,sess-00098718,add_to_cart,2024-06-16 17:31:02.606314737,,"{""stage_rank"":1}"
evt-00469830,sess-00276237,page_view,2025-10-09 21:34:56.540861007,4.4.0,"{""stage_rank"":0}"
evt-00735325,sess-00432159,add_to_cart,2024-08-30 11:01:10.396518945,,"{""stage_rank"":1}"
evt-00807650,sess-00474639,page_view,2024-03-15 02:10:03.941522598,,"{""stage_rank"":0}"
evt-00145870,sess-00085622,checkout,2024-03-11 01:36:13.162570205,4.0.0,"{""stage_rank"":2}"
evt-00411886,sess-00242181,page_view,2024-08-23 23:56:36.124948849,4.1.0,"{""stage_rank"":0}"
evt-01510958,sess-00887856,page_view,2023-11-25 23:43:16.859797366,3.8.0,"{""stage_rank"":0}"
evt-00875382,sess-00514557,page_view,2025-08-13 22:08:37.576228644,,"{""stage_rank"":0}"
evt-00439264,sess-00258235,add_to_cart,2023-03-05 16:23:35.629286397,,"{""stage_rank"":1}"
evt-00214208,sess-00125803,add_to_cart,2024-01-12 19:07:13.283631413,,"{""stage_rank"":1}"
evt-01106310,sess-00650313,page_view,2024-06-26 18:10:28.022963274,,"{""stage_rank"":0}"
evt-00403134,sess-00236984,page_view,2023-12-13 20:19:13.446895601,,"{""stage_rank"":0}"
evt-00189680,sess-00111391,page_view,2023-10-04 21:04:47.140155098,3.8.0,"{""stage_rank"":0}"
evt-00462232,sess-00271784,add_to_cart,2025-12-01 20:47:30.663704181,4.4.0,"{""stage_rank"":1}"
evt-00766022,sess-00450219,add_to_cart,2024-09-05 21:05:40.991719617,4.1.0,"{""stage_rank"":1}"
evt-00644233,sess-00378596,add_to_cart,2024-10-19 17:47:30.862157438,4.1.0,"{""stage_rank"":1}"
evt-00050952,sess-00029889,page_view,2024-06-25 19:55:26.562329119,,"{""stage_rank"":0}"
evt-00978739,sess-00575563,add_to_cart,2025-05-20 20:22:51.154184995,4.3.0,"{""stage_rank"":1}"
evt-00339427,sess-00199498,page_view,2025-05-22 17:22:30.978455720,,"{""stage_rank"":0}"
evt-01258909,sess-00739924,page_view,2024-03-12 21:41:56.856557676,4.0.0,"{""stage_rank"":0}"
evt-00828257,sess-00486723,add_to_cart,2024-10-14 21:24:47.732095440,4.1.0,"{""stage_rank"":1}"
evt-01308954,sess-00769272,add_to_cart,2023-01-31 01:33:55.544139317,,"{""stage_rank"":1}"
evt-00911033,sess-00535612,add_to_cart,2024-09-10 19:49:57.683633631,,"{""stage_rank"":1}"
evt-00395961,sess-00232725,page_view,2025-02-01 20:22:28.047858588,,"{""stage_rank"":0}"
evt-01494616,sess-00878194,checkout,2025-02-18 14:51:24.868704591,4.3.0,"{""stage_rank"":2}"
evt-00274574,sess-00161342,page_view,2026-01-14 03:40:13.444450948,,"{""stage_rank"":0}"
evt-00409710,sess-00240882,page_view,2024-06-06 17:24:18.714352119,,"{""stage_rank"":0}"
evt-00985523,sess-00579583,page_view,2024-07-27 22:23:59.103531248,,"{""stage_rank"":0}"
evt-00023449,sess-00013819,page_view,2025-10-30 21:56:03.607029955,,"{""stage_rank"":0}"
evt-00212940,sess-00125029,page_view,2024-09-04 19:19:30.640236600,,"{""stage_rank"":0}"
evt-00476069,sess-00279901,add_to_cart,2023-03-02 23:50:07.250035502,,"{""stage_rank"":1}"
evt-01076803,sess-00632981,page_view,2026-04-10 18:18:44.337903685,,"{""stage_rank"":0}"
evt-00489866,sess-00288003,page_view,2026-05-16 20:10:10.520436489,4.4.0,"{""stage_rank"":0}"
evt-00609424,sess-00358033,add_to_cart,2023-08-07 20:12:02.939661992,3.8.0,"{""stage_rank"":1}"
evt-00946987,sess-00556851,page_view,2025-01-13 23:33:39.439506113,,"{""stage_rank"":0}"
evt-01160321,sess-00682005,purchase,2023-09-25 22:32:35.455771091,3.8.0,"{""stage_rank"":3}"
evt-01035342,sess-00608615,add_to_cart,2023-11-27 19:49:30.981733114,3.8.0,"{""stage_rank"":1}"
evt-00706367,sess-00415180,add_to_cart,2024-07-05 21:23:09.617360189,4.0.0,"{""stage_rank"":1}"
evt-00151292,sess-00088816,page_view,2024-04-11 20:10:27.126241636,,"{""stage_rank"":0}"
evt-00383826,sess-00225636,page_view,2026-01-17 21:19:00.825922515,4.4.0,"{""stage_rank"":0}"
evt-00027616,sess-00016250,add_to_cart,2023-01-08 21:03:39.773369864,,"{""stage_rank"":1}"
evt-01220013,sess-00716979,page_view,2026-01-20 20:28:52.491417376,4.4.0,"{""stage_rank"":0}"
evt-00709484,sess-00417017,page_view,2025-10-11 21:24:24.246122292,4.4.0,"{""stage_rank"":0}"
evt-01422154,sess-00835729,page_view,2023-02-11 03:26:56.417726099,,"{""stage_rank"":0}"
evt-00072500,sess-00042610,page_view,2026-05-16 16:16:14.334191489,,"{""stage_rank"":0}"
evt-01256033,sess-00738239,page_view,2026-01-11 20:29:15.754032514,4.4.0,"{""stage_rank"":0}"
evt-00160626,sess-00094299,checkout,2025-08-17 04:52:00.116429043,4.4.0,"{""stage_rank"":2}"
evt-01616751,sess-00950101,page_view,2023-07-30 22:25:35.766348124,,"{""stage_rank"":0}"
evt-00998751,sess-00587248,page_view,2026-02-23 20:41:42.575370195,4.4.0,"{""stage_rank"":0}"
evt-00683515,sess-00401690,page_view,2023-03-05 22:42:33.200149318,3.8.0,"{""stage_rank"":0}"
evt-01148887,sess-00675290,page_view,2023-03-10 03:47:02.476330124,,"{""stage_rank"":0}"
evt-01477144,sess-00867957,page_view,2023-11-29 22:33:01.636458817,3.8.0,"{""stage_rank"":0}"
evt-01298052,sess-00762933,page_view,2026-03-23 00:14:26.274518646,,"{""stage_rank"":0}"
evt-00087209,sess-00051223,add_to_cart,2025-07-13 18:08:59.337658112,4.3.0,"{""stage_rank"":1}"
evt-01451538,sess-00852923,page_view,2025-01-17 16:08:56.223867071,4.2.0,"{""stage_rank"":0}"
evt-01161635,sess-00682763,page_view,2023-10-10 23:41:20.563832159,3.8.0,"{""stage_rank"":0}"
evt-01564220,sess-00919145,page_view,2023-06-25 13:51:04.524136797,,"{""stage_rank"":0}"
evt-01603128,sess-00942041,add_to_cart,2025-09-06 11:47:20.204675251,,"{""stage_rank"":1}"
evt-01449019,sess-00851476,page_view,2023-11-22 17:43:45.217425942,3.8.0,"{""stage_rank"":0}"
evt-00708008,sess-00416151,page_view,2023-05-24 20:31:43.993630177,3.8.0,"{""stage_rank"":0}"
evt-01639046,sess-00963313,page_view,2025-08-27 20:49:07.333978173,,"{""stage_rank"":0}"
evt-01532372,sess-00900470,checkout,2026-02-11 18:25:35.164451706,4.4.0,"{""stage_rank"":2}"
evt-01046054,sess-00614923,page_view,2024-08-21 19:28:11.256769554,4.1.0,"{""stage_rank"":0}"
evt-00177153,sess-00103998,page_view,2025-02-16 16:31:57.630799513,,"{""stage_rank"":0}"
evt-00657792,sess-00386625,page_view,2024-10-20 18:59:12.613153392,4.1.0,"{""stage_rank"":0}"
evt-00735360,sess-00432178,page_view,2023-04-03 23:25:33.939006103,3.8.0,"{""stage_rank"":0}"
evt-00025619,sess-00015101,page_view,2026-02-23 19:41:12.927949676,,"{""stage_rank"":0}"
evt-01440244,sess-00846352,page_view,2026-02-09 16:04:52.355658600,,"{""stage_rank"":0}"
evt-01576136,sess-00926139,page_view,2024-02-17 21:21:24.414919418,4.0.0,"{""stage_rank"":0}"
evt-01637688,sess-00962486,purchase,2024-04-04 20:48:42.257208390,,"{""stage_rank"":3}"
evt-00474227,sess-00278817,page_view,2025-04-23 00:14:24.267907359,4.3.0,"{""stage_rank"":0}"
evt-00919915,sess-00540769,page_view,2024-07-10 19:31:06.853528836,4.0.0,"{""stage_rank"":0}"
evt-00134487,sess-00078890,page_view,2025-02-18 22:21:59.112870089,4.3.0,"{""stage_rank"":0}"
evt-00738286,sess-00433911,page_view,2025-02-23 21:36:48.860430983,,"{""stage_rank"":0}"
evt-00526310,sess-00309286,page_view,2025-08-25 19:30:29.438422748,,"{""stage_rank"":0}"
evt-01613321,sess-00948072,page_view,2024-11-30 18:29:01.747018539,4.2.0,"{""stage_rank"":0}"
evt-01390310,sess-00816935,add_to_cart,2023-01-19 21:02:12.683755218,3.8.0,"{""stage_rank"":1}"
evt-01264428,sess-00743117,page_view,2024-12-13 01:05:49.256226839,4.2.0,"{""stage_rank"":0}"
evt-01219535,sess-00716695,page_view,2026-01-18 20:34:27.659705929,,"{""stage_rank"":0}"
evt-00304474,sess-00178831,add_to_cart,2023-04-17 21:02:37.333358226,3.8.0,"{""stage_rank"":1}"
evt-00244734,sess-00143890,page_view,2023-10-10 20:48:04.748152665,,"{""stage_rank"":0}"
evt-01141504,sess-00670948,page_view,2025-07-16 22:25:17.135864437,4.3.0,"{""stage_rank"":0}"
evt-00212851,sess-00124971,page_view,2026-05-22 22:42:27.565011767,4.4.0,"{""stage_rank"":0}"
evt-00183983,sess-00108069,page_view,2024-02-13 22:46:12.317077367,,"{""stage_rank"":0}"
evt-00354309,sess-00208191,page_view,2025-11-14 18:21:16.767118536,,"{""stage_rank"":0}"
evt-01003427,sess-00589971,add_to_cart,2024-03-29 00:33:08.463550669,4.0.0,"{""stage_rank"":1}"
evt-00342904,sess-00201516,add_to_cart,2025-08-22 18:10:25.153494700,,"{""stage_rank"":1}"
evt-00098073,sess-00057584,add_to_cart,2023-06-08 17:31:01.505725924,,"{""stage_rank"":1}"
evt-01622529,sess-00953546,page_view,2023-07-17 03:05:41.362243783,,"{""stage_rank"":0}"
evt-00524940,sess-00308483,add_to_cart,2024-03-19 13:47:15.314042402,,"{""stage_rank"":1}"
evt-01587191,sess-00932656,add_to_cart,2025-10-22 21:55:17.648512549,4.4.0,"{""stage_rank"":1}"
evt-01539069,sess-00904384,add_to_cart,2023-08-31 23:34:41.718917247,3.8.0,"{""stage_rank"":1}"
evt-00520694,sess-00306030,page_view,2024-07-23 22:23:57.630339131,4.0.0,"{""stage_rank"":0}"
evt-00965566,sess-00567797,page_view,2025-01-31 20:59:14.433680159,4.2.0,"{""stage_rank"":0}"
evt-00853738,sess-00501834,page_view,2025-12-16 19:53:10.531081126,4.4.0,"{""stage_rank"":0}"
evt-01376944,sess-00809080,page_view,2026-06-02 17:15:47.474696213,4.4.0,"{""stage_rank"":0}"
evt-01327261,sess-00780010,page_view,2024-04-20 18:25:35.149975789,,"{""stage_rank"":0}"
evt-00870696,sess-00511761,checkout,2026-04-05 21:01:10.920975803,4.4.0,"{""stage_rank"":2}"
evt-01681848,sess-00988234,purchase,2024-08-17 20:43:44.323122105,,"{""stage_rank"":3}"
evt-00776382,sess-00456276,page_view,2024-03-29 18:24:43.334989980,4.0.0,"{""stage_rank"":0}"
evt-00185368,sess-00108867,page_view,2023-02-17 04:42:21.694618013,,"{""stage_rank"":0}"
evt-01621447,sess-00952922,add_to_cart,2026-06-05 19:18:07.101488634,4.4.0,"{""stage_rank"":1}"
evt-00316427,sess-00185914,page_view,2023-07-18 13:38:34.795067112,,"{""stage_rank"":0}"
evt-00530703,sess-00311837,page_view,2026-05-28 19:49:58.195190148,4.4.0,"{""stage_rank"":0}"
evt-01695173,sess-00996070,add_to_cart,2024-10-14 17:41:31.944182417,,"{""stage_rank"":1}"
evt-01654599,sess-00972411,add_to_cart,2023-12-06 19:47:16.292279314,3.8.0,"{""stage_rank"":1}"
evt-00045198,sess-00026500,checkout,2024-02-29 01:39:07.219289722,,"{""stage_rank"":2}"
evt-01314741,sess-00772656,checkout,2025-06-19 15:47:29.128787425,,"{""stage_rank"":2}"
evt-00601843,sess-00353600,page_view,2024-05-13 17:47:44.588010085,4.0.0,"{""stage_rank"":0}"
evt-00504443,sess-00296551,page_view,2024-12-22 16:52:37.423587253,4.2.0,"{""stage_rank"":0}"
evt-00992884,sess-00583869,add_to_cart,2025-08-07 19:27:03.733397763,4.4.0,"{""stage_rank"":1}"
evt-00530191,sess-00311539,checkout,2026-06-15 19:38:17.279345016,,"{""stage_rank"":2}"
evt-01227327,sess-00721327,add_to_cart,2025-05-03 12:03:51.497815167,4.3.0,"{""stage_rank"":1}"
evt-00959511,sess-00564178,page_view,2024-02-02 21:05:39.080586008,4.0.0,"{""stage_rank"":0}"
evt-00336332,sess-00197684,add_to_cart,2023-12-23 23:18:47.162844063,3.8.0,"{""stage_rank"":1}"
evt-01285357,sess-00755400,page_view,2023-11-20 18:27:26.218636590,3.8.0,"{""stage_rank"":0}"
evt-00513677,sess-00301921,page_view,2025-07-24 18:19:15.849351605,,"{""stage_rank"":0}"
evt-01478936,sess-00869007,add_to_cart,2026-04-30 19:52:38.206704190,,"{""stage_rank"":1}"
evt-01254211,sess-00737166,page_view,2025-11-10 20:31:37.692018794,4.4.0,"{""stage_rank"":0}"
evt-01332634,sess-00783125,page_view,2024-10-28 23:06:48.809004054,4.1.0,"{""stage_rank"":0}"
evt-00809672,sess-00475829,page_view,2023-04-28 21:27:53.479252619,3.8.0,"{""stage_rank"":0}"
evt-01693279,sess-00994967,add_to_cart,2025-08-30 04:06:41.933450970,4.4.0,"{""stage_rank"":1}"
evt-00939329,sess-00552307,page_view,2023-07-18 14:57:24.164218002,,"{""stage_rank"":0}"
evt-00548004,sess-00321974,page_view,2023-10-13 18:06:11.408745229,3.8.0,"{""stage_rank"":0}"
evt-00365315,sess-00214693,page_view,2024-01-27 21:19:09.606744542,,"{""stage_rank"":0}"
evt-00899013,sess-00528466,page_view,2025-04-17 19:50:17.063595477,,"{""stage_rank"":0}"
evt-01392625,sess-00818309,page_view,2025-12-23 20:13:24.080017330,,"{""stage_rank"":0}"
evt-01655939,sess-00973196,checkout,2023-05-06 23:46:10.600811330,3.8.0,"{""stage_rank"":2}"
evt-00764845,sess-00449533,page_view,2025-03-13 18:31:25.736356869,4.3.0,"{""stage_rank"":0}"
evt-00921486,sess-00541726,page_view,2026-03-14 14:09:56.386276886,,"{""stage_rank"":0}"
evt-00387799,sess-00227930,checkout,2023-11-18 14:07:18.433706473,,"{""stage_rank"":2}"
evt-00160618,sess-00094297,page_view,2026-04-22 12:41:58.295121194,4.4.0,"{""stage_rank"":0}"
evt-00737511,sess-00433469,page_view,2025-07-12 18:59:00.063093708,,"{""stage_rank"":0}"
evt-00666700,sess-00391874,add_to_cart,2023-12-02 01:33:00.397661045,,"{""stage_rank"":1}"
evt-01002428,sess-00589374,add_to_cart,2026-05-10 18:44:25.509264949,,"{""stage_rank"":1}"
evt-01663136,sess-00977350,page_view,2023-12-25 02:28:58.205126891,,"{""stage_rank"":0}"
evt-00876368,sess-00515133,page_view,2024-12-05 19:46:30.098207640,,"{""stage_rank"":0}"
evt-00306640,sess-00180100,add_to_cart,2023-11-22 23:04:17.122477362,,"{""stage_rank"":1}"
evt-01645782,sess-00967230,purchase,2025-05-14 22:15:47.461029245,,"{""stage_rank"":3}"
evt-00856207,sess-00503268,page_view,2025-07-13 02:05:08.376111944,,"{""stage_rank"":0}"
evt-00790470,sess-00464582,add_to_cart,2026-01-31 19:44:33.642737260,,"{""stage_rank"":1}"
evt-00201755,sess-00118470,page_view,2025-03-04 23:21:38.629270247,,"{""stage_rank"":0}"
evt-00511542,sess-00300673,page_view,2026-03-13 20:55:06.980934466,4.4.0,"{""stage_rank"":0}"
evt-01044171,sess-00613822,add_to_cart,2023-07-12 23:05:14.270244818,3.8.0,"{""stage_rank"":1}"
evt-00787827,sess-00463015,checkout,2023-01-01 14:35:34.262593484,3.8.0,"{""stage_rank"":2}"
evt-00162520,sess-00095425,add_to_cart,2023-02-18 16:18:18.810883210,,"{""stage_rank"":1}"
evt-01062923,sess-00624819,add_to_cart,2023-01-15 17:36:04.428023452,3.8.0,"{""stage_rank"":1}"
evt-01211512,sess-00711942,add_to_cart,2025-05-18 19:36:01.444724437,,"{""stage_rank"":1}"
evt-00513787,sess-00301978,add_to_cart,2026-03-30 14:13:34.206792871,4.4.0,"{""stage_rank"":1}"
evt-01173884,sess-00689985,checkout,2024-10-17 01:14:25.107032353,4.1.0,"{""stage_rank"":2}"
evt-01433619,sess-00842436,page_view,2025-08-24 17:19:58.147161786,4.4.0,"{""stage_rank"":0}"
evt-00974304,sess-00572900,checkout,2024-05-17 16:31:22.007394539,4.0.0,"{""stage_rank"":2}"
evt-00679402,sess-00399297,page_view,2025-08-21 21:01:16.630658220,,"{""stage_rank"":0}"
evt-01650394,sess-00969960,checkout,2023-12-25 18:19:23.238542904,3.8.0,"{""stage_rank"":2}"
evt-00175651,sess-00103127,add_to_cart,2026-03-19 00:05:30.568682009,,"{""stage_rank"":1}"
evt-00750684,sess-00441191,page_view,2025-03-09 17:37:10.847049931,,"{""stage_rank"":0}"
evt-00642491,sess-00377554,page_view,2023-12-24 17:50:08.904207170,,"{""stage_rank"":0}"
evt-01489467,sess-00875183,page_view,2023-01-10 23:09:49.729962099,,"{""stage_rank"":0}"
evt-01228038,sess-00721734,page_view,2025-02-08 16:32:54.139070641,4.3.0,"{""stage_rank"":0}"
evt-00431732,sess-00253768,add_to_cart,2023-05-06 17:10:48.404858866,3.8.0,"{""stage_rank"":1}"
evt-01104439,sess-00649233,page_view,2025-08-08 15:03:24.264881619,,"{""stage_rank"":0}"
evt-01208161,sess-00710021,page_view,2023-07-24 16:37:34.691363012,,"{""stage_rank"":0}"
evt-01701311,sess-00999682,page_view,2024-10-21 17:02:34.870219820,,"{""stage_rank"":0}"
evt-01640454,sess-00964145,page_view,2026-05-30 15:42:45.034356375,4.4.0,"{""stage_rank"":0}"
evt-00700715,sess-00411866,page_view,2025-04-29 19:27:26.490324784,4.3.0,"{""stage_rank"":0}"
evt-01236616,sess-00726765,page_view,2026-02-05 00:16:21.803806558,,"{""stage_rank"":0}"
evt-01286530,sess-00756101,checkout,2025-12-30 17:18:36.031508684,4.4.0,"{""stage_rank"":2}"
evt-00595656,sess-00349957,add_to_cart,2023-09-26 22:40:44.426218477,3.8.0,"{""stage_rank"":1}"
evt-00125895,sess-00073834,page_view,2025-06-21 20:33:23.847578801,4.3.0,"{""stage_rank"":0}"
evt-01201189,sess-00705994,add_to_cart,2023-08-25 15:52:19.047801661,3.8.0,"{""stage_rank"":1}"
evt-00942203,sess-00554005,page_view,2026-01-02 20:51:46.068564667,4.4.0,"{""stage_rank"":0}"
evt-01603961,sess-00942528,add_to_cart,2023-09-04 17:49:40.651146019,,"{""stage_rank"":1}"
evt-01615602,sess-00949429,page_view,2024-01-13 13:18:11.128298081,,"{""stage_rank"":0}"
evt-00216066,sess-00126892,add_to_cart,2024-03-14 17:33:14.952200726,,"{""stage_rank"":1}"
evt-00703352,sess-00413399,add_to_cart,2023-05-27 20:53:40.270609600,3.8.0,"{""stage_rank"":1}"
evt-00166185,sess-00097559,add_to_cart,2023-12-14 23:12:25.229424899,,"{""stage_rank"":1}"
evt-01568024,sess-00921380,page_view,2026-05-13 20:42:37.866266016,,"{""stage_rank"":0}"
evt-01644455,sess-00966459,add_to_cart,2025-10-11 16:21:53.226176499,4.4.0,"{""stage_rank"":1}"
evt-00073612,sess-00043268,add_to_cart,2024-06-13 00:31:18.725174062,4.0.0,"{""stage_rank"":1}"
evt-00717537,sess-00421679,add_to_cart,2024-03-22 16:57:13.615994541,4.0.0,"{""stage_rank"":1}"
evt-00026063,sess-00015360,page_view,2024-12-09 00:32:16.644068420,4.2.0,"{""stage_rank"":0}"
evt-00185747,sess-00109087,page_view,2026-05-21 02:14:55.165831707,,"{""stage_rank"":0}"
evt-00921005,sess-00541432,add_to_cart,2025-02-16 16:53:35.209342982,4.3.0,"{""stage_rank"":1}"
evt-00147835,sess-00086791,page_view,2023-08-31 21:02:33.647770743,,"{""stage_rank"":0}"
evt-00779955,sess-00458378,page_view,2023-12-10 20:49:52.626844207,3.8.0,"{""stage_rank"":0}"
evt-01190488,sess-00699716,add_to_cart,2025-10-18 16:11:53.057081906,4.4.0,"{""stage_rank"":1}"
evt-00860186,sess-00505628,page_view,2024-09-21 16:32:36.781633708,,"{""stage_rank"":0}"
evt-01676637,sess-00985211,add_to_cart,2025-05-20 19:11:19.556884782,,"{""stage_rank"":1}"
evt-00330426,sess-00194187,page_view,2024-12-17 22:32:07.054832437,4.2.0,"{""stage_rank"":0}"
evt-00166938,sess-00097995,add_to_cart,2025-02-17 23:43:59.317843604,,"{""stage_rank"":1}"
evt-00573558,sess-00336939,add_to_cart,2025-09-10 02:24:25.561477071,4.4.0,"{""stage_rank"":1}"
evt-00828488,sess-00486864,add_to_cart,2025-12-21 19:55:09.568929843,,"{""stage_rank"":1}"
evt-01165773,sess-00685213,page_view,2025-04-03 23:34:27.142254017,,"{""stage_rank"":0}"
evt-01627311,sess-00956373,checkout,2025-11-17 21:42:05.505277095,,"{""stage_rank"":2}"
evt-00012062,sess-00007148,checkout,2024-06-03 20:51:35.479225222,,"{""stage_rank"":2}"
evt-01575896,sess-00925992,add_to_cart,2025-08-16 19:09:08.902085063,4.4.0,"{""stage_rank"":1}"
evt-01610227,sess-00946240,page_view,2024-12-13 20:46:52.377230051,,"{""stage_rank"":0}"
evt-01619165,sess-00951575,page_view,2023-03-13 23:07:31.209918409,3.8.0,"{""stage_rank"":0}"
evt-00043299,sess-00025412,page_view,2024-11-28 13:21:22.289110396,4.2.0,"{""stage_rank"":0}"
evt-00858386,sess-00504567,add_to_cart,2023-04-13 01:00:58.301941346,3.8.0,"{""stage_rank"":1}"
evt-01266288,sess-00744223,add_to_cart,2024-08-26 19:00:38.162829454,,"{""stage_rank"":1}"
evt-01149737,sess-00675793,page_view,2026-03-07 17:20:02.944485262,,"{""stage_rank"":0}"
evt-00944270,sess-00555235,page_view,2023-10-29 18:23:28.645732263,3.8.0,"{""stage_rank"":0}"
evt-01192502,sess-00700886,page_view,2023-06-24 19:02:38.335838704,3.8.0,"{""stage_rank"":0}"
evt-00618600,sess-00363399,checkout,2026-03-07 21:24:07.874992116,4.4.0,"{""stage_rank"":2}"
evt-01102958,sess-00648366,page_view,2026-06-13 01:14:05.000178079,,"{""stage_rank"":0}"
evt-00727736,sess-00427675,purchase,2023-03-14 16:45:34.387595988,,"{""stage_rank"":3}"
evt-01319037,sess-00775196,page_view,2023-12-02 20:39:00.771096056,,"{""stage_rank"":0}"
evt-00328699,sess-00193188,page_view,2025-04-25 13:49:49.861208330,,"{""stage_rank"":0}"
evt-01237875,sess-00727495,purchase,2023-11-25 15:29:23.468894379,3.8.0,"{""stage_rank"":3}"
evt-00599845,sess-00352421,page_view,2023-02-17 17:54:26.989778062,3.8.0,"{""stage_rank"":0}"
evt-01392902,sess-00818470,page_view,2024-01-15 01:37:00.447108858,3.8.0,"{""stage_rank"":0}"
evt-01392803,sess-00818409,checkout,2026-03-04 22:25:36.329809338,4.4.0,"{""stage_rank"":2}"
evt-00759560,sess-00446402,checkout,2024-10-21 19:32:31.988376656,4.1.0,"{""stage_rank"":2}"
evt-00108339,sess-00063593,page_view,2023-04-05 03:17:15.499910108,3.8.0,"{""stage_rank"":0}"
evt-01011848,sess-00594880,checkout,2024-05-07 17:28:24.806501989,4.0.0,"{""stage_rank"":2}"
evt-01424804,sess-00837305,add_to_cart,2023-11-13 18:49:17.278603454,3.8.0,"{""stage_rank"":1}"
evt-01658223,sess-00974507,add_to_cart,2024-10-07 01:04:54.869003924,,"{""stage_rank"":1}"
evt-00463623,sess-00272617,checkout,2024-03-05 22:28:13.133895381,4.0.0,"{""stage_rank"":2}"
evt-00327198,sess-00192296,checkout,2024-05-11 03:26:24.100888156,4.0.0,"{""stage_rank"":2}"
evt-01302799,sess-00765723,page_view,2023-05-28 21:32:34.650211404,,"{""stage_rank"":0}"
evt-00646972,sess-00380257,page_view,2024-05-03 18:54:53.597401082,4.0.0,"{""stage_rank"":0}"
evt-01057056,sess-00621400,add_to_cart,2024-04-01 18:13:23.667853938,,"{""stage_rank"":1}"
evt-00815308,sess-00479161,page_view,2023-12-15 17:03:45.924817605,3.8.0,"{""stage_rank"":0}"
evt-01295634,sess-00761476,checkout,2024-05-09 21:22:32.127651239,,"{""stage_rank"":2}"
evt-00209621,sess-00123129,add_to_cart,2024-12-13 17:10:59.549230177,4.2.0,"{""stage_rank"":1}"
evt-00761031,sess-00447276,page_view,2025-08-29 18:45:46.067282478,,"{""stage_rank"":0}"
evt-01179995,sess-00693553,page_view,2025-01-22 17:04:41.170006393,,"{""stage_rank"":0}"
evt-00017945,sess-00010619,page_view,2023-09-06 22:28:13.733236774,,"{""stage_rank"":0}"
evt-00559173,sess-00328518,page_view,2025-01-15 23:43:50.840590141,,"{""stage_rank"":0}"
evt-01220190,sess-00717086,add_to_cart,2024-07-30 20:59:03.479382055,,"{""stage_rank"":1}"
evt-00710460,sess-00417585,add_to_cart,2023-06-08 20:20:49.905722618,,"{""stage_rank"":1}"
evt-00942849,sess-00554391,add_to_cart,2024-03-30 21:46:10.315338248,,"{""stage_rank"":1}"
evt-00261415,sess-00153668,page_view,2024-09-23 16:08:09.661521266,,"{""stage_rank"":0}"
evt-01391949,sess-00817898,page_view,2025-09-04 16:59:07.245488135,4.4.0,"{""stage_rank"":0}"
evt-01117659,sess-00656940,checkout,2026-05-24 09:53:20.258758471,4.4.0,"{""stage_rank"":2}"
evt-00792513,sess-00465805,add_to_cart,2024-12-21 22:11:16.956538650,4.2.0,"{""stage_rank"":1}"
evt-01327010,sess-00779869,add_to_cart,2024-09-11 23:38:55.355310169,,"{""stage_rank"":1}"
evt-00266947,sess-00156906,page_view,2025-01-03 16:20:13.840954446,4.2.0,"{""stage_rank"":0}"
evt-00204686,sess-00120202,add_to_cart,2023-05-21 20:58:12.587447625,,"{""stage_rank"":1}"
evt-01340962,sess-00787979,page_view,2024-01-28 14:24:12.366044311,,"{""stage_rank"":0}"
evt-01006965,sess-00592020,page_view,2023-07-07 22:07:53.054086276,,"{""stage_rank"":0}"
evt-00892287,sess-00524453,page_view,2024-01-11 21:52:41.511828106,,"{""stage_rank"":0}"
evt-00817533,sess-00480481,add_to_cart,2024-06-22 17:50:52.948932574,,"{""stage_rank"":1}"
evt-01373685,sess-00807182,page_view,2025-01-29 00:27:14.332396308,,"{""stage_rank"":0}"
evt-01508095,sess-00886161,page_view,2025-05-24 19:03:02.481638746,4.3.0,"{""stage_rank"":0}"
evt-00280272,sess-00164639,page_view,2023-09-13 17:24:12.554774383,3.8.0,"{""stage_rank"":0}"
evt-00743672,sess-00437047,page_view,2026-05-15 20:03:53.968212445,,"{""stage_rank"":0}"
evt-01643759,sess-00966061,page_view,2023-07-19 23:16:00.480124135,,"{""stage_rank"":0}"
evt-00110662,sess-00064962,page_view,2023-10-06 22:49:00.995452665,3.8.0,"{""stage_rank"":0}"
evt-00721879,sess-00424253,page_view,2025-04-22 20:03:58.318562985,,"{""stage_rank"":0}"
evt-01322846,sess-00777442,add_to_cart,2023-04-12 01:30:25.185196291,3.8.0,"{""stage_rank"":1}"
evt-00986027,sess-00579877,checkout,2024-07-04 18:21:52.366901930,,"{""stage_rank"":2}"
evt-00001080,sess-00000639,add_to_cart,2024-07-24 19:19:18.957116571,4.0.0,"{""stage_rank"":1}"
evt-01304372,sess-00766639,add_to_cart,2023-02-24 21:50:43.249808035,3.8.0,"{""stage_rank"":1}"
evt-01653535,sess-00971790,add_to_cart,2024-01-05 00:15:39.051753067,3.8.0,"{""stage_rank"":1}"
evt-00037320,sess-00021912,add_to_cart,2023-02-27 19:25:10.185085819,3.8.0,"{""stage_rank"":1}"
evt-01655938,sess-00973196,add_to_cart,2023-05-06 23:43:00.015341433,3.8.0,"{""stage_rank"":1}"
evt-01622086,sess-00953302,checkout,2024-02-02 19:28:41.159381020,4.0.0,"{""stage_rank"":2}"
evt-01690288,sess-00993206,page_view,2024-06-10 16:36:20.367408426,4.0.0,"{""stage_rank"":0}"
evt-00731161,sess-00429672,page_view,2023-06-05 01:10:37.947450599,,"{""stage_rank"":0}"
evt-00531932,sess-00312572,page_view,2023-03-03 22:25:45.330522593,3.8.0,"{""stage_rank"":0}"
evt-00533341,sess-00313412,add_to_cart,2023-03-13 14:48:25.191196986,3.8.0,"{""stage_rank"":1}"
evt-00012100,sess-00007170,page_view,2025-01-09 01:38:44.629633890,,"{""stage_rank"":0}"
evt-01450743,sess-00852465,page_view,2025-11-22 15:33:22.649499604,,"{""stage_rank"":0}"
evt-01363567,sess-00801295,page_view,2025-08-07 18:52:55.007148791,,"{""stage_rank"":0}"
evt-00998014,sess-00586813,page_view,2024-09-13 20:11:09.131874370,,"{""stage_rank"":0}"
evt-00723787,sess-00425372,add_to_cart,2024-06-28 15:28:43.067554862,,"{""stage_rank"":1}"
evt-00776547,sess-00456372,page_view,2024-08-20 21:20:42.691810627,4.1.0,"{""stage_rank"":0}"
evt-00508535,sess-00298954,checkout,2024-04-26 16:28:03.897168571,,"{""stage_rank"":2}"
evt-01217965,sess-00715775,add_to_cart,2026-03-28 18:29:57.229637450,4.4.0,"{""stage_rank"":1}"
evt-01180937,sess-00694110,add_to_cart,2025-11-29 21:34:18.959617430,,"{""stage_rank"":1}"
evt-01697855,sess-00997662,add_to_cart,2023-05-12 21:10:42.775153816,3.8.0,"{""stage_rank"":1}"
evt-00023410,sess-00013797,page_view,2025-08-30 21:55:16.285697232,,"{""stage_rank"":0}"
evt-00712267,sess-00418622,add_to_cart,2024-06-03 21:17:32.938940166,4.0.0,"{""stage_rank"":1}"
evt-01394638,sess-00819510,add_to_cart,2025-07-11 20:43:46.576181553,4.3.0,"{""stage_rank"":1}"
evt-00049081,sess-00028789,add_to_cart,2024-02-04 15:30:06.876696208,4.0.0,"{""stage_rank"":1}"
evt-01539247,sess-00904495,page_view,2025-07-21 21:08:52.441967692,,"{""stage_rank"":0}"
evt-00968251,sess-00569384,add_to_cart,2025-12-31 18:54:52.639370618,4.4.0,"{""stage_rank"":1}"
evt-01157822,sess-00680560,page_view,2023-12-13 23:04:45.855372606,3.8.0,"{""stage_rank"":0}"
evt-00061130,sess-00035902,add_to_cart,2024-01-22 17:38:18.097557029,3.8.0,"{""stage_rank"":1}"
evt-00128267,sess-00075234,add_to_cart,2024-04-10 22:45:34.083503809,4.0.0,"{""stage_rank"":1}"
evt-00154517,sess-00090704,add_to_cart,2023-12-22 00:06:15.283757810,,"{""stage_rank"":1}"
evt-00509410,sess-00299459,page_view,2024-03-05 23:09:57.873614337,,"{""stage_rank"":0}"
evt-01004753,sess-00590743,page_view,2023-01-24 16:58:58.966463215,,"{""stage_rank"":0}"
evt-01583305,sess-00930393,add_to_cart,2023-05-30 16:21:09.097482699,3.8.0,"{""stage_rank"":1}"
evt-01234574,sess-00725583,add_to_cart,2023-07-05 22:44:12.377577713,,"{""stage_rank"":1}"
evt-00539560,sess-00317055,checkout,2023-03-26 17:00:58.713086065,3.8.0,"{""stage_rank"":2}"
evt-01614359,sess-00948688,add_to_cart,2024-11-09 02:28:14.820667574,,"{""stage_rank"":1}"
evt-01490736,sess-00875914,add_to_cart,2025-12-06 21:28:56.205038777,4.4.0,"{""stage_rank"":1}"
evt-00262501,sess-00154288,page_view,2025-07-05 14:17:53.813690901,,"{""stage_rank"":0}"
evt-00377681,sess-00222000,checkout,2024-10-24 19:55:31.013545573,4.1.0,"{""stage_rank"":2}"
evt-01428862,sess-00839664,page_view,2025-02-05 19:18:49.118796186,4.3.0,"{""stage_rank"":0}"
evt-00209103,sess-00122817,page_view,2026-04-15 17:01:43.330715768,4.4.0,"{""stage_rank"":0}"
evt-00176984,sess-00103901,add_to_cart,2025-07-15 20:48:30.647208044,,"{""stage_rank"":1}"
evt-00504667,sess-00296687,page_view,2025-05-15 00:08:06.935943011,4.3.0,"{""stage_rank"":0}"
evt-00932326,sess-00548165,add_to_cart,2025-01-24 00:37:18.534452350,4.2.0,"{""stage_rank"":1}"
evt-00105936,sess-00062186,checkout,2026-06-12 17:53:36.529496738,4.4.0,"{""stage_rank"":2}"
evt-00762995,sess-00448441,page_view,2025-08-01 16:46:16.668115093,,"{""stage_rank"":0}"
evt-00899560,sess-00528794,add_to_cart,2024-10-20 01:17:47.939892277,,"{""stage_rank"":1}"
evt-00587595,sess-00345255,add_to_cart,2025-07-27 21:57:49.727637550,4.3.0,"{""stage_rank"":1}"
evt-01053360,sess-00619206,page_view,2023-08-27 19:38:36.870463372,,"{""stage_rank"":0}"
evt-01199635,sess-00705072,page_view,2024-02-29 16:32:39.738559906,,"{""stage_rank"":0}"
evt-00350247,sess-00205812,add_to_cart,2025-11-10 18:53:32.371986458,4.4.0,"{""stage_rank"":1}"
evt-01628358,sess-00957003,checkout,2025-05-09 22:21:02.744443106,,"{""stage_rank"":2}"
evt-01363337,sess-00801166,page_view,2025-10-09 14:39:30.604136021,,"{""stage_rank"":0}"
evt-01204039,sess-00707622,page_view,2026-04-15 19:15:03.227929350,4.4.0,"{""stage_rank"":0}"
evt-00621730,sess-00365251,page_view,2023-03-18 23:43:04.823940555,,"{""stage_rank"":0}"
evt-00228344,sess-00134159,page_view,2025-09-04 03:44:27.906809570,,"{""stage_rank"":0}"
evt-00535960,sess-00314964,page_view,2025-11-30 23:58:48.356352320,4.4.0,"{""stage_rank"":0}"
evt-00086029,sess-00050527,page_view,2023-04-16 02:56:18.790824729,3.8.0,"{""stage_rank"":0}"
evt-01593063,sess-00936144,page_view,2026-06-10 19:06:59.114965704,,"{""stage_rank"":0}"
evt-01258453,sess-00739651,page_view,2025-02-06 16:22:40.596426495,4.3.0,"{""stage_rank"":0}"
evt-01336515,sess-00785420,page_view,2024-08-19 01:46:57.036131593,,"{""stage_rank"":0}"
evt-00460509,sess-00270777,page_view,2023-09-03 20:27:20.430788307,,"{""stage_rank"":0}"
evt-01556315,sess-00914539,add_to_cart,2023-08-21 19:56:55.871655085,3.8.0,"{""stage_rank"":1}"
evt-01351903,sess-00794418,add_to_cart,2025-11-11 20:49:02.452186498,,"{""stage_rank"":1}"
evt-00850402,sess-00499857,checkout,2026-06-20 23:16:56.621384621,4.4.0,"{""stage_rank"":2}"
evt-00756525,sess-00444621,checkout,2026-01-03 22:52:43.438986905,,"{""stage_rank"":2}"
evt-01281474,sess-00753120,checkout,2025-09-12 17:33:00.358763963,,"{""stage_rank"":2}"
evt-00801850,sess-00471266,page_view,2025-12-28 23:10:17.589004663,,"{""stage_rank"":0}"
evt-00534767,sess-00314264,checkout,2024-01-15 22:49:23.993097296,,"{""stage_rank"":2}"
evt-01331277,sess-00782350,add_to_cart,2024-07-11 18:36:08.651258346,,"{""stage_rank"":1}"
evt-00987050,sess-00580473,page_view,2024-10-31 02:53:57.492938226,,"{""stage_rank"":0}"
evt-00478702,sess-00281458,add_to_cart,2023-12-24 17:36:39.434195404,3.8.0,"{""stage_rank"":1}"
evt-00999760,sess-00587835,page_view,2025-12-31 03:30:31.650513987,4.4.0,"{""stage_rank"":0}"
evt-00668981,sess-00393209,add_to_cart,2025-09-02 19:59:24.985699852,4.4.0,"{""stage_rank"":1}"
evt-01127184,sess-00662526,page_view,2024-06-03 21:47:16.270764243,,"{""stage_rank"":0}"
evt-01363540,sess-00801280,page_view,2024-10-06 18:04:27.032640935,,"{""stage_rank"":0}"
evt-00551759,sess-00324144,page_view,2023-05-23 17:41:31.960022694,,"{""stage_rank"":0}"
evt-01538741,sess-00904188,page_view,2025-02-01 17:41:28.457663785,,"{""stage_rank"":0}"
evt-01017972,sess-00598455,add_to_cart,2026-02-06 15:14:23.060516285,,"{""stage_rank"":1}"
evt-01584992,sess-00931360,page_view,2026-02-09 20:27:46.863612371,4.4.0,"{""stage_rank"":0}"
evt-00538545,sess-00316465,page_view,2026-06-26 22:25:51.924558319,4.4.0,"{""stage_rank"":0}"
evt-00281878,sess-00165612,page_view,2026-01-04 20:56:45.632052756,,"{""stage_rank"":0}"
evt-00084741,sess-00049780,purchase,2025-07-13 12:35:38.216546698,4.3.0,"{""stage_rank"":3}"
evt-00867601,sess-00509965,page_view,2025-02-18 22:04:20.001863757,4.3.0,"{""stage_rank"":0}"
evt-01414633,sess-00831285,add_to_cart,2024-06-20 15:24:51.858482854,,"{""stage_rank"":1}"
evt-00904754,sess-00531842,page_view,2026-02-20 18:08:37.199059454,,"{""stage_rank"":0}"
evt-01319951,sess-00775740,page_view,2023-04-07 16:56:31.883147594,,"{""stage_rank"":0}"
evt-01178935,sess-00692938,page_view,2024-10-04 18:45:44.472270738,4.1.0,"{""stage_rank"":0}"
evt-01246781,sess-00732760,page_view,2023-02-15 21:52:08.705228614,,"{""stage_rank"":0}"
evt-00643134,sess-00377951,checkout,2023-12-06 22:49:38.998738052,3.8.0,"{""stage_rank"":2}"
evt-00279775,sess-00164365,add_to_cart,2025-08-25 13:38:11.451199159,4.4.0,"{""stage_rank"":1}"
evt-00627285,sess-00368527,page_view,2023-04-15 20:58:10.214555435,,"{""stage_rank"":0}"
evt-01326730,sess-00779713,page_view,2024-05-31 02:21:14.619610162,,"{""stage_rank"":0}"
evt-01433957,sess-00842638,checkout,2025-07-29 22:24:25.707585379,4.3.0,"{""stage_rank"":2}"
evt-01161895,sess-00682901,add_to_cart,2023-10-14 22:56:07.077730334,,"{""stage_rank"":1}"
evt-01626455,sess-00955870,page_view,2023-09-12 00:28:18.515962343,3.8.0,"{""stage_rank"":0}"
evt-01143967,sess-00672393,page_view,2025-09-05 20:20:57.598155307,,"{""stage_rank"":0}"
evt-01397303,sess-00821103,add_to_cart,2024-12-12 20:46:31.751815682,,"{""stage_rank"":1}"
evt-01333660,sess-00783715,page_view,2025-01-29 22:03:30.070692101,,"{""stage_rank"":0}"
evt-00610163,sess-00358470,checkout,2025-12-18 23:17:13.816491041,,"{""stage_rank"":2}"
evt-01272102,sess-00747618,page_view,2024-01-22 15:56:26.951157134,3.8.0,"{""stage_rank"":0}"
evt-00029408,sess-00017288,page_view,2026-06-03 21:45:54.717743812,4.4.0,"{""stage_rank"":0}"
evt-00816312,sess-00479776,page_view,2023-12-10 21:19:43.921740529,,"{""stage_rank"":0}"
evt-00644374,sess-00378693,page_view,2025-10-28 20:26:00.954414777,,"{""stage_rank"":0}"
evt-00591200,sess-00347380,page_view,2024-08-23 21:19:22.025627716,,"{""stage_rank"":0}"
evt-00072928,sess-00042866,page_view,2023-04-06 21:01:19.456639564,3.8.0,"{""stage_rank"":0}"
evt-01551925,sess-00911922,page_view,2025-04-27 01:00:52.940429063,,"{""stage_rank"":0}"
evt-01352181,sess-00794584,page_view,2023-09-11 22:55:47.828293936,3.8.0,"{""stage_rank"":0}"
evt-00071637,sess-00042091,add_to_cart,2023-05-28 00:51:22.881718494,,"{""stage_rank"":1}"
evt-01074131,sess-00631395,add_to_cart,2024-08-24 01:52:15.232663228,4.1.0,"{""stage_rank"":1}"
evt-00937808,sess-00551394,page_view,2024-11-12 19:52:28.882799816,4.2.0,"{""stage_rank"":0}"
evt-00150183,sess-00088154,page_view,2024-05-24 21:29:15.741708650,,"{""stage_rank"":0}"
evt-01202039,sess-00706484,page_view,2024-09-28 17:44:54.355468667,,"{""stage_rank"":0}"
evt-01469439,sess-00863407,add_to_cart,2023-12-19 20:09:25.031543589,3.8.0,"{""stage_rank"":1}"
evt-01483967,sess-00871951,add_to_cart,2023-08-11 02:04:10.812435831,3.8.0,"{""stage_rank"":1}"
evt-00681101,sess-00400291,add_to_cart,2024-12-05 01:43:27.780686317,,"{""stage_rank"":1}"
evt-00568279,sess-00333840,page_view,2025-07-15 18:21:54.631672029,4.3.0,"{""stage_rank"":0}"
evt-00879266,sess-00516798,page_view,2026-04-10 00:35:13.846666886,4.4.0,"{""stage_rank"":0}"
evt-00039783,sess-00023352,page_view,2023-10-04 23:03:15.057929969,3.8.0,"{""stage_rank"":0}"
evt-00717518,sess-00421670,checkout,2023-01-30 15:40:48.330786756,3.8.0,"{""stage_rank"":2}"
evt-00873574,sess-00513469,page_view,2024-07-30 19:49:36.303591413,4.0.0,"{""stage_rank"":0}"
evt-00188996,sess-00110981,page_view,2023-11-06 19:01:42.837041806,,"{""stage_rank"":0}"
evt-00429173,sess-00252271,page_view,2025-06-12 16:37:14.720066446,,"{""stage_rank"":0}"
evt-01109813,sess-00652368,page_view,2025-02-08 18:31:38.212968317,4.3.0,"{""stage_rank"":0}"
evt-01300476,sess-00764350,page_view,2024-02-17 16:37:14.264492204,,"{""stage_rank"":0}"
evt-00126994,sess-00074484,add_to_cart,2025-02-06 19:38:25.425396457,4.3.0,"{""stage_rank"":1}"
evt-01274831,sess-00749236,page_view,2026-04-03 16:28:33.969118003,,"{""stage_rank"":0}"
evt-01180983,sess-00694137,page_view,2025-03-24 20:13:46.024956453,4.3.0,"{""stage_rank"":0}"
evt-00349206,sess-00205194,add_to_cart,2025-07-07 19:25:17.747597969,4.3.0,"{""stage_rank"":1}"
evt-00536530,sess-00315292,page_view,2024-03-19 15:49:01.342365790,4.0.0,"{""stage_rank"":0}"
evt-00146163,sess-00085793,add_to_cart,2024-09-16 15:17:43.725257308,4.1.0,"{""stage_rank"":1}"
evt-00757965,sess-00445478,page_view,2023-09-20 23:19:46.682629915,3.8.0,"{""stage_rank"":0}"
evt-01591173,sess-00935032,checkout,2026-05-15 16:20:37.988209264,,"{""stage_rank"":2}"
evt-00181692,sess-00106672,add_to_cart,2025-12-03 02:32:55.970207746,,"{""stage_rank"":1}"
evt-00018355,sess-00010857,page_view,2023-03-14 17:32:30.755409929,,"{""stage_rank"":0}"
evt-01211980,sess-00712216,checkout,2024-09-30 17:04:48.644636930,4.1.0,"{""stage_rank"":2}"
evt-00270643,sess-00159045,purchase,2025-09-12 19:40:22.406190483,4.4.0,"{""stage_rank"":3}"
evt-00624028,sess-00366593,checkout,2024-07-20 23:30:57.366544515,4.0.0,"{""stage_rank"":2}"
evt-00355263,sess-00208751,checkout,2025-06-17 22:36:29.517647684,4.3.0,"{""stage_rank"":2}"
evt-00116163,sess-00068135,page_view,2025-07-30 18:02:35.303120916,,"{""stage_rank"":0}"
evt-00326477,sess-00191866,add_to_cart,2026-03-12 21:12:42.673786618,4.4.0,"{""stage_rank"":1}"
evt-00776267,sess-00456212,add_to_cart,2024-12-26 03:25:42.842501118,,"{""stage_rank"":1}"
evt-00039914,sess-00023420,page_view,2024-01-03 00:08:18.833361374,,"{""stage_rank"":0}"
evt-01222438,sess-00718428,page_view,2024-08-08 21:33:54.638898233,4.1.0,"{""stage_rank"":0}"
evt-00474795,sess-00279154,add_to_cart,2024-04-21 17:18:05.429481491,4.0.0,"{""stage_rank"":1}"
evt-01287732,sess-00756828,page_view,2024-02-21 00:36:42.152024114,,"{""stage_rank"":0}"
evt-01564815,sess-00919485,add_to_cart,2023-01-25 17:32:46.157748956,,"{""stage_rank"":1}"
evt-00624120,sess-00366649,purchase,2023-01-16 23:36:26.196247325,3.8.0,"{""stage_rank"":3}"
evt-00976148,sess-00574003,page_view,2026-06-07 20:44:03.048909658,,"{""stage_rank"":0}"
evt-01463015,sess-00859652,add_to_cart,2024-07-29 23:03:21.320251556,4.0.0,"{""stage_rank"":1}"
evt-00299261,sess-00175791,add_to_cart,2024-07-10 15:32:30.924419325,,"{""stage_rank"":1}"
evt-00733765,sess-00431249,add_to_cart,2025-08-12 19:06:48.997030267,4.4.0,"{""stage_rank"":1}"
evt-00179668,sess-00105471,page_view,2025-01-22 19:36:27.028136754,,"{""stage_rank"":0}"
evt-01595263,sess-00937438,page_view,2024-11-03 21:09:18.436928105,4.1.0,"{""stage_rank"":0}"
evt-01523445,sess-00895219,page_view,2024-05-19 21:35:21.171611855,4.0.0,"{""stage_rank"":0}"
evt-01034977,sess-00608401,add_to_cart,2024-02-28 01:30:31.093892794,,"{""stage_rank"":1}"
evt-00950699,sess-00559024,checkout,2024-11-05 01:58:53.222468445,4.1.0,"{""stage_rank"":2}"
evt-00331265,sess-00194684,page_view,2023-09-09 11:02:35.782986685,3.8.0,"{""stage_rank"":0}"
evt-01575319,sess-00925655,page_view,2025-04-19 01:02:09.994525908,4.3.0,"{""stage_rank"":0}"
evt-01497389,sess-00879855,add_to_cart,2025-07-27 19:02:54.704304101,,"{""stage_rank"":1}"
evt-00554215,sess-00325588,add_to_cart,2023-08-29 16:36:25.109234201,3.8.0,"{""stage_rank"":1}"
evt-00603464,sess-00354555,page_view,2025-11-20 19:09:34.079083597,4.4.0,"{""stage_rank"":0}"
evt-01638453,sess-00962953,page_view,2025-08-01 23:27:24.547285332,4.4.0,"{""stage_rank"":0}"
evt-01031731,sess-00606513,page_view,2024-03-09 22:08:17.617633258,4.0.0,"{""stage_rank"":0}"
evt-00274877,sess-00161521,checkout,2023-06-23 21:54:10.408966989,,"{""stage_rank"":2}"
evt-00803552,sess-00472272,add_to_cart,2023-02-18 17:41:42.525775253,3.8.0,"{""stage_rank"":1}"
evt-00064530,sess-00037892,add_to_cart,2025-11-29 23:44:34.580968385,,"{""stage_rank"":1}"
evt-00713172,sess-00419136,checkout,2023-01-27 11:42:29.229206465,3.8.0,"{""stage_rank"":2}"
evt-00944506,sess-00555375,add_to_cart,2025-08-21 19:41:58.684710904,,"{""stage_rank"":1}"
evt-00883187,sess-00519115,checkout,2024-08-02 19:21:57.698961411,4.1.0,"{""stage_rank"":2}"
evt-01026689,sess-00603550,page_view,2026-03-21 21:07:30.958346848,,"{""stage_rank"":0}"
evt-01388756,sess-00816024,add_to_cart,2024-01-31 19:21:39.381791081,,"{""stage_rank"":1}"
evt-00537081,sess-00315601,page_view,2025-05-23 19:39:39.442832977,4.3.0,"{""stage_rank"":0}"
evt-00606036,sess-00356066,page_view,2024-06-25 15:39:01.611391090,,"{""stage_rank"":0}"
evt-01007473,sess-00592318,page_view,2024-09-07 22:13:19.763205423,,"{""stage_rank"":0}"
evt-00357264,sess-00209925,page_view,2026-01-20 21:02:53.732954841,,"{""stage_rank"":0}"
evt-00870551,sess-00511687,page_view,2024-02-11 16:47:46.013318023,4.0.0,"{""stage_rank"":0}"
evt-01450418,sess-00852281,page_view,2023-08-25 20:19:17.608410906,3.8.0,"{""stage_rank"":0}"
evt-00762202,sess-00447985,page_view,2025-03-18 23:32:39.460212434,,"{""stage_rank"":0}"
evt-01495150,sess-00878509,page_view,2024-01-05 16:41:09.996427861,3.8.0,"{""stage_rank"":0}"
evt-01448589,sess-00851222,page_view,2023-11-27 16:58:14.226763488,3.8.0,"{""stage_rank"":0}"
evt-01527565,sess-00897643,page_view,2023-12-29 20:21:44.230205611,,"{""stage_rank"":0}"
evt-00388451,sess-00228301,add_to_cart,2024-08-16 15:51:45.747078974,,"{""stage_rank"":1}"
evt-01208446,sess-00710200,page_view,2025-01-14 19:42:27.835981985,4.2.0,"{""stage_rank"":0}"
evt-00036183,sess-00021237,purchase,2023-10-25 18:16:23.226553770,,"{""stage_rank"":3}"
evt-01451999,sess-00853192,page_view,2025-10-28 20:45:09.561753878,4.4.0,"{""stage_rank"":0}"
evt-00578600,sess-00339915,page_view,2023-06-20 03:17:19.668425902,,"{""stage_rank"":0}"
evt-01178200,sess-00692535,page_view,2023-01-26 15:11:46.317650327,3.8.0,"{""stage_rank"":0}"
evt-00939280,sess-00552277,page_view,2024-07-11 18:40:43.924119706,,"{""stage_rank"":0}"
evt-00255689,sess-00150281,checkout,2024-08-15 22:49:36.399795493,4.1.0,"{""stage_rank"":2}"
evt-00613714,sess-00360556,page_view,2023-12-19 15:48:50.597350428,,"{""stage_rank"":0}"
evt-00796348,sess-00468057,page_view,2024-10-19 22:36:39.230691343,,"{""stage_rank"":0}"
evt-01189590,sess-00699190,page_view,2024-09-30 20:44:14.700600701,4.1.0,"{""stage_rank"":0}"
evt-01036005,sess-00609003,page_view,2023-02-28 19:49:47.764630611,,"{""stage_rank"":0}"
evt-01577519,sess-00926963,add_to_cart,2023-12-10 03:11:53.034286608,,"{""stage_rank"":1}"
evt-00171235,sess-00100549,add_to_cart,2026-04-18 19:25:22.137266813,,"{""stage_rank"":1}"
evt-00618929,sess-00363592,page_view,2025-07-14 17:58:41.409971759,,"{""stage_rank"":0}"
evt-00705070,sess-00414412,page_view,2026-02-16 18:32:46.467097825,4.4.0,"{""stage_rank"":0}"
evt-01504363,sess-00883950,add_to_cart,2025-06-07 17:56:17.649004410,,"{""stage_rank"":1}"
evt-00816843,sess-00480086,page_view,2026-01-22 00:09:34.919458221,4.4.0,"{""stage_rank"":0}"
evt-00550237,sess-00323266,page_view,2025-12-05 21:11:09.844648376,4.4.0,"{""stage_rank"":0}"
evt-00113894,sess-00066820,page_view,2023-05-18 22:42:11.146643793,,"{""stage_rank"":0}"
evt-00309671,sess-00181891,add_to_cart,2026-01-25 17:59:24.291661098,,"{""stage_rank"":1}"
evt-01580180,sess-00928520,add_to_cart,2026-02-11 21:12:36.957239762,,"{""stage_rank"":1}"
evt-01577516,sess-00926961,page_view,2023-02-21 17:57:46.333445544,3.8.0,"{""stage_rank"":0}"
evt-00836786,sess-00491843,add_to_cart,2024-01-07 18:54:10.973818115,3.8.0,"{""stage_rank"":1}"
evt-00975356,sess-00573535,page_view,2023-06-05 21:52:24.718654312,3.8.0,"{""stage_rank"":0}"
evt-00245758,sess-00144484,page_view,2023-10-12 23:35:06.630685292,,"{""stage_rank"":0}"
evt-01249579,sess-00734432,checkout,2023-01-29 23:25:08.375754619,3.8.0,"{""stage_rank"":2}"
evt-00899920,sess-00529004,add_to_cart,2024-03-19 19:12:59.996719061,4.0.0,"{""stage_rank"":1}"
evt-01378012,sess-00809711,checkout,2024-11-29 21:00:59.527536881,4.2.0,"{""stage_rank"":2}"
evt-00065276,sess-00038317,add_to_cart,2023-12-01 19:20:48.441413079,,"{""stage_rank"":1}"
evt-00325438,sess-00191256,page_view,2026-06-05 22:01:11.380755033,4.4.0,"{""stage_rank"":0}"
evt-00386457,sess-00227137,checkout,2025-10-04 01:17:29.415012141,,"{""stage_rank"":2}"
evt-01639419,sess-00963533,page_view,2024-10-23 16:46:07.873048760,4.1.0,"{""stage_rank"":0}"
evt-00689359,sess-00405199,page_view,2024-09-21 00:14:27.030877652,,"{""stage_rank"":0}"
evt-01325888,sess-00779226,add_to_cart,2023-10-24 21:42:12.575644525,,"{""stage_rank"":1}"
evt-00303315,sess-00178142,add_to_cart,2023-12-21 20:40:23.476914732,,"{""stage_rank"":1}"
evt-01107901,sess-00651247,page_view,2025-07-05 14:08:07.662599178,4.3.0,"{""stage_rank"":0}"
evt-01594736,sess-00937131,checkout,2023-05-14 03:07:09.756993806,,"{""stage_rank"":2}"
evt-00253387,sess-00148919,add_to_cart,2023-04-28 05:10:41.432175976,3.8.0,"{""stage_rank"":1}"
evt-01175758,sess-00691115,page_view,2023-02-14 21:34:54.779443361,,"{""stage_rank"":0}"
evt-00308170,sess-00180996,page_view,2023-03-21 19:28:17.018776443,,"{""stage_rank"":0}"
evt-00776982,sess-00456635,add_to_cart,2023-11-14 20:42:43.438313085,3.8.0,"{""stage_rank"":1}"
evt-00698918,sess-00410815,page_view,2023-01-26 14:27:40.936863445,,"{""stage_rank"":0}"
evt-00100839,sess-00059195,page_view,2023-01-27 21:06:54.754020785,3.8.0,"{""stage_rank"":0}"
evt-00339850,sess-00199750,checkout,2024-03-09 02:58:37.741862417,4.0.0,"{""stage_rank"":2}"
evt-00329694,sess-00193766,page_view,2026-06-11 15:30:57.352611284,4.4.0,"{""stage_rank"":0}"
evt-00452649,sess-00266104,page_view,2024-08-10 18:13:17.051142458,,"{""stage_rank"":0}"
evt-00717395,sess-00421594,add_to_cart,2024-06-21 22:05:02.835303204,,"{""stage_rank"":1}"
evt-01010730,sess-00594225,add_to_cart,2023-01-08 19:29:37.686603747,3.8.0,"{""stage_rank"":1}"
evt-00156631,sess-00091972,page_view,2025-12-21 13:32:41.495042262,,"{""stage_rank"":0}"
evt-00705416,sess-00414618,add_to_cart,2025-09-11 14:12:30.035987020,4.4.0,"{""stage_rank"":1}"
evt-01163487,sess-00683846,page_view,2025-01-04 20:23:19.103285314,4.2.0,"{""stage_rank"":0}"
evt-00575730,sess-00338208,checkout,2024-05-07 20:15:57.714398535,4.0.0,"{""stage_rank"":2}"
evt-00503345,sess-00295913,page_view,2023-08-28 19:52:49.059503882,,"{""stage_rank"":0}"
evt-00723270,sess-00425067,add_to_cart,2024-07-19 18:59:27.276085545,,"{""stage_rank"":1}"
evt-01427880,sess-00839113,page_view,2026-03-03 19:55:28.364989013,4.4.0,"{""stage_rank"":0}"
evt-01048600,sess-00616403,page_view,2025-06-10 15:52:44.984591629,4.3.0,"{""stage_rank"":0}"
evt-00493079,sess-00289892,page_view,2023-04-15 18:39:22.299980859,3.8.0,"{""stage_rank"":0}"
evt-00140118,sess-00082256,page_view,2025-10-06 23:54:29.018473439,4.4.0,"{""stage_rank"":0}"
evt-00086019,sess-00050520,add_to_cart,2024-11-03 16:39:27.406091009,4.1.0,"{""stage_rank"":1}"
evt-00586225,sess-00344443,page_view,2026-03-27 19:07:44.245137703,4.4.0,"{""stage_rank"":0}"
evt-01088059,sess-00639596,page_view,2023-12-20 23:32:50.720498406,3.8.0,"{""stage_rank"":0}"
evt-01556194,sess-00914464,add_to_cart,2026-02-20 02:49:44.385866638,4.4.0,"{""stage_rank"":1}"
evt-00648629,sess-00381241,page_view,2024-04-23 18:41:04.693650928,,"{""stage_rank"":0}"
evt-00486243,sess-00285886,add_to_cart,2023-05-24 16:33:17.659287735,,"{""stage_rank"":1}"
evt-00295902,sess-00173834,page_view,2023-01-27 00:26:53.259003261,,"{""stage_rank"":0}"
evt-00948354,sess-00557623,add_to_cart,2025-12-12 23:19:15.442097513,4.4.0,"{""stage_rank"":1}"
evt-01126913,sess-00662364,page_view,2024-08-01 23:34:25.636065655,,"{""stage_rank"":0}"
evt-00497063,sess-00292266,page_view,2024-08-01 17:45:30.209356096,4.1.0,"{""stage_rank"":0}"
evt-00029773,sess-00017502,add_to_cart,2023-11-09 21:07:14.466414932,,"{""stage_rank"":1}"
evt-00251310,sess-00147737,page_view,2026-02-20 16:43:50.338166032,4.4.0,"{""stage_rank"":0}"
evt-00790706,sess-00464728,page_view,2023-03-12 17:55:59.756333871,,"{""stage_rank"":0}"
evt-01405010,sess-00825644,page_view,2023-09-22 18:21:53.036356604,,"{""stage_rank"":0}"
evt-01267336,sess-00744829,add_to_cart,2024-08-02 01:05:34.548749259,4.1.0,"{""stage_rank"":1}"
evt-00608262,sess-00357355,page_view,2025-02-18 11:26:37.910297005,4.3.0,"{""stage_rank"":0}"
evt-00083282,sess-00048935,page_view,2024-01-20 01:12:05.488701771,,"{""stage_rank"":0}"
evt-01051697,sess-00618238,checkout,2025-06-18 14:51:01.259765997,4.3.0,"{""stage_rank"":2}"
evt-00964545,sess-00567201,add_to_cart,2025-02-09 00:03:22.741139766,,"{""stage_rank"":1}"
evt-01209328,sess-00710704,add_to_cart,2023-11-01 19:43:40.448134765,,"{""stage_rank"":1}"
evt-00126603,sess-00074257,page_view,2023-01-15 18:12:37.804195554,3.8.0,"{""stage_rank"":0}"
evt-01080020,sess-00634846,page_view,2023-05-23 23:36:23.543707568,,"{""stage_rank"":0}"
evt-00247083,sess-00145279,checkout,2025-08-02 16:33:44.949708808,4.4.0,"{""stage_rank"":2}"
evt-00867879,sess-00510127,page_view,2024-06-09 20:03:23.102134156,,"{""stage_rank"":0}"
evt-01623656,sess-00954215,page_view,2023-11-03 00:34:59.261563499,,"{""stage_rank"":0}"
evt-00165989,sess-00097458,page_view,2024-04-18 02:30:34.033853203,,"{""stage_rank"":0}"
evt-00721251,sess-00423873,add_to_cart,2025-08-26 21:23:55.581943749,4.4.0,"{""stage_rank"":1}"
evt-01529243,sess-00898627,page_view,2024-07-27 15:05:14.053274829,,"{""stage_rank"":0}"
evt-00027399,sess-00016121,page_view,2026-03-11 00:07:02.317523359,4.4.0,"{""stage_rank"":0}"
evt-00256470,sess-00150741,add_to_cart,2024-06-02 18:24:55.660346030,,"{""stage_rank"":1}"
evt-01306265,sess-00767712,page_view,2025-08-17 21:39:02.713528213,,"{""stage_rank"":0}"
evt-00269383,sess-00158320,page_view,2026-04-06 19:27:04.943288254,,"{""stage_rank"":0}"
evt-01374907,sess-00807902,add_to_cart,2025-11-26 19:17:18.089941867,4.4.0,"{""stage_rank"":1}"
evt-00870252,sess-00511506,add_to_cart,2024-02-14 20:57:47.050636636,,"{""stage_rank"":1}"
evt-00900597,sess-00529411,page_view,2024-08-13 21:13:54.001287689,4.1.0,"{""stage_rank"":0}"
evt-01380315,sess-00811064,add_to_cart,2024-08-29 21:43:30.084376151,4.1.0,"{""stage_rank"":1}"
evt-01391640,sess-00817719,page_view,2023-07-25 23:02:01.391435482,,"{""stage_rank"":0}"
evt-00413141,sess-00242914,page_view,2025-05-06 20:53:19.935266933,,"{""stage_rank"":0}"
evt-00470260,sess-00276479,page_view,2024-11-05 00:39:24.786110096,,"{""stage_rank"":0}"
evt-01272620,sess-00747910,add_to_cart,2024-07-25 16:06:23.247128273,,"{""stage_rank"":1}"
evt-00223645,sess-00131404,page_view,2026-04-25 04:36:32.394818279,,"{""stage_rank"":0}"
evt-00134299,sess-00078779,page_view,2025-01-18 22:08:21.701308607,4.2.0,"{""stage_rank"":0}"
evt-00933795,sess-00549036,page_view,2025-06-09 22:53:46.607202256,4.3.0,"{""stage_rank"":0}"
evt-00023656,sess-00013930,page_view,2026-03-30 20:10:28.568064073,4.4.0,"{""stage_rank"":0}"
evt-00195025,sess-00114507,page_view,2023-08-27 14:08:59.516860444,3.8.0,"{""stage_rank"":0}"
evt-01064121,sess-00625504,add_to_cart,2024-06-01 19:13:20.480834792,4.0.0,"{""stage_rank"":1}"
evt-00316032,sess-00185676,checkout,2026-03-23 23:00:49.888928379,,"{""stage_rank"":2}"
evt-01251875,sess-00735767,purchase,2025-06-11 22:30:05.694097713,,"{""stage_rank"":3}"
evt-00501607,sess-00294903,add_to_cart,2023-05-03 18:57:16.909334346,3.8.0,"{""stage_rank"":1}"
evt-01607738,sess-00944743,page_view,2024-08-24 15:05:10.355565084,4.1.0,"{""stage_rank"":0}"
evt-01435749,sess-00843681,page_view,2026-03-27 20:24:57.221027131,,"{""stage_rank"":0}"
evt-01198719,sess-00704539,page_view,2026-06-05 00:51:37.614398040,,"{""stage_rank"":0}"
evt-00815961,sess-00479554,add_to_cart,2025-01-03 15:19:15.692728495,4.2.0,"{""stage_rank"":1}"
evt-01006482,sess-00591749,page_view,2025-06-20 19:50:27.982401508,,"{""stage_rank"":0}"
evt-00857446,sess-00504004,page_view,2025-11-29 19:16:18.167780509,,"{""stage_rank"":0}"
evt-01624635,sess-00954806,purchase,2024-02-01 20:32:26.458788516,4.0.0,"{""stage_rank"":3}"
evt-00424128,sess-00249347,checkout,2026-06-21 14:25:33.352349270,,"{""stage_rank"":2}"
evt-01159050,sess-00681279,add_to_cart,2026-01-13 12:22:45.137029999,4.4.0,"{""stage_rank"":1}"
evt-01597910,sess-00938998,checkout,2025-02-09 15:52:20.383761124,,"{""stage_rank"":2}"
evt-00067201,sess-00039472,page_view,2024-09-11 21:41:33.771433531,4.1.0,"{""stage_rank"":0}"
evt-01265740,sess-00743887,page_view,2024-12-20 17:40:30.625739835,,"{""stage_rank"":0}"
evt-00144318,sess-00084732,add_to_cart,2025-12-05 23:04:35.695418691,4.4.0,"{""stage_rank"":1}"
evt-00840886,sess-00494242,add_to_cart,2025-09-17 19:27:33.415017526,,"{""stage_rank"":1}"
evt-00778820,sess-00457699,add_to_cart,2023-03-08 19:26:11.888825721,3.8.0,"{""stage_rank"":1}"
evt-01197839,sess-00704010,add_to_cart,2025-04-28 22:23:06.133215737,,"{""stage_rank"":1}"
evt-00453034,sess-00266340,page_view,2024-12-28 23:37:26.347769876,4.2.0,"{""stage_rank"":0}"
evt-01692672,sess-00994615,checkout,2025-11-28 23:01:49.290183793,4.4.0,"{""stage_rank"":2}"
evt-01699105,sess-00998385,page_view,2023-06-01 20:17:34.693600754,,"{""stage_rank"":0}"
evt-01677174,sess-00985532,page_view,2025-01-11 22:30:46.071904718,,"{""stage_rank"":0}"
evt-00738260,sess-00433895,add_to_cart,2025-02-02 23:20:31.583713913,,"{""stage_rank"":1}"
evt-00903963,sess-00531368,page_view,2023-10-19 21:00:49.472115155,3.8.0,"{""stage_rank"":0}"
evt-00623837,sess-00366481,add_to_cart,2024-11-27 19:26:46.542877786,4.2.0,"{""stage_rank"":1}"
evt-00659268,sess-00387493,page_view,2025-03-18 20:06:30.880245373,4.3.0,"{""stage_rank"":0}"
evt-00197419,sess-00115910,page_view,2023-05-21 15:54:20.138272175,3.8.0,"{""stage_rank"":0}"
evt-01382173,sess-00812134,page_view,2025-11-10 20:47:16.808236729,4.4.0,"{""stage_rank"":0}"
evt-01275127,sess-00749413,add_to_cart,2024-07-30 21:12:16.735046796,,"{""stage_rank"":1}"
evt-00845038,sess-00496709,page_view,2025-03-10 19:43:53.646872934,,"{""stage_rank"":0}"
evt-01082044,sess-00636027,checkout,2026-02-19 17:09:49.624201008,,"{""stage_rank"":2}"
evt-00340793,sess-00200301,checkout,2026-05-01 17:32:13.976186819,4.4.0,"{""stage_rank"":2}"
evt-00626920,sess-00368301,add_to_cart,2023-07-03 01:15:13.023829383,,"{""stage_rank"":1}"
evt-01389188,sess-00816283,page_view,2025-07-03 02:13:17.837552557,4.3.0,"{""stage_rank"":0}"
evt-00222886,sess-00130932,page_view,2024-10-26 18:51:02.761219740,4.1.0,"{""stage_rank"":0}"
evt-00107988,sess-00063390,add_to_cart,2024-11-18 20:44:00.058036320,4.2.0,"{""stage_rank"":1}"
evt-00753423,sess-00442808,page_view,2025-04-11 23:46:09.468403471,4.3.0,"{""stage_rank"":0}"
evt-00410103,sess-00241120,page_view,2023-03-04 18:17:28.047803924,3.8.0,"{""stage_rank"":0}"
evt-01345049,sess-00790405,page_view,2024-09-19 02:16:28.718423712,,"{""stage_rank"":0}"
evt-01271464,sess-00747255,purchase,2026-04-04 23:32:53.299407132,,"{""stage_rank"":3}"
evt-00378898,sess-00222732,add_to_cart,2025-08-08 00:03:05.567648774,4.4.0,"{""stage_rank"":1}"
evt-00643527,sess-00378184,page_view,2025-09-22 22:34:32.271814586,,"{""stage_rank"":0}"
evt-01672857,sess-00983023,page_view,2023-08-01 19:27:46.303438371,3.8.0,"{""stage_rank"":0}"
evt-00402941,sess-00236876,add_to_cart,2023-10-14 21:28:13.515007691,3.8.0,"{""stage_rank"":1}"
evt-00825901,sess-00485358,page_view,2025-12-28 17:11:07.680453252,4.4.0,"{""stage_rank"":0}"
evt-00809645,sess-00475815,page_view,2026-04-13 21:22:30.073918360,,"{""stage_rank"":0}"
evt-00299899,sess-00176157,page_view,2025-11-03 21:13:25.542549550,4.4.0,"{""stage_rank"":0}"
evt-01146245,sess-00673733,page_view,2026-05-04 20:07:43.589227734,,"{""stage_rank"":0}"
evt-01495257,sess-00878578,checkout,2024-09-18 02:13:37.872959291,4.1.0,"{""stage_rank"":2}"
evt-00629734,sess-00369972,add_to_cart,2024-08-20 20:51:12.866049559,4.1.0,"{""stage_rank"":1}"
evt-00384287,sess-00225904,page_view,2024-05-10 17:42:13.114182287,4.0.0,"{""stage_rank"":0}"
evt-01669185,sess-00980870,add_to_cart,2025-05-02 17:56:36.442701120,,"{""stage_rank"":1}"
evt-00924671,sess-00543629,page_view,2023-12-24 21:17:29.411289485,,"{""stage_rank"":0}"
evt-00222807,sess-00130887,page_view,2023-08-07 16:14:57.233821517,3.8.0,"{""stage_rank"":0}"
evt-00069305,sess-00040697,page_view,2024-12-07 20:13:39.296629280,,"{""stage_rank"":0}"
evt-01497199,sess-00879746,page_view,2024-11-04 16:37:11.283178789,,"{""stage_rank"":0}"
evt-00821299,sess-00482668,page_view,2024-03-27 20:36:03.520887226,,"{""stage_rank"":0}"
evt-00263555,sess-00154912,add_to_cart,2026-06-04 17:51:38.150483002,4.4.0,"{""stage_rank"":1}"
evt-01518469,sess-00892299,add_to_cart,2025-03-21 14:32:27.484426084,4.3.0,"{""stage_rank"":1}"
evt-00433736,sess-00254948,add_to_cart,2025-09-26 20:55:47.019253204,4.4.0,"{""stage_rank"":1}"
evt-00340358,sess-00200047,checkout,2023-06-28 20:22:02.538244179,3.8.0,"{""stage_rank"":2}"
evt-01417826,sess-00833186,checkout,2024-05-09 00:19:29.891921086,,"{""stage_rank"":2}"
evt-00767942,sess-00451351,page_view,2025-03-03 03:49:25.066002023,,"{""stage_rank"":0}"
evt-00276825,sess-00162682,page_view,2026-03-06 23:03:42.344265159,4.4.0,"{""stage_rank"":0}"
evt-01494407,sess-00878070,page_view,2024-02-14 21:16:42.704219542,4.0.0,"{""stage_rank"":0}"
evt-01417447,sess-00832965,add_to_cart,2023-10-11 19:54:21.384387958,,"{""stage_rank"":1}"
evt-01550342,sess-00910995,page_view,2023-01-09 18:10:31.306874543,,"{""stage_rank"":0}"
evt-01064507,sess-00625729,page_view,2025-10-24 14:51:53.193208771,4.4.0,"{""stage_rank"":0}"
evt-01084234,sess-00637332,page_view,2023-08-06 01:00:47.683801031,,"{""stage_rank"":0}"
evt-00422263,sess-00248251,page_view,2025-02-03 10:50:22.837496139,4.3.0,"{""stage_rank"":0}"
evt-00800402,sess-00470413,checkout,2024-04-04 19:52:33.374914945,4.0.0,"{""stage_rank"":2}"
evt-01279334,sess-00751860,add_to_cart,2026-02-24 20:10:56.520140884,,"{""stage_rank"":1}"
evt-00958167,sess-00563401,page_view,2023-03-24 23:14:02.363539482,,"{""stage_rank"":0}"
evt-00551664,sess-00324093,page_view,2023-01-07 21:07:04.914745809,3.8.0,"{""stage_rank"":0}"
evt-01228345,sess-00721911,purchase,2025-12-04 22:34:47.469648116,,"{""stage_rank"":3}"
evt-00874647,sess-00514111,page_view,2023-01-24 22:56:45.350366129,,"{""stage_rank"":0}"
evt-00814156,sess-00478489,page_view,2023-05-29 23:06:22.781715056,,"{""stage_rank"":0}"
evt-00229248,sess-00134714,checkout,2025-05-17 17:10:42.476060464,4.3.0,"{""stage_rank"":2}"
evt-01588431,sess-00933389,checkout,2023-03-11 21:08:16.923605305,3.8.0,"{""stage_rank"":2}"
evt-00942604,sess-00554246,add_to_cart,2025-01-06 20:03:51.712454194,4.2.0,"{""stage_rank"":1}"
evt-00590282,sess-00346836,page_view,2024-07-17 01:39:16.216246270,4.0.0,"{""stage_rank"":0}"
evt-00115320,sess-00067643,checkout,2023-07-26 16:28:01.629397259,3.8.0,"{""stage_rank"":2}"
evt-01511872,sess-00888404,page_view,2024-10-16 17:42:57.876147181,4.1.0,"{""stage_rank"":0}"
evt-00709470,sess-00417010,add_to_cart,2025-10-24 19:53:20.441450553,4.4.0,"{""stage_rank"":1}"
evt-01477292,sess-00868040,add_to_cart,2025-04-25 21:54:14.045916281,4.3.0,"{""stage_rank"":1}"
evt-00231525,sess-00136063,add_to_cart,2026-01-21 14:12:08.087032092,,"{""stage_rank"":1}"
evt-01517276,sess-00891575,page_view,2025-11-22 12:35:19.413321072,,"{""stage_rank"":0}"
evt-01319621,sess-00775533,add_to_cart,2023-08-09 20:09:47.880324011,,"{""stage_rank"":1}"
evt-00863275,sess-00507426,add_to_cart,2023-11-10 19:27:03.643476556,,"{""stage_rank"":1}"
evt-00525462,sess-00308786,add_to_cart,2024-12-29 18:23:29.738862654,4.2.0,"{""stage_rank"":1}"
evt-01020520,sess-00599963,add_to_cart,2024-09-19 21:50:27.737906371,,"{""stage_rank"":1}"
evt-01067800,sess-00627633,page_view,2025-12-31 00:35:48.477503091,,"{""stage_rank"":0}"
evt-01315990,sess-00773383,page_view,2023-07-04 11:53:57.116993192,,"{""stage_rank"":0}"
evt-00903504,sess-00531097,add_to_cart,2025-10-22 17:28:30.564456610,,"{""stage_rank"":1}"
evt-01623954,sess-00954387,page_view,2026-06-05 21:04:16.674004331,,"{""stage_rank"":0}"
evt-01494544,sess-00878153,page_view,2024-05-25 06:20:43.472335083,4.0.0,"{""stage_rank"":0}"
evt-01407915,sess-00827350,add_to_cart,2023-06-21 15:22:55.093078725,3.8.0,"{""stage_rank"":1}"
evt-00362381,sess-00212942,add_to_cart,2026-03-18 21:05:41.415433359,4.4.0,"{""stage_rank"":1}"
evt-00422214,sess-00248226,page_view,2024-02-25 19:43:51.204836489,4.0.0,"{""stage_rank"":0}"
evt-00783755,sess-00460624,checkout,2025-06-24 19:12:44.002995451,4.3.0,"{""stage_rank"":2}"
evt-01486890,sess-00873659,checkout,2024-03-09 19:51:44.281591696,4.0.0,"{""stage_rank"":2}"
evt-01497990,sess-00880198,page_view,2025-08-18 19:26:14.677084186,4.4.0,"{""stage_rank"":0}"
evt-00369154,sess-00216958,page_view,2023-06-26 21:32:23.452103742,3.8.0,"{""stage_rank"":0}"
evt-01264951,sess-00743428,page_view,2026-06-17 20:45:35.257656831,4.4.0,"{""stage_rank"":0}"
evt-00418787,sess-00246259,page_view,2023-07-16 20:12:26.108848327,3.8.0,"{""stage_rank"":0}"
evt-00312942,sess-00183865,page_view,2025-12-12 21:26:01.846713324,4.4.0,"{""stage_rank"":0}"
evt-00985848,sess-00579782,page_view,2023-01-28 17:48:17.407253718,3.8.0,"{""stage_rank"":0}"
evt-01272365,sess-00747764,page_view,2025-12-03 00:02:36.824193453,4.4.0,"{""stage_rank"":0}"
evt-00774808,sess-00455390,add_to_cart,2024-07-28 19:32:54.646997855,,"{""stage_rank"":1}"
evt-00858083,sess-00504388,page_view,2025-07-26 22:39:10.786603464,,"{""stage_rank"":0}"
evt-01227215,sess-00721261,page_view,2025-09-20 11:26:42.909409547,,"{""stage_rank"":0}"
evt-01668732,sess-00980602,page_view,2024-08-04 16:30:18.956881035,4.1.0,"{""stage_rank"":0}"
evt-01388893,sess-00816100,page_view,2023-03-10 23:52:03.392564266,3.8.0,"{""stage_rank"":0}"
evt-01266024,sess-00744063,checkout,2025-10-07 09:45:58.789106678,,"{""stage_rank"":2}"
evt-00280471,sess-00164750,checkout,2024-08-29 19:09:03.993632320,4.1.0,"{""stage_rank"":2}"
evt-01417416,sess-00832948,page_view,2024-01-09 16:07:19.378669232,3.8.0,"{""stage_rank"":0}"
evt-01446787,sess-00850171,purchase,2025-10-28 15:17:00.717426181,,"{""stage_rank"":3}"
evt-00029121,sess-00017126,page_view,2025-08-25 21:05:20.696388678,4.4.0,"{""stage_rank"":0}"
evt-01127991,sess-00663003,page_view,2025-05-27 19:02:24.410987122,,"{""stage_rank"":0}"
evt-01569628,sess-00922333,add_to_cart,2025-07-02 21:46:56.427373507,4.3.0,"{""stage_rank"":1}"
evt-00802112,sess-00471431,page_view,2025-07-19 14:18:14.854745476,4.3.0,"{""stage_rank"":0}"
evt-00443003,sess-00260420,page_view,2023-04-10 20:34:14.822277563,3.8.0,"{""stage_rank"":0}"
evt-00713398,sess-00419276,page_view,2024-05-28 23:37:01.931467051,,"{""stage_rank"":0}"
evt-00208300,sess-00122344,page_view,2025-02-15 01:32:02.754889530,,"{""stage_rank"":0}"
evt-00047202,sess-00027659,page_view,2026-02-02 14:32:38.331398372,,"{""stage_rank"":0}"
evt-00340321,sess-00200028,page_view,2023-01-08 02:42:02.732565144,3.8.0,"{""stage_rank"":0}"
evt-00855107,sess-00502647,page_view,2023-01-15 19:32:22.679621720,3.8.0,"{""stage_rank"":0}"
evt-01653279,sess-00971644,page_view,2026-03-06 22:09:45.252251708,4.4.0,"{""stage_rank"":0}"
evt-00625659,sess-00367544,page_view,2025-10-12 23:27:37.115339682,,"{""stage_rank"":0}"
evt-00681293,sess-00400397,add_to_cart,2023-04-18 20:16:32.162541293,,"{""stage_rank"":1}"
evt-00074970,sess-00044060,page_view,2025-09-25 22:04:05.619222630,4.4.0,"{""stage_rank"":0}"
evt-00865316,sess-00508623,checkout,2023-04-23 23:00:58.955162257,3.8.0,"{""stage_rank"":2}"
evt-00110635,sess-00064942,add_to_cart,2026-04-03 16:41:04.114904022,,"{""stage_rank"":1}"
evt-00958884,sess-00563824,add_to_cart,2024-01-22 03:35:55.264684677,,"{""stage_rank"":1}"
evt-00732221,sess-00430321,checkout,2025-01-15 01:09:05.062558338,4.2.0,"{""stage_rank"":2}"
evt-01011371,sess-00594599,page_view,2024-09-24 18:38:45.325892312,,"{""stage_rank"":0}"
evt-00246191,sess-00144750,add_to_cart,2025-07-24 19:00:29.872832115,,"{""stage_rank"":1}"
evt-01426735,sess-00838437,page_view,2023-03-27 20:45:27.635704513,,"{""stage_rank"":0}"
evt-01358567,sess-00798354,purchase,2024-05-09 22:38:50.428812120,,"{""stage_rank"":3}"
evt-00286827,sess-00168515,checkout,2024-05-05 21:03:15.680656700,4.0.0,"{""stage_rank"":2}"
evt-01571529,sess-00923437,page_view,2024-05-16 22:12:56.061379811,,"{""stage_rank"":0}"
evt-01169530,sess-00687427,page_view,2025-03-03 23:13:24.734549304,4.3.0,"{""stage_rank"":0}"
evt-01366808,sess-00803177,page_view,2025-01-12 13:59:43.202999624,4.2.0,"{""stage_rank"":0}"
evt-01113011,sess-00654245,add_to_cart,2024-11-18 20:50:54.332773042,,"{""stage_rank"":1}"
evt-00637640,sess-00374668,add_to_cart,2026-02-01 18:45:33.057846263,4.4.0,"{""stage_rank"":1}"
evt-00650464,sess-00382321,page_view,2024-05-19 21:31:35.956784224,4.0.0,"{""stage_rank"":0}"
evt-00255686,sess-00150280,page_view,2023-02-16 17:27:17.533350430,3.8.0,"{""stage_rank"":0}"
evt-01047690,sess-00615866,add_to_cart,2024-04-19 22:43:18.731944161,,"{""stage_rank"":1}"
evt-01143967,sess-00672393,page_view,2025-09-05 20:20:57.598155307,,"{""stage_rank"":0}"
evt-00665503,sess-00391168,add_to_cart,2023-03-08 12:52:59.740154221,,"{""stage_rank"":1}"
evt-00936941,sess-00550897,page_view,2025-02-14 16:23:01.297394049,4.3.0,"{""stage_rank"":0}"
evt-01512280,sess-00888641,checkout,2024-01-03 20:51:21.249711414,,"{""stage_rank"":2}"
evt-00248070,sess-00145868,page_view,2024-03-24 23:19:12.396032397,,"{""stage_rank"":0}"
evt-00337987,sess-00198647,page_view,2024-09-16 18:15:36.376018000,4.1.0,"{""stage_rank"":0}"
evt-00741312,sess-00435646,page_view,2024-09-26 22:38:53.131012359,4.1.0,"{""stage_rank"":0}"
evt-00944630,sess-00555455,page_view,2023-01-14 03:27:07.401886474,3.8.0,"{""stage_rank"":0}"
evt-00127426,sess-00074747,add_to_cart,2024-04-27 18:38:47.611686534,4.0.0,"{""stage_rank"":1}"
evt-01686483,sess-00990978,add_to_cart,2023-05-24 20:47:12.882739843,3.8.0,"{""stage_rank"":1}"
evt-00181899,sess-00106807,add_to_cart,2024-01-02 02:13:34.851865962,,"{""stage_rank"":1}"
evt-00802429,sess-00471615,page_view,2024-07-22 23:12:52.886023759,4.0.0,"{""stage_rank"":0}"
evt-00711345,sess-00418095,page_view,2025-06-16 22:05:14.549312323,,"{""stage_rank"":0}"
evt-01041655,sess-00612325,page_view,2025-09-07 23:06:38.445103106,4.4.0,"{""stage_rank"":0}"
evt-00213899,sess-00125600,page_view,2024-01-20 17:10:43.957158138,,"{""stage_rank"":0}"
evt-01644129,sess-00966283,add_to_cart,2025-09-26 23:13:27.483796409,4.4.0,"{""stage_rank"":1}"
evt-00918276,sess-00539838,add_to_cart,2023-08-04 12:35:49.815042756,,"{""stage_rank"":1}"
evt-01351788,sess-00794350,page_view,2024-02-15 20:38:06.496031675,,"{""stage_rank"":0}"
evt-01475558,sess-00867013,add_to_cart,2023-08-09 13:24:55.070875238,3.8.0,"{""stage_rank"":1}"
evt-01425954,sess-00837991,page_view,2025-07-24 18:23:33.350412337,4.3.0,"{""stage_rank"":0}"
evt-00361467,sess-00212396,checkout,2025-11-17 19:56:43.378899064,4.4.0,"{""stage_rank"":2}"
evt-01374867,sess-00807880,checkout,2023-12-11 22:03:07.389898112,3.8.0,"{""stage_rank"":2}"
evt-01393464,sess-00818801,page_view,2024-02-22 21:39:25.734221856,,"{""stage_rank"":0}"
evt-00584021,sess-00343119,page_view,2023-05-04 18:33:45.601838487,3.8.0,"{""stage_rank"":0}"
evt-01524024,sess-00895540,page_view,2023-04-11 14:36:48.565568766,3.8.0,"{""stage_rank"":0}"
evt-00179177,sess-00105187,page_view,2023-08-09 22:18:17.860881046,3.8.0,"{""stage_rank"":0}"
evt-01437033,sess-00844448,page_view,2024-06-05 17:10:11.172670379,,"{""stage_rank"":0}"
evt-00556073,sess-00326669,page_view,2023-10-13 14:46:19.210327437,3.8.0,"{""stage_rank"":0}"
evt-00526405,sess-00309339,page_view,2024-02-18 20:12:20.281539861,,"{""stage_rank"":0}"
evt-00460615,sess-00270842,page_view,2023-03-26 17:52:48.061891080,3.8.0,"{""stage_rank"":0}"
evt-00381637,sess-00224328,page_view,2026-01-13 23:52:03.333039609,,"{""stage_rank"":0}"
evt-00404992,sess-00238080,checkout,2023-08-30 23:49:04.531520137,,"{""stage_rank"":2}"
evt-01652991,sess-00971473,checkout,2023-08-14 22:07:44.282486539,3.8.0,"{""stage_rank"":2}"
evt-01431010,sess-00840912,page_view,2026-02-06 23:41:53.340376392,,"{""stage_rank"":0}"
evt-01360336,sess-00799367,add_to_cart,2025-02-02 21:54:30.782054091,,"{""stage_rank"":1}"
evt-01059656,sess-00622909,checkout,2025-10-18 19:09:21.533817071,4.4.0,"{""stage_rank"":2}"
evt-01511383,sess-00888114,add_to_cart,2023-12-17 22:48:51.929914471,3.8.0,"{""stage_rank"":1}"
evt-00269566,sess-00158427,add_to_cart,2026-02-05 16:16:51.120207453,,"{""stage_rank"":1}"
evt-01554683,sess-00913604,add_to_cart,2025-06-25 02:35:17.235476801,,"{""stage_rank"":1}"
evt-01274636,sess-00749117,add_to_cart,2024-09-10 11:48:09.793051574,4.1.0,"{""stage_rank"":1}"
evt-00683510,sess-00401688,add_to_cart,2026-02-25 02:03:14.358434522,4.4.0,"{""stage_rank"":1}"
evt-00205917,sess-00120915,add_to_cart,2026-03-08 00:42:44.109692864,4.4.0,"{""stage_rank"":1}"
evt-00165274,sess-00097044,add_to_cart,2025-11-04 19:21:54.563340783,4.4.0,"{""stage_rank"":1}"
evt-00993318,sess-00584123,page_view,2026-01-10 17:06:38.657247484,4.4.0,"{""stage_rank"":0}"
evt-01573301,sess-00924481,page_view,2023-04-21 19:54:42.833805847,,"{""stage_rank"":0}"
evt-00136419,sess-00080030,page_view,2025-06-23 18:10:58.025201742,4.3.0,"{""stage_rank"":0}"
evt-01527574,sess-00897647,page_view,2024-08-30 18:02:21.690069178,,"{""stage_rank"":0}"
evt-01364183,sess-00801658,checkout,2024-05-14 19:06:05.161078582,,"{""stage_rank"":2}"
evt-00597671,sess-00351155,purchase,2023-03-07 13:34:42.089984364,,"{""stage_rank"":3}"
evt-01151878,sess-00677068,page_view,2024-04-22 17:02:40.540945152,4.0.0,"{""stage_rank"":0}"
evt-00068222,sess-00040069,page_view,2023-08-31 23:21:15.077648071,,"{""stage_rank"":0}"
evt-01059855,sess-00623034,page_view,2023-02-08 23:20:58.711877941,,"{""stage_rank"":0}"
evt-00360089,sess-00211597,page_view,2023-12-23 21:11:25.556727074,3.8.0,"{""stage_rank"":0}"
evt-01388714,sess-00815999,page_view,2023-04-30 18:16:35.131886137,,"{""stage_rank"":0}"
evt-00240802,sess-00141587,page_view,2024-02-06 01:13:37.856156893,4.0.0,"{""stage_rank"":0}"
evt-00365778,sess-00214972,checkout,2024-01-24 20:51:24.740112864,3.8.0,"{""stage_rank"":2}"
evt-00475013,sess-00279287,add_to_cart,2026-01-30 17:29:50.057086779,4.4.0,"{""stage_rank"":1}"
evt-00860406,sess-00505755,page_view,2024-08-14 17:55:52.687489456,,"{""stage_rank"":0}"
evt-01099057,sess-00646057,page_view,2023-12-04 20:03:42.131949862,,"{""stage_rank"":0}"
evt-00154224,sess-00090527,page_view,2023-05-16 19:27:15.650008191,,"{""stage_rank"":0}"
evt-00016658,sess-00009859,page_view,2023-12-23 16:40:37.273084350,3.8.0,"{""stage_rank"":0}"
evt-00512745,sess-00301362,page_view,2025-12-28 21:11:45.459522578,4.4.0,"{""stage_rank"":0}"
evt-00724132,sess-00425588,page_view,2025-05-24 17:52:52.826087712,,"{""stage_rank"":0}"
evt-00275008,sess-00161597,add_to_cart,2025-10-11 02:02:08.033260613,,"{""stage_rank"":1}"
evt-01127629,sess-00662779,page_view,2024-08-07 18:11:26.038688038,,"{""stage_rank"":0}"
evt-00314921,sess-00185037,page_view,2025-08-09 14:50:48.162049197,4.4.0,"{""stage_rank"":0}"
evt-00678750,sess-00398922,page_view,2026-06-18 18:39:41.415953192,,"{""stage_rank"":0}"
evt-00350600,sess-00206015,add_to_cart,2024-05-24 20:54:44.314974663,,"{""stage_rank"":1}"
evt-00336369,sess-00197708,page_view,2026-04-07 21:11:07.731979512,,"{""stage_rank"":0}"
evt-01695617,sess-00996340,page_view,2025-08-07 20:58:21.591980271,,"{""stage_rank"":0}"
evt-01366105,sess-00802762,checkout,2025-03-17 03:23:49.484109420,4.3.0,"{""stage_rank"":2}"
evt-00928640,sess-00545987,add_to_cart,2026-04-26 17:35:03.891773452,4.4.0,"{""stage_rank"":1}"
evt-00852140,sess-00500906,page_view,2026-06-19 21:38:55.490503024,4.4.0,"{""stage_rank"":0}"
evt-01424897,sess-00837358,page_view,2025-05-19 20:38:12.781644660,4.3.0,"{""stage_rank"":0}"
evt-00943015,sess-00554493,page_view,2025-07-09 14:36:13.759698763,4.3.0,"{""stage_rank"":0}"
evt-01070553,sess-00629263,page_view,2024-01-18 02:21:49.337171060,3.8.0,"{""stage_rank"":0}"
evt-01453878,sess-00854305,checkout,2025-07-02 13:46:08.309117647,4.3.0,"{""stage_rank"":2}"
evt-01450880,sess-00852540,page_view,2024-09-04 22:57:31.887564657,,"{""stage_rank"":0}"
evt-01360786,sess-00799656,page_view,2024-03-03 18:52:02.247867639,,"{""stage_rank"":0}"
evt-00583121,sess-00342592,add_to_cart,2024-08-02 16:59:57.386897815,4.1.0,"{""stage_rank"":1}"
evt-00267429,sess-00157180,page_view,2023-07-02 21:20:03.024692733,3.8.0,"{""stage_rank"":0}"
evt-00209182,sess-00122866,page_view,2023-05-25 22:56:59.302818730,3.8.0,"{""stage_rank"":0}"
evt-01132946,sess-00665883,page_view,2023-08-29 21:13:48.795907446,3.8.0,"{""stage_rank"":0}"
evt-00485399,sess-00285377,page_view,2024-01-20 18:36:09.646948357,3.8.0,"{""stage_rank"":0}"
evt-00016968,sess-00010051,add_to_cart,2023-08-26 19:02:16.708932722,,"{""stage_rank"":1}"
evt-00597828,sess-00351243,page_view,2025-04-21 17:40:10.784758134,4.3.0,"{""stage_rank"":0}"
evt-00079756,sess-00046879,page_view,2024-06-06 02:15:10.629983703,,"{""stage_rank"":0}"
evt-01075409,sess-00632174,add_to_cart,2024-01-24 17:18:33.780624495,,"{""stage_rank"":1}"
evt-00339871,sess-00199763,page_view,2024-11-22 20:54:13.566169865,4.2.0,"{""stage_rank"":0}"
evt-01205335,sess-00708376,page_view,2024-10-26 23:19:18.588019286,,"{""stage_rank"":0}"
evt-01565389,sess-00919817,page_view,2023-07-24 14:08:22.813052453,3.8.0,"{""stage_rank"":0}"
evt-00091590,sess-00053845,page_view,2023-06-23 19:08:23.971419797,,"{""stage_rank"":0}"
evt-00588367,sess-00345725,page_view,2026-03-08 17:31:27.394554540,,"{""stage_rank"":0}"
evt-01344398,sess-00790020,page_view,2023-11-10 18:11:17.080321280,,"{""stage_rank"":0}"
evt-00139220,sess-00081722,page_view,2025-07-31 18:53:10.074387690,,"{""stage_rank"":0}"
evt-01276848,sess-00750416,page_view,2024-12-21 14:04:21.991338987,4.2.0,"{""stage_rank"":0}"
evt-01539917,sess-00904905,page_view,2025-08-12 19:41:31.345219811,4.4.0,"{""stage_rank"":0}"
evt-01547875,sess-00909597,page_view,2024-03-23 23:22:35.857056220,4.0.0,"{""stage_rank"":0}"
evt-01650789,sess-00970187,page_view,2026-04-01 16:02:46.526852846,,"{""stage_rank"":0}"
evt-01494248,sess-00877978,page_view,2023-02-14 18:27:38.286076322,,"{""stage_rank"":0}"
evt-00615039,sess-00361316,add_to_cart,2026-02-27 23:23:05.374361091,4.4.0,"{""stage_rank"":1}"
evt-00677661,sess-00398292,add_to_cart,2024-05-30 17:12:03.904768788,4.0.0,"{""stage_rank"":1}"
evt-01512779,sess-00888944,page_view,2024-11-09 01:48:50.950987096,,"{""stage_rank"":0}"
evt-01540569,sess-00905292,page_view,2025-01-01 00:50:50.249724563,,"{""stage_rank"":0}"
evt-00344372,sess-00202360,page_view,2024-09-28 23:49:40.131365159,,"{""stage_rank"":0}"
evt-01477123,sess-00867942,page_view,2024-07-05 16:29:53.353931516,4.0.0,"{""stage_rank"":0}"
evt-01005651,sess-00591256,page_view,2025-07-04 15:32:59.273340406,,"{""stage_rank"":0}"
evt-00329012,sess-00193376,add_to_cart,2023-07-13 17:42:21.263130934,,"{""stage_rank"":1}"
evt-00417719,sess-00245629,page_view,2023-09-27 17:10:44.003661752,3.8.0,"{""stage_rank"":0}"
evt-01054037,sess-00619614,checkout,2025-01-16 00:12:47.010141094,,"{""stage_rank"":2}"
evt-00380178,sess-00223471,page_view,2024-03-28 17:39:09.360555650,,"{""stage_rank"":0}"
evt-00951510,sess-00559505,add_to_cart,2026-06-15 14:58:18.797705432,,"{""stage_rank"":1}"
evt-00325869,sess-00191502,add_to_cart,2024-08-06 20:38:10.622955343,4.1.0,"{""stage_rank"":1}"
evt-00038295,sess-00022495,page_view,2023-12-03 19:59:36.336645463,,"{""stage_rank"":0}"
evt-00061972,sess-00036401,add_to_cart,2025-06-13 22:54:53.198047455,,"{""stage_rank"":1}"
evt-00768740,sess-00451827,page_view,2026-05-27 00:40:56.956734299,,"{""stage_rank"":0}"
evt-00108610,sess-00063749,add_to_cart,2024-10-17 19:08:49.357059472,,"{""stage_rank"":1}"
evt-00503176,sess-00295817,add_to_cart,2024-04-17 19:40:50.952172161,,"{""stage_rank"":1}"
evt-00889959,sess-00523081,page_view,2025-07-28 23:40:15.513506286,4.3.0,"{""stage_rank"":0}"
evt-00025430,sess-00014994,page_view,2025-01-08 20:49:02.288894250,,"{""stage_rank"":0}"
evt-01607134,sess-00944391,page_view,2025-04-08 21:13:15.662606599,,"{""stage_rank"":0}"
evt-01399671,sess-00822500,add_to_cart,2025-02-09 23:39:34.252560141,4.3.0,"{""stage_rank"":1}"
evt-00386335,sess-00227068,page_view,2025-05-21 19:45:46.391039842,4.3.0,"{""stage_rank"":0}"
evt-00623877,sess-00366501,page_view,2025-12-15 20:36:49.866543379,4.4.0,"{""stage_rank"":0}"
evt-00386609,sess-00227224,page_view,2026-01-07 15:00:07.653386972,4.4.0,"{""stage_rank"":0}"
evt-00595690,sess-00349975,page_view,2025-12-06 20:44:05.698954279,,"{""stage_rank"":0}"
evt-00487829,sess-00286815,add_to_cart,2025-07-19 23:25:11.558770180,,"{""stage_rank"":1}"
evt-00457850,sess-00269206,add_to_cart,2026-03-04 21:50:47.696424400,4.4.0,"{""stage_rank"":1}"
evt-01195846,sess-00702842,page_view,2024-08-27 17:39:44.508261714,4.1.0,"{""stage_rank"":0}"
evt-00739391,sess-00434555,page_view,2024-10-27 20:56:21.936097706,4.1.0,"{""stage_rank"":0}"
evt-00671511,sess-00394716,purchase,2025-08-27 18:55:57.524843070,,"{""stage_rank"":3}"
evt-00364768,sess-00214350,page_view,2025-01-29 22:15:11.218088425,,"{""stage_rank"":0}"
evt-00928922,sess-00546158,page_view,2025-07-03 22:33:59.999782728,4.3.0,"{""stage_rank"":0}"
evt-01380892,sess-00811393,checkout,2025-01-10 16:55:29.629747756,,"{""stage_rank"":2}"
evt-00661065,sess-00388524,add_to_cart,2026-01-05 23:26:06.630592796,4.4.0,"{""stage_rank"":1}"
evt-01055310,sess-00620389,add_to_cart,2026-04-29 22:35:35.647520748,4.4.0,"{""stage_rank"":1}"
evt-00301697,sess-00177228,page_view,2024-12-20 11:42:44.561409319,,"{""stage_rank"":0}"
evt-01124330,sess-00660857,add_to_cart,2024-07-05 17:27:32.925617629,4.0.0,"{""stage_rank"":1}"
evt-00538267,sess-00316303,page_view,2026-04-01 14:55:16.884735415,,"{""stage_rank"":0}"
evt-01512465,sess-00888758,page_view,2026-06-19 20:14:12.842326168,4.4.0,"{""stage_rank"":0}"
evt-01421647,sess-00835421,add_to_cart,2023-09-10 20:11:23.568471842,,"{""stage_rank"":1}"
evt-00250020,sess-00146991,add_to_cart,2026-05-16 19:37:30.743438393,,"{""stage_rank"":1}"
evt-00273379,sess-00160635,page_view,2025-08-11 18:07:55.404821898,,"{""stage_rank"":0}"
evt-00663791,sess-00390144,page_view,2026-05-19 03:12:16.004312899,,"{""stage_rank"":0}"
evt-00747194,sess-00439139,page_view,2023-11-24 21:00:02.155172552,,"{""stage_rank"":0}"
evt-01153724,sess-00678136,checkout,2023-03-25 19:42:29.348612480,3.8.0,"{""stage_rank"":2}"
evt-00073712,sess-00043323,page_view,2025-11-10 20:24:47.759742970,4.4.0,"{""stage_rank"":0}"
evt-01616606,sess-00950012,checkout,2023-01-02 22:09:42.384287701,,"{""stage_rank"":2}"
evt-01265230,sess-00743586,add_to_cart,2023-02-05 23:48:01.505806716,,"{""stage_rank"":1}"
evt-00820523,sess-00482215,add_to_cart,2025-10-17 20:31:42.026638124,4.4.0,"{""stage_rank"":1}"
evt-00821585,sess-00482842,add_to_cart,2024-07-03 19:41:33.215619713,,"{""stage_rank"":1}"
evt-00623691,sess-00366398,page_view,2026-06-07 03:09:10.176787525,4.4.0,"{""stage_rank"":0}"
evt-00098381,sess-00057754,page_view,2023-05-09 23:37:45.112458870,3.8.0,"{""stage_rank"":0}"
evt-01527283,sess-00897471,add_to_cart,2026-03-03 20:43:38.602449417,,"{""stage_rank"":1}"
evt-01693459,sess-00995069,purchase,2023-06-30 22:13:16.618231882,3.8.0,"{""stage_rank"":3}"
evt-00783816,sess-00460663,add_to_cart,2025-05-17 23:32:37.233662460,,"{""stage_rank"":1}"
evt-00726629,sess-00427016,add_to_cart,2025-08-06 20:48:06.196113629,,"{""stage_rank"":1}"
evt-00408752,sess-00240307,page_view,2026-02-27 00:09:29.738105324,4.4.0,"{""stage_rank"":0}"
evt-01330163,sess-00781715,page_view,2025-01-21 21:17:30.317154276,4.2.0,"{""stage_rank"":0}"
evt-00159560,sess-00093677,page_view,2024-11-29 16:31:30.579503095,,"{""stage_rank"":0}"
evt-01556080,sess-00914395,add_to_cart,2026-06-23 21:48:02.520462892,4.4.0,"{""stage_rank"":1}"
evt-00477555,sess-00280796,page_view,2026-06-10 21:00:53.695649833,4.4.0,"{""stage_rank"":0}"
evt-00462518,sess-00271966,page_view,2025-11-09 07:45:22.926729849,,"{""stage_rank"":0}"
evt-01465118,sess-00860880,add_to_cart,2026-02-20 17:11:27.748857318,,"{""stage_rank"":1}"
evt-01198114,sess-00704173,add_to_cart,2024-08-15 14:20:32.365839325,,"{""stage_rank"":1}"
evt-00428560,sess-00251902,page_view,2025-10-13 18:19:53.686877052,4.4.0,"{""stage_rank"":0}"
evt-01202703,sess-00706864,page_view,2025-05-08 20:26:42.806136684,4.3.0,"{""stage_rank"":0}"
evt-01516854,sess-00891326,page_view,2026-05-09 01:02:18.939634881,,"{""stage_rank"":0}"
evt-01355267,sess-00796396,add_to_cart,2025-06-15 23:14:02.136861706,,"{""stage_rank"":1}"
evt-00142918,sess-00083882,page_view,2025-04-29 19:51:40.733989932,,"{""stage_rank"":0}"
evt-00790430,sess-00464554,add_to_cart,2024-10-31 21:54:28.917896956,4.1.0,"{""stage_rank"":1}"
evt-00166974,sess-00098018,page_view,2025-06-29 21:06:08.092961677,4.3.0,"{""stage_rank"":0}"
evt-00002197,sess-00001291,page_view,2025-11-05 23:41:45.477939429,,"{""stage_rank"":0}"
evt-01054357,sess-00619812,page_view,2023-01-21 22:49:38.982169131,,"{""stage_rank"":0}"
evt-01569261,sess-00922124,page_view,2026-02-25 17:48:25.465568643,4.4.0,"{""stage_rank"":0}"
evt-00879663,sess-00517030,checkout,2023-07-13 13:48:52.196040693,,"{""stage_rank"":2}"
evt-01309287,sess-00769468,add_to_cart,2024-09-15 18:38:06.886930534,4.1.0,"{""stage_rank"":1}"
evt-00176559,sess-00103657,add_to_cart,2023-12-15 16:41:26.493999667,,"{""stage_rank"":1}"
evt-01006486,sess-00591751,page_view,2023-01-27 21:16:48.631271535,3.8.0,"{""stage_rank"":0}"
evt-00909624,sess-00534757,page_view,2025-07-01 23:52:49.624084170,,"{""stage_rank"":0}"
evt-00378573,sess-00222540,page_view,2023-04-15 21:54:34.187254552,,"{""stage_rank"":0}"
evt-01436043,sess-00843857,page_view,2026-04-10 17:23:00.248623954,,"{""stage_rank"":0}"
evt-01173976,sess-00690042,page_view,2024-05-23 20:41:33.989201479,4.0.0,"{""stage_rank"":0}"
evt-01023683,sess-00601785,page_view,2025-10-02 19:03:03.989071543,,"{""stage_rank"":0}"
evt-00298088,sess-00175115,page_view,2024-05-27 00:56:20.428009164,,"{""stage_rank"":0}"
evt-00377927,sess-00222148,page_view,2024-07-09 20:03:06.594916755,,"{""stage_rank"":0}"
evt-00702326,sess-00412818,add_to_cart,2025-10-14 15:03:06.409531692,4.4.0,"{""stage_rank"":1}"
evt-00564769,sess-00331801,page_view,2024-05-10 16:30:22.790183667,,"{""stage_rank"":0}"
evt-00535108,sess-00314476,page_view,2023-02-24 13:10:09.831280596,3.8.0,"{""stage_rank"":0}"
evt-00851625,sess-00500592,page_view,2024-09-16 23:53:51.527531751,,"{""stage_rank"":0}"
evt-01450648,sess-00852406,purchase,2025-10-24 00:39:06.656040510,,"{""stage_rank"":3}"
evt-01154826,sess-00678791,add_to_cart,2025-09-27 21:15:36.346644174,4.4.0,"{""stage_rank"":1}"
evt-00434679,sess-00255523,page_view,2023-09-22 14:04:44.920543329,3.8.0,"{""stage_rank"":0}"
evt-01240076,sess-00728775,checkout,2025-09-08 17:41:05.898817406,,"{""stage_rank"":2}"
evt-01148349,sess-00674963,add_to_cart,2025-11-13 21:39:05.441755949,4.4.0,"{""stage_rank"":1}"
evt-01460497,sess-00858170,page_view,2023-08-22 19:26:16.401309144,3.8.0,"{""stage_rank"":0}"
evt-01074900,sess-00631875,checkout,2023-10-03 16:55:48.612011424,3.8.0,"{""stage_rank"":2}"
evt-00065816,sess-00038627,page_view,2024-02-21 00:16:55.930378883,,"{""stage_rank"":0}"
evt-00697831,sess-00410178,add_to_cart,2023-01-31 20:56:52.053269709,,"{""stage_rank"":1}"
evt-00621741,sess-00365255,checkout,2024-01-19 23:42:46.362762712,,"{""stage_rank"":2}"
evt-00267031,sess-00156956,purchase,2024-07-09 20:53:31.268135549,4.0.0,"{""stage_rank"":3}"
evt-01559105,sess-00916182,add_to_cart,2024-10-23 19:51:22.277764708,,"{""stage_rank"":1}"
evt-00690671,sess-00405966,add_to_cart,2024-01-28 14:32:24.196205427,3.8.0,"{""stage_rank"":1}"
evt-01671177,sess-00982026,page_view,2025-12-28 17:06:54.025169199,,"{""stage_rank"":0}"
evt-00155702,sess-00091418,page_view,2023-05-26 21:29:42.299770345,3.8.0,"{""stage_rank"":0}"
evt-00728261,sess-00427985,page_view,2024-02-14 19:05:14.212036060,,"{""stage_rank"":0}"
evt-00752005,sess-00441976,add_to_cart,2024-03-18 20:58:12.012610659,4.0.0,"{""stage_rank"":1}"
evt-00861220,sess-00506240,add_to_cart,2024-03-17 18:34:20.783636365,4.0.0,"{""stage_rank"":1}"
evt-00188241,sess-00110537,page_view,2026-01-31 21:32:39.959991433,4.4.0,"{""stage_rank"":0}"
evt-00939866,sess-00552619,page_view,2025-08-28 18:38:04.139743321,,"{""stage_rank"":0}"
evt-01396413,sess-00820576,add_to_cart,2025-08-21 12:58:10.792591413,,"{""stage_rank"":1}"
evt-01190443,sess-00699690,page_view,2023-03-19 16:42:40.070677702,3.8.0,"{""stage_rank"":0}"
evt-01608266,sess-00945055,page_view,2025-07-08 19:52:48.967391128,4.3.0,"{""stage_rank"":0}"
evt-00065803,sess-00038621,page_view,2024-02-02 13:35:17.277364634,4.0.0,"{""stage_rank"":0}"
evt-00328121,sess-00192841,checkout,2023-12-26 16:47:46.009598130,3.8.0,"{""stage_rank"":2}"
evt-01320550,sess-00776100,checkout,2023-03-09 22:09:14.365619519,,"{""stage_rank"":2}"
evt-00957050,sess-00562730,page_view,2024-09-14 22:56:05.434708918,4.1.0,"{""stage_rank"":0}"
evt-00583428,sess-00342766,purchase,2024-12-26 22:04:45.810435086,4.2.0,"{""stage_rank"":3}"
evt-00611211,sess-00359088,page_view,2023-09-01 22:16:39.015640605,3.8.0,"{""stage_rank"":0}"
evt-01033183,sess-00607373,add_to_cart,2025-03-21 02:26:38.602701855,4.3.0,"{""stage_rank"":1}"
evt-00454657,sess-00267304,page_view,2024-07-30 21:05:14.716274645,4.0.0,"{""stage_rank"":0}"
evt-00009563,sess-00005687,checkout,2025-02-26 18:43:00.523141325,,"{""stage_rank"":2}"
evt-01119238,sess-00657840,page_view,2026-03-25 22:45:49.305822748,4.4.0,"{""stage_rank"":0}"
evt-00028881,sess-00016985,add_to_cart,2026-05-13 20:09:09.637922315,,"{""stage_rank"":1}"
evt-00438167,sess-00257590,add_to_cart,2026-01-28 19:00:00.221458586,4.4.0,"{""stage_rank"":1}"
evt-00282007,sess-00165696,page_view,2025-05-28 15:24:38.650811469,,"{""stage_rank"":0}"
evt-01070870,sess-00629459,add_to_cart,2024-10-17 14:58:34.838175474,4.1.0,"{""stage_rank"":1}"
evt-00995447,sess-00585331,page_view,2024-08-28 16:49:35.358268822,4.1.0,"{""stage_rank"":0}"
evt-00582615,sess-00342293,page_view,2025-12-12 18:32:27.004894699,4.4.0,"{""stage_rank"":0}"
evt-01324606,sess-00778458,add_to_cart,2024-02-27 22:31:26.275954948,,"{""stage_rank"":1}"
evt-00337023,sess-00198074,page_view,2023-03-02 20:46:43.039022067,3.8.0,"{""stage_rank"":0}"
evt-00600951,sess-00353077,page_view,2024-01-17 23:54:02.304919621,3.8.0,"{""stage_rank"":0}"
evt-00870689,sess-00511759,page_view,2025-10-11 20:58:22.832479395,,"{""stage_rank"":0}"
evt-00719442,sess-00422785,purchase,2024-05-03 16:55:18.434970437,4.0.0,"{""stage_rank"":3}"
evt-01550791,sess-00911270,page_view,2025-06-01 22:17:38.439312081,,"{""stage_rank"":0}"
evt-01174189,sess-00690171,page_view,2026-02-21 00:26:54.042909777,,"{""stage_rank"":0}"
evt-01065927,sess-00626546,page_view,2024-12-19 12:35:56.136547561,,"{""stage_rank"":0}"
evt-00524249,sess-00308073,page_view,2025-12-27 01:10:15.838416052,,"{""stage_rank"":0}"
evt-00832627,sess-00489346,add_to_cart,2025-08-29 00:27:17.853165041,,"{""stage_rank"":1}"
evt-00879384,sess-00516873,page_view,2024-05-08 22:57:40.551801628,,"{""stage_rank"":0}"
evt-00090311,sess-00053077,add_to_cart,2026-06-07 22:39:56.982016225,4.4.0,"{""stage_rank"":1}"
evt-00493612,sess-00290225,page_view,2023-09-02 00:23:43.520748078,3.8.0,"{""stage_rank"":0}"
evt-01700544,sess-00999241,page_view,2025-10-09 23:08:40.430514846,4.4.0,"{""stage_rank"":0}"
evt-01418448,sess-00833533,page_view,2024-08-16 21:44:03.926874484,,"{""stage_rank"":0}"
evt-01032228,sess-00606796,add_to_cart,2024-12-22 15:26:24.039400495,4.2.0,"{""stage_rank"":1}"
evt-00077713,sess-00045687,page_view,2024-01-11 16:47:10.076787854,,"{""stage_rank"":0}"
evt-00644315,sess-00378651,page_view,2025-03-02 19:28:46.971133312,4.3.0,"{""stage_rank"":0}"
evt-00524407,sess-00308171,page_view,2024-07-17 17:14:07.186245264,4.0.0,"{""stage_rank"":0}"
evt-00616251,sess-00362027,checkout,2026-06-14 13:19:01.415731138,,"{""stage_rank"":2}"
evt-00606232,sess-00356188,page_view,2025-04-24 20:55:19.786725387,4.3.0,"{""stage_rank"":0}"
evt-00980882,sess-00576841,add_to_cart,2026-04-10 19:00:09.261972808,,"{""stage_rank"":1}"
evt-01173045,sess-00689497,add_to_cart,2025-06-29 20:19:32.716578093,4.3.0,"{""stage_rank"":1}"
evt-01261994,sess-00741695,page_view,2026-05-19 15:21:50.405859339,,"{""stage_rank"":0}"
evt-01671850,sess-00982427,add_to_cart,2023-11-02 18:59:46.843994687,3.8.0,"{""stage_rank"":1}"
evt-00816798,sess-00480060,page_view,2024-07-14 00:17:12.645083562,,"{""stage_rank"":0}"
evt-00267830,sess-00157413,add_to_cart,2025-08-19 23:52:25.490747903,,"{""stage_rank"":1}"
evt-00928747,sess-00546056,checkout,2023-09-23 12:45:18.161988795,3.8.0,"{""stage_rank"":2}"
evt-01303748,sess-00766272,add_to_cart,2025-07-02 19:06:42.963130294,4.3.0,"{""stage_rank"":1}"
evt-00771857,sess-00453651,page_view,2024-07-15 15:28:54.184468446,,"{""stage_rank"":0}"
evt-00681341,sess-00400422,page_view,2025-06-06 22:35:31.435253077,4.3.0,"{""stage_rank"":0}"
evt-00844322,sess-00496287,add_to_cart,2023-11-19 19:13:02.697727659,3.8.0,"{""stage_rank"":1}"
evt-01299500,sess-00763782,page_view,2025-11-21 21:49:42.753361970,4.4.0,"{""stage_rank"":0}"
evt-01024390,sess-00602194,page_view,2024-03-06 18:46:06.482488058,4.0.0,"{""stage_rank"":0}"
evt-01669952,sess-00981310,page_view,2025-01-28 10:46:42.555092228,,"{""stage_rank"":0}"
evt-00353682,sess-00207821,page_view,2026-01-06 23:34:59.516077637,4.4.0,"{""stage_rank"":0}"
evt-00059994,sess-00035224,add_to_cart,2026-04-11 02:40:11.693385119,,"{""stage_rank"":1}"
evt-01106467,sess-00650398,page_view,2025-12-18 20:54:07.818717717,4.4.0,"{""stage_rank"":0}"
evt-00012751,sess-00007554,page_view,2023-09-29 20:59:20.600083437,,"{""stage_rank"":0}"
evt-01432956,sess-00842029,add_to_cart,2024-01-05 20:15:08.153389683,,"{""stage_rank"":1}"
evt-01027774,sess-00604178,add_to_cart,2025-12-16 17:35:58.524830604,4.4.0,"{""stage_rank"":1}"
evt-01182176,sess-00694816,page_view,2026-05-05 16:38:42.552848460,4.4.0,"{""stage_rank"":0}"
evt-01182899,sess-00695240,add_to_cart,2024-09-26 17:32:10.874963294,4.1.0,"{""stage_rank"":1}"
evt-00732772,sess-00430649,add_to_cart,2024-07-13 00:57:06.870879390,4.0.0,"{""stage_rank"":1}"
evt-00557031,sess-00327221,page_view,2023-01-14 21:12:37.513311117,,"{""stage_rank"":0}"
evt-00950151,sess-00558694,page_view,2024-10-11 18:49:55.945589332,4.1.0,"{""stage_rank"":0}"
evt-01519634,sess-00892977,page_view,2023-02-09 23:34:51.777329240,,"{""stage_rank"":0}"
evt-01509989,sess-00887287,add_to_cart,2025-06-18 21:16:15.889871330,,"{""stage_rank"":1}"
evt-00911852,sess-00536102,add_to_cart,2025-06-07 23:17:28.909602709,4.3.0,"{""stage_rank"":1}"
evt-01639534,sess-00963599,page_view,2025-07-09 01:00:08.444587264,4.3.0,"{""stage_rank"":0}"
evt-00592010,sess-00347855,page_view,2025-03-08 22:53:37.130058979,,"{""stage_rank"":0}"
evt-00819381,sess-00481551,page_view,2025-01-15 21:06:27.731522433,,"{""stage_rank"":0}"
evt-01268792,sess-00745677,checkout,2025-03-07 18:22:40.945663487,,"{""stage_rank"":2}"
evt-00404277,sess-00237647,add_to_cart,2023-01-31 15:22:57.127891179,,"{""stage_rank"":1}"
evt-01639481,sess-00963568,page_view,2023-02-19 19:35:26.491565413,,"{""stage_rank"":0}"
evt-00939601,sess-00552464,add_to_cart,2023-09-16 18:49:38.365069783,3.8.0,"{""stage_rank"":1}"
evt-01423451,sess-00836494,purchase,2023-12-24 12:34:42.773187628,3.8.0,"{""stage_rank"":3}"
evt-00648588,sess-00381215,add_to_cart,2023-05-15 00:12:17.677980630,,"{""stage_rank"":1}"
evt-00375257,sess-00220577,page_view,2026-03-26 19:39:05.484340071,4.4.0,"{""stage_rank"":0}"
evt-00085669,sess-00050323,page_view,2025-08-19 00:05:36.937137562,4.4.0,"{""stage_rank"":0}"
evt-01546794,sess-00908945,page_view,2024-04-29 18:28:07.271344407,4.0.0,"{""stage_rank"":0}"
evt-01491301,sess-00876253,page_view,2025-04-18 22:05:51.229929698,4.3.0,"{""stage_rank"":0}"
evt-00390427,sess-00229501,page_view,2025-12-21 02:02:53.370095978,4.4.0,"{""stage_rank"":0}"
evt-00960809,sess-00564944,page_view,2024-07-07 00:16:08.169539208,,"{""stage_rank"":0}"
evt-00894095,sess-00525538,page_view,2024-07-04 22:09:31.729348936,,"{""stage_rank"":0}"
evt-01114560,sess-00655155,add_to_cart,2025-03-18 22:14:25.432498318,4.3.0,"{""stage_rank"":1}"
evt-01175552,sess-00690992,page_view,2024-07-12 20:22:08.438842630,,"{""stage_rank"":0}"
evt-00879617,sess-00517004,page_view,2025-09-20 23:05:43.889627301,4.4.0,"{""stage_rank"":0}"
evt-00272597,sess-00160191,page_view,2024-08-26 17:43:01.034659366,,"{""stage_rank"":0}"
evt-00750612,sess-00441145,page_view,2025-04-30 19:58:01.311645521,,"{""stage_rank"":0}"
evt-00401454,sess-00236006,page_view,2025-05-30 18:38:55.036168109,,"{""stage_rank"":0}"
evt-00426276,sess-00250576,page_view,2025-03-26 20:16:34.439014174,,"{""stage_rank"":0}"
evt-00218985,sess-00128608,add_to_cart,2024-07-13 20:11:20.962922284,4.0.0,"{""stage_rank"":1}"
evt-00504634,sess-00296669,page_view,2024-07-21 18:02:59.939356550,4.0.0,"{""stage_rank"":0}"
evt-00671374,sess-00394628,page_view,2026-04-21 18:14:11.406200444,,"{""stage_rank"":0}"
evt-00919901,sess-00540761,add_to_cart,2024-04-28 16:56:48.815879117,4.0.0,"{""stage_rank"":1}"
evt-00131622,sess-00077202,page_view,2023-01-21 17:44:39.133028263,,"{""stage_rank"":0}"
evt-01599660,sess-00940026,page_view,2026-01-26 09:20:35.384059454,,"{""stage_rank"":0}"
evt-00856473,sess-00503424,page_view,2024-05-17 21:28:02.285358895,4.0.0,"{""stage_rank"":0}"
evt-01235500,sess-00726136,add_to_cart,2025-02-20 23:01:30.132867022,,"{""stage_rank"":1}"
evt-00291889,sess-00171471,page_view,2024-09-25 17:24:43.063428371,,"{""stage_rank"":0}"
evt-00369246,sess-00217016,add_to_cart,2024-02-14 17:35:10.761497430,,"{""stage_rank"":1}"
evt-00489603,sess-00287843,page_view,2023-05-28 18:35:51.372825161,3.8.0,"{""stage_rank"":0}"
evt-00523798,sess-00307806,add_to_cart,2024-10-09 19:19:32.510926326,,"{""stage_rank"":1}"
evt-00108590,sess-00063736,page_view,2023-02-13 23:50:24.236321564,,"{""stage_rank"":0}"
evt-01348682,sess-00792545,page_view,2024-08-22 18:44:33.813258334,,"{""stage_rank"":0}"
evt-00820769,sess-00482357,page_view,2023-12-31 16:21:40.629841023,,"{""stage_rank"":0}"
evt-00863313,sess-00507454,page_view,2025-03-06 17:08:48.100591043,4.3.0,"{""stage_rank"":0}"
evt-01636772,sess-00961949,add_to_cart,2023-04-22 20:28:33.840042478,,"{""stage_rank"":1}"
evt-00609977,sess-00358359,page_view,2024-06-15 21:10:19.655027912,4.0.0,"{""stage_rank"":0}"
evt-01055409,sess-00620450,page_view,2026-05-09 20:15:55.240160944,4.4.0,"{""stage_rank"":0}"
evt-00429478,sess-00252447,page_view,2024-07-15 18:12:40.721947523,,"{""stage_rank"":0}"
evt-00369586,sess-00217237,page_view,2023-02-23 16:18:33.499030154,,"{""stage_rank"":0}"
evt-00609918,sess-00358320,page_view,2023-09-19 21:36:03.806209672,3.8.0,"{""stage_rank"":0}"
evt-01347106,sess-00791608,page_view,2023-02-24 22:05:09.013535873,3.8.0,"{""stage_rank"":0}"
evt-00202535,sess-00118919,page_view,2024-03-13 05:24:55.632048358,,"{""stage_rank"":0}"
evt-00188863,sess-00110898,page_view,2025-09-25 20:35:56.294853526,4.4.0,"{""stage_rank"":0}"
evt-00685081,sess-00402619,add_to_cart,2023-07-08 19:25:20.169399871,3.8.0,"{""stage_rank"":1}"
evt-01141331,sess-00670838,checkout,2025-03-05 01:51:37.324130951,4.3.0,"{""stage_rank"":2}"
evt-00075392,sess-00044311,page_view,2026-05-13 23:42:21.242965924,4.4.0,"{""stage_rank"":0}"
evt-00440747,sess-00259083,checkout,2026-03-25 22:18:05.708274543,,"{""stage_rank"":2}"
evt-00597733,sess-00351188,page_view,2024-06-01 15:37:56.393987667,4.0.0,"{""stage_rank"":0}"
evt-00308792,sess-00181365,add_to_cart,2023-12-04 17:56:38.100063400,3.8.0,"{""stage_rank"":1}"
evt-01633720,sess-00960147,page_view,2024-05-22 17:42:42.141490012,4.0.0,"{""stage_rank"":0}"
evt-00134567,sess-00078940,page_view,2026-03-10 01:21:54.999671079,,"{""stage_rank"":0}"
evt-00906637,sess-00532967,page_view,2023-07-23 15:02:08.588526200,,"{""stage_rank"":0}"
evt-01281435,sess-00753102,checkout,2025-07-14 21:46:47.173417876,,"{""stage_rank"":2}"
evt-01424611,sess-00837188,page_view,2025-03-10 18:58:25.651802380,,"{""stage_rank"":0}"
evt-01152797,sess-00677597,page_view,2025-02-09 23:11:41.667753312,4.3.0,"{""stage_rank"":0}"
evt-00825064,sess-00484882,add_to_cart,2023-11-03 17:36:24.374303342,,"{""stage_rank"":1}"
evt-00454270,sess-00267066,page_view,2025-12-30 22:26:31.943641761,4.4.0,"{""stage_rank"":0}"
evt-01648777,sess-00968991,page_view,2023-08-18 13:46:40.621075740,3.8.0,"{""stage_rank"":0}"
evt-01461442,sess-00858720,add_to_cart,2024-03-18 22:47:11.922219371,,"{""stage_rank"":1}"
evt-00159107,sess-00093418,page_view,2025-02-22 00:10:22.372614381,,"{""stage_rank"":0}"
evt-00461594,sess-00271411,page_view,2024-07-25 17:09:55.351215341,4.0.0,"{""stage_rank"":0}"
evt-01444965,sess-00849095,page_view,2024-05-05 03:45:56.229603649,4.0.0,"{""stage_rank"":0}"
evt-00365052,sess-00214529,page_view,2023-06-07 18:48:37.218482496,,"{""stage_rank"":0}"
evt-01659911,sess-00975474,checkout,2024-08-14 21:28:38.663807029,4.1.0,"{""stage_rank"":2}"
evt-00099733,sess-00058548,page_view,2024-08-31 02:55:49.763867009,4.1.0,"{""stage_rank"":0}"
evt-00277346,sess-00162971,page_view,2026-06-20 21:58:11.126315706,4.4.0,"{""stage_rank"":0}"
evt-00138041,sess-00081011,page_view,2026-03-16 17:32:58.462835625,,"{""stage_rank"":0}"
evt-00350696,sess-00206071,page_view,2025-07-23 10:34:32.169192878,4.3.0,"{""stage_rank"":0}"
evt-00925418,sess-00544076,page_view,2024-02-11 18:15:18.789346677,4.0.0,"{""stage_rank"":0}"
evt-01406371,sess-00826428,page_view,2025-04-05 19:08:00.631336094,,"{""stage_rank"":0}"
evt-01136138,sess-00667773,page_view,2026-06-22 21:29:47.853793327,4.4.0,"{""stage_rank"":0}"
evt-00006691,sess-00004002,add_to_cart,2023-08-25 23:16:04.861270664,3.8.0,"{""stage_rank"":1}"
evt-01399076,sess-00822168,add_to_cart,2023-03-15 16:50:57.086072651,3.8.0,"{""stage_rank"":1}"
evt-00783370,sess-00460401,page_view,2023-08-26 22:17:47.753205582,,"{""stage_rank"":0}"
evt-00484383,sess-00284772,page_view,2026-04-10 20:37:45.905826012,,"{""stage_rank"":0}"
evt-00636379,sess-00373903,page_view,2023-02-03 21:54:24.892806971,3.8.0,"{""stage_rank"":0}"
evt-00182925,sess-00107425,page_view,2025-08-31 01:47:18.537133540,,"{""stage_rank"":0}"
evt-00012363,sess-00007320,purchase,2024-01-21 18:10:11.021123176,3.8.0,"{""stage_rank"":3}"
evt-01047076,sess-00615521,page_view,2023-02-20 17:46:28.556028844,3.8.0,"{""stage_rank"":0}"
evt-00870696,sess-00511761,checkout,2026-04-05 21:01:10.920975803,4.4.0,"{""stage_rank"":2}"
evt-00310408,sess-00182340,add_to_cart,2025-04-22 06:35:44.132914782,4.3.0,"{""stage_rank"":1}"
evt-00346984,sess-00203896,page_view,2025-05-16 22:03:43.723864255,4.3.0,"{""stage_rank"":0}"
evt-01042715,sess-00612945,page_view,2025-10-15 17:41:42.387952614,,"{""stage_rank"":0}"
evt-01167786,sess-00686388,add_to_cart,2024-08-12 17:55:49.064184367,4.1.0,"{""stage_rank"":1}"
evt-00769698,sess-00452381,page_view,2023-06-11 18:42:55.274751786,,"{""stage_rank"":0}"
evt-01320152,sess-00775861,page_view,2023-03-06 20:02:21.908277121,3.8.0,"{""stage_rank"":0}"
evt-01675482,sess-00984554,page_view,2025-10-23 14:25:58.478738581,4.4.0,"{""stage_rank"":0}"
evt-01295793,sess-00761574,page_view,2024-12-25 21:15:43.023408434,4.2.0,"{""stage_rank"":0}"
evt-01146616,sess-00673944,add_to_cart,2025-10-26 16:31:48.870156728,4.4.0,"{""stage_rank"":1}"
evt-00947757,sess-00557282,page_view,2024-04-07 16:40:06.020609098,,"{""stage_rank"":0}"
evt-01656867,sess-00973738,page_view,2026-05-02 19:26:35.027301039,4.4.0,"{""stage_rank"":0}"
evt-00189434,sess-00111244,page_view,2025-11-12 17:49:55.331681586,,"{""stage_rank"":0}"
evt-01184973,sess-00696473,checkout,2023-02-13 16:57:39.935528734,,"{""stage_rank"":2}"
evt-01287907,sess-00756938,page_view,2023-08-11 16:06:28.518459012,3.8.0,"{""stage_rank"":0}"
evt-00754526,sess-00443459,add_to_cart,2026-05-08 15:24:48.841867039,4.4.0,"{""stage_rank"":1}"
evt-00610673,sess-00358776,page_view,2025-01-19 16:07:32.221565158,,"{""stage_rank"":0}"
evt-00131774,sess-00077298,page_view,2023-03-19 16:53:49.266055860,,"{""stage_rank"":0}"
evt-00438952,sess-00258045,checkout,2024-08-07 20:58:39.409019370,4.1.0,"{""stage_rank"":2}"
evt-01538890,sess-00904275,page_view,2026-05-06 18:05:59.496888580,,"{""stage_rank"":0}"
evt-00750914,sess-00441324,add_to_cart,2024-06-12 16:54:46.564708492,4.0.0,"{""stage_rank"":1}"
evt-01548355,sess-00909873,purchase,2024-07-28 00:37:04.093991913,,"{""stage_rank"":3}"
evt-01347734,sess-00791992,page_view,2023-03-10 21:27:41.373195609,,"{""stage_rank"":0}"
evt-01559223,sess-00916252,page_view,2024-07-17 23:04:26.396510283,4.0.0,"{""stage_rank"":0}"
evt-00450101,sess-00264593,checkout,2023-07-08 20:33:32.807886520,3.8.0,"{""stage_rank"":2}"
evt-00710962,sess-00417872,page_view,2025-08-21 17:54:40.247496114,4.4.0,"{""stage_rank"":0}"
evt-01143974,sess-00672397,add_to_cart,2026-02-28 21:52:03.413213177,,"{""stage_rank"":1}"
evt-01513196,sess-00889200,page_view,2023-05-19 19:45:44.632567090,,"{""stage_rank"":0}"
evt-00438844,sess-00257978,purchase,2025-11-07 20:46:27.560522966,,"{""stage_rank"":3}"
evt-00113931,sess-00066839,page_view,2025-08-09 20:59:30.908440673,4.4.0,"{""stage_rank"":0}"
evt-01311048,sess-00770502,add_to_cart,2024-10-26 19:07:17.244157452,4.1.0,"{""stage_rank"":1}"
evt-01427792,sess-00839063,page_view,2026-04-30 16:39:44.484858534,,"{""stage_rank"":0}"
evt-00829050,sess-00487196,add_to_cart,2025-08-02 14:14:22.553621519,,"{""stage_rank"":1}"
evt-01073565,sess-00631062,page_view,2025-01-19 15:09:44.837035844,,"{""stage_rank"":0}"
evt-01612063,sess-00947316,page_view,2023-02-20 19:41:27.445960712,3.8.0,"{""stage_rank"":0}"
evt-00525536,sess-00308830,add_to_cart,2023-09-07 18:02:09.511001033,3.8.0,"{""stage_rank"":1}"
evt-00174145,sess-00102252,page_view,2025-03-30 01:03:37.066581817,,"{""stage_rank"":0}"
evt-00767792,sess-00451257,page_view,2023-02-16 20:24:51.057234007,3.8.0,"{""stage_rank"":0}"
evt-00174090,sess-00102222,page_view,2023-03-15 21:41:38.210475162,3.8.0,"{""stage_rank"":0}"
evt-00410252,sess-00241199,add_to_cart,2024-08-03 18:43:58.320707059,4.1.0,"{""stage_rank"":1}"
evt-00144083,sess-00084594,page_view,2025-03-19 11:30:09.721684632,,"{""stage_rank"":0}"
evt-01478547,sess-00868792,page_view,2026-03-31 16:07:17.238690665,,"{""stage_rank"":0}"
evt-01262043,sess-00741724,page_view,2023-08-19 21:37:22.396386814,,"{""stage_rank"":0}"
evt-00923493,sess-00542915,page_view,2023-08-03 19:52:47.907732521,3.8.0,"{""stage_rank"":0}"
evt-00626593,sess-00368103,page_view,2024-08-17 19:08:43.903982422,4.1.0,"{""stage_rank"":0}"
evt-00342631,sess-00201358,page_view,2023-11-07 21:38:12.060809264,3.8.0,"{""stage_rank"":0}"
evt-00331181,sess-00194637,add_to_cart,2025-07-07 19:46:39.703683569,4.3.0,"{""stage_rank"":1}"
evt-01326241,sess-00779433,page_view,2025-02-27 19:48:58.644664059,4.3.0,"{""stage_rank"":0}"
evt-01384034,sess-00813244,add_to_cart,2023-02-23 20:10:57.106528008,,"{""stage_rank"":1}"
evt-01377387,sess-00809352,page_view,2024-02-16 21:25:23.422653682,4.0.0,"{""stage_rank"":0}"
evt-01378007,sess-00809708,add_to_cart,2026-03-13 16:57:48.132929886,,"{""stage_rank"":1}"
evt-00447609,sess-00263138,page_view,2026-06-02 17:22:41.036344394,4.4.0,"{""stage_rank"":0}"
evt-01624935,sess-00954977,checkout,2026-05-18 17:28:41.830319572,,"{""stage_rank"":2}"
evt-00629220,sess-00369666,add_to_cart,2024-07-09 20:08:15.002778886,,"{""stage_rank"":1}"
evt-01124860,sess-00661174,checkout,2024-02-10 12:22:50.416278348,,"{""stage_rank"":2}"
evt-00479852,sess-00282131,add_to_cart,2025-10-18 20:00:49.970787246,4.4.0,"{""stage_rank"":1}"
evt-00935729,sess-00550164,add_to_cart,2024-10-07 18:46:44.641619888,,"{""stage_rank"":1}"
evt-00714919,sess-00420162,add_to_cart,2023-12-10 20:11:30.767701263,3.8.0,"{""stage_rank"":1}"
evt-01619491,sess-00951757,add_to_cart,2025-02-10 16:41:49.517085808,,"{""stage_rank"":1}"
evt-01698929,sess-00998289,page_view,2025-06-16 15:13:36.935564950,,"{""stage_rank"":0}"
evt-00334660,sess-00196695,checkout,2026-01-16 22:51:27.691444968,,"{""stage_rank"":2}"
evt-01246064,sess-00732328,page_view,2025-11-28 21:07:25.670743930,,"{""stage_rank"":0}"
evt-01228489,sess-00721993,add_to_cart,2026-01-26 22:49:16.717505028,,"{""stage_rank"":1}"
evt-01353427,sess-00795307,add_to_cart,2025-04-25 17:01:21.022485923,,"{""stage_rank"":1}"
evt-00389611,sess-00229007,add_to_cart,2025-06-14 17:55:57.284792071,,"{""stage_rank"":1}"
evt-00435138,sess-00255802,add_to_cart,2024-12-09 23:34:08.028225271,,"{""stage_rank"":1}"
evt-00758077,sess-00445545,checkout,2024-05-30 17:20:39.729994753,,"{""stage_rank"":2}"
evt-01138756,sess-00669305,page_view,2025-05-07 16:41:44.870231731,4.3.0,"{""stage_rank"":0}"
evt-01532046,sess-00900281,page_view,2025-03-04 18:51:51.900145946,,"{""stage_rank"":0}"
evt-01121619,sess-00659238,page_view,2023-09-27 21:35:16.452095614,,"{""stage_rank"":0}"
evt-00821081,sess-00482530,page_view,2024-06-30 22:09:58.733349850,4.0.0,"{""stage_rank"":0}"
evt-00311544,sess-00183031,add_to_cart,2023-06-19 03:39:07.016108034,3.8.0,"{""stage_rank"":1}"
evt-01273817,sess-00748628,add_to_cart,2023-05-03 22:05:04.368398430,,"{""stage_rank"":1}"
evt-00552799,sess-00324740,purchase,2024-02-21 00:58:55.842858989,,"{""stage_rank"":3}"
evt-00377700,sess-00222014,page_view,2025-05-17 18:25:40.137693814,4.3.0,"{""stage_rank"":0}"
evt-00005667,sess-00003396,add_to_cart,2023-04-24 16:43:23.189562868,3.8.0,"{""stage_rank"":1}"
evt-00071980,sess-00042288,page_view,2025-11-12 21:03:30.766572115,,"{""stage_rank"":0}"
evt-01056100,sess-00620845,page_view,2024-09-19 17:39:53.390567933,4.1.0,"{""stage_rank"":0}"
evt-00270375,sess-00158896,page_view,2024-12-31 21:16:23.946461955,,"{""stage_rank"":0}"
evt-01074417,sess-00631568,add_to_cart,2023-02-19 02:08:51.566233459,,"{""stage_rank"":1}"
evt-00946403,sess-00556499,page_view,2023-07-30 23:41:06.712758782,,"{""stage_rank"":0}"
evt-00109452,sess-00064247,add_to_cart,2026-06-29 18:23:14.010541065,,"{""stage_rank"":1}"
evt-00421500,sess-00247808,purchase,2025-05-02 02:07:00.511149400,,"{""stage_rank"":3}"
evt-01407989,sess-00827393,page_view,2024-02-13 23:52:03.755282683,4.0.0,"{""stage_rank"":0}"
evt-00815335,sess-00479178,page_view,2025-03-08 23:33:37.622656672,4.3.0,"{""stage_rank"":0}"
evt-00361043,sess-00212147,page_view,2024-08-17 02:42:18.380964559,,"{""stage_rank"":0}"
evt-00512745,sess-00301362,page_view,2025-12-28 21:11:45.459522578,4.4.0,"{""stage_rank"":0}"
evt-00216892,sess-00127390,checkout,2023-01-17 22:29:01.244066346,3.8.0,"{""stage_rank"":2}"
evt-00925715,sess-00544247,checkout,2024-12-12 23:11:48.812296131,4.2.0,"{""stage_rank"":2}"
evt-00189260,sess-00111137,page_view,2023-09-24 01:34:33.360951960,,"{""stage_rank"":0}"
evt-00227187,sess-00133488,page_view,2024-03-29 14:54:05.377801734,4.0.0,"{""stage_rank"":0}"
evt-01113836,sess-00654734,checkout,2023-08-09 19:06:37.483986081,,"{""stage_rank"":2}"
evt-01648919,sess-00969079,add_to_cart,2023-06-26 20:09:31.133744000,3.8.0,"{""stage_rank"":1}"
evt-01283809,sess-00754509,page_view,2025-05-28 18:53:27.939717802,4.3.0,"{""stage_rank"":0}"
evt-00565247,sess-00332080,page_view,2026-01-24 01:58:20.545814919,4.4.0,"{""stage_rank"":0}"
evt-00821406,sess-00482733,page_view,2026-03-22 21:14:47.964339453,,"{""stage_rank"":0}"
evt-00964410,sess-00567118,add_to_cart,2023-07-15 18:37:50.798841053,,"{""stage_rank"":1}"
evt-00526542,sess-00309420,add_to_cart,2024-07-27 23:41:16.164596652,4.0.0,"{""stage_rank"":1}"
evt-00514944,sess-00302642,page_view,2024-12-28 19:02:23.044261660,4.2.0,"{""stage_rank"":0}"
evt-00011860,sess-00007031,page_view,2023-04-15 14:04:27.554887310,3.8.0,"{""stage_rank"":0}"
evt-01082851,sess-00636510,add_to_cart,2024-06-16 22:30:09.349350114,,"{""stage_rank"":1}"
evt-00039415,sess-00023154,page_view,2023-04-30 20:11:01.188023349,,"{""stage_rank"":0}"
evt-00420377,sess-00247155,add_to_cart,2025-10-07 23:08:05.187000959,,"{""stage_rank"":1}"
evt-00483874,sess-00284467,page_view,2023-04-11 02:23:42.755650613,3.8.0,"{""stage_rank"":0}"
evt-00946477,sess-00556545,add_to_cart,2023-12-27 21:47:00.350729112,,"{""stage_rank"":1}"
evt-00640964,sess-00376636,page_view,2025-09-29 20:53:03.535044513,4.4.0,"{""stage_rank"":0}"
evt-00300153,sess-00176304,add_to_cart,2025-08-04 22:08:20.851744700,4.4.0,"{""stage_rank"":1}"
evt-01375768,sess-00808388,page_view,2023-12-21 19:15:36.547662136,3.8.0,"{""stage_rank"":0}"
evt-00723814,sess-00425393,add_to_cart,2025-02-22 19:11:44.332232135,,"{""stage_rank"":1}"
evt-00229038,sess-00134585,add_to_cart,2024-06-14 20:57:37.921859965,,"{""stage_rank"":1}"
evt-01086244,sess-00638524,page_view,2025-04-26 09:57:32.694377914,,"{""stage_rank"":0}"
evt-01407207,sess-00826926,checkout,2025-07-03 15:29:12.169043532,4.3.0,"{""stage_rank"":2}"
evt-00135369,sess-00079395,page_view,2024-10-24 18:44:03.771734487,,"{""stage_rank"":0}"
evt-00819325,sess-00481513,page_view,2025-12-16 19:31:47.620367927,4.4.0,"{""stage_rank"":0}"
evt-00327137,sess-00192258,page_view,2026-05-25 21:19:12.819957551,4.4.0,"{""stage_rank"":0}"
evt-00447117,sess-00262850,checkout,2026-05-29 15:49:36.190283105,,"{""stage_rank"":2}"
evt-00856165,sess-00503242,checkout,2024-07-06 23:55:09.390846663,4.0.0,"{""stage_rank"":2}"
evt-01193518,sess-00701492,page_view,2026-06-19 18:18:44.921210386,4.4.0,"{""stage_rank"":0}"
evt-00985251,sess-00579417,add_to_cart,2026-05-24 18:59:23.778193325,,"{""stage_rank"":1}"
evt-00181147,sess-00106359,page_view,2025-07-19 18:14:42.005290845,,"{""stage_rank"":0}"
evt-01471782,sess-00864804,page_view,2025-02-28 20:47:39.396951943,,"{""stage_rank"":0}"
evt-00191729,sess-00112592,page_view,2024-01-13 22:12:22.259519594,3.8.0,"{""stage_rank"":0}"
evt-00651936,sess-00383182,add_to_cart,2024-11-20 19:46:45.279415429,4.2.0,"{""stage_rank"":1}"
evt-01359205,sess-00798711,add_to_cart,2026-02-09 20:22:23.672950542,4.4.0,"{""stage_rank"":1}"
evt-00854610,sess-00502348,add_to_cart,2024-05-29 17:41:56.434386339,,"{""stage_rank"":1}"
evt-00082696,sess-00048589,page_view,2026-01-20 16:33:51.491673717,,"{""stage_rank"":0}"
evt-00856143,sess-00503232,page_view,2023-05-19 19:34:33.911043749,,"{""stage_rank"":0}"
evt-00927680,sess-00545414,add_to_cart,2024-10-28 21:16:01.702344515,,"{""stage_rank"":1}"
evt-00032483,sess-00019077,checkout,2024-11-25 19:04:22.984586927,,"{""stage_rank"":2}"
evt-01348633,sess-00792513,add_to_cart,2023-08-28 22:52:48.700517327,3.8.0,"{""stage_rank"":1}"
evt-00359193,sess-00211058,add_to_cart,2024-09-11 01:29:22.409075333,4.1.0,"{""stage_rank"":1}"
evt-01259141,sess-00740059,checkout,2024-10-01 13:29:20.897428935,,"{""stage_rank"":2}"
evt-01257911,sess-00739334,page_view,2025-09-10 23:53:33.241244966,4.4.0,"{""stage_rank"":0}"
evt-00693313,sess-00407510,page_view,2023-11-11 02:16:56.525141353,,"{""stage_rank"":0}"
evt-00737478,sess-00433446,page_view,2024-02-08 02:42:13.456499664,4.0.0,"{""stage_rank"":0}"
evt-00518726,sess-00304890,add_to_cart,2025-04-23 01:30:29.110851107,4.3.0,"{""stage_rank"":1}"
evt-00098643,sess-00057905,page_view,2023-10-12 17:44:48.721907116,3.8.0,"{""stage_rank"":0}"
evt-00095458,sess-00056048,page_view,2025-03-05 20:38:05.273012474,4.3.0,"{""stage_rank"":0}"
evt-01399606,sess-00822463,page_view,2023-05-13 21:40:18.849741848,,"{""stage_rank"":0}"
evt-00709864,sess-00417248,page_view,2024-10-09 19:19:51.259476280,,"{""stage_rank"":0}"
evt-01576376,sess-00926281,page_view,2023-06-05 22:11:45.683777261,3.8.0,"{""stage_rank"":0}"
evt-01701054,sess-00999540,checkout,2024-07-08 17:54:57.527244009,4.0.0,"{""stage_rank"":2}"
evt-00532475,sess-00312893,add_to_cart,2023-10-13 00:26:19.379013899,3.8.0,"{""stage_rank"":1}"
evt-01559637,sess-00916487,add_to_cart,2024-02-28 20:54:10.590182734,4.0.0,"{""stage_rank"":1}"
evt-01355204,sess-00796364,page_view,2026-01-20 23:41:38.134239776,,"{""stage_rank"":0}"
evt-00272054,sess-00159883,add_to_cart,2023-07-27 20:01:25.655553933,,"{""stage_rank"":1}"
evt-00156119,sess-00091656,page_view,2023-08-17 15:43:22.646374451,3.8.0,"{""stage_rank"":0}"
evt-00269853,sess-00158593,page_view,2023-02-14 15:46:41.495334700,3.8.0,"{""stage_rank"":0}"
evt-01196977,sess-00703497,add_to_cart,2026-02-24 19:49:46.567562455,,"{""stage_rank"":1}"
evt-01111851,sess-00653567,add_to_cart,2023-05-20 18:39:36.393407325,3.8.0,"{""stage_rank"":1}"
evt-01156790,sess-00679953,page_view,2025-08-29 20:29:00.099600903,,"{""stage_rank"":0}"
evt-00992848,sess-00583849,add_to_cart,2023-03-06 11:58:17.642845058,,"{""stage_rank"":1}"
evt-00494205,sess-00290571,page_view,2024-01-10 19:37:15.022271114,,"{""stage_rank"":0}"
evt-01280482,sess-00752529,page_view,2025-07-27 14:50:09.054887125,4.3.0,"{""stage_rank"":0}"
evt-00456738,sess-00268548,page_view,2026-05-02 21:48:45.581963497,,"{""stage_rank"":0}"
evt-00389600,sess-00229001,page_view,2023-05-12 17:56:36.541640493,3.8.0,"{""stage_rank"":0}"
evt-01136664,sess-00668075,add_to_cart,2025-06-20 13:39:12.584141632,,"{""stage_rank"":1}"
evt-00252990,sess-00148688,checkout,2026-01-25 00:31:40.698143583,,"{""stage_rank"":2}"
evt-00391007,sess-00229842,add_to_cart,2023-12-19 21:03:17.483454626,,"{""stage_rank"":1}"
evt-00432174,sess-00254037,page_view,2023-08-16 16:08:12.674955738,3.8.0,"{""stage_rank"":0}"
evt-01172367,sess-00689098,add_to_cart,2025-08-05 23:18:07.933344792,4.4.0,"{""stage_rank"":1}"
evt-00618381,sess-00363271,add_to_cart,2025-12-16 18:13:19.442080024,4.4.0,"{""stage_rank"":1}"
evt-00308707,sess-00181310,page_view,2023-11-11 22:33:23.100706284,3.8.0,"{""stage_rank"":0}"
evt-00959605,sess-00564237,page_view,2024-07-08 19:00:52.483848881,4.0.0,"{""stage_rank"":0}"
evt-00555492,sess-00326326,page_view,2023-12-05 22:14:35.853001125,,"{""stage_rank"":0}"
evt-00808406,sess-00475092,add_to_cart,2025-07-25 20:49:17.009788178,,"{""stage_rank"":1}"
evt-00810607,sess-00476389,add_to_cart,2026-05-06 15:53:55.523948782,,"{""stage_rank"":1}"
evt-01086286,sess-00638547,page_view,2025-01-09 20:59:00.130634406,,"{""stage_rank"":0}"
evt-00844078,sess-00496146,checkout,2025-05-29 13:41:34.568005687,,"{""stage_rank"":2}"
evt-00561746,sess-00330034,checkout,2025-09-10 23:24:44.715402581,,"{""stage_rank"":2}"
evt-01023082,sess-00601448,page_view,2023-02-16 22:02:40.813174058,,"{""stage_rank"":0}"
evt-01457785,sess-00856579,page_view,2024-04-17 16:43:50.815838908,4.0.0,"{""stage_rank"":0}"
evt-01659390,sess-00975181,page_view,2025-08-24 17:34:28.239592198,,"{""stage_rank"":0}"
evt-00591840,sess-00347752,page_view,2025-10-07 22:52:51.964018314,4.4.0,"{""stage_rank"":0}"
evt-01347996,sess-00792141,page_view,2023-08-27 00:10:35.895891359,,"{""stage_rank"":0}"
evt-00717523,sess-00421672,checkout,2026-05-31 22:53:15.392813170,4.4.0,"{""stage_rank"":2}"
evt-00404228,sess-00237618,page_view,2025-01-07 16:22:07.110204859,,"{""stage_rank"":0}"
evt-00848442,sess-00498709,page_view,2023-07-23 21:53:54.913436301,,"{""stage_rank"":0}"
evt-00474513,sess-00278985,add_to_cart,2023-09-21 21:20:31.282061841,,"{""stage_rank"":1}"
evt-00153434,sess-00090073,page_view,2025-03-08 20:39:53.337466707,,"{""stage_rank"":0}"
evt-01064393,sess-00625666,add_to_cart,2026-01-24 22:15:17.634169432,4.4.0,"{""stage_rank"":1}"
evt-00835432,sess-00491035,page_view,2023-12-14 19:35:12.725248856,3.8.0,"{""stage_rank"":0}"
evt-01675780,sess-00984718,checkout,2026-01-23 20:18:25.079486680,,"{""stage_rank"":2}"
evt-01207841,sess-00709834,add_to_cart,2024-04-30 18:55:41.209668623,,"{""stage_rank"":1}"
evt-00292616,sess-00171908,checkout,2023-06-05 20:59:18.494191022,,"{""stage_rank"":2}"
evt-00224340,sess-00131818,page_view,2024-11-28 19:13:18.294124698,4.2.0,"{""stage_rank"":0}"
evt-00636018,sess-00373691,page_view,2026-02-07 20:19:38.362448988,,"{""stage_rank"":0}"
evt-00421236,sess-00247650,add_to_cart,2025-12-21 20:09:27.658208358,4.4.0,"{""stage_rank"":1}"
evt-00557672,sess-00327590,page_view,2023-02-18 20:26:57.445717630,,"{""stage_rank"":0}"
evt-01509446,sess-00886977,page_view,2024-01-12 03:56:09.070493971,,"{""stage_rank"":0}"
evt-01419124,sess-00833936,page_view,2024-12-19 22:25:00.685131100,4.2.0,"{""stage_rank"":0}"
evt-00530688,sess-00311827,add_to_cart,2024-09-18 18:13:05.756774634,,"{""stage_rank"":1}"
evt-00350965,sess-00206223,page_view,2023-07-22 21:13:12.656287232,,"{""stage_rank"":0}"
evt-01524386,sess-00895756,page_view,2024-06-09 16:11:35.146281694,4.0.0,"{""stage_rank"":0}"
evt-01273663,sess-00748536,page_view,2024-01-19 16:04:22.537089644,,"{""stage_rank"":0}"
evt-00022225,sess-00013120,page_view,2024-07-30 19:44:53.485894527,,"{""stage_rank"":0}"
evt-01056708,sess-00621200,page_view,2024-01-12 20:35:48.163808263,,"{""stage_rank"":0}"
evt-01015425,sess-00596948,page_view,2023-01-22 16:01:43.832348546,3.8.0,"{""stage_rank"":0}"
evt-00707018,sess-00415579,page_view,2025-07-25 22:33:59.360629376,,"{""stage_rank"":0}"
evt-00042627,sess-00025013,page_view,2023-04-24 12:49:07.939546333,,"{""stage_rank"":0}"
evt-00356451,sess-00209454,add_to_cart,2023-08-18 15:24:06.828480878,,"{""stage_rank"":1}"
evt-01210165,sess-00711182,add_to_cart,2023-11-12 14:29:54.651311812,,"{""stage_rank"":1}"
evt-00615155,sess-00361381,page_view,2025-02-03 19:02:49.600508844,,"{""stage_rank"":0}"
evt-01086427,sess-00638625,page_view,2023-08-25 17:46:29.378872400,,"{""stage_rank"":0}"
evt-01077829,sess-00633588,add_to_cart,2023-07-19 23:24:28.610003687,3.8.0,"{""stage_rank"":1}"
evt-00352515,sess-00207136,checkout,2023-08-13 16:46:23.362267190,,"{""stage_rank"":2}"
evt-00920769,sess-00541279,checkout,2023-04-22 16:40:48.474329975,3.8.0,"{""stage_rank"":2}"
evt-01433266,sess-00842216,page_view,2026-03-22 19:22:02.214768554,4.4.0,"{""stage_rank"":0}"
evt-01129690,sess-00664019,add_to_cart,2024-12-28 19:01:04.192489263,,"{""stage_rank"":1}"
evt-00053747,sess-00031528,page_view,2026-05-24 21:40:05.538176479,,"{""stage_rank"":0}"
evt-00923705,sess-00543042,checkout,2024-07-01 20:06:43.195753757,,"{""stage_rank"":2}"
evt-00937423,sess-00551172,add_to_cart,2025-12-29 21:58:49.039442308,4.4.0,"{""stage_rank"":1}"
evt-00939524,sess-00552418,add_to_cart,2025-01-25 01:10:44.471657563,4.2.0,"{""stage_rank"":1}"
evt-00174156,sess-00102259,page_view,2025-10-21 14:43:02.175335759,,"{""stage_rank"":0}"
evt-00808348,sess-00475053,page_view,2024-01-19 16:34:42.168179171,,"{""stage_rank"":0}"
evt-00170329,sess-00100007,page_view,2023-08-19 17:26:17.755237587,3.8.0,"{""stage_rank"":0}"
evt-00042647,sess-00025027,page_view,2023-12-23 16:14:50.414339705,,"{""stage_rank"":0}"
evt-00036718,sess-00021543,page_view,2026-02-20 04:15:56.486330503,4.4.0,"{""stage_rank"":0}"
evt-01556466,sess-00914624,page_view,2024-01-17 19:07:45.442566874,3.8.0,"{""stage_rank"":0}"
evt-00438537,sess-00257810,page_view,2023-06-17 00:10:59.974677577,,"{""stage_rank"":0}"
evt-01597189,sess-00938571,page_view,2024-08-09 02:09:36.261019669,,"{""stage_rank"":0}"
evt-00594550,sess-00349310,checkout,2025-07-15 11:49:30.294577795,4.3.0,"{""stage_rank"":2}"
evt-00065122,sess-00038225,purchase,2024-08-02 21:43:58.279444200,4.1.0,"{""stage_rank"":3}"
evt-01004538,sess-00590621,add_to_cart,2024-06-20 20:22:52.535745075,,"{""stage_rank"":1}"
evt-01340316,sess-00787614,page_view,2023-03-16 03:02:04.700202536,,"{""stage_rank"":0}"
evt-00928378,sess-00545835,page_view,2023-11-28 22:03:20.464572495,,"{""stage_rank"":0}"
evt-01508771,sess-00886573,add_to_cart,2023-08-01 23:15:49.148393834,3.8.0,"{""stage_rank"":1}"
evt-00849925,sess-00499569,page_view,2024-11-30 18:23:32.139831946,,"{""stage_rank"":0}"
evt-01314648,sess-00772606,page_view,2025-12-08 18:03:35.189715334,,"{""stage_rank"":0}"
evt-00773794,sess-00454789,add_to_cart,2023-08-08 01:06:02.061125106,,"{""stage_rank"":1}"
evt-00600588,sess-00352863,add_to_cart,2025-12-31 19:40:26.447921377,,"{""stage_rank"":1}"
evt-00166872,sess-00097954,page_view,2024-11-05 15:45:34.442536064,,"{""stage_rank"":0}"
evt-00327497,sess-00192468,add_to_cart,2024-02-03 14:36:20.981478153,4.0.0,"{""stage_rank"":1}"
evt-01102143,sess-00647895,page_view,2025-02-17 00:19:09.090750187,4.3.0,"{""stage_rank"":0}"
evt-01356263,sess-00796998,page_view,2026-04-29 22:41:46.299421048,,"{""stage_rank"":0}"
evt-00351877,sess-00206757,page_view,2025-11-14 11:25:00.933943057,4.4.0,"{""stage_rank"":0}"
evt-00047162,sess-00027632,add_to_cart,2024-07-18 14:37:59.388394977,4.0.0,"{""stage_rank"":1}"
evt-00631445,sess-00370971,add_to_cart,2025-01-08 03:13:16.896546457,4.2.0,"{""stage_rank"":1}"
evt-00584023,sess-00343121,page_view,2025-07-05 00:19:39.550935757,,"{""stage_rank"":0}"
evt-00062688,sess-00036815,page_view,2024-07-03 15:55:49.667093082,,"{""stage_rank"":0}"
evt-01204164,sess-00707696,checkout,2025-07-25 20:31:40.798182933,,"{""stage_rank"":2}"
evt-00696458,sess-00409360,page_view,2023-09-15 23:01:33.277096801,,"{""stage_rank"":0}"
evt-00370653,sess-00217861,add_to_cart,2026-01-15 04:01:19.906474596,,"{""stage_rank"":1}"
evt-00390094,sess-00229294,page_view,2024-04-12 14:28:38.307163142,,"{""stage_rank"":0}"
evt-00447932,sess-00263324,add_to_cart,2024-12-27 16:42:51.680953896,,"{""stage_rank"":1}"
evt-01179942,sess-00693518,page_view,2025-09-02 18:16:47.694489026,4.4.0,"{""stage_rank"":0}"
evt-00598211,sess-00351467,add_to_cart,2024-02-25 15:30:40.878328401,4.0.0,"{""stage_rank"":1}"
evt-00704403,sess-00414036,checkout,2024-02-18 17:30:49.607066006,4.0.0,"{""stage_rank"":2}"
evt-00077467,sess-00045546,checkout,2026-04-30 20:19:23.606074747,,"{""stage_rank"":2}"
evt-00986817,sess-00580337,add_to_cart,2024-08-17 18:58:09.430975257,4.1.0,"{""stage_rank"":1}"
evt-01445102,sess-00849177,page_view,2025-10-01 18:15:50.344119027,,"{""stage_rank"":0}"
evt-00928712,sess-00546031,add_to_cart,2024-02-05 09:49:22.080421566,,"{""stage_rank"":1}"
evt-00678955,sess-00399037,page_view,2025-02-08 19:14:49.667112235,4.3.0,"{""stage_rank"":0}"
evt-01333141,sess-00783428,add_to_cart,2024-11-15 21:45:15.852651646,,"{""stage_rank"":1}"
evt-01339705,sess-00787253,page_view,2023-08-22 22:21:05.106580744,3.8.0,"{""stage_rank"":0}"
evt-00474320,sess-00278869,add_to_cart,2025-07-26 20:49:49.803735622,4.3.0,"{""stage_rank"":1}"
evt-00963841,sess-00566773,page_view,2026-02-09 00:39:07.980391188,4.4.0,"{""stage_rank"":0}"
evt-01004332,sess-00590503,purchase,2026-06-08 15:30:29.381113200,,"{""stage_rank"":3}"
evt-00598026,sess-00351357,page_view,2024-08-01 05:34:34.190638800,,"{""stage_rank"":0}"
evt-00476466,sess-00280140,page_view,2024-06-16 15:02:33.610331168,,"{""stage_rank"":0}"
evt-01640395,sess-00964102,page_view,2023-05-31 19:16:33.008844516,,"{""stage_rank"":0}"
evt-00843752,sess-00495947,page_view,2024-07-25 22:21:47.573211402,4.0.0,"{""stage_rank"":0}"
evt-00979377,sess-00575950,page_view,2025-05-21 19:29:02.301430410,,"{""stage_rank"":0}"
evt-01461106,sess-00858529,add_to_cart,2026-03-20 19:36:48.459323526,4.4.0,"{""stage_rank"":1}"
evt-00762111,sess-00447927,page_view,2024-11-12 03:35:01.345395873,4.2.0,"{""stage_rank"":0}"
evt-00047204,sess-00027661,page_view,2023-01-18 22:31:28.197331875,,"{""stage_rank"":0}"
evt-00287626,sess-00168975,page_view,2023-08-15 23:52:07.948720037,3.8.0,"{""stage_rank"":0}"
evt-00264020,sess-00155180,page_view,2024-05-11 11:49:53.114171169,4.0.0,"{""stage_rank"":0}"
evt-01300578,sess-00764407,add_to_cart,2024-03-29 13:51:52.324202130,4.0.0,"{""stage_rank"":1}"
evt-00445716,sess-00262001,page_view,2024-06-22 19:37:18.311553818,4.0.0,"{""stage_rank"":0}"
evt-00149133,sess-00087542,page_view,2025-05-26 17:45:11.790203795,,"{""stage_rank"":0}"
evt-00959206,sess-00564012,add_to_cart,2023-07-07 17:41:39.708448074,,"{""stage_rank"":1}"
evt-00440662,sess-00259033,add_to_cart,2024-02-05 16:57:25.350102441,4.0.0,"{""stage_rank"":1}"
evt-01535935,sess-00902557,page_view,2024-07-04 23:22:42.255148295,,"{""stage_rank"":0}"
evt-01446383,sess-00849939,add_to_cart,2026-02-07 17:59:17.977152339,4.4.0,"{""stage_rank"":1}"
evt-01062145,sess-00624367,page_view,2026-01-30 19:34:11.247320354,,"{""stage_rank"":0}"
evt-01392809,sess-00818412,add_to_cart,2025-02-10 14:45:31.650744717,4.3.0,"{""stage_rank"":1}"
evt-00305796,sess-00179593,page_view,2024-03-20 03:51:35.085453359,,"{""stage_rank"":0}"
evt-00900553,sess-00529386,page_view,2023-02-18 11:04:31.869653704,,"{""stage_rank"":0}"
evt-00322795,sess-00189690,add_to_cart,2025-02-24 16:25:26.934815956,,"{""stage_rank"":1}"
evt-00210383,sess-00123572,add_to_cart,2025-06-05 01:52:08.444898729,4.3.0,"{""stage_rank"":1}"
evt-00011109,sess-00006587,checkout,2026-01-14 21:24:24.824598227,,"{""stage_rank"":2}"
evt-01359921,sess-00799127,add_to_cart,2023-12-15 15:19:39.945913425,3.8.0,"{""stage_rank"":1}"
evt-01293361,sess-00760166,page_view,2023-08-30 20:04:31.414761793,3.8.0,"{""stage_rank"":0}"
evt-00353553,sess-00207753,page_view,2023-04-22 17:05:59.029937243,,"{""stage_rank"":0}"
evt-01123817,sess-00660556,page_view,2024-02-06 01:03:26.672274934,,"{""stage_rank"":0}"
evt-01554827,sess-00913680,add_to_cart,2024-08-16 20:29:53.139580737,,"{""stage_rank"":1}"
evt-01315745,sess-00773239,page_view,2026-05-25 19:02:05.062200712,,"{""stage_rank"":0}"
evt-00756725,sess-00444745,page_view,2023-07-18 00:39:00.269060554,3.8.0,"{""stage_rank"":0}"
evt-01002311,sess-00589305,add_to_cart,2023-03-22 23:37:46.778775674,3.8.0,"{""stage_rank"":1}"
evt-00397236,sess-00233497,checkout,2026-01-14 19:56:27.218237619,4.4.0,"{""stage_rank"":2}"
evt-00802701,sess-00471768,page_view,2025-03-23 06:09:09.429817840,4.3.0,"{""stage_rank"":0}"
evt-01159476,sess-00681531,page_view,2024-02-23 01:20:56.665920707,,"{""stage_rank"":0}"
evt-00416433,sess-00244856,page_view,2024-09-17 21:08:49.313074438,4.1.0,"{""stage_rank"":0}"
evt-00443928,sess-00260957,add_to_cart,2026-04-04 14:33:47.178391844,,"{""stage_rank"":1}"
evt-01233083,sess-00724698,page_view,2025-09-26 20:20:51.974673759,4.4.0,"{""stage_rank"":0}"
evt-00231467,sess-00136033,add_to_cart,2024-02-25 19:27:49.224033337,,"{""stage_rank"":1}"
evt-01502381,sess-00882776,page_view,2023-04-17 01:03:20.377916872,,"{""stage_rank"":0}"
evt-00645562,sess-00379412,page_view,2024-08-20 15:46:52.406960330,,"{""stage_rank"":0}"
evt-00377280,sess-00221765,checkout,2025-07-26 23:01:34.873707074,4.3.0,"{""stage_rank"":2}"
evt-00413223,sess-00242966,add_to_cart,2026-01-25 17:50:32.003517606,,"{""stage_rank"":1}"
evt-01619232,sess-00951617,page_view,2024-05-31 21:39:58.027018129,,"{""stage_rank"":0}"
evt-01696932,sess-00997125,page_view,2023-01-14 20:41:18.703817297,3.8.0,"{""stage_rank"":0}"
evt-00808290,sess-00475021,page_view,2025-06-16 14:45:44.924142784,4.3.0,"{""stage_rank"":0}"
evt-00089917,sess-00052840,page_view,2025-06-02 02:17:26.569532246,4.3.0,"{""stage_rank"":0}"
evt-00386374,sess-00227093,page_view,2025-12-11 15:58:04.448810289,4.4.0,"{""stage_rank"":0}"
evt-00351362,sess-00206453,page_view,2024-01-21 22:42:05.010911832,3.8.0,"{""stage_rank"":0}"
evt-00646794,sess-00380151,checkout,2024-09-09 23:15:53.527029443,,"{""stage_rank"":2}"
evt-01302641,sess-00765636,checkout,2023-08-10 17:15:45.967682125,,"{""stage_rank"":2}"
evt-01446975,sess-00850289,add_to_cart,2024-03-22 13:14:19.745799767,4.0.0,"{""stage_rank"":1}"
evt-00852288,sess-00500989,page_view,2023-12-04 10:29:07.095146082,,"{""stage_rank"":0}"
evt-00418787,sess-00246259,page_view,2023-07-16 20:12:26.108848327,3.8.0,"{""stage_rank"":0}"
evt-00490001,sess-00288089,page_view,2023-07-03 22:22:19.281988355,3.8.0,"{""stage_rank"":0}"
evt-01018798,sess-00598950,page_view,2023-08-08 21:39:59.166496072,3.8.0,"{""stage_rank"":0}"
evt-01064546,sess-00625752,page_view,2025-08-15 18:14:17.131751890,4.4.0,"{""stage_rank"":0}"
evt-01032020,sess-00606677,page_view,2025-07-22 20:33:12.072712104,,"{""stage_rank"":0}"
evt-00107513,sess-00063103,page_view,2023-07-31 19:38:59.607895131,,"{""stage_rank"":0}"
evt-01345181,sess-00790478,page_view,2023-01-26 19:26:06.318020040,3.8.0,"{""stage_rank"":0}"
evt-00166974,sess-00098018,page_view,2025-06-29 21:06:08.092961677,4.3.0,"{""stage_rank"":0}"
evt-01307559,sess-00768441,add_to_cart,2023-07-31 21:16:39.131513319,,"{""stage_rank"":1}"
evt-00888862,sess-00522435,page_view,2024-05-06 22:29:28.723140658,4.0.0,"{""stage_rank"":0}"
evt-00680649,sess-00400025,page_view,2023-02-13 23:00:06.040372145,3.8.0,"{""stage_rank"":0}"
evt-00147088,sess-00086350,page_view,2025-02-04 14:53:06.493110460,,"{""stage_rank"":0}"
evt-00450980,sess-00265111,page_view,2026-01-03 22:27:16.666529352,,"{""stage_rank"":0}"
evt-00916370,sess-00538738,page_view,2024-11-01 23:06:21.759201823,,"{""stage_rank"":0}"
evt-01419153,sess-00833951,checkout,2024-10-23 20:14:09.378904492,,"{""stage_rank"":2}"
evt-00711930,sess-00418435,add_to_cart,2026-02-07 19:56:56.292553521,4.4.0,"{""stage_rank"":1}"
evt-00236174,sess-00138846,page_view,2023-02-06 21:43:01.692352229,,"{""stage_rank"":0}"
evt-00128907,sess-00075620,add_to_cart,2023-07-31 00:08:04.195718402,,"{""stage_rank"":1}"
evt-00773047,sess-00454341,page_view,2023-02-08 20:41:59.381994469,3.8.0,"{""stage_rank"":0}"
evt-00924884,sess-00543757,page_view,2025-08-25 22:05:38.846062175,,"{""stage_rank"":0}"
evt-01060601,sess-00623464,add_to_cart,2025-05-28 19:02:12.783818051,,"{""stage_rank"":1}"
evt-01499831,sess-00881244,add_to_cart,2025-09-20 18:24:49.685875819,4.4.0,"{""stage_rank"":1}"
evt-00095555,sess-00056106,page_view,2025-02-08 22:10:07.494173015,,"{""stage_rank"":0}"
evt-01416082,sess-00832158,add_to_cart,2023-01-17 20:11:21.233422798,3.8.0,"{""stage_rank"":1}"
evt-01416063,sess-00832147,page_view,2026-06-14 02:28:35.593299959,4.4.0,"{""stage_rank"":0}"
evt-00349303,sess-00205252,page_view,2023-04-27 21:17:50.819029063,3.8.0,"{""stage_rank"":0}"
evt-01291524,sess-00759071,page_view,2025-07-25 23:47:44.941373396,,"{""stage_rank"":0}"
evt-00675128,sess-00396798,add_to_cart,2023-08-02 22:40:49.959118919,3.8.0,"{""stage_rank"":1}"
evt-00231283,sess-00135922,page_view,2025-11-26 19:51:45.560816142,,"{""stage_rank"":0}"
evt-00382292,sess-00224738,page_view,2025-09-12 20:35:49.623845202,4.4.0,"{""stage_rank"":0}"
evt-00193112,sess-00113387,page_view,2026-04-09 14:03:06.201368665,,"{""stage_rank"":0}"
evt-01431338,sess-00841096,page_view,2023-03-05 20:00:54.617441258,3.8.0,"{""stage_rank"":0}"
evt-00192451,sess-00113003,page_view,2025-08-29 22:52:27.656959651,,"{""stage_rank"":0}"
evt-01435069,sess-00843273,page_view,2025-09-10 00:59:01.027884213,4.4.0,"{""stage_rank"":0}"
evt-00686257,sess-00403341,page_view,2024-12-03 23:14:41.596645191,,"{""stage_rank"":0}"
evt-00006840,sess-00004093,page_view,2024-09-01 15:44:29.350230677,4.1.0,"{""stage_rank"":0}"
evt-01603324,sess-00942152,add_to_cart,2024-05-06 01:16:43.177094720,4.0.0,"{""stage_rank"":1}"
evt-01292440,sess-00759623,page_view,2026-02-26 17:13:26.740945154,,"{""stage_rank"":0}"
evt-00790167,sess-00464409,page_view,2025-11-24 21:48:01.496122016,4.4.0,"{""stage_rank"":0}"
evt-00683515,sess-00401690,page_view,2023-03-05 22:42:33.200149318,3.8.0,"{""stage_rank"":0}"
evt-00171229,sess-00100545,page_view,2026-06-25 18:51:41.691273253,,"{""stage_rank"":0}"
evt-01632106,sess-00959181,add_to_cart,2023-02-19 22:00:29.375066302,,"{""stage_rank"":1}"
evt-00133420,sess-00078258,add_to_cart,2025-12-13 16:10:28.475460909,,"{""stage_rank"":1}"
evt-00488089,sess-00286966,add_to_cart,2023-06-28 15:06:59.236250296,3.8.0,"{""stage_rank"":1}"
evt-01119345,sess-00657902,add_to_cart,2024-08-30 14:56:47.331190602,4.1.0,"{""stage_rank"":1}"
evt-01372231,sess-00806323,checkout,2025-09-16 00:43:32.873530675,4.4.0,"{""stage_rank"":2}"
evt-00294933,sess-00173256,page_view,2025-10-04 22:20:45.924730825,4.4.0,"{""stage_rank"":0}"
evt-01577700,sess-00927071,page_view,2025-07-07 16:07:07.659911410,4.3.0,"{""stage_rank"":0}"
evt-00001812,sess-00001061,page_view,2025-02-10 17:54:51.713953079,4.3.0,"{""stage_rank"":0}"
evt-00072335,sess-00042509,page_view,2024-08-11 22:02:39.371058547,4.1.0,"{""stage_rank"":0}"
evt-00292713,sess-00171964,page_view,2026-02-09 20:52:05.881294365,4.4.0,"{""stage_rank"":0}"
evt-00158912,sess-00093304,page_view,2023-12-16 20:39:38.298381401,,"{""stage_rank"":0}"
evt-00269202,sess-00158213,page_view,2025-10-18 19:25:08.789583317,,"{""stage_rank"":0}"
evt-01243877,sess-00731035,add_to_cart,2025-12-23 22:24:59.564980355,,"{""stage_rank"":1}"
evt-00493160,sess-00289942,page_view,2023-01-27 16:58:52.073310973,,"{""stage_rank"":0}"
evt-00303228,sess-00178089,page_view,2025-12-16 16:36:50.156721706,,"{""stage_rank"":0}"
evt-01437177,sess-00844534,add_to_cart,2024-06-09 22:02:47.717316106,,"{""stage_rank"":1}"
evt-01218839,sess-00716292,add_to_cart,2023-11-18 21:45:26.682800811,3.8.0,"{""stage_rank"":1}"
evt-00326467,sess-00191862,page_view,2023-01-28 20:25:45.971196138,3.8.0,"{""stage_rank"":0}"
evt-01458352,sess-00856913,add_to_cart,2025-10-21 17:48:26.657045407,4.4.0,"{""stage_rank"":1}"
evt-01677655,sess-00985828,page_view,2024-04-21 21:37:40.318943337,4.0.0,"{""stage_rank"":0}"
evt-00220338,sess-00129418,page_view,2025-04-12 01:51:25.015357860,,"{""stage_rank"":0}"
evt-00701720,sess-00412451,add_to_cart,2023-04-13 15:17:01.016079151,3.8.0,"{""stage_rank"":1}"
evt-01411293,sess-00829343,add_to_cart,2025-06-06 22:41:09.688142728,,"{""stage_rank"":1}"
evt-00110379,sess-00064793,page_view,2024-11-13 20:03:13.202059680,4.2.0,"{""stage_rank"":0}"
evt-01471718,sess-00864761,page_view,2025-02-07 00:47:44.831156298,,"{""stage_rank"":0}"
evt-01120681,sess-00658688,page_view,2023-08-19 16:47:49.992156900,3.8.0,"{""stage_rank"":0}"
evt-00941146,sess-00553378,page_view,2024-05-25 16:05:31.778789335,4.0.0,"{""stage_rank"":0}"
evt-00739552,sess-00434634,checkout,2023-04-11 00:50:13.217996742,,"{""stage_rank"":2}"
evt-01601684,sess-00941209,page_view,2026-03-10 18:42:55.773764982,,"{""stage_rank"":0}"
evt-00239368,sess-00140727,purchase,2026-01-20 18:57:36.975431451,,"{""stage_rank"":3}"
evt-00273227,sess-00160547,page_view,2023-03-10 21:51:37.498901664,,"{""stage_rank"":0}"
evt-00803885,sess-00472468,page_view,2026-02-02 01:51:18.750192131,4.4.0,"{""stage_rank"":0}"
evt-01511838,sess-00888381,add_to_cart,2023-02-06 18:19:40.166526542,3.8.0,"{""stage_rank"":1}"
evt-00401583,sess-00236090,add_to_cart,2024-12-29 22:55:44.522079781,,"{""stage_rank"":1}"
evt-00683520,sess-00401693,page_view,2023-05-11 20:40:35.268920927,,"{""stage_rank"":0}"
evt-01104302,sess-00649152,checkout,2026-05-15 22:46:37.296288337,,"{""stage_rank"":2}"
evt-01376726,sess-00808946,page_view,2026-04-28 20:35:37.845173703,4.4.0,"{""stage_rank"":0}"
evt-00039447,sess-00023171,page_view,2026-03-06 17:35:41.407268910,,"{""stage_rank"":0}"
evt-01483591,sess-00871736,page_view,2023-12-20 20:43:32.831313999,,"{""stage_rank"":0}"
evt-00978707,sess-00575545,purchase,2024-01-18 17:45:05.689579014,,"{""stage_rank"":3}"
evt-01333796,sess-00783801,add_to_cart,2023-08-18 22:34:29.489704793,,"{""stage_rank"":1}"
evt-00230031,sess-00135161,page_view,2026-05-12 15:37:29.902958423,4.4.0,"{""stage_rank"":0}"
evt-01124390,sess-00660892,add_to_cart,2024-12-19 17:59:32.770744165,,"{""stage_rank"":1}"
evt-00001333,sess-00000789,page_view,2025-08-04 17:25:19.441740265,,"{""stage_rank"":0}"
evt-00198218,sess-00116396,page_view,2023-12-18 15:50:07.281105287,3.8.0,"{""stage_rank"":0}"
evt-00174464,sess-00102430,page_view,2025-08-11 15:22:40.616564435,,"{""stage_rank"":0}"
evt-00400753,sess-00235577,add_to_cart,2025-01-16 19:24:22.199551691,,"{""stage_rank"":1}"
evt-01607220,sess-00944445,add_to_cart,2023-03-24 16:39:52.825572063,3.8.0,"{""stage_rank"":1}"
evt-01499746,sess-00881194,add_to_cart,2023-06-29 22:54:04.808201669,,"{""stage_rank"":1}"
evt-00063918,sess-00037534,add_to_cart,2024-08-25 16:15:48.290047532,,"{""stage_rank"":1}"
evt-00632769,sess-00371768,checkout,2025-11-01 20:51:10.783994316,4.4.0,"{""stage_rank"":2}"
evt-01598179,sess-00939146,page_view,2026-06-03 16:23:59.730435874,,"{""stage_rank"":0}"
evt-00338938,sess-00199202,page_view,2026-05-04 01:41:25.430233124,,"{""stage_rank"":0}"
evt-00366368,sess-00215335,page_view,2023-10-01 23:49:07.584829702,3.8.0,"{""stage_rank"":0}"
evt-00363988,sess-00213911,add_to_cart,2024-10-30 19:13:09.382405473,,"{""stage_rank"":1}"
evt-00663731,sess-00390109,page_view,2025-03-28 23:28:28.342347481,,"{""stage_rank"":0}"
evt-00584049,sess-00343135,purchase,2023-07-03 16:52:25.452960038,,"{""stage_rank"":3}"
evt-00217761,sess-00127910,add_to_cart,2025-01-21 19:06:38.550207245,,"{""stage_rank"":1}"
evt-01273042,sess-00748161,page_view,2023-01-29 23:23:21.002783413,,"{""stage_rank"":0}"
evt-00448594,sess-00263711,checkout,2024-05-03 19:56:37.334237145,4.0.0,"{""stage_rank"":2}"
evt-01678820,sess-00986488,page_view,2025-10-26 22:36:19.762302660,4.4.0,"{""stage_rank"":0}"
evt-01194998,sess-00702363,add_to_cart,2024-10-28 21:34:51.309729754,4.1.0,"{""stage_rank"":1}"
evt-01213279,sess-00712990,checkout,2026-03-15 13:24:36.255629329,,"{""stage_rank"":2}"
evt-01355594,sess-00796593,page_view,2024-01-31 13:04:23.520278580,,"{""stage_rank"":0}"
evt-00882808,sess-00518887,page_view,2025-12-09 23:56:43.696375174,4.4.0,"{""stage_rank"":0}"
evt-01634080,sess-00960359,page_view,2025-06-25 20:53:30.709475502,4.3.0,"{""stage_rank"":0}"
evt-00232217,sess-00136487,page_view,2024-03-14 21:03:15.311750602,,"{""stage_rank"":0}"
evt-01665462,sess-00978710,purchase,2023-02-05 23:01:26.585420129,,"{""stage_rank"":3}"
evt-00622178,sess-00365512,page_view,2025-08-22 17:53:24.302458024,,"{""stage_rank"":0}"
evt-01450099,sess-00852103,checkout,2025-09-02 20:46:23.547975605,,"{""stage_rank"":2}"
evt-00933174,sess-00548670,purchase,2024-08-16 23:45:04.767005325,4.1.0,"{""stage_rank"":3}"
evt-00461880,sess-00271582,page_view,2023-11-06 19:39:28.021490438,3.8.0,"{""stage_rank"":0}"
evt-00790024,sess-00464327,add_to_cart,2023-12-22 17:53:09.566565681,,"{""stage_rank"":1}"
evt-00646853,sess-00380188,page_view,2023-06-30 20:40:28.784101522,3.8.0,"{""stage_rank"":0}"
evt-01211124,sess-00711729,page_view,2026-01-30 17:10:19.080166835,,"{""stage_rank"":0}"
evt-00142598,sess-00083692,page_view,2024-06-28 18:33:59.915632743,,"{""stage_rank"":0}"
evt-00936690,sess-00550740,add_to_cart,2025-10-01 20:03:26.973537018,,"{""stage_rank"":1}"
evt-01142594,sess-00671585,checkout,2025-01-11 15:47:33.982300330,4.2.0,"{""stage_rank"":2}"
evt-00070565,sess-00041455,page_view,2025-05-24 19:39:09.239252942,,"{""stage_rank"":0}"
evt-00914249,sess-00537509,page_view,2025-10-24 19:45:34.365444048,,"{""stage_rank"":0}"
evt-00188257,sess-00110547,purchase,2025-09-19 20:08:22.842312977,,"{""stage_rank"":3}"
evt-00971135,sess-00571052,checkout,2023-04-20 18:24:50.901484809,3.8.0,"{""stage_rank"":2}"
evt-00165350,sess-00097089,checkout,2023-05-13 20:45:08.969656881,,"{""stage_rank"":2}"
evt-01052008,sess-00618414,page_view,2023-11-18 15:47:58.053164869,,"{""stage_rank"":0}"
evt-00186638,sess-00109599,page_view,2025-06-21 15:01:02.861302923,4.3.0,"{""stage_rank"":0}"
evt-00097398,sess-00057187,page_view,2024-04-04 01:04:37.818900949,,"{""stage_rank"":0}"
evt-00485975,sess-00285727,page_view,2023-08-24 14:51:34.429662456,,"{""stage_rank"":0}"
evt-01641743,sess-00964877,page_view,2023-01-07 20:16:34.628708412,,"{""stage_rank"":0}"
evt-00728314,sess-00428014,add_to_cart,2024-07-27 00:29:18.393532553,4.0.0,"{""stage_rank"":1}"
evt-00501553,sess-00294875,page_view,2024-08-07 13:04:31.508176246,,"{""stage_rank"":0}"
evt-01253931,sess-00736999,page_view,2025-11-03 12:39:59.734691339,4.4.0,"{""stage_rank"":0}"
evt-01484950,sess-00872517,page_view,2024-11-06 17:14:45.699711680,4.1.0,"{""stage_rank"":0}"
evt-01059448,sess-00622796,checkout,2024-02-22 13:58:58.644612565,,"{""stage_rank"":2}"
evt-00498772,sess-00293273,add_to_cart,2025-10-04 19:18:39.541807428,,"{""stage_rank"":1}"
evt-01609544,sess-00945819,checkout,2025-01-29 23:11:23.852164642,,"{""stage_rank"":2}"
evt-00530974,sess-00311992,page_view,2025-10-06 14:16:42.155103125,,"{""stage_rank"":0}"
evt-01275542,sess-00749655,page_view,2025-11-05 22:22:20.139959005,,"{""stage_rank"":0}"
evt-00375239,sess-00220568,page_view,2026-01-24 16:32:46.728087079,4.4.0,"{""stage_rank"":0}"
evt-01025655,sess-00602932,page_view,2024-03-24 21:32:46.154570103,,"{""stage_rank"":0}"
evt-01386477,sess-00814685,add_to_cart,2023-05-29 21:02:08.620744929,3.8.0,"{""stage_rank"":1}"
evt-00370497,sess-00217774,add_to_cart,2023-06-22 19:43:32.693593220,3.8.0,"{""stage_rank"":1}"
evt-00345629,sess-00203109,page_view,2024-12-04 17:23:38.653809370,4.2.0,"{""stage_rank"":0}"
evt-00688209,sess-00404507,add_to_cart,2025-07-21 20:42:16.305669373,,"{""stage_rank"":1}"
evt-01485590,sess-00872901,checkout,2023-11-23 19:02:05.886116266,,"{""stage_rank"":2}"
evt-01028236,sess-00604441,page_view,2024-04-06 14:24:32.929928764,4.0.0,"{""stage_rank"":0}"
evt-00045053,sess-00026417,add_to_cart,2023-12-02 23:03:03.106466014,3.8.0,"{""stage_rank"":1}"
evt-01133876,sess-00666432,page_view,2025-08-28 20:12:48.794596010,4.4.0,"{""stage_rank"":0}"
evt-00928234,sess-00545744,add_to_cart,2026-06-02 23:02:49.482699368,,"{""stage_rank"":1}"
evt-00651163,sess-00382724,page_view,2026-02-06 22:06:30.908947285,,"{""stage_rank"":0}"
evt-01209665,sess-00710905,page_view,2023-11-24 13:05:00.289225710,,"{""stage_rank"":0}"
evt-00234196,sess-00137670,checkout,2025-04-22 01:35:33.042503124,4.3.0,"{""stage_rank"":2}"
evt-01466602,sess-00861766,page_view,2024-10-27 00:10:14.531846327,4.1.0,"{""stage_rank"":0}"
evt-00407192,sess-00239376,page_view,2024-11-13 22:46:12.647416700,,"{""stage_rank"":0}"
evt-00279316,sess-00164110,page_view,2023-08-27 23:19:47.978627017,,"{""stage_rank"":0}"
evt-00260267,sess-00153006,page_view,2023-02-12 07:32:09.860105304,3.8.0,"{""stage_rank"":0}"
evt-01308087,sess-00768762,checkout,2025-10-12 20:54:16.599895876,,"{""stage_rank"":2}"
evt-01208863,sess-00710438,add_to_cart,2023-05-21 20:15:53.111733548,3.8.0,"{""stage_rank"":1}"
evt-01360582,sess-00799522,add_to_cart,2023-02-11 22:04:37.608308477,,"{""stage_rank"":1}"
evt-01072107,sess-00630199,page_view,2025-08-28 19:06:15.826903549,4.4.0,"{""stage_rank"":0}"
evt-00659472,sess-00387607,add_to_cart,2024-08-19 18:12:10.674192478,,"{""stage_rank"":1}"
evt-01242981,sess-00730522,page_view,2023-05-25 22:32:18.489619887,,"{""stage_rank"":0}"
evt-00961337,sess-00565252,add_to_cart,2025-02-27 23:09:31.420264058,,"{""stage_rank"":1}"
evt-00990501,sess-00582487,page_view,2025-05-02 20:51:19.214516246,4.3.0,"{""stage_rank"":0}"
evt-00351936,sess-00206789,checkout,2024-11-25 19:10:25.039573684,,"{""stage_rank"":2}"
evt-00992521,sess-00583664,page_view,2023-07-22 22:29:11.295867330,3.8.0,"{""stage_rank"":0}"
evt-01018665,sess-00598872,add_to_cart,2026-05-10 21:16:07.735262645,4.4.0,"{""stage_rank"":1}"
evt-00886174,sess-00520870,page_view,2024-02-11 23:01:52.202522547,,"{""stage_rank"":0}"
evt-00414794,sess-00243885,add_to_cart,2026-02-14 00:57:06.095573222,,"{""stage_rank"":1}"
evt-01369440,sess-00804695,page_view,2023-02-13 20:20:47.773219258,3.8.0,"{""stage_rank"":0}"
evt-00030439,sess-00017878,page_view,2024-04-17 17:38:54.221708131,,"{""stage_rank"":0}"
evt-00096003,sess-00056379,page_view,2024-09-10 15:17:17.457585556,,"{""stage_rank"":0}"
evt-01287070,sess-00756425,checkout,2025-07-31 21:46:13.043770638,4.3.0,"{""stage_rank"":2}"
evt-00591648,sess-00347642,add_to_cart,2026-04-06 17:32:00.996957032,4.4.0,"{""stage_rank"":1}"
evt-00729447,sess-00428664,page_view,2024-01-04 18:57:21.980799347,,"{""stage_rank"":0}"
evt-00165530,sess-00097195,checkout,2023-11-02 19:22:40.323359267,,"{""stage_rank"":2}"
evt-00373093,sess-00219316,page_view,2026-06-20 18:16:42.624498895,4.4.0,"{""stage_rank"":0}"
evt-01476500,sess-00867569,purchase,2026-05-05 23:46:04.938780630,,"{""stage_rank"":3}"
evt-01562732,sess-00918295,page_view,2023-12-15 21:36:56.061457485,3.8.0,"{""stage_rank"":0}"
evt-00345082,sess-00202782,page_view,2024-01-19 15:49:52.446825290,3.8.0,"{""stage_rank"":0}"
evt-00343779,sess-00202008,page_view,2024-01-07 23:13:04.906143905,3.8.0,"{""stage_rank"":0}"
evt-00785116,sess-00461421,checkout,2024-01-31 23:31:27.988587309,3.8.0,"{""stage_rank"":2}"
evt-00219737,sess-00129055,add_to_cart,2023-05-30 19:05:17.876679250,,"{""stage_rank"":1}"
evt-00258481,sess-00151921,page_view,2024-12-27 03:16:07.933121645,4.2.0,"{""stage_rank"":0}"
evt-00335423,sess-00197159,add_to_cart,2026-05-19 23:12:58.509838441,,"{""stage_rank"":1}"
evt-00407051,sess-00239289,page_view,2024-04-04 19:34:14.626165924,,"{""stage_rank"":0}"
evt-00120749,sess-00070797,page_view,2025-04-30 22:15:31.128067531,,"{""stage_rank"":0}"
evt-00749584,sess-00440548,page_view,2025-04-04 16:39:10.091917536,4.3.0,"{""stage_rank"":0}"
evt-00758390,sess-00445725,page_view,2026-04-22 22:51:27.149436486,,"{""stage_rank"":0}"
evt-01079635,sess-00634632,checkout,2024-12-31 23:12:07.154425295,4.2.0,"{""stage_rank"":2}"
evt-01548741,sess-00910088,purchase,2025-12-25 21:38:18.499290833,4.4.0,"{""stage_rank"":3}"
evt-00239063,sess-00140553,page_view,2024-03-28 19:50:18.492589632,,"{""stage_rank"":0}"
evt-00119648,sess-00070151,page_view,2023-09-11 23:16:17.908000936,,"{""stage_rank"":0}"
evt-00832326,sess-00489172,add_to_cart,2023-04-19 13:37:35.622884370,,"{""stage_rank"":1}"
evt-00964665,sess-00567272,page_view,2024-01-08 12:58:51.991663859,3.8.0,"{""stage_rank"":0}"
evt-01026151,sess-00603233,purchase,2024-03-01 20:42:42.279574333,,"{""stage_rank"":3}"
evt-01313971,sess-00772202,page_view,2023-01-14 22:12:18.134689453,3.8.0,"{""stage_rank"":0}"
evt-01333941,sess-00783882,checkout,2024-07-16 23:23:18.987421282,,"{""stage_rank"":2}"
evt-01430139,sess-00840396,checkout,2025-01-04 18:15:15.335805918,,"{""stage_rank"":2}"
evt-01091674,sess-00641695,checkout,2025-05-18 17:40:20.687856627,,"{""stage_rank"":2}"
evt-01316873,sess-00773915,add_to_cart,2026-01-16 20:44:02.687779134,,"{""stage_rank"":1}"
evt-01332301,sess-00782932,page_view,2023-01-13 19:35:16.879652711,,"{""stage_rank"":0}"
evt-00104646,sess-00061417,checkout,2026-06-29 16:57:41.744536835,,"{""stage_rank"":2}"
evt-01070068,sess-00628977,page_view,2025-03-06 03:10:59.495367191,4.3.0,"{""stage_rank"":0}"
evt-01641027,sess-00964464,page_view,2024-08-07 20:13:52.529627228,,"{""stage_rank"":0}"
evt-00451019,sess-00265135,page_view,2026-02-22 20:56:10.911234289,4.4.0,"{""stage_rank"":0}"
evt-00153431,sess-00090070,page_view,2023-04-14 02:12:20.155580848,3.8.0,"{""stage_rank"":0}"
evt-01040319,sess-00611542,page_view,2025-09-04 02:49:36.168426349,4.4.0,"{""stage_rank"":0}"
evt-00066587,sess-00039109,add_to_cart,2026-06-05 01:00:24.853980373,4.4.0,"{""stage_rank"":1}"
evt-00890187,sess-00523215,page_view,2023-03-23 21:01:26.133274135,3.8.0,"{""stage_rank"":0}"
evt-01658138,sess-00974457,page_view,2024-08-10 20:22:08.160329659,4.1.0,"{""stage_rank"":0}"
evt-01668874,sess-00980679,add_to_cart,2024-08-19 16:41:08.656765212,,"{""stage_rank"":1}"
evt-00858946,sess-00504909,page_view,2026-03-03 17:26:56.998005962,,"{""stage_rank"":0}"
evt-00539742,sess-00317164,add_to_cart,2023-05-09 18:48:36.403677278,3.8.0,"{""stage_rank"":1}"
evt-01207935,sess-00709887,add_to_cart,2024-01-06 01:40:34.805801392,,"{""stage_rank"":1}"
evt-00094031,sess-00055220,page_view,2023-11-30 15:06:53.919852169,3.8.0,"{""stage_rank"":0}"
evt-01620106,sess-00952118,page_view,2025-05-17 18:27:17.256362917,,"{""stage_rank"":0}"
evt-00552535,sess-00324598,page_view,2024-12-02 21:38:27.655630773,4.2.0,"{""stage_rank"":0}"
evt-00059675,sess-00035028,page_view,2024-11-11 19:24:59.529724519,4.2.0,"{""stage_rank"":0}"
evt-00543734,sess-00319454,add_to_cart,2025-04-12 20:32:54.121083543,,"{""stage_rank"":1}"
evt-00003186,sess-00001901,page_view,2023-08-20 03:54:12.841128188,,"{""stage_rank"":0}"
evt-00686396,sess-00403422,page_view,2024-01-12 22:07:50.036247367,,"{""stage_rank"":0}"
evt-01192049,sess-00700621,page_view,2026-03-10 12:48:37.905835825,,"{""stage_rank"":0}"
evt-00491051,sess-00288692,page_view,2026-02-05 17:05:56.942935313,,"{""stage_rank"":0}"
evt-00159036,sess-00093376,page_view,2025-04-15 17:25:06.086791396,,"{""stage_rank"":0}"
evt-00132350,sess-00077637,page_view,2025-07-27 17:08:52.588939039,,"{""stage_rank"":0}"
evt-00909617,sess-00534754,add_to_cart,2024-10-07 19:41:27.201100016,,"{""stage_rank"":1}"
evt-01188199,sess-00698376,add_to_cart,2023-07-15 23:29:48.857946759,3.8.0,"{""stage_rank"":1}"
evt-01180915,sess-00694095,add_to_cart,2023-06-07 19:36:16.926281392,3.8.0,"{""stage_rank"":1}"
evt-00102395,sess-00060114,add_to_cart,2026-06-26 14:44:46.937300566,,"{""stage_rank"":1}"
evt-01640187,sess-00963987,add_to_cart,2024-09-19 20:24:59.826706971,,"{""stage_rank"":1}"
evt-00571214,sess-00335569,checkout,2023-10-13 22:23:52.335907311,3.8.0,"{""stage_rank"":2}"
evt-00576738,sess-00338802,page_view,2025-02-11 22:14:52.261670130,,"{""stage_rank"":0}"
evt-00397284,sess-00233529,page_view,2025-10-18 20:33:12.142056297,,"{""stage_rank"":0}"
evt-00926138,sess-00544515,checkout,2023-12-17 00:04:43.648105622,,"{""stage_rank"":2}"
evt-01298056,sess-00762935,page_view,2023-08-18 21:01:49.098139972,,"{""stage_rank"":0}"
evt-01151474,sess-00676830,add_to_cart,2025-10-25 14:19:35.111095651,,"{""stage_rank"":1}"
evt-01054288,sess-00619770,add_to_cart,2025-02-26 00:43:54.979017247,4.3.0,"{""stage_rank"":1}"
evt-01489115,sess-00874972,page_view,2025-10-29 11:59:50.800272637,,"{""stage_rank"":0}"
evt-00775282,sess-00455656,page_view,2024-08-02 20:18:49.510938617,4.1.0,"{""stage_rank"":0}"
evt-00428729,sess-00252011,page_view,2023-08-06 21:41:15.109568276,3.8.0,"{""stage_rank"":0}"
evt-00024998,sess-00014724,add_to_cart,2023-11-30 18:04:04.013770956,,"{""stage_rank"":1}"
evt-00828366,sess-00486795,page_view,2023-05-10 15:20:40.222505031,3.8.0,"{""stage_rank"":0}"
evt-01680013,sess-00987187,page_view,2025-11-05 22:11:00.685386788,,"{""stage_rank"":0}"
evt-00075900,sess-00044611,page_view,2024-04-30 21:43:38.666139028,,"{""stage_rank"":0}"
evt-00449197,sess-00264077,page_view,2024-06-09 16:04:52.133885851,4.0.0,"{""stage_rank"":0}"
evt-01467108,sess-00862058,page_view,2024-09-10 20:04:08.440928466,,"{""stage_rank"":0}"
evt-00256933,sess-00151004,checkout,2024-09-18 21:44:46.970629610,4.1.0,"{""stage_rank"":2}"
evt-00954517,sess-00561258,page_view,2025-06-17 17:04:57.122158988,,"{""stage_rank"":0}"
evt-00815072,sess-00479028,page_view,2025-12-23 21:37:49.471092553,4.4.0,"{""stage_rank"":0}"
evt-01535363,sess-00902217,add_to_cart,2023-01-11 19:42:34.531945339,,"{""stage_rank"":1}"
evt-00922688,sess-00542450,page_view,2024-10-10 12:12:49.769258070,,"{""stage_rank"":0}"
evt-01406271,sess-00826369,add_to_cart,2026-04-13 21:41:06.916013847,4.4.0,"{""stage_rank"":1}"
evt-00323874,sess-00190329,purchase,2026-06-22 01:18:56.610124809,4.4.0,"{""stage_rank"":3}"
evt-00047195,sess-00027654,page_view,2026-02-09 20:59:15.727808319,,"{""stage_rank"":0}"
evt-01627180,sess-00956295,page_view,2024-11-13 22:48:30.651188599,4.2.0,"{""stage_rank"":0}"
evt-00769514,sess-00452274,page_view,2025-08-03 16:42:56.445347493,4.4.0,"{""stage_rank"":0}"
evt-01440018,sess-00846220,add_to_cart,2024-12-19 19:54:58.354681043,4.2.0,"{""stage_rank"":1}"
evt-01564797,sess-00919475,checkout,2026-03-20 00:19:10.462978067,4.4.0,"{""stage_rank"":2}"
evt-00486436,sess-00285997,page_view,2023-09-04 18:17:34.984288331,3.8.0,"{""stage_rank"":0}"
evt-00914983,sess-00537935,page_view,2025-07-26 15:23:02.779363952,4.3.0,"{""stage_rank"":0}"
evt-01298383,sess-00763118,checkout,2024-03-26 00:57:20.761274358,,"{""stage_rank"":2}"
evt-01062743,sess-00624713,page_view,2025-11-04 19:09:54.793736301,4.4.0,"{""stage_rank"":0}"
evt-00437449,sess-00257156,page_view,2023-08-16 20:30:36.484448601,,"{""stage_rank"":0}"
evt-01317432,sess-00774250,page_view,2023-10-20 22:36:59.569616076,,"{""stage_rank"":0}"
evt-01422919,sess-00836193,page_view,2026-02-21 22:48:50.813617208,,"{""stage_rank"":0}"
evt-01369458,sess-00804704,purchase,2024-02-11 01:29:34.971938260,4.0.0,"{""stage_rank"":3}"
evt-00023854,sess-00014039,page_view,2023-08-14 17:11:32.475849080,,"{""stage_rank"":0}"
evt-01668662,sess-00980563,add_to_cart,2026-03-17 23:21:34.273575215,4.4.0,"{""stage_rank"":1}"
evt-01033548,sess-00607588,page_view,2024-06-20 23:16:08.675983723,4.0.0,"{""stage_rank"":0}"
evt-01425453,sess-00837691,page_view,2023-03-22 19:01:35.193985561,,"{""stage_rank"":0}"
evt-00857193,sess-00503853,page_view,2025-02-16 19:19:37.338092770,4.3.0,"{""stage_rank"":0}"
evt-01148464,sess-00675030,page_view,2023-06-16 17:16:21.030032712,3.8.0,"{""stage_rank"":0}"
evt-00755926,sess-00444259,page_view,2023-06-30 23:30:30.924390136,3.8.0,"{""stage_rank"":0}"
evt-01024599,sess-00602306,add_to_cart,2026-02-12 16:52:50.613568819,4.4.0,"{""stage_rank"":1}"
evt-00993223,sess-00584070,page_view,2023-04-21 19:24:07.371458527,,"{""stage_rank"":0}"
evt-00807375,sess-00474484,add_to_cart,2026-05-30 16:48:49.790248197,,"{""stage_rank"":1}"
evt-00593400,sess-00348654,page_view,2025-04-21 20:12:54.382578936,4.3.0,"{""stage_rank"":0}"
evt-00500956,sess-00294521,page_view,2024-01-25 18:30:44.149299418,,"{""stage_rank"":0}"
evt-00943603,sess-00554840,page_view,2025-07-23 21:16:24.926590298,,"{""stage_rank"":0}"
evt-01224950,sess-00719926,page_view,2025-11-05 18:22:17.454335594,,"{""stage_rank"":0}"
evt-00590725,sess-00347098,page_view,2024-08-15 11:56:00.028909153,,"{""stage_rank"":0}"
evt-00433878,sess-00255034,page_view,2026-03-08 19:48:36.075387260,,"{""stage_rank"":0}"
evt-00589754,sess-00346526,page_view,2024-09-30 23:05:25.117374030,4.1.0,"{""stage_rank"":0}"
evt-01681052,sess-00987786,purchase,2024-11-27 20:32:04.247508752,,"{""stage_rank"":3}"
evt-00681671,sess-00400622,page_view,2024-11-08 01:19:48.176287081,4.1.0,"{""stage_rank"":0}"
evt-00036070,sess-00021165,checkout,2024-11-23 18:46:36.573503658,4.2.0,"{""stage_rank"":2}"
evt-01397067,sess-00820959,purchase,2024-03-16 02:16:05.671220444,4.0.0,"{""stage_rank"":3}"
evt-01331835,sess-00782669,page_view,2024-07-04 18:30:18.695870658,,"{""stage_rank"":0}"
evt-00437798,sess-00257371,page_view,2023-10-05 19:14:30.388954779,,"{""stage_rank"":0}"
evt-00393809,sess-00231465,page_view,2023-06-12 17:47:37.429422316,3.8.0,"{""stage_rank"":0}"
evt-01016645,sess-00597681,add_to_cart,2023-06-17 23:56:24.627144133,3.8.0,"{""stage_rank"":1}"
evt-00994043,sess-00584534,page_view,2023-04-09 20:23:28.224560593,3.8.0,"{""stage_rank"":0}"
evt-01015726,sess-00597121,add_to_cart,2025-03-21 22:14:56.465908665,4.3.0,"{""stage_rank"":1}"
evt-00953647,sess-00560736,add_to_cart,2024-12-20 17:37:57.531535174,4.2.0,"{""stage_rank"":1}"
evt-01418234,sess-00833413,page_view,2024-05-25 17:06:42.109704177,,"{""stage_rank"":0}"
evt-00154475,sess-00090681,add_to_cart,2026-06-05 21:08:24.265282854,,"{""stage_rank"":1}"
evt-01690390,sess-00993263,add_to_cart,2025-09-29 00:11:56.030717573,,"{""stage_rank"":1}"
evt-01353502,sess-00795353,page_view,2024-07-08 17:25:35.149840350,,"{""stage_rank"":0}"
evt-01303350,sess-00766039,checkout,2025-08-05 17:31:34.671501456,,"{""stage_rank"":2}"
evt-01513873,sess-00889595,page_view,2025-10-19 17:51:35.473564214,,"{""stage_rank"":0}"
evt-00845053,sess-00496719,page_view,2025-04-23 18:35:20.138986862,4.3.0,"{""stage_rank"":0}"
evt-01034751,sess-00608281,page_view,2023-07-19 20:50:55.895656074,,"{""stage_rank"":0}"
evt-01183228,sess-00695429,add_to_cart,2023-06-25 00:13:27.390466864,3.8.0,"{""stage_rank"":1}"
evt-01579528,sess-00928138,page_view,2024-02-06 00:00:41.325729340,,"{""stage_rank"":0}"
evt-00094437,sess-00055459,page_view,2025-01-17 18:29:48.946079767,4.2.0,"{""stage_rank"":0}"
evt-01289075,sess-00757605,add_to_cart,2026-04-17 14:20:26.653829282,,"{""stage_rank"":1}"
evt-00037957,sess-00022290,page_view,2026-04-08 17:37:08.964857847,4.4.0,"{""stage_rank"":0}"
evt-00204196,sess-00119916,page_view,2025-07-02 18:21:15.690464349,4.3.0,"{""stage_rank"":0}"
evt-01174454,sess-00690325,add_to_cart,2024-01-14 21:43:13.791239098,3.8.0,"{""stage_rank"":1}"
evt-00341203,sess-00200530,add_to_cart,2024-03-21 18:20:41.773741950,4.0.0,"{""stage_rank"":1}"
evt-01380695,sess-00811274,add_to_cart,2025-06-05 19:21:00.326286831,4.3.0,"{""stage_rank"":1}"
evt-01533164,sess-00900937,page_view,2026-03-10 01:26:46.845960911,4.4.0,"{""stage_rank"":0}"
evt-01659648,sess-00975327,add_to_cart,2025-12-20 15:59:19.569209155,,"{""stage_rank"":1}"
evt-00374128,sess-00219917,page_view,2023-12-18 01:22:28.545284444,,"{""stage_rank"":0}"
evt-01169977,sess-00687698,page_view,2026-04-11 16:57:25.873591491,,"{""stage_rank"":0}"
evt-01106734,sess-00650566,add_to_cart,2026-03-18 22:13:22.264818798,,"{""stage_rank"":1}"
evt-01322579,sess-00777286,page_view,2023-02-19 00:53:59.976320008,3.8.0,"{""stage_rank"":0}"
evt-00350441,sess-00205922,purchase,2025-08-19 00:21:00.850957321,4.4.0,"{""stage_rank"":3}"
evt-00309892,sess-00182033,page_view,2023-07-18 00:26:19.609312039,3.8.0,"{""stage_rank"":0}"
evt-01075176,sess-00632035,page_view,2024-01-09 23:34:43.568911560,,"{""stage_rank"":0}"
evt-01033516,sess-00607570,page_view,2024-06-03 17:16:47.194767353,4.0.0,"{""stage_rank"":0}"
evt-01086695,sess-00638783,page_view,2026-05-11 21:37:11.856083321,4.4.0,"{""stage_rank"":0}"
evt-01552702,sess-00912399,add_to_cart,2023-01-28 00:08:03.781632808,3.8.0,"{""stage_rank"":1}"
evt-01270097,sess-00746429,add_to_cart,2024-10-31 18:35:33.456016020,,"{""stage_rank"":1}"
evt-01252746,sess-00736296,add_to_cart,2024-07-04 19:22:23.140633259,,"{""stage_rank"":1}"
evt-00558347,sess-00327998,page_view,2025-01-16 16:09:26.504566292,4.2.0,"{""stage_rank"":0}"
evt-00759563,sess-00446404,page_view,2026-01-10 08:26:50.578455408,,"{""stage_rank"":0}"
evt-00558229,sess-00327927,page_view,2024-11-30 23:27:40.029037973,,"{""stage_rank"":0}"
evt-01211759,sess-00712090,page_view,2023-03-31 18:49:21.167089023,3.8.0,"{""stage_rank"":0}"
evt-01653119,sess-00971547,add_to_cart,2026-03-30 17:55:32.696832977,,"{""stage_rank"":1}"
evt-01094172,sess-00643170,add_to_cart,2023-10-26 00:04:55.001372199,3.8.0,"{""stage_rank"":1}"
evt-00385040,sess-00226340,page_view,2025-11-19 13:39:42.412880573,,"{""stage_rank"":0}"
evt-00999148,sess-00587470,page_view,2025-12-11 00:19:10.036356353,4.4.0,"{""stage_rank"":0}"
evt-00905193,sess-00532110,page_view,2025-03-19 16:52:34.916274260,,"{""stage_rank"":0}"
evt-01380453,sess-00811142,page_view,2024-12-12 19:39:32.903176406,4.2.0,"{""stage_rank"":0}"
evt-00506142,sess-00297520,add_to_cart,2025-12-13 19:11:00.414493369,4.4.0,"{""stage_rank"":1}"
evt-00563608,sess-00331120,add_to_cart,2023-05-19 17:40:00.665165889,3.8.0,"{""stage_rank"":1}"
evt-01435016,sess-00843242,add_to_cart,2023-11-27 17:10:08.112701110,,"{""stage_rank"":1}"
evt-00503874,sess-00296222,purchase,2023-09-24 14:43:41.215630366,3.8.0,"{""stage_rank"":3}"
evt-00043854,sess-00025738,checkout,2024-04-01 17:04:42.096923509,,"{""stage_rank"":2}"
evt-00214327,sess-00125868,page_view,2024-11-26 22:48:54.545342756,4.2.0,"{""stage_rank"":0}"
evt-01329627,sess-00781404,checkout,2026-03-02 20:35:51.412280556,4.4.0,"{""stage_rank"":2}"
evt-00046708,sess-00027377,page_view,2025-11-22 21:33:48.576029497,4.4.0,"{""stage_rank"":0}"
evt-00470560,sess-00276654,page_view,2024-06-16 18:25:33.740967242,,"{""stage_rank"":0}"
evt-00414703,sess-00243826,add_to_cart,2024-10-12 20:52:32.235852238,4.1.0,"{""stage_rank"":1}"
evt-00335528,sess-00197222,page_view,2025-01-02 17:19:03.299971301,,"{""stage_rank"":0}"
evt-00366419,sess-00215365,page_view,2024-09-06 22:27:30.160562066,,"{""stage_rank"":0}"
evt-00062557,sess-00036743,page_view,2023-11-11 19:25:46.751511661,3.8.0,"{""stage_rank"":0}"
evt-00454444,sess-00267171,add_to_cart,2025-01-11 22:27:21.084641488,4.2.0,"{""stage_rank"":1}"
evt-01474083,sess-00866137,page_view,2025-02-12 22:10:50.692723526,4.3.0,"{""stage_rank"":0}"
evt-01423017,sess-00836249,page_view,2025-02-05 22:24:59.214575521,,"{""stage_rank"":0}"
evt-01498437,sess-00880443,add_to_cart,2025-08-23 17:39:20.839716192,,"{""stage_rank"":1}"
evt-00048644,sess-00028527,page_view,2024-02-15 21:51:30.787984541,,"{""stage_rank"":0}"
evt-01684838,sess-00990009,page_view,2025-04-07 20:23:06.640988773,4.3.0,"{""stage_rank"":0}"
evt-01113263,sess-00654391,page_view,2026-01-27 17:45:39.953875174,,"{""stage_rank"":0}"
evt-00005336,sess-00003198,page_view,2023-08-23 15:22:22.263040343,3.8.0,"{""stage_rank"":0}"
evt-01238743,sess-00728010,add_to_cart,2025-02-09 18:51:40.312359056,,"{""stage_rank"":1}"
evt-00993753,sess-00584366,checkout,2023-08-04 23:33:22.768370515,3.8.0,"{""stage_rank"":2}"
evt-01358673,sess-00798411,page_view,2025-03-22 17:33:56.436898138,,"{""stage_rank"":0}"
evt-01605722,sess-00943556,page_view,2025-02-07 21:11:51.175772488,4.3.0,"{""stage_rank"":0}"
evt-01694707,sess-00995787,page_view,2023-01-21 23:15:36.144924124,3.8.0,"{""stage_rank"":0}"
evt-00936625,sess-00550699,page_view,2023-01-12 22:51:57.296527506,3.8.0,"{""stage_rank"":0}"
evt-00831739,sess-00488818,page_view,2024-01-03 18:39:43.298428736,,"{""stage_rank"":0}"
evt-00242213,sess-00142415,page_view,2023-05-02 16:58:58.985997529,3.8.0,"{""stage_rank"":0}"
evt-01411271,sess-00829326,checkout,2024-03-28 00:33:25.893409647,,"{""stage_rank"":2}"
evt-01009062,sess-00593253,checkout,2024-09-13 17:01:55.219030910,,"{""stage_rank"":2}"
evt-01218383,sess-00716019,page_view,2025-10-08 20:36:17.851185612,4.4.0,"{""stage_rank"":0}"
evt-01383994,sess-00813217,add_to_cart,2024-02-03 15:10:30.207427466,,"{""stage_rank"":1}"
evt-00484115,sess-00284612,add_to_cart,2023-06-09 18:17:08.703575140,3.8.0,"{""stage_rank"":1}"
evt-00307830,sess-00180798,add_to_cart,2024-08-19 23:22:18.944301923,4.1.0,"{""stage_rank"":1}"
evt-01377788,sess-00809580,page_view,2024-06-17 15:32:30.656036361,,"{""stage_rank"":0}"
evt-00776963,sess-00456624,page_view,2024-07-11 21:08:02.915911301,4.0.0,"{""stage_rank"":0}"
evt-00203665,sess-00119591,page_view,2025-10-09 22:19:22.653287205,4.4.0,"{""stage_rank"":0}"
evt-01489584,sess-00875253,page_view,2023-10-31 14:20:33.355707251,,"{""stage_rank"":0}"
evt-01633912,sess-00960259,checkout,2025-09-26 00:21:22.881968680,4.4.0,"{""stage_rank"":2}"
evt-00769667,sess-00452362,page_view,2023-09-30 23:04:49.808634377,3.8.0,"{""stage_rank"":0}"
evt-01253240,sess-00736583,add_to_cart,2025-01-04 21:40:48.984076198,,"{""stage_rank"":1}"
evt-00407719,sess-00239696,page_view,2023-03-30 17:47:34.945030717,,"{""stage_rank"":0}"
evt-01165091,sess-00684813,page_view,2025-08-11 16:09:14.627945999,4.4.0,"{""stage_rank"":0}"
evt-01636228,sess-00961634,page_view,2026-02-23 22:00:29.408610965,4.4.0,"{""stage_rank"":0}"
evt-01474056,sess-00866122,page_view,2024-11-15 16:23:06.664385705,,"{""stage_rank"":0}"
evt-00900819,sess-00529543,add_to_cart,2025-07-09 19:20:07.543721488,,"{""stage_rank"":1}"
evt-01267806,sess-00745096,page_view,2025-11-23 18:51:44.942435743,4.4.0,"{""stage_rank"":0}"
evt-00129306,sess-00075864,page_view,2024-08-19 22:20:05.464174831,4.1.0,"{""stage_rank"":0}"
evt-00118340,sess-00069395,add_to_cart,2025-11-10 03:45:29.343909515,4.4.0,"{""stage_rank"":1}"
evt-00742818,sess-00436537,page_view,2023-07-25 17:24:43.682687496,,"{""stage_rank"":0}"
evt-00500929,sess-00294504,page_view,2023-08-26 22:03:58.812780315,3.8.0,"{""stage_rank"":0}"
evt-00274280,sess-00161173,add_to_cart,2024-12-27 06:45:26.277903319,,"{""stage_rank"":1}"
evt-00386168,sess-00226975,page_view,2024-08-25 13:47:54.920311171,4.1.0,"{""stage_rank"":0}"
evt-01685187,sess-00990203,checkout,2025-04-20 18:08:33.886205212,4.3.0,"{""stage_rank"":2}"
evt-01136805,sess-00668162,page_view,2023-10-25 18:10:52.744767673,,"{""stage_rank"":0}"
evt-01378425,sess-00809946,page_view,2024-04-27 22:50:02.694433210,,"{""stage_rank"":0}"
evt-00658002,sess-00386749,page_view,2025-02-16 18:47:58.917266649,,"{""stage_rank"":0}"
evt-00156563,sess-00091924,checkout,2023-04-23 18:22:28.543546086,,"{""stage_rank"":2}"
evt-01249933,sess-00734634,page_view,2023-07-20 01:29:23.567832301,3.8.0,"{""stage_rank"":0}"
evt-01449048,sess-00851493,checkout,2025-09-10 21:53:00.879008355,,"{""stage_rank"":2}"
evt-00356772,sess-00209640,page_view,2026-01-12 19:41:17.821775934,,"{""stage_rank"":0}"
evt-01205080,sess-00708218,page_view,2023-10-10 22:50:05.754856158,3.8.0,"{""stage_rank"":0}"
evt-00995927,sess-00585596,page_view,2026-03-03 19:11:24.585629253,4.4.0,"{""stage_rank"":0}"
evt-00455716,sess-00267937,add_to_cart,2023-08-09 12:05:32.899067148,,"{""stage_rank"":1}"
evt-00203370,sess-00119427,page_view,2023-09-08 17:38:17.655666568,,"{""stage_rank"":0}"
evt-01062661,sess-00624666,add_to_cart,2023-09-14 19:08:06.091266699,,"{""stage_rank"":1}"
evt-01112972,sess-00654221,add_to_cart,2025-06-15 23:38:44.029588308,4.3.0,"{""stage_rank"":1}"
evt-00560285,sess-00329188,page_view,2026-01-13 17:19:01.913280262,4.4.0,"{""stage_rank"":0}"
evt-00446936,sess-00262739,page_view,2023-03-31 15:19:43.782005330,3.8.0,"{""stage_rank"":0}"
evt-00420106,sess-00247003,add_to_cart,2024-08-07 19:17:13.941511294,4.1.0,"{""stage_rank"":1}"
evt-00258905,sess-00152174,page_view,2025-03-14 17:45:38.338761838,,"{""stage_rank"":0}"
evt-00407833,sess-00239765,page_view,2023-10-26 16:36:48.798164840,,"{""stage_rank"":0}"
evt-00700045,sess-00411477,page_view,2025-04-13 16:26:31.463508027,4.3.0,"{""stage_rank"":0}"
evt-00480826,sess-00282687,page_view,2025-06-19 17:36:53.130028518,4.3.0,"{""stage_rank"":0}"
evt-01656878,sess-00973745,page_view,2024-11-04 15:15:02.964791919,,"{""stage_rank"":0}"
evt-00314635,sess-00184873,page_view,2023-09-30 06:06:41.960050480,,"{""stage_rank"":0}"
evt-00413026,sess-00242841,page_view,2023-09-25 01:10:49.787438365,3.8.0,"{""stage_rank"":0}"
evt-00645933,sess-00379631,page_view,2025-03-07 18:40:41.023927202,,"{""stage_rank"":0}"
evt-00912689,sess-00536608,page_view,2023-03-02 21:00:58.669264641,3.8.0,"{""stage_rank"":0}"
evt-01275441,sess-00749597,page_view,2025-12-22 18:44:50.911258647,,"{""stage_rank"":0}"
evt-01574819,sess-00925373,checkout,2024-03-15 17:53:14.815700291,4.0.0,"{""stage_rank"":2}"
evt-00137704,sess-00080809,page_view,2024-12-07 16:29:20.364718331,,"{""stage_rank"":0}"
evt-00506358,sess-00297651,add_to_cart,2026-01-19 02:02:17.000702566,4.4.0,"{""stage_rank"":1}"
evt-01547776,sess-00909532,add_to_cart,2026-01-29 18:28:54.757368454,4.4.0,"{""stage_rank"":1}"
evt-01576781,sess-00926517,add_to_cart,2024-07-29 15:42:23.795643904,4.0.0,"{""stage_rank"":1}"
evt-01198086,sess-00704155,checkout,2025-10-19 19:19:01.679310424,4.4.0,"{""stage_rank"":2}"
evt-00187892,sess-00110347,page_view,2024-08-16 21:09:17.386202242,,"{""stage_rank"":0}"
evt-01445908,sess-00849652,add_to_cart,2023-07-22 15:32:01.654527221,3.8.0,"{""stage_rank"":1}"
evt-01224093,sess-00719415,add_to_cart,2026-05-14 22:00:08.352560085,,"{""stage_rank"":1}"
evt-01245797,sess-00732171,page_view,2024-11-21 16:07:12.251561763,,"{""stage_rank"":0}"
evt-00548845,sess-00322450,page_view,2024-09-05 20:05:30.744644640,4.1.0,"{""stage_rank"":0}"
evt-00114210,sess-00067002,page_view,2023-08-06 02:24:38.627575921,,"{""stage_rank"":0}"
evt-01276946,sess-00750477,add_to_cart,2024-11-29 17:54:02.518230316,4.2.0,"{""stage_rank"":1}"
evt-00136972,sess-00080366,add_to_cart,2023-05-29 17:09:47.663909830,,"{""stage_rank"":1}"
evt-00536530,sess-00315292,page_view,2024-03-19 15:49:01.342365790,4.0.0,"{""stage_rank"":0}"
evt-01481049,sess-00870247,page_view,2024-02-16 22:59:16.081217994,4.0.0,"{""stage_rank"":0}"
evt-01029361,sess-00605110,page_view,2023-03-17 16:21:19.136912354,,"{""stage_rank"":0}"
evt-01055237,sess-00620345,checkout,2025-03-23 17:42:56.948731197,4.3.0,"{""stage_rank"":2}"
evt-00233787,sess-00137429,page_view,2024-07-08 21:04:30.890389517,4.0.0,"{""stage_rank"":0}"
evt-01590748,sess-00934780,page_view,2025-07-14 16:14:07.351227826,,"{""stage_rank"":0}"
evt-01638574,sess-00963023,page_view,2024-12-21 11:07:29.118873752,4.2.0,"{""stage_rank"":0}"
evt-01451391,sess-00852838,add_to_cart,2024-12-13 00:00:40.149802691,4.2.0,"{""stage_rank"":1}"
evt-00703860,sess-00413706,add_to_cart,2026-03-19 20:32:35.084585585,4.4.0,"{""stage_rank"":1}"
evt-00106920,sess-00062761,page_view,2026-06-07 18:59:43.179229197,4.4.0,"{""stage_rank"":0}"
evt-00521520,sess-00306500,page_view,2024-06-26 17:03:37.935757132,,"{""stage_rank"":0}"
evt-00330508,sess-00194237,page_view,2023-02-10 21:30:15.356085976,,"{""stage_rank"":0}"
evt-01572135,sess-00923809,page_view,2024-09-08 19:08:32.674094403,4.1.0,"{""stage_rank"":0}"
evt-00382693,sess-00224963,add_to_cart,2026-01-20 17:16:55.714464710,,"{""stage_rank"":1}"
evt-00097204,sess-00057068,page_view,2024-06-03 13:56:02.775350696,,"{""stage_rank"":0}"
evt-01076643,sess-00632886,add_to_cart,2024-06-10 12:17:25.204026139,4.0.0,"{""stage_rank"":1}"
evt-00557319,sess-00327383,checkout,2026-02-21 14:10:14.645401469,4.4.0,"{""stage_rank"":2}"
evt-01067239,sess-00627311,page_view,2025-02-20 19:36:18.952877500,4.3.0,"{""stage_rank"":0}"
evt-01524889,sess-00896060,add_to_cart,2023-08-31 19:15:57.636601406,3.8.0,"{""stage_rank"":1}"
evt-01203575,sess-00707367,add_to_cart,2024-12-26 06:08:24.839090440,4.2.0,"{""stage_rank"":1}"
evt-00167251,sess-00098184,add_to_cart,2025-10-04 23:38:09.206095147,4.4.0,"{""stage_rank"":1}"
evt-01178327,sess-00692608,add_to_cart,2025-02-16 16:55:48.227313685,4.3.0,"{""stage_rank"":1}"
evt-01659435,sess-00975204,page_view,2023-12-26 21:52:00.521946586,3.8.0,"{""stage_rank"":0}"
evt-01255617,sess-00737995,add_to_cart,2025-08-31 18:29:52.185987496,,"{""stage_rank"":1}"
evt-01023337,sess-00601587,checkout,2024-12-20 06:51:55.519821850,4.2.0,"{""stage_rank"":2}"
evt-00753305,sess-00442739,purchase,2025-07-21 19:07:27.964126707,4.3.0,"{""stage_rank"":3}"
evt-00282609,sess-00166033,add_to_cart,2023-08-27 18:50:27.451168495,3.8.0,"{""stage_rank"":1}"
evt-00071406,sess-00041955,page_view,2024-11-07 22:17:34.156640941,4.1.0,"{""stage_rank"":0}"
evt-01283747,sess-00754475,page_view,2025-11-04 21:24:23.896635894,4.4.0,"{""stage_rank"":0}"
evt-00679987,sess-00399642,page_view,2025-04-14 21:26:16.260655058,,"{""stage_rank"":0}"
evt-00171825,sess-00100906,page_view,2025-10-25 22:14:18.321312007,,"{""stage_rank"":0}"
evt-01514585,sess-00889998,add_to_cart,2025-06-06 17:06:33.756978852,,"{""stage_rank"":1}"
evt-01221783,sess-00718020,page_view,2025-01-07 01:53:04.388610409,4.2.0,"{""stage_rank"":0}"
evt-00895578,sess-00526406,page_view,2024-01-20 17:30:50.929228938,,"{""stage_rank"":0}"
evt-00653814,sess-00384304,page_view,2024-02-27 19:34:17.590514051,,"{""stage_rank"":0}"
evt-01470450,sess-00864010,page_view,2024-06-20 21:01:11.216369120,4.0.0,"{""stage_rank"":0}"
evt-00427030,sess-00251010,page_view,2024-04-12 22:52:14.876934408,4.0.0,"{""stage_rank"":0}"
evt-01025777,sess-00603005,purchase,2024-04-04 00:37:01.121625171,4.0.0,"{""stage_rank"":3}"
evt-01537815,sess-00903631,page_view,2025-03-09 20:20:32.324668938,4.3.0,"{""stage_rank"":0}"
evt-01627942,sess-00956757,checkout,2025-04-26 18:06:57.785465407,,"{""stage_rank"":2}"
evt-00180723,sess-00106103,page_view,2025-09-04 19:30:30.882354045,4.4.0,"{""stage_rank"":0}"
evt-01451979,sess-00853180,add_to_cart,2026-01-26 21:53:46.949206622,4.4.0,"{""stage_rank"":1}"
evt-00719242,sess-00422676,add_to_cart,2026-04-19 15:32:05.500480938,,"{""stage_rank"":1}"
evt-01334404,sess-00784168,add_to_cart,2024-05-11 22:49:59.376793307,,"{""stage_rank"":1}"
evt-00930968,sess-00547362,page_view,2025-10-03 21:03:47.805038732,4.4.0,"{""stage_rank"":0}"
evt-01524147,sess-00895612,page_view,2026-01-01 22:06:43.332499509,,"{""stage_rank"":0}"
evt-00732229,sess-00430325,page_view,2025-06-18 16:31:57.191236677,4.3.0,"{""stage_rank"":0}"
evt-00801642,sess-00471150,page_view,2025-10-27 22:42:39.342327701,4.4.0,"{""stage_rank"":0}"
evt-00788289,sess-00463291,page_view,2025-12-22 21:43:40.084574611,4.4.0,"{""stage_rank"":0}"
evt-01385629,sess-00814194,add_to_cart,2025-08-21 20:47:35.671280780,4.4.0,"{""stage_rank"":1}"
evt-00218736,sess-00128472,page_view,2025-08-24 11:03:53.329541861,,"{""stage_rank"":0}"
evt-01167804,sess-00686398,checkout,2025-02-03 01:58:27.534407508,4.3.0,"{""stage_rank"":2}"
evt-01544656,sess-00907691,page_view,2023-06-27 22:13:05.823720894,,"{""stage_rank"":0}"
evt-01573177,sess-00924406,page_view,2026-06-11 16:46:03.537178767,4.4.0,"{""stage_rank"":0}"
evt-00446951,sess-00262749,page_view,2024-04-05 23:39:27.380549933,,"{""stage_rank"":0}"
evt-00753831,sess-00443045,page_view,2025-04-17 19:39:27.263207356,4.3.0,"{""stage_rank"":0}"
evt-00788980,sess-00463712,page_view,2026-01-18 14:02:18.283495613,4.4.0,"{""stage_rank"":0}"
evt-01580712,sess-00928851,checkout,2023-01-09 12:18:40.459183209,,"{""stage_rank"":2}"
evt-00351126,sess-00206315,add_to_cart,2025-12-01 23:30:30.217422624,4.4.0,"{""stage_rank"":1}"
evt-01533781,sess-00901300,checkout,2026-01-30 01:43:47.310026019,,"{""stage_rank"":2}"
evt-00489569,sess-00287822,page_view,2024-08-16 19:53:36.961345916,4.1.0,"{""stage_rank"":0}"
evt-01035092,sess-00608463,checkout,2025-08-06 20:42:35.635830756,4.4.0,"{""stage_rank"":2}"
evt-00205748,sess-00120826,add_to_cart,2023-02-17 04:37:15.880805987,,"{""stage_rank"":1}"
evt-01131208,sess-00664909,checkout,2023-11-14 11:07:53.421800298,,"{""stage_rank"":2}"
evt-00597541,sess-00351084,add_to_cart,2023-11-16 21:40:39.711669545,,"{""stage_rank"":1}"
evt-00170073,sess-00099857,add_to_cart,2023-11-05 22:46:33.588865991,,"{""stage_rank"":1}"
evt-01125701,sess-00661648,page_view,2024-10-03 19:15:43.031997858,4.1.0,"{""stage_rank"":0}"
evt-00865509,sess-00508738,page_view,2026-05-23 19:41:54.894798326,,"{""stage_rank"":0}"
evt-00028159,sess-00016563,page_view,2025-02-18 13:19:54.821465265,,"{""stage_rank"":0}"
evt-01686633,sess-00991060,add_to_cart,2025-05-12 00:00:10.414899159,,"{""stage_rank"":1}"
evt-01681206,sess-00987881,page_view,2024-12-28 00:37:01.790797583,4.2.0,"{""stage_rank"":0}"
evt-01273153,sess-00748223,page_view,2023-06-10 18:47:40.640511015,,"{""stage_rank"":0}"
evt-01045722,sess-00614732,checkout,2023-10-09 20:41:51.619425257,3.8.0,"{""stage_rank"":2}"
evt-00003514,sess-00002106,page_view,2025-08-16 18:43:24.421571310,4.4.0,"{""stage_rank"":0}"
evt-00941705,sess-00553707,purchase,2023-10-31 02:36:04.728749808,,"{""stage_rank"":3}"
evt-00383932,sess-00225700,checkout,2023-07-18 14:40:16.734257015,3.8.0,"{""stage_rank"":2}"
evt-00666952,sess-00392031,page_view,2026-01-12 18:56:21.060695150,,"{""stage_rank"":0}"
evt-01266404,sess-00744289,page_view,2025-04-29 18:44:29.917252859,,"{""stage_rank"":0}"
evt-01342551,sess-00788946,add_to_cart,2023-08-14 01:00:19.006224720,3.8.0,"{""stage_rank"":1}"
evt-00342889,sess-00201509,page_view,2025-07-10 21:23:37.663415387,,"{""stage_rank"":0}"
evt-00895321,sess-00526261,page_view,2024-01-17 18:22:43.013303818,,"{""stage_rank"":0}"
evt-00131672,sess-00077236,page_view,2026-03-20 01:35:51.861497600,,"{""stage_rank"":0}"
evt-00473936,sess-00278635,add_to_cart,2024-08-01 20:45:13.816938950,,"{""stage_rank"":1}"
evt-00102261,sess-00060035,page_view,2023-07-13 18:23:54.813798983,3.8.0,"{""stage_rank"":0}"
evt-00358581,sess-00210694,add_to_cart,2025-07-31 19:19:06.852915768,4.3.0,"{""stage_rank"":1}"
evt-01197242,sess-00703656,checkout,2023-10-25 22:48:58.479274402,3.8.0,"{""stage_rank"":2}"
evt-00060726,sess-00035660,page_view,2023-08-16 20:39:57.077349269,3.8.0,"{""stage_rank"":0}"
evt-00519168,sess-00305154,add_to_cart,2025-01-28 00:19:54.501589352,,"{""stage_rank"":1}"
evt-01390123,sess-00816833,page_view,2023-12-29 18:23:37.490372956,,"{""stage_rank"":0}"
evt-01255112,sess-00737697,page_view,2023-07-03 21:17:18.568331245,,"{""stage_rank"":0}"
evt-01556869,sess-00914874,page_view,2025-07-19 03:42:51.400477615,,"{""stage_rank"":0}"
evt-00732468,sess-00430463,add_to_cart,2024-08-23 22:49:11.362031923,4.1.0,"{""stage_rank"":1}"
evt-01544233,sess-00907442,add_to_cart,2023-05-27 19:30:00.042694711,,"{""stage_rank"":1}"
evt-00106545,sess-00062541,page_view,2026-03-03 20:44:02.915301297,,"{""stage_rank"":0}"
evt-01190966,sess-00699985,page_view,2024-03-12 14:24:56.355029495,4.0.0,"{""stage_rank"":0}"
evt-00821705,sess-00482913,checkout,2025-11-11 20:16:38.901481192,4.4.0,"{""stage_rank"":2}"
evt-00586419,sess-00344565,page_view,2024-11-08 19:52:59.072278259,,"{""stage_rank"":0}"
evt-00651089,sess-00382686,purchase,2024-07-03 20:09:00.374564701,,"{""stage_rank"":3}"
evt-00386996,sess-00227453,page_view,2024-02-17 19:13:32.421327517,,"{""stage_rank"":0}"
evt-00706411,sess-00415208,add_to_cart,2024-10-25 13:40:13.546617124,4.1.0,"{""stage_rank"":1}"
evt-01098432,sess-00645685,add_to_cart,2025-09-17 15:16:49.682112814,,"{""stage_rank"":1}"
evt-01220001,sess-00716970,page_view,2026-06-14 23:26:10.094269254,4.4.0,"{""stage_rank"":0}"
evt-01677654,sess-00985827,page_view,2025-04-26 19:50:32.782563984,,"{""stage_rank"":0}"
evt-00253011,sess-00148700,page_view,2025-09-18 18:09:15.186995260,4.4.0,"{""stage_rank"":0}"
evt-00815310,sess-00479161,checkout,2023-12-15 17:11:57.817071457,3.8.0,"{""stage_rank"":2}"
evt-00031526,sess-00018517,purchase,2025-07-17 01:45:06.349710665,,"{""stage_rank"":3}"
evt-00560172,sess-00329120,page_view,2023-01-09 15:12:31.505821671,,"{""stage_rank"":0}"
evt-00143404,sess-00084161,page_view,2024-12-10 21:54:26.297235983,4.2.0,"{""stage_rank"":0}"
evt-01170631,sess-00688080,add_to_cart,2026-02-18 18:03:54.539328595,,"{""stage_rank"":1}"
evt-00111231,sess-00065285,checkout,2025-01-21 21:15:45.204735682,4.2.0,"{""stage_rank"":2}"
evt-00563262,sess-00330907,page_view,2024-04-08 21:16:34.969123049,4.0.0,"{""stage_rank"":0}"
evt-00551580,sess-00324049,page_view,2026-03-18 21:00:25.344421465,,"{""stage_rank"":0}"
evt-00184043,sess-00108112,page_view,2024-08-20 19:27:28.901134075,,"{""stage_rank"":0}"
evt-00642393,sess-00377499,checkout,2023-10-25 00:18:37.958692615,3.8.0,"{""stage_rank"":2}"
evt-01597889,sess-00938987,purchase,2025-09-18 01:35:55.485994598,4.4.0,"{""stage_rank"":3}"
evt-01612470,sess-00947565,page_view,2023-04-06 14:33:53.034658694,,"{""stage_rank"":0}"
evt-01518786,sess-00892479,page_view,2026-03-21 11:06:18.492447570,4.4.0,"{""stage_rank"":0}"
evt-00544454,sess-00319879,page_view,2026-05-17 05:01:08.881950707,4.4.0,"{""stage_rank"":0}"
evt-00416451,sess-00244865,page_view,2024-11-27 22:06:42.494711834,4.2.0,"{""stage_rank"":0}"
evt-00100380,sess-00058917,checkout,2023-02-21 19:43:30.374481283,,"{""stage_rank"":2}"
evt-00950750,sess-00559057,add_to_cart,2025-08-31 17:57:13.755757065,,"{""stage_rank"":1}"
evt-00595486,sess-00349868,page_view,2024-01-28 00:07:57.595071733,,"{""stage_rank"":0}"
evt-00634528,sess-00372807,page_view,2025-04-23 14:53:17.499395690,,"{""stage_rank"":0}"
evt-00241216,sess-00141837,page_view,2023-08-16 18:24:43.426040248,3.8.0,"{""stage_rank"":0}"
evt-00066266,sess-00038914,add_to_cart,2023-09-12 23:24:20.008116733,,"{""stage_rank"":1}"
evt-00068412,sess-00040186,page_view,2024-08-23 01:33:57.663035159,4.1.0,"{""stage_rank"":0}"
evt-01615403,sess-00949312,page_view,2025-11-23 18:40:53.561089525,4.4.0,"{""stage_rank"":0}"
evt-00753900,sess-00443087,page_view,2023-03-18 20:19:10.415478934,,"{""stage_rank"":0}"
evt-00141435,sess-00082997,page_view,2025-06-27 14:27:23.208369584,4.3.0,"{""stage_rank"":0}"
evt-01279951,sess-00752219,page_view,2024-05-23 22:03:57.893271911,,"{""stage_rank"":0}"
evt-00624673,sess-00366977,page_view,2024-02-13 21:22:11.466972463,4.0.0,"{""stage_rank"":0}"
evt-00361327,sess-00212316,checkout,2025-07-22 22:53:46.228336163,,"{""stage_rank"":2}"
evt-00113025,sess-00066336,page_view,2024-01-26 19:20:04.497158882,,"{""stage_rank"":0}"
evt-00891805,sess-00524168,add_to_cart,2025-11-05 01:03:15.968959856,4.4.0,"{""stage_rank"":1}"
evt-00029083,sess-00017104,add_to_cart,2025-08-02 17:49:02.273762996,,"{""stage_rank"":1}"
evt-00235146,sess-00138244,page_view,2023-06-24 15:50:21.318434868,3.8.0,"{""stage_rank"":0}"
evt-00516152,sess-00303367,page_view,2024-06-20 06:46:29.710089543,4.0.0,"{""stage_rank"":0}"
evt-00405526,sess-00238386,checkout,2025-01-20 21:13:25.563435010,,"{""stage_rank"":2}"
evt-00918161,sess-00539767,page_view,2024-02-04 20:02:59.215708537,,"{""stage_rank"":0}"
evt-00229194,sess-00134687,page_view,2023-06-26 11:50:07.870367802,3.8.0,"{""stage_rank"":0}"
evt-00487836,sess-00286819,page_view,2026-01-27 19:42:00.921898205,,"{""stage_rank"":0}"
evt-01226629,sess-00720922,page_view,2026-03-31 19:22:44.268065227,4.4.0,"{""stage_rank"":0}"
evt-01255964,sess-00738193,add_to_cart,2026-06-02 18:38:56.817853279,,"{""stage_rank"":1}"
evt-00880172,sess-00517332,page_view,2025-05-16 11:46:38.231751756,,"{""stage_rank"":0}"
evt-00962314,sess-00565827,page_view,2025-01-16 16:35:30.283393187,,"{""stage_rank"":0}"
evt-00489430,sess-00287748,page_view,2026-01-15 04:11:20.248064945,,"{""stage_rank"":0}"
evt-00892912,sess-00524827,checkout,2025-12-30 16:38:29.016007082,4.4.0,"{""stage_rank"":2}"
evt-00602802,sess-00354164,page_view,2023-10-06 20:36:15.786453127,,"{""stage_rank"":0}"
evt-00402551,sess-00236653,page_view,2026-01-27 21:51:32.954805593,4.4.0,"{""stage_rank"":0}"
evt-01015497,sess-00596988,page_view,2026-02-02 17:43:04.778703951,,"{""stage_rank"":0}"
evt-00294972,sess-00173279,add_to_cart,2024-08-24 16:27:45.996164725,,"{""stage_rank"":1}"
evt-00329355,sess-00193567,page_view,2023-05-23 22:55:38.512194286,,"{""stage_rank"":0}"
evt-01521107,sess-00893856,page_view,2025-04-21 17:32:40.385910428,,"{""stage_rank"":0}"
evt-01249162,sess-00734200,add_to_cart,2023-03-25 18:46:18.028442946,3.8.0,"{""stage_rank"":1}"
evt-01668550,sess-00980498,add_to_cart,2025-02-02 20:53:24.083197574,4.3.0,"{""stage_rank"":1}"
evt-01633932,sess-00960273,page_view,2023-04-29 17:50:43.899179047,,"{""stage_rank"":0}"
evt-01060594,sess-00623458,checkout,2025-05-13 20:59:49.404930689,,"{""stage_rank"":2}"
evt-01530835,sess-00899581,page_view,2025-02-24 17:04:28.182998452,,"{""stage_rank"":0}"
evt-01082385,sess-00636239,page_view,2026-04-06 01:00:26.061393983,4.4.0,"{""stage_rank"":0}"
evt-01009347,sess-00593417,page_view,2025-01-28 16:03:16.481243130,4.2.0,"{""stage_rank"":0}"
evt-01553943,sess-00913163,checkout,2024-06-12 18:55:01.532728510,,"{""stage_rank"":2}"
evt-01265599,sess-00743803,page_view,2025-04-09 16:44:41.945899786,,"{""stage_rank"":0}"
evt-01273008,sess-00748144,purchase,2025-12-31 22:36:27.964201345,,"{""stage_rank"":3}"
evt-01148447,sess-00675020,page_view,2024-01-15 16:05:33.201281991,3.8.0,"{""stage_rank"":0}"
evt-00330896,sess-00194470,page_view,2025-12-07 21:57:45.326866857,,"{""stage_rank"":0}"
evt-00704729,sess-00414220,page_view,2023-12-03 20:53:42.668087298,3.8.0,"{""stage_rank"":0}"
evt-00826355,sess-00485611,checkout,2024-10-14 19:54:05.780239129,,"{""stage_rank"":2}"
evt-01295349,sess-00761318,add_to_cart,2025-11-21 16:48:52.104087774,4.4.0,"{""stage_rank"":1}"
evt-01101485,sess-00647506,add_to_cart,2023-03-18 20:23:05.644939644,3.8.0,"{""stage_rank"":1}"
evt-01270035,sess-00746395,page_view,2024-01-11 21:00:11.748152485,3.8.0,"{""stage_rank"":0}"
evt-01483130,sess-00871466,page_view,2023-04-28 15:17:44.185054302,,"{""stage_rank"":0}"
evt-00022874,sess-00013488,page_view,2024-06-01 19:11:21.527188825,4.0.0,"{""stage_rank"":0}"
evt-01185801,sess-00696952,checkout,2025-10-30 02:39:16.574012215,4.4.0,"{""stage_rank"":2}"
evt-01527264,sess-00897459,page_view,2025-07-27 16:56:47.281787095,,"{""stage_rank"":0}"
evt-01418908,sess-00833804,page_view,2025-11-14 01:24:43.853995855,,"{""stage_rank"":0}"
evt-00079477,sess-00046709,page_view,2025-02-04 20:01:07.299855128,,"{""stage_rank"":0}"
evt-00316391,sess-00185893,page_view,2026-05-26 17:26:56.026256367,4.4.0,"{""stage_rank"":0}"
evt-01648072,sess-00968578,page_view,2025-01-26 04:17:17.956860736,,"{""stage_rank"":0}"
evt-00377766,sess-00222047,page_view,2025-06-27 22:07:40.808903360,4.3.0,"{""stage_rank"":0}"
evt-00020375,sess-00012045,page_view,2023-01-07 18:45:42.860826936,,"{""stage_rank"":0}"
evt-00791695,sess-00465312,checkout,2023-05-18 17:08:28.629160464,3.8.0,"{""stage_rank"":2}"
evt-00904181,sess-00531497,page_view,2024-06-08 19:10:39.124196405,,"{""stage_rank"":0}"
evt-01044150,sess-00613808,add_to_cart,2023-07-10 21:22:20.995483075,,"{""stage_rank"":1}"
evt-00530478,sess-00311698,page_view,2026-02-11 19:40:23.721143560,4.4.0,"{""stage_rank"":0}"
evt-01665695,sess-00978846,add_to_cart,2023-04-19 23:37:25.141377371,,"{""stage_rank"":1}"
evt-01519816,sess-00893090,checkout,2023-06-14 17:21:05.031836673,3.8.0,"{""stage_rank"":2}"
evt-00209419,sess-00123012,add_to_cart,2024-09-29 11:55:02.558873724,,"{""stage_rank"":1}"
evt-00571509,sess-00335744,page_view,2024-01-09 16:46:43.629965978,,"{""stage_rank"":0}"
evt-00477920,sess-00281003,checkout,2025-10-11 20:20:43.056271489,,"{""stage_rank"":2}"
evt-00922905,sess-00542578,add_to_cart,2025-06-26 15:48:20.016268817,4.3.0,"{""stage_rank"":1}"
evt-00688863,sess-00404881,add_to_cart,2025-02-16 20:10:50.298154472,,"{""stage_rank"":1}"
evt-01080017,sess-00634844,page_view,2024-11-21 19:23:16.693999914,4.2.0,"{""stage_rank"":0}"
evt-01167815,sess-00686402,checkout,2026-04-13 23:39:54.113458433,,"{""stage_rank"":2}"
evt-01248068,sess-00733539,add_to_cart,2026-02-04 21:25:03.465327414,4.4.0,"{""stage_rank"":1}"
evt-01634742,sess-00960756,add_to_cart,2024-05-02 21:26:19.322854802,4.0.0,"{""stage_rank"":1}"
evt-00128538,sess-00075394,page_view,2026-01-31 19:20:30.396185477,,"{""stage_rank"":0}"
evt-00892052,sess-00524314,page_view,2025-07-28 02:07:24.124459973,,"{""stage_rank"":0}"
evt-00390493,sess-00229538,page_view,2024-12-18 17:14:22.206790451,4.2.0,"{""stage_rank"":0}"
evt-01233030,sess-00724670,page_view,2025-07-05 00:06:09.601643334,4.3.0,"{""stage_rank"":0}"
evt-00729736,sess-00428834,add_to_cart,2025-01-14 15:09:11.735525401,4.2.0,"{""stage_rank"":1}"
evt-00914014,sess-00537370,page_view,2023-04-22 19:31:13.932612940,3.8.0,"{""stage_rank"":0}"
evt-00968287,sess-00569406,page_view,2024-07-13 17:12:18.790902728,4.0.0,"{""stage_rank"":0}"
evt-01153895,sess-00678241,page_view,2024-10-12 02:44:35.959587662,,"{""stage_rank"":0}"
evt-00667820,sess-00392523,page_view,2023-11-11 02:03:06.917462689,3.8.0,"{""stage_rank"":0}"
evt-01433408,sess-00842302,page_view,2025-05-10 21:48:03.365311893,4.3.0,"{""stage_rank"":0}"
evt-00721876,sess-00424251,add_to_cart,2024-02-22 22:28:06.395281559,4.0.0,"{""stage_rank"":1}"
evt-01676990,sess-00985421,add_to_cart,2026-03-30 01:43:08.687542944,4.4.0,"{""stage_rank"":1}"
evt-00067384,sess-00039581,page_view,2025-08-07 02:40:21.736918671,4.4.0,"{""stage_rank"":0}"
evt-00528121,sess-00310338,checkout,2025-08-26 17:19:55.648791662,4.4.0,"{""stage_rank"":2}"
evt-00523081,sess-00307389,page_view,2023-04-04 21:22:25.193859917,3.8.0,"{""stage_rank"":0}"
evt-01598179,sess-00939146,page_view,2026-06-03 16:23:59.730435874,,"{""stage_rank"":0}"
evt-01617424,sess-00950512,page_view,2023-04-25 00:49:21.098055901,3.8.0,"{""stage_rank"":0}"
evt-00412446,sess-00242503,page_view,2024-07-19 23:20:46.923629348,,"{""stage_rank"":0}"
evt-00537730,sess-00315981,page_view,2024-10-29 18:09:40.661032640,4.1.0,"{""stage_rank"":0}"
evt-00042096,sess-00024701,add_to_cart,2025-05-18 19:42:00.973322905,,"{""stage_rank"":1}"
evt-01128747,sess-00663460,page_view,2025-12-21 17:05:29.440644740,,"{""stage_rank"":0}"
evt-01249123,sess-00734178,add_to_cart,2023-03-01 16:06:00.583794990,3.8.0,"{""stage_rank"":1}"
evt-01116662,sess-00656352,page_view,2024-03-15 16:27:58.938200976,,"{""stage_rank"":0}"
evt-00963291,sess-00566443,page_view,2024-11-05 14:36:53.741962590,4.1.0,"{""stage_rank"":0}"
evt-00759172,sess-00446171,add_to_cart,2026-03-19 23:45:38.060649277,,"{""stage_rank"":1}"
evt-01155236,sess-00679045,page_view,2024-10-19 00:21:59.969122287,4.1.0,"{""stage_rank"":0}"
evt-00333938,sess-00196247,add_to_cart,2026-04-08 13:16:48.161437532,4.4.0,"{""stage_rank"":1}"
evt-00178446,sess-00104754,page_view,2026-01-24 14:44:03.988470887,4.4.0,"{""stage_rank"":0}"
evt-00172407,sess-00101254,add_to_cart,2023-12-28 20:21:39.196082991,3.8.0,"{""stage_rank"":1}"
evt-01280439,sess-00752502,page_view,2024-01-14 18:31:29.166685253,,"{""stage_rank"":0}"
evt-00780112,sess-00458474,page_view,2026-06-05 23:50:38.682577480,4.4.0,"{""stage_rank"":0}"
evt-01505225,sess-00884475,checkout,2024-06-23 22:09:32.786030239,4.0.0,"{""stage_rank"":2}"
evt-00692419,sess-00406987,page_view,2025-11-14 16:03:00.720065045,4.4.0,"{""stage_rank"":0}"
evt-01154961,sess-00678880,page_view,2024-08-16 00:33:48.479706184,,"{""stage_rank"":0}"
evt-00202124,sess-00118683,page_view,2024-12-04 02:06:14.688982369,4.2.0,"{""stage_rank"":0}"
evt-01447703,sess-00850701,page_view,2024-07-21 00:08:24.688357889,4.0.0,"{""stage_rank"":0}"
evt-01278335,sess-00751278,add_to_cart,2026-04-19 22:16:27.166520890,,"{""stage_rank"":1}"
evt-00004118,sess-00002466,page_view,2025-10-14 00:57:18.041929325,4.4.0,"{""stage_rank"":0}"
evt-00301098,sess-00176868,page_view,2023-09-08 19:40:42.031225738,,"{""stage_rank"":0}"
evt-00263639,sess-00154961,page_view,2026-06-15 02:17:08.124943965,4.4.0,"{""stage_rank"":0}"
evt-01379834,sess-00810768,checkout,2024-11-30 19:39:22.819911171,,"{""stage_rank"":2}"
evt-00964546,sess-00567202,page_view,2026-03-20 16:43:51.282581363,,"{""stage_rank"":0}"
evt-00552159,sess-00324375,page_view,2024-08-29 20:00:47.503084078,,"{""stage_rank"":0}"
evt-00033547,sess-00019695,page_view,2023-12-21 18:38:52.158517152,,"{""stage_rank"":0}"
evt-01628220,sess-00956920,page_view,2025-04-14 01:07:14.988861255,,"{""stage_rank"":0}"
evt-00792184,sess-00465610,add_to_cart,2025-02-13 18:37:35.520039713,4.3.0,"{""stage_rank"":1}"
evt-01104593,sess-00649320,add_to_cart,2025-08-15 20:31:52.726405325,,"{""stage_rank"":1}"
evt-00588270,sess-00345671,page_view,2024-05-17 04:44:18.494753926,,"{""stage_rank"":0}"
evt-00503147,sess-00295804,add_to_cart,2025-01-02 19:42:42.772372580,,"{""stage_rank"":1}"
evt-00148476,sess-00087163,page_view,2023-10-11 20:11:59.508451655,3.8.0,"{""stage_rank"":0}"
evt-00208539,sess-00122484,page_view,2026-01-31 15:29:55.012278790,4.4.0,"{""stage_rank"":0}"
evt-00583981,sess-00343094,page_view,2026-03-31 21:41:24.238485350,4.4.0,"{""stage_rank"":0}"
evt-00836403,sess-00491605,checkout,2026-01-14 23:52:45.273313278,,"{""stage_rank"":2}"
evt-01381685,sess-00811841,add_to_cart,2024-06-07 18:37:05.899855324,4.0.0,"{""stage_rank"":1}"
evt-00560344,sess-00329223,page_view,2023-04-10 16:07:12.913194819,,"{""stage_rank"":0}"
evt-00403981,sess-00237467,add_to_cart,2026-01-23 22:15:05.686479603,4.4.0,"{""stage_rank"":1}"
evt-00954472,sess-00561234,add_to_cart,2023-02-20 21:22:19.935184482,,"{""stage_rank"":1}"
evt-01241318,sess-00729511,add_to_cart,2025-06-02 19:21:41.812540974,,"{""stage_rank"":1}"
evt-00641808,sess-00377143,page_view,2024-03-07 18:13:19.720003103,,"{""stage_rank"":0}"
evt-01682864,sess-00988854,add_to_cart,2024-06-07 18:22:55.192975682,,"{""stage_rank"":1}"
evt-00662589,sess-00389434,page_view,2026-02-15 14:17:54.732996133,,"{""stage_rank"":0}"
evt-00039799,sess-00023360,page_view,2025-12-20 14:59:00.170043084,,"{""stage_rank"":0}"
evt-00655912,sess-00385530,page_view,2023-09-28 19:59:17.471587795,,"{""stage_rank"":0}"
evt-00699739,sess-00411304,purchase,2026-04-19 18:32:17.312623443,,"{""stage_rank"":3}"
evt-00787421,sess-00462770,page_view,2025-09-01 20:01:07.097664307,,"{""stage_rank"":0}"
evt-01355102,sess-00796307,page_view,2025-09-03 22:47:38.978757441,,"{""stage_rank"":0}"
evt-00852370,sess-00501043,page_view,2025-06-10 16:55:00.212510490,,"{""stage_rank"":0}"
evt-00761830,sess-00447758,page_view,2025-12-23 01:43:29.440259636,,"{""stage_rank"":0}"
evt-00830938,sess-00488329,add_to_cart,2025-11-11 19:44:42.056284542,4.4.0,"{""stage_rank"":1}"
evt-00999842,sess-00587885,page_view,2024-10-06 13:50:34.527535820,4.1.0,"{""stage_rank"":0}"
evt-00334290,sess-00196460,checkout,2025-07-08 19:46:09.276755177,,"{""stage_rank"":2}"
evt-01509954,sess-00887265,add_to_cart,2023-08-08 21:10:20.140555217,3.8.0,"{""stage_rank"":1}"
evt-00614994,sess-00361292,add_to_cart,2023-06-09 14:30:54.937604575,,"{""stage_rank"":1}"
evt-01125470,sess-00661511,page_view,2024-10-08 19:43:52.100785583,,"{""stage_rank"":0}"
evt-00740681,sess-00435289,add_to_cart,2024-08-20 23:37:25.514230414,,"{""stage_rank"":1}"
evt-00141672,sess-00083144,page_view,2023-07-19 20:40:37.094303409,,"{""stage_rank"":0}"
evt-01409213,sess-00828123,page_view,2024-12-07 14:43:18.218084340,,"{""stage_rank"":0}"
evt-00733496,sess-00431073,checkout,2023-02-18 18:54:48.370104691,3.8.0,"{""stage_rank"":2}"
evt-00664217,sess-00390387,add_to_cart,2023-05-13 11:30:04.084869725,,"{""stage_rank"":1}"
evt-01357226,sess-00797564,page_view,2023-03-18 00:00:06.554660926,,"{""stage_rank"":0}"
evt-00378318,sess-00222387,page_view,2024-03-30 21:23:15.832247939,,"{""stage_rank"":0}"
evt-00250197,sess-00147090,add_to_cart,2026-01-27 23:41:46.467318681,,"{""stage_rank"":1}"
evt-00493151,sess-00289936,page_view,2025-01-29 23:41:24.890866505,,"{""stage_rank"":0}"
evt-00542664,sess-00318827,page_view,2023-04-29 03:11:14.534832984,,"{""stage_rank"":0}"
evt-00335583,sess-00197256,add_to_cart,2025-11-22 20:36:32.380494543,4.4.0,"{""stage_rank"":1}"
evt-01603062,sess-00942003,add_to_cart,2024-06-07 22:35:54.685741160,4.0.0,"{""stage_rank"":1}"
evt-00341642,sess-00200784,add_to_cart,2026-01-12 17:19:07.725210900,,"{""stage_rank"":1}"
evt-00659246,sess-00387480,add_to_cart,2023-08-30 13:35:25.014921035,3.8.0,"{""stage_rank"":1}"
evt-00460460,sess-00270748,page_view,2023-05-21 17:11:26.161410864,,"{""stage_rank"":0}"
evt-00541305,sess-00318061,page_view,2024-03-01 21:29:48.302720629,,"{""stage_rank"":0}"
evt-01203189,sess-00707144,page_view,2025-01-13 00:20:35.208938653,,"{""stage_rank"":0}"
evt-01385621,sess-00814190,page_view,2025-06-29 19:49:04.219678669,4.3.0,"{""stage_rank"":0}"
evt-01360428,sess-00799421,add_to_cart,2025-06-09 14:22:03.593746457,,"{""stage_rank"":1}"
evt-01538455,sess-00904015,checkout,2025-05-21 14:49:21.762153013,4.3.0,"{""stage_rank"":2}"
evt-01259242,sess-00740119,page_view,2025-07-08 19:24:29.658146674,4.3.0,"{""stage_rank"":0}"
evt-00029281,sess-00017213,page_view,2023-03-20 16:17:58.265530808,,"{""stage_rank"":0}"
evt-00565439,sess-00332196,add_to_cart,2024-04-11 03:37:01.457691724,,"{""stage_rank"":1}"
evt-00736966,sess-00433141,checkout,2023-06-14 18:01:58.361161486,3.8.0,"{""stage_rank"":2}"
evt-01695241,sess-00996114,page_view,2024-07-10 16:37:58.193523208,4.0.0,"{""stage_rank"":0}"
evt-01700644,sess-00999296,page_view,2024-07-02 22:13:53.226602430,,"{""stage_rank"":0}"
evt-01596439,sess-00938121,page_view,2023-03-30 19:02:28.193521871,3.8.0,"{""stage_rank"":0}"
evt-01662779,sess-00977150,page_view,2023-04-10 19:30:20.962143413,,"{""stage_rank"":0}"
evt-00254585,sess-00149635,add_to_cart,2025-11-13 16:40:36.798581410,4.4.0,"{""stage_rank"":1}"
evt-00565527,sess-00332248,checkout,2025-12-13 00:18:38.567513800,4.4.0,"{""stage_rank"":2}"
evt-00245514,sess-00144347,checkout,2024-03-20 21:27:48.641523222,,"{""stage_rank"":2}"
evt-00333452,sess-00195950,page_view,2023-04-22 01:04:57.917566859,,"{""stage_rank"":0}"
evt-01620448,sess-00952319,add_to_cart,2023-04-09 21:47:34.352985476,,"{""stage_rank"":1}"
evt-00990148,sess-00582282,page_view,2023-04-05 14:23:25.083400864,3.8.0,"{""stage_rank"":0}"
evt-00679317,sess-00399248,page_view,2025-02-07 18:28:23.295124070,,"{""stage_rank"":0}"
evt-01313029,sess-00771674,page_view,2026-04-28 16:16:03.251001077,4.4.0,"{""stage_rank"":0}"
evt-00259741,sess-00152678,add_to_cart,2025-06-14 01:19:32.448240689,4.3.0,"{""stage_rank"":1}"
evt-00531464,sess-00312284,page_view,2023-07-18 15:47:42.199244334,3.8.0,"{""stage_rank"":0}"
evt-01671045,sess-00981948,page_view,2023-09-11 18:14:52.754560648,,"{""stage_rank"":0}"
evt-00768775,sess-00451845,checkout,2025-05-13 16:57:49.538129845,,"{""stage_rank"":2}"
evt-00253759,sess-00149133,add_to_cart,2024-05-03 20:22:37.502610073,,"{""stage_rank"":1}"
evt-00523245,sess-00307481,add_to_cart,2025-05-17 21:38:59.361758962,,"{""stage_rank"":1}"
evt-00854331,sess-00502188,page_view,2024-06-22 18:46:31.571784755,,"{""stage_rank"":0}"
evt-00568278,sess-00333839,page_view,2026-03-21 16:54:02.424461965,,"{""stage_rank"":0}"
evt-01564808,sess-00919482,page_view,2024-11-12 18:17:59.726721302,,"{""stage_rank"":0}"
evt-01327345,sess-00780063,add_to_cart,2024-04-24 18:26:25.447243571,4.0.0,"{""stage_rank"":1}"
evt-01627378,sess-00956419,page_view,2024-05-14 01:32:56.635927546,4.0.0,"{""stage_rank"":0}"
evt-01042859,sess-00613030,checkout,2026-01-31 18:04:53.185448977,4.4.0,"{""stage_rank"":2}"
evt-01546783,sess-00908940,add_to_cart,2026-04-01 17:51:21.168538484,,"{""stage_rank"":1}"
evt-00063648,sess-00037385,page_view,2025-03-07 23:50:47.103216181,,"{""stage_rank"":0}"
evt-00960741,sess-00564904,page_view,2024-11-30 18:55:30.561797164,4.2.0,"{""stage_rank"":0}"
evt-01649566,sess-00969470,page_view,2023-06-01 21:00:11.661473349,,"{""stage_rank"":0}"
evt-01287738,sess-00756833,page_view,2025-03-31 18:10:20.413091886,,"{""stage_rank"":0}"
evt-00003593,sess-00002141,checkout,2025-12-05 02:37:36.935433080,,"{""stage_rank"":2}"
evt-00161652,sess-00094908,page_view,2023-01-05 14:44:44.548413501,3.8.0,"{""stage_rank"":0}"
evt-00944143,sess-00555155,add_to_cart,2025-04-30 18:29:36.060403715,,"{""stage_rank"":1}"
evt-00157717,sess-00092616,page_view,2025-05-10 23:53:22.845941112,,"{""stage_rank"":0}"
evt-01093022,sess-00642497,page_view,2025-11-30 15:16:38.854182302,,"{""stage_rank"":0}"
evt-00615498,sess-00361585,page_view,2026-02-13 23:14:04.086729910,4.4.0,"{""stage_rank"":0}"
evt-00946945,sess-00556827,page_view,2023-12-06 23:23:36.166329784,3.8.0,"{""stage_rank"":0}"
evt-00598115,sess-00351409,page_view,2024-01-30 14:09:06.633265294,3.8.0,"{""stage_rank"":0}"
evt-01382340,sess-00812236,page_view,2025-12-16 22:49:46.961626593,,"{""stage_rank"":0}"
evt-00605265,sess-00355620,page_view,2025-06-06 15:20:40.825019396,,"{""stage_rank"":0}"
evt-01685966,sess-00990674,add_to_cart,2024-01-05 13:56:37.552841643,,"{""stage_rank"":1}"
evt-00512065,sess-00300972,page_view,2025-12-27 20:21:01.924048148,4.4.0,"{""stage_rank"":0}"
evt-01111561,sess-00653390,add_to_cart,2024-11-21 18:24:35.701078152,,"{""stage_rank"":1}"
evt-01329076,sess-00781083,page_view,2025-12-03 04:58:04.376195238,,"{""stage_rank"":0}"
evt-00046161,sess-00027060,add_to_cart,2024-06-13 21:53:10.432629292,4.0.0,"{""stage_rank"":1}"
evt-00977912,sess-00575058,page_view,2023-04-11 18:07:00.749363443,3.8.0,"{""stage_rank"":0}"
evt-00123559,sess-00072453,page_view,2025-01-08 23:16:08.257695251,,"{""stage_rank"":0}"
evt-01169425,sess-00687367,checkout,2023-05-14 16:04:35.921803136,3.8.0,"{""stage_rank"":2}"
evt-00652147,sess-00383315,page_view,2025-02-17 23:19:29.063455176,,"{""stage_rank"":0}"
evt-00889182,sess-00522631,add_to_cart,2023-11-23 16:31:30.819888400,,"{""stage_rank"":1}"
evt-00871664,sess-00512333,page_view,2025-07-21 16:51:00.321857928,4.3.0,"{""stage_rank"":0}"
evt-00393719,sess-00231407,add_to_cart,2023-07-04 00:04:01.972109298,,"{""stage_rank"":1}"
evt-00052099,sess-00030559,purchase,2024-02-14 22:46:55.492560276,4.0.0,"{""stage_rank"":3}"
evt-00900004,sess-00529047,add_to_cart,2023-08-25 17:43:07.457313876,3.8.0,"{""stage_rank"":1}"
evt-01288169,sess-00757084,page_view,2025-08-04 18:13:35.771829111,4.4.0,"{""stage_rank"":0}"
evt-00589288,sess-00346256,page_view,2025-02-25 23:10:23.112223683,,"{""stage_rank"":0}"
evt-01018337,sess-00598676,page_view,2023-11-08 20:16:42.845162153,,"{""stage_rank"":0}"
evt-01114666,sess-00655211,page_view,2024-04-10 21:39:05.659379971,,"{""stage_rank"":0}"
evt-01252271,sess-00736005,page_view,2025-11-08 16:48:40.897808666,4.4.0,"{""stage_rank"":0}"
evt-00134813,sess-00079080,page_view,2023-06-20 23:02:30.864520744,,"{""stage_rank"":0}"
evt-01207751,sess-00709787,page_view,2023-02-07 21:59:29.090937632,3.8.0,"{""stage_rank"":0}"
evt-00770437,sess-00452802,add_to_cart,2026-03-26 16:46:56.391108005,4.4.0,"{""stage_rank"":1}"
evt-01165391,sess-00684990,page_view,2024-11-17 01:38:29.168250276,,"{""stage_rank"":0}"
evt-00020595,sess-00012187,page_view,2024-11-20 21:20:52.476831861,,"{""stage_rank"":0}"
evt-00029293,sess-00017221,page_view,2026-05-07 01:10:59.430163094,,"{""stage_rank"":0}"
evt-01254942,sess-00737603,page_view,2023-08-07 17:23:53.998819439,,"{""stage_rank"":0}"
evt-01655404,sess-00972876,page_view,2025-03-30 20:49:51.117893707,,"{""stage_rank"":0}"
evt-01371474,sess-00805887,page_view,2024-02-19 18:13:53.793146743,4.0.0,"{""stage_rank"":0}"
evt-00911199,sess-00535720,page_view,2024-01-11 18:31:48.921092489,3.8.0,"{""stage_rank"":0}"
evt-01228623,sess-00722067,page_view,2024-10-23 17:54:43.850510887,4.1.0,"{""stage_rank"":0}"
evt-00643126,sess-00377947,page_view,2025-12-01 01:21:09.509171050,4.4.0,"{""stage_rank"":0}"
evt-00825278,sess-00485005,page_view,2025-04-10 18:44:03.662379503,,"{""stage_rank"":0}"
evt-00126892,sess-00074424,add_to_cart,2025-02-08 16:57:18.036107793,,"{""stage_rank"":1}"
evt-00367566,sess-00216037,checkout,2026-06-27 00:53:51.869408870,,"{""stage_rank"":2}"
evt-01347841,sess-00792050,page_view,2025-09-24 16:36:01.756944326,,"{""stage_rank"":0}"
evt-01659919,sess-00975479,page_view,2026-01-03 17:17:22.758780098,4.4.0,"{""stage_rank"":0}"
evt-01568443,sess-00921643,page_view,2025-05-15 01:59:25.697355963,,"{""stage_rank"":0}"
evt-01467961,sess-00862559,page_view,2023-12-01 00:26:17.963507126,,"{""stage_rank"":0}"
evt-00196260,sess-00115214,add_to_cart,2025-11-27 18:53:36.357946102,4.4.0,"{""stage_rank"":1}"
evt-01353540,sess-00795379,add_to_cart,2024-07-14 22:14:26.327056380,4.0.0,"{""stage_rank"":1}"
evt-01363638,sess-00801340,page_view,2024-12-23 19:48:50.438597039,4.2.0,"{""stage_rank"":0}"
evt-00486322,sess-00285932,page_view,2026-01-28 15:02:29.222345265,4.4.0,"{""stage_rank"":0}"
evt-00844381,sess-00496321,page_view,2025-01-25 16:55:15.797037950,4.2.0,"{""stage_rank"":0}"
evt-00455349,sess-00267722,add_to_cart,2023-07-26 21:45:49.046311494,3.8.0,"{""stage_rank"":1}"
evt-00885251,sess-00520329,checkout,2023-02-21 01:48:29.508548319,,"{""stage_rank"":2}"
evt-00042819,sess-00025121,add_to_cart,2025-10-25 03:27:31.403946906,4.4.0,"{""stage_rank"":1}"
evt-01215790,sess-00714498,add_to_cart,2025-10-06 17:24:33.345244539,4.4.0,"{""stage_rank"":1}"
evt-00978121,sess-00575181,page_view,2024-01-11 23:36:49.911325854,3.8.0,"{""stage_rank"":0}"
evt-00227799,sess-00133844,page_view,2025-02-11 18:03:50.794036025,,"{""stage_rank"":0}"
evt-00741544,sess-00435789,page_view,2025-07-17 20:17:49.443123890,4.3.0,"{""stage_rank"":0}"
evt-01572606,sess-00924072,page_view,2026-04-09 22:20:31.152027472,4.4.0,"{""stage_rank"":0}"
evt-00121593,sess-00071303,page_view,2025-06-07 17:33:37.192603890,4.3.0,"{""stage_rank"":0}"
evt-00248386,sess-00146057,page_view,2026-01-31 17:37:31.292166965,4.4.0,"{""stage_rank"":0}"
evt-00998832,sess-00587291,page_view,2024-09-07 15:40:40.189266425,4.1.0,"{""stage_rank"":0}"
evt-00554081,sess-00325503,add_to_cart,2025-01-07 13:41:35.244161371,,"{""stage_rank"":1}"
evt-00865457,sess-00508710,checkout,2023-07-23 16:53:27.343844656,3.8.0,"{""stage_rank"":2}"
evt-00084105,sess-00049411,page_view,2023-08-27 20:10:26.587780385,,"{""stage_rank"":0}"
evt-00362596,sess-00213073,add_to_cart,2023-06-23 19:09:10.799873314,,"{""stage_rank"":1}"
evt-00821744,sess-00482939,checkout,2023-11-02 20:58:31.516445999,,"{""stage_rank"":2}"
evt-00554659,sess-00325845,page_view,2023-01-19 16:19:42.332596379,3.8.0,"{""stage_rank"":0}"
evt-01683043,sess-00988955,add_to_cart,2025-05-05 22:30:05.275803653,,"{""stage_rank"":1}"
evt-00770229,sess-00452689,page_view,2026-04-04 19:08:59.192483654,,"{""stage_rank"":0}"
evt-00196328,sess-00115257,page_view,2025-01-12 21:23:26.026291954,,"{""stage_rank"":0}"
evt-00070932,sess-00041673,page_view,2024-03-08 16:08:30.861250354,4.0.0,"{""stage_rank"":0}"
evt-01384469,sess-00813504,page_view,2026-06-14 05:39:01.105029294,4.4.0,"{""stage_rank"":0}"
evt-00862511,sess-00506998,add_to_cart,2026-01-20 20:27:17.585136015,4.4.0,"{""stage_rank"":1}"
evt-00120896,sess-00070882,page_view,2023-07-23 19:09:41.009123495,,"{""stage_rank"":0}"
evt-00214240,sess-00125820,add_to_cart,2023-06-19 14:35:08.843008459,3.8.0,"{""stage_rank"":1}"
evt-00612731,sess-00359979,add_to_cart,2025-03-24 18:23:48.943656953,4.3.0,"{""stage_rank"":1}"
evt-01240081,sess-00728778,page_view,2025-10-26 01:09:49.587148966,4.4.0,"{""stage_rank"":0}"
evt-01434532,sess-00842966,add_to_cart,2024-05-10 01:53:59.134479173,4.0.0,"{""stage_rank"":1}"
evt-00386607,sess-00227223,page_view,2023-01-13 19:57:52.387333125,,"{""stage_rank"":0}"
evt-00986935,sess-00580405,page_view,2026-06-04 18:33:49.426366038,,"{""stage_rank"":0}"
evt-00794439,sess-00466932,page_view,2025-06-24 18:00:18.012229589,,"{""stage_rank"":0}"
evt-00656995,sess-00386169,add_to_cart,2023-05-04 19:18:11.299971457,,"{""stage_rank"":1}"
evt-01608041,sess-00944927,add_to_cart,2024-12-27 20:13:30.825236953,,"{""stage_rank"":1}"
evt-00852139,sess-00500905,page_view,2024-08-09 13:42:05.243367208,,"{""stage_rank"":0}"
evt-00196108,sess-00115125,page_view,2025-11-23 21:32:37.796186398,,"{""stage_rank"":0}"
evt-00978450,sess-00575381,page_view,2024-01-22 00:35:41.538060303,3.8.0,"{""stage_rank"":0}"
evt-01171569,sess-00688627,add_to_cart,2023-07-26 21:27:14.187151556,3.8.0,"{""stage_rank"":1}"
evt-01492463,sess-00876907,checkout,2023-08-23 01:55:51.661107876,3.8.0,"{""stage_rank"":2}"
evt-01464549,sess-00860550,checkout,2023-07-13 23:33:53.417925353,3.8.0,"{""stage_rank"":2}"
evt-00249030,sess-00146429,page_view,2026-04-13 13:24:49.578698538,,"{""stage_rank"":0}"
evt-01402684,sess-00824321,checkout,2026-05-18 19:48:49.984987767,,"{""stage_rank"":2}"
evt-01661520,sess-00976417,add_to_cart,2023-02-19 23:21:46.616271212,3.8.0,"{""stage_rank"":1}"
evt-00183759,sess-00107932,add_to_cart,2026-04-04 16:14:11.682704343,,"{""stage_rank"":1}"
evt-00334892,sess-00196839,add_to_cart,2025-03-10 15:39:24.637052041,,"{""stage_rank"":1}"
evt-01321928,sess-00776911,page_view,2025-09-14 21:07:58.169427833,4.4.0,"{""stage_rank"":0}"
evt-00590038,sess-00346689,checkout,2026-06-30 23:01:55.130604905,4.4.0,"{""stage_rank"":2}"
evt-00774042,sess-00454945,page_view,2023-10-25 17:31:29.234116256,3.8.0,"{""stage_rank"":0}"
evt-00847294,sess-00498035,checkout,2026-04-24 11:23:02.731396535,4.4.0,"{""stage_rank"":2}"
evt-00426760,sess-00250860,page_view,2024-09-01 15:19:29.944390483,4.1.0,"{""stage_rank"":0}"
evt-00229848,sess-00135057,page_view,2026-04-08 10:48:29.384304624,4.4.0,"{""stage_rank"":0}"
evt-01490335,sess-00875686,page_view,2024-07-19 20:16:48.516373330,4.0.0,"{""stage_rank"":0}"
evt-00172233,sess-00101153,page_view,2024-11-27 20:18:20.845004074,4.2.0,"{""stage_rank"":0}"
evt-01275938,sess-00749885,page_view,2023-07-26 00:37:57.407369426,3.8.0,"{""stage_rank"":0}"
evt-00516439,sess-00303530,page_view,2023-03-31 23:38:20.050341718,,"{""stage_rank"":0}"
evt-00641196,sess-00376784,page_view,2026-02-28 02:42:09.962358390,,"{""stage_rank"":0}"
evt-01568952,sess-00921942,add_to_cart,2025-08-03 18:27:43.711328132,,"{""stage_rank"":1}"
evt-00388699,sess-00228439,page_view,2025-06-14 20:52:38.426615048,4.3.0,"{""stage_rank"":0}"
evt-00530376,sess-00311641,add_to_cart,2026-06-05 22:28:40.537073245,,"{""stage_rank"":1}"
evt-00012835,sess-00007600,checkout,2024-08-06 17:37:00.789085089,,"{""stage_rank"":2}"
evt-00596053,sess-00350184,add_to_cart,2023-10-30 17:30:41.838558852,3.8.0,"{""stage_rank"":1}"
evt-01092133,sess-00641975,page_view,2024-05-20 17:32:03.543290021,,"{""stage_rank"":0}"
evt-00761219,sess-00447384,add_to_cart,2025-02-15 16:53:01.300893522,4.3.0,"{""stage_rank"":1}"
evt-00559475,sess-00328700,add_to_cart,2024-09-01 20:18:47.043964724,,"{""stage_rank"":1}"
evt-00144280,sess-00084708,page_view,2023-09-23 22:05:05.337825669,3.8.0,"{""stage_rank"":0}"
evt-00458108,sess-00269361,page_view,2023-06-04 21:34:32.317260991,3.8.0,"{""stage_rank"":0}"
evt-00524127,sess-00308001,checkout,2023-10-12 01:02:54.142715255,3.8.0,"{""stage_rank"":2}"
evt-00198190,sess-00116377,add_to_cart,2024-07-31 18:36:30.396320772,,"{""stage_rank"":1}"
evt-01440797,sess-00846674,page_view,2025-01-21 21:52:18.396950890,,"{""stage_rank"":0}"
evt-00394796,sess-00232042,page_view,2023-07-05 17:18:31.776031071,3.8.0,"{""stage_rank"":0}"
evt-00193439,sess-00113575,add_to_cart,2025-04-08 13:31:28.556042360,,"{""stage_rank"":1}"
evt-01280968,sess-00752816,page_view,2025-07-03 21:51:49.938926069,4.3.0,"{""stage_rank"":0}"
evt-01456592,sess-00855865,page_view,2024-01-18 22:23:24.449690792,3.8.0,"{""stage_rank"":0}"
evt-01475500,sess-00866983,page_view,2023-12-13 20:17:33.956733517,3.8.0,"{""stage_rank"":0}"
evt-00697497,sess-00409966,purchase,2023-04-21 21:40:43.970144944,,"{""stage_rank"":3}"
evt-00985862,sess-00579791,add_to_cart,2023-04-19 20:48:56.277024971,3.8.0,"{""stage_rank"":1}"
evt-00371207,sess-00218189,add_to_cart,2024-04-11 10:44:48.619832626,,"{""stage_rank"":1}"
evt-00588334,sess-00345703,checkout,2026-03-26 02:21:48.383123545,,"{""stage_rank"":2}"
evt-00569961,sess-00334824,purchase,2023-02-17 21:35:31.978804685,,"{""stage_rank"":3}"
evt-01417659,sess-00833087,page_view,2024-11-17 20:06:49.099714978,,"{""stage_rank"":0}"
evt-01160615,sess-00682172,page_view,2023-04-13 01:01:49.410602218,3.8.0,"{""stage_rank"":0}"
evt-00287179,sess-00168725,add_to_cart,2023-05-24 22:06:01.301982110,,"{""stage_rank"":1}"
evt-01077492,sess-00633394,page_view,2024-08-19 20:23:53.703643598,,"{""stage_rank"":0}"
evt-00522091,sess-00306831,page_view,2025-01-30 18:39:54.886822426,4.2.0,"{""stage_rank"":0}"
evt-00758009,sess-00445503,checkout,2026-01-07 17:38:41.594934056,,"{""stage_rank"":2}"
evt-00880168,sess-00517330,add_to_cart,2023-06-21 15:05:07.127827632,,"{""stage_rank"":1}"
evt-01265805,sess-00743922,add_to_cart,2024-02-12 03:31:05.414052716,,"{""stage_rank"":1}"
evt-01689751,sess-00992880,add_to_cart,2025-08-22 20:48:08.419388382,,"{""stage_rank"":1}"
evt-00612811,sess-00360025,add_to_cart,2024-08-08 19:48:12.373431893,,"{""stage_rank"":1}"
evt-00307983,sess-00180885,add_to_cart,2023-07-25 14:27:27.174716198,,"{""stage_rank"":1}"
evt-00451665,sess-00265528,checkout,2026-06-06 22:49:29.074118985,4.4.0,"{""stage_rank"":2}"
evt-00991470,sess-00583055,page_view,2025-07-04 01:45:17.795819958,4.3.0,"{""stage_rank"":0}"
evt-01270647,sess-00746754,page_view,2023-06-28 18:42:52.156883181,3.8.0,"{""stage_rank"":0}"
evt-01147646,sess-00674566,checkout,2023-10-28 17:53:03.737618045,,"{""stage_rank"":2}"
evt-00600919,sess-00353055,add_to_cart,2023-01-24 12:56:11.210553791,,"{""stage_rank"":1}"
evt-00425442,sess-00250083,page_view,2023-02-13 23:12:13.243076852,3.8.0,"{""stage_rank"":0}"
evt-01031174,sess-00606169,page_view,2023-10-04 21:28:18.246651922,3.8.0,"{""stage_rank"":0}"
evt-01221600,sess-00717917,page_view,2024-01-30 04:39:45.744938862,3.8.0,"{""stage_rank"":0}"
evt-00307798,sess-00180778,page_view,2023-12-19 23:37:57.346836486,,"{""stage_rank"":0}"
evt-01159347,sess-00681455,add_to_cart,2024-03-22 00:56:46.994038820,4.0.0,"{""stage_rank"":1}"
evt-01308083,sess-00768760,page_view,2026-06-13 18:59:56.308103730,,"{""stage_rank"":0}"
evt-00827010,sess-00486005,page_view,2023-12-02 18:17:45.956472148,3.8.0,"{""stage_rank"":0}"
evt-00462930,sess-00272200,add_to_cart,2025-08-07 16:47:19.379930281,4.4.0,"{""stage_rank"":1}"
evt-01331448,sess-00782446,checkout,2024-04-02 18:03:39.167638461,,"{""stage_rank"":2}"
evt-00005700,sess-00003417,page_view,2026-01-16 04:09:11.075382952,4.4.0,"{""stage_rank"":0}"
evt-00554190,sess-00325574,page_view,2024-11-27 00:42:39.175114931,,"{""stage_rank"":0}"
evt-00799400,sess-00469808,checkout,2023-02-14 14:05:12.095346117,3.8.0,"{""stage_rank"":2}"
evt-00281533,sess-00165402,page_view,2025-01-19 15:45:38.110349398,4.2.0,"{""stage_rank"":0}"
evt-01047717,sess-00615883,checkout,2025-02-24 17:53:24.107273965,,"{""stage_rank"":2}"
evt-00701705,sess-00412443,page_view,2025-05-12 19:45:44.251965381,4.3.0,"{""stage_rank"":0}"
evt-00048593,sess-00028495,add_to_cart,2024-09-05 13:50:42.582914903,4.1.0,"{""stage_rank"":1}"
evt-00621494,sess-00365114,page_view,2023-05-26 03:42:11.384926063,3.8.0,"{""stage_rank"":0}"
evt-00572153,sess-00336125,page_view,2025-06-28 19:27:37.363314409,4.3.0,"{""stage_rank"":0}"
evt-00900456,sess-00529327,page_view,2024-02-29 19:27:23.010440506,4.0.0,"{""stage_rank"":0}"
evt-01392521,sess-00818250,page_view,2025-10-09 21:12:30.974760911,,"{""stage_rank"":0}"
evt-00832853,sess-00489490,page_view,2023-04-28 20:13:28.338457268,3.8.0,"{""stage_rank"":0}"
evt-01193734,sess-00701621,page_view,2025-01-13 21:23:03.303452744,4.2.0,"{""stage_rank"":0}"
evt-00824256,sess-00484407,page_view,2025-02-28 17:18:45.148963656,4.3.0,"{""stage_rank"":0}"
evt-01044306,sess-00613906,page_view,2023-01-18 21:07:14.714877131,3.8.0,"{""stage_rank"":0}"
evt-00702578,sess-00412959,page_view,2024-09-17 17:41:24.109015109,4.1.0,"{""stage_rank"":0}"
evt-01146751,sess-00674019,page_view,2024-07-22 20:50:09.017937083,,"{""stage_rank"":0}"
evt-00364582,sess-00214243,page_view,2023-05-15 18:35:13.684568950,,"{""stage_rank"":0}"
evt-01258037,sess-00739409,checkout,2024-04-04 19:25:09.965012096,4.0.0,"{""stage_rank"":2}"
evt-01261341,sess-00741317,add_to_cart,2024-10-21 16:44:55.379836473,,"{""stage_rank"":1}"
evt-00616111,sess-00361941,page_view,2023-07-30 00:38:32.353015683,,"{""stage_rank"":0}"
evt-01520032,sess-00893218,page_view,2023-11-29 16:42:41.160069785,3.8.0,"{""stage_rank"":0}"
evt-01287427,sess-00756632,page_view,2026-05-23 18:51:49.505546355,,"{""stage_rank"":0}"
evt-00674740,sess-00396579,checkout,2025-05-17 00:23:35.054517478,,"{""stage_rank"":2}"
evt-01420092,sess-00834501,add_to_cart,2023-08-28 20:16:14.736965332,,"{""stage_rank"":1}"
evt-00455650,sess-00267901,page_view,2025-07-17 14:49:30.555515461,4.3.0,"{""stage_rank"":0}"
evt-01358185,sess-00798133,purchase,2023-07-18 19:24:21.696952994,3.8.0,"{""stage_rank"":3}"
evt-01266071,sess-00744095,page_view,2023-02-21 14:59:59.436479804,,"{""stage_rank"":0}"
evt-01169307,sess-00687291,page_view,2025-05-16 20:53:49.770118967,,"{""stage_rank"":0}"
evt-00489271,sess-00287654,page_view,2024-06-11 20:28:29.980244773,4.0.0,"{""stage_rank"":0}"
evt-00063423,sess-00037250,purchase,2025-11-13 17:25:34.863531197,,"{""stage_rank"":3}"
evt-01283561,sess-00754367,add_to_cart,2025-02-09 22:08:50.580465749,4.3.0,"{""stage_rank"":1}"
evt-00354646,sess-00208381,page_view,2026-03-31 21:33:27.947580890,4.4.0,"{""stage_rank"":0}"
evt-00199784,sess-00117327,checkout,2025-11-08 21:59:28.701060547,4.4.0,"{""stage_rank"":2}"
evt-01414220,sess-00831053,page_view,2024-11-02 19:53:14.553420157,,"{""stage_rank"":0}"
evt-00599912,sess-00352462,checkout,2024-02-10 03:20:11.318805156,4.0.0,"{""stage_rank"":2}"
evt-00469078,sess-00275811,page_view,2023-05-11 18:31:46.762418291,,"{""stage_rank"":0}"
evt-01143352,sess-00672037,page_view,2024-06-13 17:36:04.679747766,4.0.0,"{""stage_rank"":0}"
evt-01639749,sess-00963731,page_view,2023-04-20 22:21:59.486226479,3.8.0,"{""stage_rank"":0}"
evt-01590755,sess-00934784,page_view,2024-04-17 12:51:52.849590828,4.0.0,"{""stage_rank"":0}"
evt-00127983,sess-00075076,add_to_cart,2025-02-07 19:07:41.581661445,4.3.0,"{""stage_rank"":1}"
evt-01565347,sess-00919793,page_view,2025-11-18 16:07:16.571141308,4.4.0,"{""stage_rank"":0}"
evt-00510392,sess-00300012,add_to_cart,2024-04-24 17:41:17.816306917,4.0.0,"{""stage_rank"":1}"
evt-00842261,sess-00495063,add_to_cart,2023-05-14 20:29:17.685447389,,"{""stage_rank"":1}"
evt-00341785,sess-00200871,page_view,2026-04-09 15:13:52.306489641,,"{""stage_rank"":0}"
evt-01011529,sess-00594691,page_view,2024-01-16 16:00:37.672747801,,"{""stage_rank"":0}"
evt-00720647,sess-00423508,page_view,2024-07-07 16:33:26.058606043,4.0.0,"{""stage_rank"":0}"
evt-00342767,sess-00201438,checkout,2025-02-21 15:25:18.261716168,4.3.0,"{""stage_rank"":2}"
evt-00560397,sess-00329254,checkout,2025-06-25 16:34:03.630749776,,"{""stage_rank"":2}"
evt-00624680,sess-00366981,page_view,2025-06-02 12:12:33.730704167,4.3.0,"{""stage_rank"":0}"
evt-01603699,sess-00942379,page_view,2026-01-25 18:46:55.247204893,4.4.0,"{""stage_rank"":0}"
evt-00076626,sess-00045045,add_to_cart,2026-02-20 16:59:00.479721675,4.4.0,"{""stage_rank"":1}"
evt-01608861,sess-00945420,page_view,2025-02-26 21:07:02.071715348,4.3.0,"{""stage_rank"":0}"
evt-01168625,sess-00686891,page_view,2025-12-27 20:08:02.045129603,,"{""stage_rank"":0}"
evt-01522463,sess-00894642,page_view,2023-07-17 18:27:32.277395993,,"{""stage_rank"":0}"
evt-00897724,sess-00527689,add_to_cart,2024-05-09 20:04:53.433806311,4.0.0,"{""stage_rank"":1}"
evt-00057407,sess-00033672,add_to_cart,2024-02-21 19:24:11.099748327,,"{""stage_rank"":1}"
evt-01565521,sess-00919904,page_view,2025-05-29 19:07:18.132661615,,"{""stage_rank"":0}"
evt-01017028,sess-00597915,add_to_cart,2023-04-05 15:55:15.686306720,,"{""stage_rank"":1}"
evt-01552426,sess-00912226,page_view,2024-12-20 15:50:20.147486230,4.2.0,"{""stage_rank"":0}"
evt-00627510,sess-00368661,add_to_cart,2023-11-30 17:41:04.395006939,,"{""stage_rank"":1}"
evt-00796319,sess-00468042,page_view,2024-03-29 01:13:40.369444355,4.0.0,"{""stage_rank"":0}"
evt-00295547,sess-00173613,page_view,2025-06-28 20:40:43.501023265,,"{""stage_rank"":0}"
evt-01250722,sess-00735090,page_view,2023-02-16 17:17:45.803796036,,"{""stage_rank"":0}"
evt-00094142,sess-00055288,page_view,2023-10-05 15:44:12.954958639,,"{""stage_rank"":0}"
evt-00733301,sess-00430949,purchase,2023-08-16 20:31:05.140154278,3.8.0,"{""stage_rank"":3}"
evt-01288202,sess-00757107,purchase,2024-01-31 14:59:32.192143457,,"{""stage_rank"":3}"
evt-01003913,sess-00590265,page_view,2023-11-27 16:18:26.459344285,3.8.0,"{""stage_rank"":0}"
evt-01396261,sess-00820480,add_to_cart,2025-01-19 19:07:31.419694639,,"{""stage_rank"":1}"
evt-01489326,sess-00875098,add_to_cart,2026-05-18 20:09:04.668627056,4.4.0,"{""stage_rank"":1}"
evt-00735527,sess-00432273,page_view,2024-06-08 22:07:02.557184451,4.0.0,"{""stage_rank"":0}"
evt-00644537,sess-00378796,page_view,2024-06-16 07:19:22.733388985,4.0.0,"{""stage_rank"":0}"
evt-00427845,sess-00251475,page_view,2025-01-09 15:17:20.613509580,,"{""stage_rank"":0}"
evt-01240742,sess-00729173,page_view,2024-04-05 00:40:41.039364485,4.0.0,"{""stage_rank"":0}"
evt-00988325,sess-00581206,page_view,2026-05-20 23:26:12.688837358,,"{""stage_rank"":0}"
evt-00022899,sess-00013502,purchase,2025-12-20 18:27:31.932779046,,"{""stage_rank"":3}"
evt-00935218,sess-00549863,page_view,2025-03-19 22:06:19.590901910,,"{""stage_rank"":0}"
evt-00686337,sess-00403386,add_to_cart,2026-02-21 22:51:55.897448486,4.4.0,"{""stage_rank"":1}"
evt-01489168,sess-00875010,checkout,2025-07-06 17:16:37.035248114,,"{""stage_rank"":2}"
evt-00370134,sess-00217562,page_view,2023-01-20 17:31:49.096871987,,"{""stage_rank"":0}"
evt-01328730,sess-00780877,add_to_cart,2023-03-10 17:53:16.432984249,3.8.0,"{""stage_rank"":1}"
evt-01457747,sess-00856555,page_view,2025-11-29 23:48:30.963502353,4.4.0,"{""stage_rank"":0}"
evt-00051115,sess-00029985,page_view,2025-08-30 22:12:29.871939446,,"{""stage_rank"":0}"
evt-01432301,sess-00841656,add_to_cart,2024-12-31 23:10:15.778559691,,"{""stage_rank"":1}"
evt-01372660,sess-00806584,page_view,2024-08-04 00:12:04.280785083,4.1.0,"{""stage_rank"":0}"
evt-00507904,sess-00298592,page_view,2024-10-05 22:57:40.545168885,,"{""stage_rank"":0}"
evt-01009508,sess-00593516,add_to_cart,2024-09-06 16:07:49.981960170,4.1.0,"{""stage_rank"":1}"
evt-00842672,sess-00495320,add_to_cart,2024-04-13 20:52:55.839600593,,"{""stage_rank"":1}"
evt-00282278,sess-00165851,page_view,2024-11-15 04:53:37.356621142,4.2.0,"{""stage_rank"":0}"
evt-00719400,sess-00422761,add_to_cart,2024-04-18 17:31:55.435004288,,"{""stage_rank"":1}"
evt-00173892,sess-00102114,add_to_cart,2023-04-21 13:55:48.716454938,3.8.0,"{""stage_rank"":1}"
evt-00888145,sess-00522019,page_view,2025-08-12 14:55:28.775583047,,"{""stage_rank"":0}"
evt-00199193,sess-00116970,page_view,2025-11-20 18:07:19.124649449,4.4.0,"{""stage_rank"":0}"
evt-00534543,sess-00314135,checkout,2023-03-23 18:02:56.792810375,3.8.0,"{""stage_rank"":2}"
evt-00108787,sess-00063857,page_view,2024-04-13 20:56:18.165567628,4.0.0,"{""stage_rank"":0}"
evt-01701525,sess-00999805,page_view,2023-07-23 20:37:07.983855128,3.8.0,"{""stage_rank"":0}"
evt-00752688,sess-00442374,page_view,2024-01-07 10:12:07.892164239,,"{""stage_rank"":0}"
evt-01411271,sess-00829326,checkout,2024-03-28 00:33:25.893409647,,"{""stage_rank"":2}"
evt-01314574,sess-00772565,add_to_cart,2023-07-27 21:31:46.605851019,3.8.0,"{""stage_rank"":1}"
evt-01649910,sess-00969665,add_to_cart,2024-03-28 19:06:33.373702145,4.0.0,"{""stage_rank"":1}"
evt-00037889,sess-00022248,page_view,2025-05-25 15:06:49.120900777,,"{""stage_rank"":0}"
evt-01631438,sess-00958796,add_to_cart,2025-12-28 19:59:12.178158160,4.4.0,"{""stage_rank"":1}"
evt-00158638,sess-00093145,page_view,2025-03-24 20:41:23.722022083,4.3.0,"{""stage_rank"":0}"
evt-00860861,sess-00506039,page_view,2025-12-15 19:50:06.196357771,4.4.0,"{""stage_rank"":0}"
evt-00514572,sess-00302430,page_view,2025-11-08 22:10:46.228349570,4.4.0,"{""stage_rank"":0}"
evt-00085880,sess-00050446,page_view,2026-03-07 07:28:09.213062152,4.4.0,"{""stage_rank"":0}"
evt-00033414,sess-00019622,page_view,2025-08-01 18:39:21.708099497,4.4.0,"{""stage_rank"":0}"
evt-00451159,sess-00265223,page_view,2025-03-30 20:23:49.110992677,4.3.0,"{""stage_rank"":0}"
evt-00524840,sess-00308426,page_view,2024-01-23 21:55:52.916708317,3.8.0,"{""stage_rank"":0}"
evt-00355576,sess-00208934,page_view,2026-04-26 17:52:10.282503731,4.4.0,"{""stage_rank"":0}"
evt-01415970,sess-00832094,page_view,2026-02-14 02:47:08.451506143,,"{""stage_rank"":0}"
evt-01352432,sess-00794731,page_view,2024-06-12 20:32:53.474003754,4.0.0,"{""stage_rank"":0}"
evt-01423135,sess-00836317,page_view,2023-02-13 17:59:37.396659285,,"{""stage_rank"":0}"
evt-01375115,sess-00808011,checkout,2025-12-05 22:33:32.149191100,4.4.0,"{""stage_rank"":2}"
evt-00966231,sess-00568186,add_to_cart,2024-04-27 21:24:05.518035465,,"{""stage_rank"":1}"
evt-01529163,sess-00898578,add_to_cart,2024-10-18 22:03:55.472802132,,"{""stage_rank"":1}"
evt-00941308,sess-00553477,page_view,2024-03-17 22:36:07.006320423,,"{""stage_rank"":0}"
evt-00216659,sess-00127248,page_view,2026-05-05 23:04:30.996703445,,"{""stage_rank"":0}"
evt-01466005,sess-00861399,page_view,2024-07-08 14:46:29.272901193,4.0.0,"{""stage_rank"":0}"
evt-00042907,sess-00025175,page_view,2025-11-27 19:29:26.993933974,4.4.0,"{""stage_rank"":0}"
evt-00953900,sess-00560894,add_to_cart,2023-08-23 15:28:15.265869429,3.8.0,"{""stage_rank"":1}"
evt-00552229,sess-00324417,page_view,2023-03-18 19:49:36.104657477,,"{""stage_rank"":0}"
evt-00264928,sess-00155710,add_to_cart,2023-06-15 16:20:00.599065455,,"{""stage_rank"":1}"
evt-00727272,sess-00427396,add_to_cart,2024-03-15 19:16:47.876764323,,"{""stage_rank"":1}"
evt-00637260,sess-00374437,page_view,2026-06-03 18:40:05.704179357,,"{""stage_rank"":0}"
evt-00247303,sess-00145418,page_view,2025-08-20 18:40:11.004478642,,"{""stage_rank"":0}"
evt-01380911,sess-00811402,add_to_cart,2024-03-21 22:45:08.926040819,,"{""stage_rank"":1}"
evt-00892093,sess-00524337,add_to_cart,2025-03-14 22:40:59.794852567,,"{""stage_rank"":1}"
evt-01242660,sess-00730328,checkout,2023-05-18 20:51:20.054836327,,"{""stage_rank"":2}"
evt-00637840,sess-00374778,add_to_cart,2025-04-12 23:12:09.195739634,,"{""stage_rank"":1}"
evt-01529361,sess-00898698,page_view,2026-01-15 23:37:09.479232146,4.4.0,"{""stage_rank"":0}"
evt-01524311,sess-00895718,page_view,2025-10-04 03:00:02.918965990,,"{""stage_rank"":0}"
evt-01469410,sess-00863391,checkout,2025-06-16 22:24:56.114795589,,"{""stage_rank"":2}"
evt-01630689,sess-00958358,page_view,2023-04-08 14:02:05.422445430,,"{""stage_rank"":0}"
evt-00424102,sess-00249335,page_view,2026-05-26 01:26:34.818559130,,"{""stage_rank"":0}"
evt-01071706,sess-00629952,add_to_cart,2024-12-28 22:00:52.739399612,4.2.0,"{""stage_rank"":1}"
evt-00617844,sess-00362958,page_view,2024-11-22 16:39:20.436444371,4.2.0,"{""stage_rank"":0}"
evt-00041587,sess-00024412,checkout,2025-02-12 20:37:05.331486138,,"{""stage_rank"":2}"
evt-00171391,sess-00100644,page_view,2023-07-12 19:18:14.737308015,3.8.0,"{""stage_rank"":0}"
evt-00692543,sess-00407050,purchase,2025-01-28 14:09:28.515344861,4.2.0,"{""stage_rank"":3}"
evt-00997993,sess-00586803,page_view,2026-02-22 19:24:49.374721251,,"{""stage_rank"":0}"
evt-01583519,sess-00930515,add_to_cart,2023-01-26 18:23:37.084515657,,"{""stage_rank"":1}"
evt-00449877,sess-00264466,page_view,2025-08-08 20:55:24.560004932,4.4.0,"{""stage_rank"":0}"
evt-01437472,sess-00844709,page_view,2025-10-26 16:40:49.954801449,,"{""stage_rank"":0}"
evt-00264683,sess-00155566,checkout,2024-10-26 15:28:43.400542566,4.1.0,"{""stage_rank"":2}"
evt-00365580,sess-00214849,add_to_cart,2023-09-29 18:54:48.252715460,,"{""stage_rank"":1}"
evt-00647578,sess-00380615,add_to_cart,2025-06-08 00:23:32.072874280,,"{""stage_rank"":1}"
evt-00297327,sess-00174672,add_to_cart,2024-08-15 01:26:20.398230190,,"{""stage_rank"":1}"
evt-00334079,sess-00196332,page_view,2026-05-11 22:19:57.202741178,,"{""stage_rank"":0}"
evt-01401658,sess-00823696,page_view,2024-08-11 15:49:14.787485371,4.1.0,"{""stage_rank"":0}"
evt-00761562,sess-00447589,page_view,2026-02-21 14:57:40.044835236,,"{""stage_rank"":0}"
evt-00476780,sess-00280319,page_view,2024-06-11 18:36:25.113291424,4.0.0,"{""stage_rank"":0}"
evt-00996924,sess-00586194,page_view,2025-05-30 13:35:16.848879053,,"{""stage_rank"":0}"
evt-00866208,sess-00509154,add_to_cart,2025-01-28 16:25:43.460541959,,"{""stage_rank"":1}"
evt-00161506,sess-00094815,page_view,2026-05-22 18:02:16.709774168,4.4.0,"{""stage_rank"":0}"
evt-01007892,sess-00592565,page_view,2026-05-26 21:41:34.415312657,,"{""stage_rank"":0}"
evt-01659638,sess-00975322,page_view,2024-06-14 19:42:05.252528612,,"{""stage_rank"":0}"
evt-00255686,sess-00150280,page_view,2023-02-16 17:27:17.533350430,3.8.0,"{""stage_rank"":0}"
evt-00353579,sess-00207765,checkout,2024-01-13 20:04:08.764089097,3.8.0,"{""stage_rank"":2}"
evt-01071068,sess-00629571,add_to_cart,2025-07-29 17:09:45.004781605,4.3.0,"{""stage_rank"":1}"
evt-01058442,sess-00622203,add_to_cart,2026-06-07 21:17:49.983717874,4.4.0,"{""stage_rank"":1}"
evt-00028655,sess-00016856,page_view,2025-02-25 16:00:31.081185206,,"{""stage_rank"":0}"
evt-00466649,sess-00274416,page_view,2025-02-14 18:13:24.226529702,4.3.0,"{""stage_rank"":0}"
evt-01335692,sess-00784918,page_view,2026-02-01 20:37:25.206298434,,"{""stage_rank"":0}"
evt-00456042,sess-00268122,add_to_cart,2026-02-12 20:16:48.206297932,,"{""stage_rank"":1}"
evt-00229078,sess-00134609,add_to_cart,2025-03-26 23:30:42.657753755,4.3.0,"{""stage_rank"":1}"
evt-00276957,sess-00162756,page_view,2024-02-12 20:32:45.444424070,4.0.0,"{""stage_rank"":0}"
evt-00941161,sess-00553386,add_to_cart,2024-02-21 15:52:42.929145938,4.0.0,"{""stage_rank"":1}"
evt-01126813,sess-00662305,page_view,2023-01-10 07:31:47.816429366,3.8.0,"{""stage_rank"":0}"
evt-01401070,sess-00823335,add_to_cart,2024-09-22 21:19:18.626848788,4.1.0,"{""stage_rank"":1}"
evt-01051143,sess-00617908,checkout,2024-06-13 19:00:06.361013085,4.0.0,"{""stage_rank"":2}"
evt-00421546,sess-00247836,add_to_cart,2024-09-05 15:51:58.337477566,4.1.0,"{""stage_rank"":1}"
evt-00200753,sess-00117886,page_view,2023-03-11 20:47:15.572884174,3.8.0,"{""stage_rank"":0}"
evt-01017471,sess-00598168,page_view,2025-07-18 23:15:27.690948091,,"{""stage_rank"":0}"
evt-01402771,sess-00824368,purchase,2026-06-09 18:49:57.199490805,4.4.0,"{""stage_rank"":3}"
evt-01413542,sess-00830662,checkout,2026-02-21 21:23:47.503305390,4.4.0,"{""stage_rank"":2}"
evt-00478324,sess-00281234,page_view,2023-12-17 17:36:36.367778250,,"{""stage_rank"":0}"
evt-00906828,sess-00533081,page_view,2024-06-28 17:53:05.230937949,4.0.0,"{""stage_rank"":0}"
evt-01535249,sess-00902157,checkout,2026-01-18 21:41:10.118374346,4.4.0,"{""stage_rank"":2}"
evt-00526404,sess-00309338,page_view,2024-09-11 17:31:10.157046605,4.1.0,"{""stage_rank"":0}"
evt-01296823,sess-00762190,add_to_cart,2025-07-20 23:11:27.192842268,4.3.0,"{""stage_rank"":1}"
evt-00672001,sess-00394989,page_view,2025-09-22 21:18:32.833333673,4.4.0,"{""stage_rank"":0}"
evt-00124470,sess-00072978,page_view,2023-07-04 23:54:07.655201097,3.8.0,"{""stage_rank"":0}"
evt-01239704,sess-00728567,page_view,2025-04-30 22:06:35.577340632,,"{""stage_rank"":0}"
evt-00776916,sess-00456598,checkout,2024-01-27 04:48:11.946482245,,"{""stage_rank"":2}"
evt-01461870,sess-00858981,page_view,2024-06-30 18:00:38.290987681,4.0.0,"{""stage_rank"":0}"
evt-01226617,sess-00720914,page_view,2025-02-02 19:05:20.916646700,,"{""stage_rank"":0}"
evt-01122313,sess-00659671,add_to_cart,2024-07-13 00:19:16.825297494,4.0.0,"{""stage_rank"":1}"
evt-01038147,sess-00610268,page_view,2026-01-18 22:21:33.011340591,4.4.0,"{""stage_rank"":0}"
evt-01267732,sess-00745053,add_to_cart,2026-06-26 20:17:29.393285175,,"{""stage_rank"":1}"
evt-00855695,sess-00502979,page_view,2023-01-17 14:36:45.776797056,3.8.0,"{""stage_rank"":0}"
evt-00371459,sess-00218344,add_to_cart,2024-02-17 23:16:40.470144177,,"{""stage_rank"":1}"
evt-01530585,sess-00899431,add_to_cart,2024-08-21 17:03:47.869978162,4.1.0,"{""stage_rank"":1}"
evt-00523166,sess-00307436,add_to_cart,2025-04-19 18:13:30.855217164,4.3.0,"{""stage_rank"":1}"
evt-00630651,sess-00370499,add_to_cart,2024-01-05 17:38:18.779283232,,"{""stage_rank"":1}"
evt-00936916,sess-00550883,page_view,2025-12-31 16:59:04.969524414,,"{""stage_rank"":0}"
evt-00321168,sess-00188713,page_view,2025-03-18 23:35:15.933520524,,"{""stage_rank"":0}"
evt-00970816,sess-00570847,page_view,2025-02-12 21:45:58.260058521,,"{""stage_rank"":0}"
evt-01638301,sess-00962858,page_view,2023-02-08 20:45:54.822803604,,"{""stage_rank"":0}"
evt-00385274,sess-00226465,page_view,2025-02-27 20:44:43.494219639,4.3.0,"{""stage_rank"":0}"
evt-00782524,sess-00459901,page_view,2023-02-12 18:12:59.880923801,,"{""stage_rank"":0}"
evt-01418334,sess-00833464,page_view,2025-08-15 18:42:18.674404365,4.4.0,"{""stage_rank"":0}"
evt-00673709,sess-00395989,page_view,2023-05-30 20:38:27.279246971,3.8.0,"{""stage_rank"":0}"
evt-00812660,sess-00477603,page_view,2024-03-14 22:54:38.365858709,,"{""stage_rank"":0}"
evt-00783435,sess-00460438,page_view,2024-01-08 00:04:28.285708470,,"{""stage_rank"":0}"
evt-01093425,sess-00642731,page_view,2024-01-29 21:35:34.243112514,,"{""stage_rank"":0}"
evt-01333148,sess-00783432,page_view,2024-07-09 23:35:01.794670399,,"{""stage_rank"":0}"
evt-01320814,sess-00776262,add_to_cart,2023-07-19 19:50:42.309044079,,"{""stage_rank"":1}"
evt-01541875,sess-00906054,page_view,2025-12-02 23:04:32.441312552,4.4.0,"{""stage_rank"":0}"
evt-00123402,sess-00072363,add_to_cart,2026-04-22 22:50:19.203350476,4.4.0,"{""stage_rank"":1}"
evt-00324020,sess-00190424,add_to_cart,2024-02-02 19:52:13.994677375,,"{""stage_rank"":1}"
evt-01482628,sess-00871166,page_view,2024-08-24 20:23:52.128689339,4.1.0,"{""stage_rank"":0}"
evt-00373217,sess-00219393,page_view,2024-09-29 17:23:50.915598057,4.1.0,"{""stage_rank"":0}"
evt-00457580,sess-00269055,checkout,2023-02-19 17:20:35.253566714,,"{""stage_rank"":2}"
evt-00685953,sess-00403152,page_view,2023-07-06 21:38:45.016157162,3.8.0,"{""stage_rank"":0}"
evt-01341150,sess-00788096,page_view,2026-01-20 21:01:17.262806027,4.4.0,"{""stage_rank"":0}"
evt-01629899,sess-00957891,page_view,2024-11-29 19:51:26.999755923,,"{""stage_rank"":0}"
evt-01117261,sess-00656709,checkout,2024-11-18 18:25:47.193271122,,"{""stage_rank"":2}"
evt-00846978,sess-00497842,page_view,2025-07-28 19:23:23.921974622,4.3.0,"{""stage_rank"":0}"
evt-00368451,sess-00216566,page_view,2025-01-09 18:25:00.311665659,4.2.0,"{""stage_rank"":0}"
evt-00155788,sess-00091465,page_view,2025-08-26 16:12:56.741610779,,"{""stage_rank"":0}"
evt-01286723,sess-00756212,page_view,2024-04-28 16:25:51.859564626,4.0.0,"{""stage_rank"":0}"
evt-01445999,sess-00849714,page_view,2026-01-07 15:13:02.211195603,4.4.0,"{""stage_rank"":0}"
evt-00071780,sess-00042181,page_view,2025-05-31 16:07:46.741470254,4.3.0,"{""stage_rank"":0}"
evt-01030896,sess-00606007,checkout,2026-01-12 17:36:31.017000332,,"{""stage_rank"":2}"
evt-00156664,sess-00091991,page_view,2023-04-30 22:42:32.831007517,3.8.0,"{""stage_rank"":0}"
evt-01674485,sess-00983957,checkout,2026-06-03 23:52:40.756988166,,"{""stage_rank"":2}"
evt-00496958,sess-00292202,page_view,2025-12-28 19:31:59.904969253,,"{""stage_rank"":0}"
evt-00731504,sess-00429885,page_view,2025-10-04 00:10:01.279745676,,"{""stage_rank"":0}"
evt-01484632,sess-00872333,page_view,2024-08-15 18:35:33.905057968,4.1.0,"{""stage_rank"":0}"
evt-00944316,sess-00555261,page_view,2026-05-08 19:44:46.578249578,4.4.0,"{""stage_rank"":0}"
evt-00608238,sess-00357340,checkout,2023-03-14 15:46:46.502751581,,"{""stage_rank"":2}"
evt-01678242,sess-00986153,page_view,2026-05-08 19:00:02.165245703,,"{""stage_rank"":0}"
evt-01266148,sess-00744142,page_view,2025-06-26 01:21:42.609775894,,"{""stage_rank"":0}"
evt-00374781,sess-00220303,add_to_cart,2026-04-10 22:25:00.212467243,4.4.0,"{""stage_rank"":1}"
evt-00143369,sess-00084140,page_view,2024-10-19 22:50:38.599012089,,"{""stage_rank"":0}"
evt-01099754,sess-00646471,page_view,2023-08-25 22:05:35.660242249,,"{""stage_rank"":0}"
evt-01662947,sess-00977247,page_view,2024-01-19 20:20:08.362644761,,"{""stage_rank"":0}"
evt-01394358,sess-00819330,page_view,2025-03-01 20:50:35.068320846,4.3.0,"{""stage_rank"":0}"
evt-00180924,sess-00106226,add_to_cart,2026-03-27 11:21:07.803339674,4.4.0,"{""stage_rank"":1}"
evt-00918662,sess-00540049,add_to_cart,2024-11-26 00:03:19.823871330,,"{""stage_rank"":1}"
evt-00981653,sess-00577302,add_to_cart,2023-06-28 20:51:58.514869765,3.8.0,"{""stage_rank"":1}"
evt-00283769,sess-00166702,checkout,2026-05-18 23:57:11.306067771,,"{""stage_rank"":2}"
evt-00737441,sess-00433422,checkout,2024-12-05 19:04:30.512424219,4.2.0,"{""stage_rank"":2}"
evt-01422192,sess-00835747,page_view,2025-12-24 22:08:25.300326967,,"{""stage_rank"":0}"
evt-01501225,sess-00882080,page_view,2025-07-03 19:51:09.734633433,,"{""stage_rank"":0}"
evt-01473363,sess-00865719,page_view,2025-11-28 17:25:33.264096650,4.4.0,"{""stage_rank"":0}"
evt-01106312,sess-00650315,page_view,2023-04-02 19:38:58.512114529,,"{""stage_rank"":0}"
evt-01119122,sess-00657773,checkout,2023-06-22 18:45:00.873733191,,"{""stage_rank"":2}"
evt-00534048,sess-00313840,add_to_cart,2026-06-03 15:26:37.921874377,4.4.0,"{""stage_rank"":1}"
evt-00706152,sess-00415055,page_view,2026-03-05 16:04:07.941623306,4.4.0,"{""stage_rank"":0}"
evt-01209484,sess-00710799,page_view,2023-02-12 21:45:12.548759103,,"{""stage_rank"":0}"
evt-01402543,sess-00824229,page_view,2023-11-26 14:13:20.873208029,,"{""stage_rank"":0}"
evt-01338733,sess-00786696,add_to_cart,2026-01-16 21:11:30.327798385,4.4.0,"{""stage_rank"":1}"
evt-00183660,sess-00107871,checkout,2024-04-02 19:33:42.405726756,,"{""stage_rank"":2}"
evt-01019571,sess-00599398,page_view,2025-03-11 23:56:00.129377761,4.3.0,"{""stage_rank"":0}"
evt-00642354,sess-00377477,page_view,2025-06-06 21:53:39.344289227,4.3.0,"{""stage_rank"":0}"
evt-01584524,sess-00931087,page_view,2023-01-10 23:27:20.895841018,3.8.0,"{""stage_rank"":0}"
evt-00331507,sess-00194835,add_to_cart,2024-05-02 19:51:02.659687864,4.0.0,"{""stage_rank"":1}"
evt-01557101,sess-00915008,page_view,2023-10-27 22:02:56.842208239,,"{""stage_rank"":0}"
evt-00431943,sess-00253893,purchase,2025-01-11 00:15:23.334943882,,"{""stage_rank"":3}"
evt-00699616,sess-00411228,checkout,2023-10-05 19:04:56.232568465,,"{""stage_rank"":2}"
evt-00696146,sess-00409176,page_view,2025-12-07 17:15:48.081213203,,"{""stage_rank"":0}"
evt-00210367,sess-00123565,page_view,2025-01-01 01:40:40.712455309,4.2.0,"{""stage_rank"":0}"
evt-01255469,sess-00737915,page_view,2023-04-11 21:09:25.409868486,3.8.0,"{""stage_rank"":0}"
evt-00534982,sess-00314398,add_to_cart,2026-06-06 23:54:53.947949966,,"{""stage_rank"":1}"
evt-00114727,sess-00067299,page_view,2023-02-12 12:44:40.755491198,,"{""stage_rank"":0}"
evt-00204540,sess-00120118,page_view,2025-09-08 00:09:39.674366245,,"{""stage_rank"":0}"
evt-01228327,sess-00721904,page_view,2025-10-08 21:57:24.857191699,4.4.0,"{""stage_rank"":0}"
evt-01237106,sess-00727053,page_view,2023-11-26 19:54:13.492540512,3.8.0,"{""stage_rank"":0}"
evt-01002965,sess-00589699,checkout,2025-01-05 02:48:29.086346988,4.2.0,"{""stage_rank"":2}"
evt-01591308,sess-00935117,add_to_cart,2024-06-03 18:24:33.273652014,,"{""stage_rank"":1}"
evt-00445521,sess-00261882,page_view,2026-03-09 19:29:38.282993638,,"{""stage_rank"":0}"
evt-00583533,sess-00342831,page_view,2024-08-08 14:02:55.736650263,4.1.0,"{""stage_rank"":0}"
evt-00838184,sess-00492654,page_view,2024-12-04 18:14:46.546327895,,"{""stage_rank"":0}"
evt-01131575,sess-00665120,page_view,2025-09-01 21:18:54.397929417,,"{""stage_rank"":0}"
evt-01565991,sess-00920171,page_view,2024-01-17 23:25:36.368127963,3.8.0,"{""stage_rank"":0}"
evt-00108766,sess-00063844,page_view,2024-03-02 03:21:46.384142757,,"{""stage_rank"":0}"
evt-01078318,sess-00633874,checkout,2026-04-24 13:13:14.175016032,,"{""stage_rank"":2}"
evt-01160134,sess-00681904,add_to_cart,2023-08-22 16:53:29.101671004,3.8.0,"{""stage_rank"":1}"
evt-01440442,sess-00846467,page_view,2024-08-21 18:56:38.188960359,4.1.0,"{""stage_rank"":0}"
evt-01424033,sess-00836842,page_view,2024-08-30 23:06:57.769709888,4.1.0,"{""stage_rank"":0}"
evt-00382253,sess-00224712,page_view,2024-07-16 16:29:58.793059052,4.0.0,"{""stage_rank"":0}"
evt-00798785,sess-00469448,page_view,2024-07-23 22:52:23.935428390,4.0.0,"{""stage_rank"":0}"
evt-01270369,sess-00746591,page_view,2024-05-08 18:12:46.638402379,4.0.0,"{""stage_rank"":0}"
evt-01042107,sess-00612594,page_view,2025-08-15 18:17:16.277083472,4.4.0,"{""stage_rank"":0}"
evt-01137719,sess-00668713,add_to_cart,2024-03-12 23:21:34.315512432,4.0.0,"{""stage_rank"":1}"
evt-01083320,sess-00636778,checkout,2024-05-31 00:43:50.438233528,,"{""stage_rank"":2}"
evt-01520164,sess-00893300,add_to_cart,2024-08-22 21:00:09.720634807,,"{""stage_rank"":1}"
evt-00815537,sess-00479302,page_view,2023-06-22 22:50:44.012196003,3.8.0,"{""stage_rank"":0}"
evt-01065244,sess-00626157,add_to_cart,2024-09-01 20:23:06.110507978,,"{""stage_rank"":1}"
evt-00338731,sess-00199083,page_view,2025-11-03 18:50:28.250557695,4.4.0,"{""stage_rank"":0}"
evt-00052479,sess-00030779,page_view,2024-10-14 14:28:33.986547165,4.1.0,"{""stage_rank"":0}"
evt-00167440,sess-00098288,checkout,2023-10-01 16:11:20.836467953,3.8.0,"{""stage_rank"":2}"
evt-00834112,sess-00490245,checkout,2023-08-29 18:50:51.076630113,3.8.0,"{""stage_rank"":2}"
evt-00829643,sess-00487547,page_view,2024-04-15 19:43:25.600785675,4.0.0,"{""stage_rank"":0}"
evt-00964212,sess-00567008,page_view,2024-02-06 19:18:58.558083592,,"{""stage_rank"":0}"
evt-01128263,sess-00663154,page_view,2024-08-22 22:21:21.163792167,4.1.0,"{""stage_rank"":0}"
evt-01477428,sess-00868125,page_view,2025-10-18 01:14:25.286475371,,"{""stage_rank"":0}"
evt-01379664,sess-00810669,add_to_cart,2024-04-21 20:00:08.139885939,4.0.0,"{""stage_rank"":1}"
evt-00443653,sess-00260781,add_to_cart,2024-08-12 18:41:51.183311631,,"{""stage_rank"":1}"
evt-00529001,sess-00310848,page_view,2024-08-19 14:57:21.944400565,,"{""stage_rank"":0}"
evt-00602334,sess-00353886,page_view,2025-02-06 22:52:06.895900647,4.3.0,"{""stage_rank"":0}"
evt-00412909,sess-00242768,add_to_cart,2025-09-11 15:54:24.908456584,4.4.0,"{""stage_rank"":1}"
evt-00867209,sess-00509746,checkout,2023-06-29 22:45:02.185081421,3.8.0,"{""stage_rank"":2}"
evt-00840793,sess-00494189,page_view,2025-08-21 15:38:16.749429564,,"{""stage_rank"":0}"
evt-00919887,sess-00540752,add_to_cart,2026-06-01 19:27:34.927253924,4.4.0,"{""stage_rank"":1}"
evt-00636219,sess-00373801,page_view,2023-10-17 18:40:07.009820458,3.8.0,"{""stage_rank"":0}"
evt-01097399,sess-00645081,page_view,2024-10-20 16:39:16.363394206,,"{""stage_rank"":0}"
evt-01684284,sess-00989686,page_view,2026-03-08 18:56:33.861005097,,"{""stage_rank"":0}"
evt-01286399,sess-00756028,page_view,2023-01-12 16:11:33.614501663,,"{""stage_rank"":0}"
evt-00950117,sess-00558675,page_view,2023-10-14 22:20:45.277795642,,"{""stage_rank"":0}"
evt-00776869,sess-00456569,add_to_cart,2026-03-07 23:02:45.931266598,4.4.0,"{""stage_rank"":1}"
evt-01589229,sess-00933870,page_view,2026-02-13 18:49:36.889577239,,"{""stage_rank"":0}"
evt-01484226,sess-00872102,page_view,2025-03-27 22:32:08.393612145,4.3.0,"{""stage_rank"":0}"
evt-00037313,sess-00021907,page_view,2025-01-20 21:55:28.073738233,4.2.0,"{""stage_rank"":0}"
evt-01165055,sess-00684790,page_view,2023-03-26 23:01:32.437275682,,"{""stage_rank"":0}"
evt-00569051,sess-00334291,page_view,2026-03-28 00:24:33.279335603,4.4.0,"{""stage_rank"":0}"
evt-01147498,sess-00674481,add_to_cart,2025-05-25 19:23:59.263510264,4.3.0,"{""stage_rank"":1}"
evt-01025645,sess-00602924,checkout,2025-08-08 15:26:35.955685383,,"{""stage_rank"":2}"
evt-01268352,sess-00745421,page_view,2023-07-20 14:05:32.063269771,3.8.0,"{""stage_rank"":0}"
evt-00162591,sess-00095465,checkout,2025-12-13 22:27:19.205231117,4.4.0,"{""stage_rank"":2}"
evt-00695306,sess-00408694,page_view,2024-10-23 14:28:25.744721545,,"{""stage_rank"":0}"
evt-00795315,sess-00467446,page_view,2025-09-25 14:23:55.221216782,,"{""stage_rank"":0}"
evt-00035160,sess-00020638,page_view,2023-08-16 17:29:03.442060549,,"{""stage_rank"":0}"
evt-00473532,sess-00278396,add_to_cart,2025-12-24 16:16:54.662442780,,"{""stage_rank"":1}"
evt-00343538,sess-00201868,page_view,2025-03-28 21:30:25.491866781,,"{""stage_rank"":0}"
evt-01478228,sess-00868607,page_view,2024-11-12 19:41:11.532951435,,"{""stage_rank"":0}"
evt-01103787,sess-00648839,add_to_cart,2026-01-19 19:24:21.316967273,,"{""stage_rank"":1}"
evt-01558787,sess-00915999,page_view,2024-05-30 20:26:27.117656229,,"{""stage_rank"":0}"
evt-00036345,sess-00021324,add_to_cart,2025-08-25 19:29:39.751382344,4.4.0,"{""stage_rank"":1}"
evt-01592658,sess-00935903,page_view,2024-04-06 19:50:12.876182805,4.0.0,"{""stage_rank"":0}"
evt-00553878,sess-00325385,page_view,2025-03-10 02:08:12.918534534,4.3.0,"{""stage_rank"":0}"
evt-00448638,sess-00263739,add_to_cart,2025-02-12 20:55:44.165549099,4.3.0,"{""stage_rank"":1}"
evt-01690883,sess-00993557,page_view,2024-06-08 01:47:49.236583913,,"{""stage_rank"":0}"
evt-01684293,sess-00989692,page_view,2024-04-30 20:03:44.666889814,4.0.0,"{""stage_rank"":0}"
evt-01337974,sess-00786255,page_view,2023-08-28 18:17:41.219141032,3.8.0,"{""stage_rank"":0}"
evt-01412355,sess-00829957,page_view,2025-04-25 20:40:31.610487657,4.3.0,"{""stage_rank"":0}"
evt-00721628,sess-00424107,page_view,2025-08-30 18:58:31.697370338,,"{""stage_rank"":0}"
evt-00891127,sess-00523774,page_view,2023-11-28 00:20:29.602038704,,"{""stage_rank"":0}"
evt-01499077,sess-00880817,add_to_cart,2024-04-29 19:37:52.412526948,4.0.0,"{""stage_rank"":1}"
evt-00023131,sess-00013636,add_to_cart,2023-08-29 22:38:30.564542416,,"{""stage_rank"":1}"
evt-00954301,sess-00561133,page_view,2025-06-17 16:48:52.609855048,,"{""stage_rank"":0}"
evt-01126512,sess-00662121,page_view,2025-03-08 16:36:36.131525282,4.3.0,"{""stage_rank"":0}"
evt-00349164,sess-00205168,add_to_cart,2023-11-13 01:02:10.945946763,,"{""stage_rank"":1}"
evt-01033124,sess-00607338,purchase,2023-09-11 19:09:17.476819745,3.8.0,"{""stage_rank"":3}"
evt-01137819,sess-00668769,page_view,2024-04-15 15:54:05.699238933,,"{""stage_rank"":0}"
evt-00558517,sess-00328101,add_to_cart,2023-11-01 22:35:18.571433456,3.8.0,"{""stage_rank"":1}"
evt-01449016,sess-00851473,add_to_cart,2023-12-13 15:14:49.086749712,,"{""stage_rank"":1}"
evt-01328542,sess-00780762,page_view,2025-02-07 22:56:06.842357439,,"{""stage_rank"":0}"
evt-01440458,sess-00846474,add_to_cart,2024-12-29 17:29:08.216413719,,"{""stage_rank"":1}"
evt-00119829,sess-00070263,page_view,2024-05-22 17:32:08.987989442,,"{""stage_rank"":0}"
evt-00923295,sess-00542806,add_to_cart,2023-01-16 20:52:57.932133956,3.8.0,"{""stage_rank"":1}"
evt-01268899,sess-00745741,add_to_cart,2023-12-12 18:55:23.508072936,3.8.0,"{""stage_rank"":1}"
evt-00345086,sess-00202783,add_to_cart,2023-01-11 20:21:18.811103906,3.8.0,"{""stage_rank"":1}"
evt-01580042,sess-00928446,purchase,2024-02-14 21:41:44.175708317,4.0.0,"{""stage_rank"":3}"
evt-00461861,sess-00271569,page_view,2025-01-13 21:32:48.688810356,4.2.0,"{""stage_rank"":0}"
evt-01342693,sess-00789032,page_view,2024-08-16 22:53:04.357395687,,"{""stage_rank"":0}"
evt-00233005,sess-00136970,page_view,2025-09-26 20:28:59.114606912,4.4.0,"{""stage_rank"":0}"
evt-00608541,sess-00357527,page_view,2025-03-22 00:34:02.494703130,,"{""stage_rank"":0}"
evt-00552564,sess-00324611,add_to_cart,2025-02-21 23:12:45.931282239,,"{""stage_rank"":1}"
evt-00761940,sess-00447822,checkout,2025-06-25 20:48:55.081160560,,"{""stage_rank"":2}"
evt-01636547,sess-00961818,add_to_cart,2024-08-26 22:03:00.513754807,,"{""stage_rank"":1}"
evt-00261589,sess-00153775,checkout,2024-02-12 18:51:43.470298585,,"{""stage_rank"":2}"
evt-00657328,sess-00386350,page_view,2025-08-09 23:24:26.390504071,,"{""stage_rank"":0}"
evt-00693644,sess-00407704,purchase,2024-04-30 18:20:04.934898003,4.0.0,"{""stage_rank"":3}"
evt-01004746,sess-00590739,page_view,2026-06-10 00:08:22.304430923,4.4.0,"{""stage_rank"":0}"
evt-00386992,sess-00227451,add_to_cart,2023-10-11 00:10:25.385176037,3.8.0,"{""stage_rank"":1}"
evt-00818838,sess-00481238,checkout,2025-02-09 19:53:47.868432506,4.3.0,"{""stage_rank"":2}"
evt-00117372,sess-00068832,add_to_cart,2026-02-20 18:46:56.329879294,,"{""stage_rank"":1}"
evt-00841647,sess-00494688,page_view,2025-12-19 22:09:55.198408614,4.4.0,"{""stage_rank"":0}"
evt-01462678,sess-00859458,page_view,2024-01-13 14:23:01.810329954,3.8.0,"{""stage_rank"":0}"
evt-00393923,sess-00231532,page_view,2025-01-15 19:37:23.246358239,,"{""stage_rank"":0}"
evt-00797183,sess-00468518,page_view,2025-08-21 20:14:23.153033667,,"{""stage_rank"":0}"
evt-00261381,sess-00153648,page_view,2026-01-07 21:29:52.040031933,,"{""stage_rank"":0}"
evt-01196762,sess-00703367,page_view,2024-07-06 01:52:37.642486213,,"{""stage_rank"":0}"
evt-00897343,sess-00527459,page_view,2023-04-29 21:36:22.116761641,,"{""stage_rank"":0}"
evt-00660810,sess-00388380,page_view,2023-01-13 22:12:02.272507794,,"{""stage_rank"":0}"
evt-00402473,sess-00236606,add_to_cart,2024-03-31 22:26:53.951021553,4.0.0,"{""stage_rank"":1}"
evt-01377769,sess-00809567,page_view,2026-05-11 00:57:53.561177735,4.4.0,"{""stage_rank"":0}"
evt-01114893,sess-00655341,add_to_cart,2024-08-30 20:58:54.790521644,4.1.0,"{""stage_rank"":1}"
evt-00275612,sess-00161972,page_view,2024-09-28 15:02:55.360772977,,"{""stage_rank"":0}"
evt-01105172,sess-00649659,add_to_cart,2023-03-11 21:40:12.098726335,3.8.0,"{""stage_rank"":1}"
evt-00118426,sess-00069444,page_view,2024-11-28 01:36:52.661570629,,"{""stage_rank"":0}"
evt-01069742,sess-00628781,add_to_cart,2024-07-26 16:57:35.062793680,,"{""stage_rank"":1}"
evt-00337973,sess-00198638,checkout,2026-02-01 20:23:18.122668821,4.4.0,"{""stage_rank"":2}"
evt-01042873,sess-00613038,page_view,2023-01-05 18:52:14.844001221,,"{""stage_rank"":0}"
evt-01163401,sess-00683790,page_view,2024-07-12 19:07:19.381529706,4.0.0,"{""stage_rank"":0}"
evt-01608873,sess-00945429,add_to_cart,2025-04-20 20:42:49.007497275,4.3.0,"{""stage_rank"":1}"
evt-01173333,sess-00689670,checkout,2023-12-16 16:29:44.833137343,3.8.0,"{""stage_rank"":2}"
evt-01565818,sess-00920077,add_to_cart,2026-04-07 20:45:10.840124684,4.4.0,"{""stage_rank"":1}"
evt-00826186,sess-00485517,checkout,2023-03-02 00:41:08.181180808,3.8.0,"{""stage_rank"":2}"
evt-00867170,sess-00509721,page_view,2023-09-25 19:58:00.905083377,,"{""stage_rank"":0}"
evt-00732657,sess-00430577,page_view,2026-03-06 20:54:39.904514386,4.4.0,"{""stage_rank"":0}"
evt-00066957,sess-00039332,add_to_cart,2023-03-31 20:36:27.345054362,3.8.0,"{""stage_rank"":1}"
evt-00531997,sess-00312611,page_view,2024-12-08 20:15:20.067415620,4.2.0,"{""stage_rank"":0}"
evt-00273606,sess-00160767,page_view,2023-01-14 19:27:56.780430758,3.8.0,"{""stage_rank"":0}"
evt-00390716,sess-00229670,page_view,2023-05-12 00:53:59.358094634,3.8.0,"{""stage_rank"":0}"
evt-00175767,sess-00103193,page_view,2025-01-12 21:58:44.820088610,,"{""stage_rank"":0}"
evt-00318058,sess-00186880,page_view,2025-06-02 01:46:48.696358324,,"{""stage_rank"":0}"
evt-01362547,sess-00800690,add_to_cart,2023-09-10 16:26:48.720632748,,"{""stage_rank"":1}"
evt-00629881,sess-00370058,page_view,2023-02-20 18:46:43.702037380,3.8.0,"{""stage_rank"":0}"
evt-00646407,sess-00379913,page_view,2023-11-28 19:51:29.281986031,,"{""stage_rank"":0}"
evt-00195539,sess-00114802,add_to_cart,2026-05-05 18:31:02.730080934,4.4.0,"{""stage_rank"":1}"
evt-00079547,sess-00046756,page_view,2024-10-18 20:46:25.095705677,,"{""stage_rank"":0}"
evt-00857290,sess-00503915,page_view,2025-08-14 20:25:21.289541799,4.4.0,"{""stage_rank"":0}"
evt-01604700,sess-00942957,add_to_cart,2023-08-06 21:54:30.340807637,3.8.0,"{""stage_rank"":1}"
evt-00531747,sess-00312459,page_view,2025-08-30 23:08:21.789011919,,"{""stage_rank"":0}"
evt-00522028,sess-00306795,add_to_cart,2025-12-13 19:31:19.999407679,4.4.0,"{""stage_rank"":1}"
evt-01522054,sess-00894398,page_view,2025-02-12 18:25:52.898404549,4.3.0,"{""stage_rank"":0}"
evt-01285747,sess-00755633,add_to_cart,2026-05-04 19:27:49.190095866,4.4.0,"{""stage_rank"":1}"
evt-00898499,sess-00528159,page_view,2025-06-20 23:35:30.370491103,,"{""stage_rank"":0}"
evt-00467220,sess-00274751,add_to_cart,2025-02-01 18:33:38.532567368,,"{""stage_rank"":1}"
evt-00732066,sess-00430224,add_to_cart,2024-02-17 22:27:45.048530386,,"{""stage_rank"":1}"
evt-00105691,sess-00062039,page_view,2024-07-19 23:11:52.901414940,,"{""stage_rank"":0}"
evt-00856700,sess-00503550,page_view,2023-08-02 19:54:23.154558986,,"{""stage_rank"":0}"
evt-00933101,sess-00548628,page_view,2024-01-08 21:27:16.686266409,,"{""stage_rank"":0}"
evt-01418999,sess-00833860,add_to_cart,2023-10-29 19:43:11.404281070,,"{""stage_rank"":1}"
evt-01135580,sess-00667439,page_view,2026-04-22 22:03:37.705377720,4.4.0,"{""stage_rank"":0}"
evt-00326741,sess-00192023,page_view,2026-01-22 21:09:29.219579142,,"{""stage_rank"":0}"
evt-00266091,sess-00156403,page_view,2026-06-22 21:38:46.346553804,4.4.0,"{""stage_rank"":0}"
evt-00894414,sess-00525722,page_view,2025-08-10 19:36:29.709910786,,"{""stage_rank"":0}"
evt-00064392,sess-00037817,add_to_cart,2024-09-28 22:50:16.102501185,,"{""stage_rank"":1}"
evt-01202921,sess-00706990,add_to_cart,2024-07-12 02:18:31.970546943,,"{""stage_rank"":1}"
evt-01255472,sess-00737916,page_view,2023-02-17 18:20:07.141070123,3.8.0,"{""stage_rank"":0}"
evt-00333872,sess-00196202,page_view,2024-09-17 23:22:50.032794552,4.1.0,"{""stage_rank"":0}"
evt-00926581,sess-00544770,page_view,2025-11-17 03:16:55.949687114,,"{""stage_rank"":0}"
evt-00007443,sess-00004436,page_view,2026-01-13 03:35:07.913997101,4.4.0,"{""stage_rank"":0}"
evt-00339374,sess-00199467,add_to_cart,2025-08-28 23:55:45.125856139,,"{""stage_rank"":1}"
evt-00511721,sess-00300774,add_to_cart,2023-11-30 19:56:42.936034851,,"{""stage_rank"":1}"
evt-00046298,sess-00027141,page_view,2023-08-04 21:52:20.525416851,3.8.0,"{""stage_rank"":0}"
evt-00665112,sess-00390932,checkout,2026-01-15 22:10:01.772686577,,"{""stage_rank"":2}"
evt-00568850,sess-00334178,page_view,2026-02-12 02:36:41.297699985,4.4.0,"{""stage_rank"":0}"
evt-01069109,sess-00628406,page_view,2023-09-18 01:04:18.497347367,3.8.0,"{""stage_rank"":0}"
evt-00283540,sess-00166567,page_view,2023-10-31 22:55:33.878119745,,"{""stage_rank"":0}"
evt-01627272,sess-00956352,add_to_cart,2026-01-09 15:29:14.118561209,,"{""stage_rank"":1}"
evt-01693265,sess-00994960,page_view,2024-07-22 23:47:35.994255435,,"{""stage_rank"":0}"
evt-01563762,sess-00918875,add_to_cart,2025-01-18 17:59:58.442371409,,"{""stage_rank"":1}"
evt-01050933,sess-00617780,page_view,2023-10-12 00:05:23.376484850,3.8.0,"{""stage_rank"":0}"
evt-00341017,sess-00200427,page_view,2024-07-28 23:25:45.234850887,4.0.0,"{""stage_rank"":0}"
evt-00840515,sess-00494015,page_view,2023-01-26 15:20:16.107839271,3.8.0,"{""stage_rank"":0}"
evt-01015198,sess-00596824,checkout,2024-10-24 23:35:47.616242683,4.1.0,"{""stage_rank"":2}"
evt-00490922,sess-00288621,add_to_cart,2023-12-31 16:58:37.865985498,,"{""stage_rank"":1}"
evt-01148026,sess-00674783,page_view,2024-03-09 14:13:25.003069342,4.0.0,"{""stage_rank"":0}"
evt-00736164,sess-00432648,page_view,2025-04-20 19:27:57.098271661,,"{""stage_rank"":0}"
evt-00279704,sess-00164326,page_view,2024-12-23 20:21:04.709796756,4.2.0,"{""stage_rank"":0}"
evt-00941189,sess-00553403,page_view,2026-04-30 00:30:08.088301179,,"{""stage_rank"":0}"
evt-00624277,sess-00366742,add_to_cart,2024-12-13 22:19:08.610353378,4.2.0,"{""stage_rank"":1}"
evt-00285786,sess-00167890,page_view,2023-10-15 15:33:19.526749981,3.8.0,"{""stage_rank"":0}"
evt-01273275,sess-00748296,add_to_cart,2024-08-29 17:46:57.065605434,,"{""stage_rank"":1}"
evt-00346292,sess-00203496,add_to_cart,2025-11-18 20:42:14.638241884,4.4.0,"{""stage_rank"":1}"
evt-00194106,sess-00113967,page_view,2024-04-19 17:01:03.769496776,,"{""stage_rank"":0}"
evt-00442863,sess-00260338,page_view,2025-05-29 19:12:23.524150801,,"{""stage_rank"":0}"
evt-00829820,sess-00487648,page_view,2024-09-21 21:47:16.701792050,4.1.0,"{""stage_rank"":0}"
evt-00068123,sess-00040008,purchase,2024-06-03 19:01:33.195211611,,"{""stage_rank"":3}"
evt-00300797,sess-00176686,page_view,2024-02-16 17:22:04.433159149,,"{""stage_rank"":0}"
evt-01208366,sess-00710151,page_view,2023-10-19 21:22:53.937156987,,"{""stage_rank"":0}"
evt-00415123,sess-00244067,purchase,2023-04-17 01:36:41.538665438,,"{""stage_rank"":3}"
evt-01567657,sess-00921162,page_view,2023-10-24 16:20:13.917864750,3.8.0,"{""stage_rank"":0}"
evt-01699533,sess-00998627,add_to_cart,2024-01-26 19:40:09.191465188,3.8.0,"{""stage_rank"":1}"
evt-01637867,sess-00962598,page_view,2025-08-22 18:26:11.193864205,,"{""stage_rank"":0}"
evt-00955905,sess-00562056,add_to_cart,2025-12-28 22:50:05.318171978,4.4.0,"{""stage_rank"":1}"
evt-00798787,sess-00469449,add_to_cart,2024-07-04 23:15:15.716370344,,"{""stage_rank"":1}"
evt-01598873,sess-00939568,page_view,2025-02-14 00:45:06.492200545,4.3.0,"{""stage_rank"":0}"
evt-00075209,sess-00044197,page_view,2025-11-29 15:52:31.876658780,4.4.0,"{""stage_rank"":0}"
evt-00961337,sess-00565252,add_to_cart,2025-02-27 23:09:31.420264058,,"{""stage_rank"":1}"
evt-00437160,sess-00256990,page_view,2025-03-26 01:16:39.159385874,4.3.0,"{""stage_rank"":0}"
evt-00994427,sess-00584755,checkout,2023-07-20 20:44:18.738122623,,"{""stage_rank"":2}"
evt-01568448,sess-00921646,page_view,2025-05-24 16:40:28.969316072,4.3.0,"{""stage_rank"":0}"
evt-01222149,sess-00718247,add_to_cart,2026-02-28 06:10:05.957064471,4.4.0,"{""stage_rank"":1}"
evt-00937653,sess-00551306,page_view,2026-06-26 18:15:36.126013826,4.4.0,"{""stage_rank"":0}"
evt-01354790,sess-00796122,add_to_cart,2024-03-13 19:28:40.297392604,,"{""stage_rank"":1}"
evt-00013023,sess-00007716,page_view,2025-02-04 21:19:12.094808199,4.3.0,"{""stage_rank"":0}"
evt-00424869,sess-00249752,page_view,2023-08-22 22:15:35.916110218,,"{""stage_rank"":0}"
evt-00209686,sess-00123167,checkout,2025-04-24 13:48:07.801289115,,"{""stage_rank"":2}"
evt-00993517,sess-00584229,page_view,2025-07-13 17:02:04.070611402,,"{""stage_rank"":0}"
evt-01478785,sess-00868921,page_view,2026-04-06 17:17:19.650504075,4.4.0,"{""stage_rank"":0}"
evt-01017592,sess-00598233,add_to_cart,2023-09-02 20:57:14.642846308,3.8.0,"{""stage_rank"":1}"
evt-01433326,sess-00842256,page_view,2025-10-26 22:05:00.166835154,4.4.0,"{""stage_rank"":0}"
evt-00121540,sess-00071271,page_view,2025-08-03 20:17:11.984708955,,"{""stage_rank"":0}"
evt-01424360,sess-00837036,add_to_cart,2025-09-22 16:20:35.830277330,4.4.0,"{""stage_rank"":1}"
evt-01610615,sess-00946469,page_view,2023-01-10 20:10:53.630570536,3.8.0,"{""stage_rank"":0}"
evt-00656572,sess-00385925,page_view,2024-07-11 19:56:46.890000033,4.0.0,"{""stage_rank"":0}"
evt-00971451,sess-00571241,add_to_cart,2024-02-22 19:39:31.184325324,,"{""stage_rank"":1}"
evt-00833865,sess-00490095,page_view,2025-08-17 23:04:02.509784604,4.4.0,"{""stage_rank"":0}"
evt-00749624,sess-00440568,page_view,2025-10-04 19:54:18.287858454,,"{""stage_rank"":0}"
evt-01694038,sess-00995397,add_to_cart,2025-03-14 18:36:11.423321785,,"{""stage_rank"":1}"
evt-01155421,sess-00679154,page_view,2023-07-23 21:55:40.521836138,3.8.0,"{""stage_rank"":0}"
evt-00362143,sess-00212805,add_to_cart,2023-07-28 19:21:07.593806160,,"{""stage_rank"":1}"
evt-00116082,sess-00068084,checkout,2024-07-17 22:07:03.939678151,4.0.0,"{""stage_rank"":2}"
evt-00444351,sess-00261206,add_to_cart,2025-10-19 14:30:30.492474371,,"{""stage_rank"":1}"
evt-00020015,sess-00011840,checkout,2024-10-19 01:36:53.238978837,,"{""stage_rank"":2}"
evt-00812504,sess-00477506,page_view,2026-03-04 19:14:29.603660874,,"{""stage_rank"":0}"
evt-00199177,sess-00116963,page_view,2024-03-08 14:25:44.120239829,4.0.0,"{""stage_rank"":0}"
evt-00482101,sess-00283452,page_view,2026-06-20 20:06:36.065102707,,"{""stage_rank"":0}"
evt-01542015,sess-00906140,add_to_cart,2026-03-13 22:45:15.970967810,4.4.0,"{""stage_rank"":1}"
evt-01344175,sess-00789893,page_view,2024-10-20 21:40:13.104042070,4.1.0,"{""stage_rank"":0}"
evt-00784635,sess-00461154,page_view,2026-01-18 17:28:36.378093659,,"{""stage_rank"":0}"
evt-01212737,sess-00712663,page_view,2025-06-07 21:37:09.432002008,4.3.0,"{""stage_rank"":0}"
evt-01620542,sess-00952376,page_view,2026-01-22 02:03:14.632009262,4.4.0,"{""stage_rank"":0}"
evt-00827718,sess-00486415,page_view,2025-02-05 17:14:39.815185149,4.3.0,"{""stage_rank"":0}"
evt-00349296,sess-00205247,page_view,2026-06-16 20:11:02.069224200,,"{""stage_rank"":0}"
evt-01534280,sess-00901574,add_to_cart,2023-07-19 17:14:19.232079870,,"{""stage_rank"":1}"
evt-00779859,sess-00458325,page_view,2025-03-23 20:31:06.076568468,,"{""stage_rank"":0}"
evt-00956437,sess-00562362,purchase,2024-09-09 21:31:49.554752626,,"{""stage_rank"":3}"
evt-00948326,sess-00557611,add_to_cart,2023-08-10 22:04:21.756017683,,"{""stage_rank"":1}"
evt-01593069,sess-00936148,add_to_cart,2026-03-30 22:44:07.317801882,,"{""stage_rank"":1}"
evt-01225422,sess-00720190,add_to_cart,2025-10-09 23:03:47.634074033,,"{""stage_rank"":1}"
evt-00956365,sess-00562320,purchase,2023-10-06 01:21:42.785423083,3.8.0,"{""stage_rank"":3}"
evt-01314895,sess-00772744,checkout,2023-08-21 18:22:32.164408886,,"{""stage_rank"":2}"
evt-01000310,sess-00588160,page_view,2025-12-17 16:53:20.718619779,,"{""stage_rank"":0}"
evt-00094932,sess-00055751,page_view,2023-08-16 21:55:06.520027417,,"{""stage_rank"":0}"
evt-01663292,sess-00977436,page_view,2025-09-27 00:05:18.721406398,,"{""stage_rank"":0}"
evt-01102163,sess-00647907,add_to_cart,2025-07-14 20:18:50.401276147,,"{""stage_rank"":1}"
evt-00141967,sess-00083320,page_view,2024-10-24 14:29:45.347114439,4.1.0,"{""stage_rank"":0}"
evt-01275909,sess-00749867,checkout,2024-04-19 21:51:29.043178077,,"{""stage_rank"":2}"
evt-00323905,sess-00190348,checkout,2024-03-27 15:28:44.835894641,4.0.0,"{""stage_rank"":2}"
evt-01202190,sess-00706568,add_to_cart,2023-02-11 20:32:59.604186125,3.8.0,"{""stage_rank"":1}"
evt-01516991,sess-00891398,page_view,2023-06-12 02:43:52.622926312,3.8.0,"{""stage_rank"":0}"
evt-01503824,sess-00883632,page_view,2024-08-02 20:48:26.203144407,,"{""stage_rank"":0}"
evt-00337009,sess-00198066,page_view,2024-03-05 17:48:03.671867459,4.0.0,"{""stage_rank"":0}"
evt-01598011,sess-00939059,add_to_cart,2026-04-10 16:01:10.228134115,4.4.0,"{""stage_rank"":1}"
evt-01185609,sess-00696844,page_view,2024-11-07 22:34:40.799470044,,"{""stage_rank"":0}"
evt-00261747,sess-00153867,page_view,2024-07-24 19:41:41.697649666,,"{""stage_rank"":0}"
evt-00329966,sess-00193922,page_view,2023-11-10 11:34:17.972497405,,"{""stage_rank"":0}"
evt-00882790,sess-00518874,checkout,2023-09-17 18:48:25.711631771,3.8.0,"{""stage_rank"":2}"
evt-01359796,sess-00799052,add_to_cart,2023-12-14 20:21:25.510741330,3.8.0,"{""stage_rank"":1}"
evt-01422453,sess-00835907,page_view,2025-08-31 15:14:51.090263806,4.4.0,"{""stage_rank"":0}"
evt-00932009,sess-00547977,page_view,2026-05-18 22:49:54.379422949,,"{""stage_rank"":0}"
evt-01678057,sess-00986054,page_view,2024-02-06 23:51:59.782400228,4.0.0,"{""stage_rank"":0}"
evt-00520874,sess-00306132,page_view,2025-04-10 17:39:07.241342732,,"{""stage_rank"":0}"
evt-00650172,sess-00382146,add_to_cart,2024-07-01 19:53:34.375713298,4.0.0,"{""stage_rank"":1}"
evt-00970499,sess-00570671,page_view,2023-11-29 16:13:56.607916435,3.8.0,"{""stage_rank"":0}"
evt-00064523,sess-00037888,checkout,2025-07-04 17:41:05.138808253,4.3.0,"{""stage_rank"":2}"
evt-00552179,sess-00324386,add_to_cart,2023-08-04 19:07:36.479352187,3.8.0,"{""stage_rank"":1}"
evt-00543220,sess-00319144,add_to_cart,2025-10-17 00:26:42.987538091,4.4.0,"{""stage_rank"":1}"
evt-00716261,sess-00420938,page_view,2025-11-28 21:18:56.005641769,4.4.0,"{""stage_rank"":0}"
evt-00138028,sess-00081003,add_to_cart,2025-02-21 20:40:41.671584644,,"{""stage_rank"":1}"
