order_id,customer_id,order_date,channel,device,discount_pct,shipping_cost,status,store_id
order-0095091,cust-048562,02/09/2025,online,desktop,0.15,"4,95",completado,
order-0050651,cust-055379,17 de junio de 2026,online,desktop,0.0,"0,00",completado,
order-0296815,cust-046471,21 de febrero de 2026,store,n/a,0.3,"0,00",completado,store-20
order-0301776,cust-032670,29 de abril de 2026,online,mobile,0.0,"2,95",completado,
order-0364647,cust-000606,2025-09-24,online,tablet,0.15,"0,00",completado,
order-0120750,cust-037070,2026-03-30,online,tablet,0.0,"0,00",devuelto_parcial,
order-0002027,cust-031869,2023-10-05,online,desktop,0.0,"0,00",cancelado,
order-0134255,cust-001109,24 de diciembre de 2024,online,mobile,0.2,"2,95",completado,
order-0201160,cust-015510,2023-03-23,online,mobile,0.1,"4,95",devuelto_parcial,
order-0263024,cust-006961,11/07/2024,online,mobile,0.2,"4,95",completado,
order-0117910,cust-030533,12/03/2026,online,desktop,0.0,"2,95",completado,
order-0397013,cust-056086,07/08/2025,online,mobile,0.15,"0,00",completado,
order-0155317,cust-008825,2026-01-11,online,mobile,0.3,"0,00",completado,
order-0189027,cust-038279,11/07/2024,online,mobile,0.3,"4,95",completado,
order-0389581,cust-raw-fake-016,2025-08-20,online,mobile,0.1,"4,95",completado,
order-0309811,cust-002772,07/05/2026,online,mobile,0.05,"0,00",completado,
order-0347251,cust-039258,20 de noviembre de 2024,online,desktop,0.15,"4,95",completado,
order-0232542,cust-034057,28 de diciembre de 2024,online,mobile,0.05,"2,95",completado,
order-0100833,cust-018472,22/02/2025,store,n/a,0.2,"0,00",completado,store-35
order-0002422,cust-009693,07/09/2025,online,desktop,0.0,"0,00",completado,
order-0236824,cust-006071,12/04/2026,online,desktop,0.0,"0,00",completado,
order-0181696,cust-050485,8 de noviembre de 2024,online,desktop,0.0,"2,95",completado,
order-0101990,cust-046839,27 de septiembre de 2025,online,mobile,0.1,"2,95",completado,
order-0068832,cust-055031,2025-05-02,online,desktop,0.0,"4,95",completado,
order-0073224,cust-041757,15 de abril de 2026,online,mobile,0.0,"0,00",completado,
order-0306862,cust-029227,31 de julio de 2024,online,tablet,0.3,"0,00",completado,
order-0346660,cust-029363,13/10/2024,online,mobile,0.1,"2,95",cancelado,
order-0032428,cust-032343,18 de octubre de 2025,online,desktop,0.0,"2,95",completado,
order-0258151,cust-010099,29/11/2025,online,desktop,0.1,"0,00",completado,
order-0192066,cust-017696,26/03/2025,online,desktop,0.05,"0,00",completado,
order-0020827,cust-027000,28/12/2025,online,mobile,0.0,"0,00",completado,
order-0056470,cust-046772,16 de septiembre de 2025,online,desktop,0.1,"2,95",completado,
order-0262838,cust-023322,2025-06-18,online,mobile,0.1,"0,00",completado,
order-0195547,cust-024728,07/09/2025,online,mobile,0.0,"4,95",completado,
order-0334403,cust-027553,14/03/2026,online,desktop,0.0,"4,95",completado,
order-0052666,cust-028000,21/06/2025,online,mobile,0.0,"4,95",completado,
order-0289597,cust-005173,7 de julio de 2025,store,n/a,0.15,"0,00",completado,store-04
order-0398507,cust-016882,28/02/2026,online,desktop,0.3,"2,95",completado,
order-0247947,cust-009824,2025-06-06,online,mobile,0.0,"2,95",devuelto_parcial,
order-0396107,cust-013140,2025-09-22,online,desktop,0.0,"2,95",completado,
order-0329116,cust-052995,19 de septiembre de 2025,online,tablet,0.1,"4,95",completado,
order-0105492,cust-032075,30/08/2025,online,desktop,0.2,"2,95",completado,
order-0085120,cust-029007,29/12/2024,online,tablet,0.0,"0,00",completado,
order-0363399,cust-021492,22 de mayo de 2026,online,mobile,0.0,"0,00",completado,
order-0258341,cust-018199,11/05/2026,store,n/a,0.15,"0,00",completado,store-38
order-0108797,cust-019391,06/08/2025,online,mobile,0.1,"2,95",completado,
order-0314333,cust-025154,1 de febrero de 2026,online,mobile,0.1,"2,95",completado,
order-0033858,cust-024022,2024-04-12,online,mobile,0.05,"2,95",completado,
order-0290848,cust-032544,2026-05-12,online,mobile,0.2,"4,95",completado,
order-0261565,cust-038015,15 de junio de 2026,online,desktop,0.1,"0,00",completado,
order-0059495,cust-000000,30 de enero de 2024,online,tablet,0.3,"4,95",completado,
order-0249620,cust-050343,2026-06-30,online,desktop,0.0,"4,95",devuelto_parcial,
order-0207472,cust-035513,13 de mayo de 2026,online,desktop,0.0,"2,95",completado,
order-0292549,cust-033121,2025-03-27,online,desktop,0.0,"0,00",completado,
order-0331626,cust-019041,13 de noviembre de 2025,online,mobile,0.05,"0,00",completado,
order-0078518,cust-048114,2026-01-30,online,desktop,0.3,"4,95",completado,
order-0175905,cust-042015,22/08/2025,online,mobile,0.3,"0,00",cancelado,
order-0242240,cust-008007,24/08/2025,online,mobile,0.1,"2,95",completado,
order-0198219,cust-047037,2024-12-05,online,desktop,0.0,"0,00",completado,
order-0059543,cust-016019,30 de mayo de 2025,online,mobile,0.15,"2,95",devuelto_parcial,
order-0230870,cust-000539,2025-12-03,online,mobile,0.0,"0,00",completado,
order-0000441,cust-001747,05/12/2024,online,mobile,0.0,"0,00",completado,
order-0088209,cust-027936,12/12/2025,online,mobile,0.05,"0,00",completado,
order-0181266,cust-raw-fake-019,2026-01-20,online,desktop,0.2,"4,95",completado,
order-0189861,cust-049950,2025-04-29,online,mobile,0.1,"0,00",completado,
order-0293624,cust-036004,26/07/2025,online,desktop,0.1,"0,00",completado,
order-0349236,cust-026758,7 de noviembre de 2023,online,desktop,0.1,"4,95",cancelado,
order-0076453,cust-049501,11 de mayo de 2026,store,n/a,0.05,"0,00",completado,store-37
order-0259215,cust-001535,26/05/2026,online,mobile,0.1,"0,00",completado,
order-0140650,cust-027789,18 de febrero de 2025,store,n/a,0.1,"0,00",completado,store-33
order-0108946,cust-027043,2 de octubre de 2025,online,mobile,0.05,"4,95",completado,
order-0298268,cust-035691,05/06/2025,store,n/a,0.05,"0,00",completado,store-20
order-0071074,cust-019889,25 de febrero de 2024,online,mobile,0.1,"2,95",completado,
order-0384973,cust-058964,2025-02-17,online,desktop,0.3,"2,95",completado,
order-0090361,cust-053236,02/07/2025,online,mobile,0.2,"2,95",completado,
order-0381070,cust-018251,26 de julio de 2025,online,desktop,0.3,"0,00",completado,
order-0135030,cust-050539,2024-07-15,online,mobile,0.3,"4,95",completado,
order-0093959,cust-042366,2024-08-12,online,mobile,0.2,"2,95",completado,
order-0204894,cust-020224,11/05/2025,online,mobile,0.15,"2,95",completado,
order-0369122,cust-023644,18 de agosto de 2025,online,mobile,0.1,"4,95",completado,
order-0261485,cust-021863,31/07/2024,online,mobile,0.15,"4,95",completado,
order-0249618,cust-021543,2025-10-14,online,mobile,0.0,"4,95",completado,
order-0228925,cust-034765,21 de enero de 2025,online,mobile,0.2,"2,95",completado,
order-0269500,cust-026357,02/03/2024,store,n/a,0.05,"0,00",completado,store-38
order-0376484,cust-014587,30/12/2025,online,mobile,0.1,"0,00",completado,
order-0053412,cust-029191,2024-02-29,online,desktop,0.0,"4,95",completado,
order-0062011,cust-014539,2026-02-05,online,mobile,0.2,"0,00",completado,
order-0179352,cust-007172,10 de octubre de 2023,online,desktop,0.1,"0,00",completado,
order-0080271,cust-030469,27 de marzo de 2025,online,mobile,0.05,"0,00",completado,
order-0296654,cust-053210,2025-08-25,online,mobile,0.1,"4,95",completado,
order-0164471,cust-031019,2025-12-21,online,desktop,0.2,"0,00",completado,
order-0288325,cust-033828,28/12/2024,online,tablet,0.0,"0,00",cancelado,
order-0096292,cust-008755,17 de julio de 2023,online,desktop,0.1,"0,00",devuelto_parcial,
order-0301099,cust-009641,2025-01-24,online,desktop,0.2,"0,00",completado,
order-0240172,cust-025444,06/09/2025,online,desktop,0.05,"2,95",completado,
order-0109421,cust-025892,2026-05-18,online,mobile,0.2,"0,00",completado,
order-0281020,cust-017007,09/02/2026,online,desktop,0.2,"2,95",completado,
order-0004953,cust-026987,29/07/2025,online,desktop,0.2,"2,95",devuelto_parcial,
order-0166727,cust-056540,7 de enero de 2025,online,desktop,0.2,"2,95",completado,
order-0225161,cust-020374,2025-08-19,online,mobile,0.2,"0,00",devuelto_parcial,
order-0094619,cust-003823,21 de mayo de 2024,online,mobile,0.15,"0,00",completado,
order-0371932,cust-011669,02/07/2025,online,desktop,0.3,"2,95",completado,
order-0039940,cust-006935,21/11/2025,online,desktop,0.15,"2,95",completado,
order-0055133,cust-052474,2026-02-10,online,desktop,0.3,"2,95",completado,
order-0036239,cust-043833,02/08/2025,store,n/a,0.3,"0,00",completado,store-08
order-0358424,cust-007588,23 de agosto de 2023,store,n/a,0.2,"0,00",completado,store-34
order-0200151,cust-013905,2025-12-24,online,desktop,0.2,"2,95",completado,
order-0255325,cust-011818,2025-04-10,online,desktop,0.05,"0,00",completado,
order-0218887,cust-041922,04/12/2023,online,desktop,0.0,"0,00",completado,
order-0201182,cust-035529,2024-02-28,online,mobile,0.1,"0,00",devuelto_parcial,
order-0185956,cust-049044,09/06/2025,store,n/a,0.1,"0,00",completado,
order-0369124,cust-057543,27 de febrero de 2026,online,desktop,0.3,"0,00",completado,
order-0379958,cust-014410,27 de mayo de 2026,online,mobile,0.0,"0,00",completado,
order-0172605,cust-042502,13 de junio de 2024,online,desktop,0.0,"0,00",completado,
order-0226776,cust-026426,2025-05-12,online,mobile,0.0,"2,95",completado,
order-0182513,cust-029789,10 de octubre de 2025,online,desktop,0.0,"2,95",completado,
order-0007493,cust-036684,28 de octubre de 2025,online,mobile,0.1,"0,00",completado,
order-0390107,cust-049917,23/04/2024,online,mobile,0.0,"4,95",completado,
order-0206164,cust-008789,19/03/2025,online,mobile,0.2,"4,95",completado,
order-0034717,cust-038912,16 de octubre de 2025,online,mobile,0.1,"0,00",completado,
order-0042422,cust-019938,10/05/2026,online,desktop,0.0,"2,95",completado,
order-0078487,cust-033482,2025-09-22,online,mobile,0.0,"0,00",completado,
order-0364619,cust-011055,2026-01-08,online,mobile,0.3,"0,00",completado,
order-0336539,cust-025983,4 de mayo de 2025,online,mobile,0.0,"0,00",completado,
order-0288951,cust-049483,2024-08-19,online,desktop,0.2,"0,00",completado,
order-0236717,cust-059563,25/09/2025,online,mobile,0.0,"0,00",devuelto_parcial,
order-0208835,cust-037164,14 de enero de 2026,online,mobile,0.2,"2,95",completado,
order-0043255,cust-012181,15/06/2026,online,mobile,0.0,"0,00",completado,
order-0295297,cust-041863,25 de febrero de 2024,online,mobile,0.15,"4,95",completado,
order-0268159,cust-035532,02/10/2025,online,mobile,0.0,"2,95",completado,
order-0209439,cust-019561,9 de febrero de 2025,online,mobile,0.1,"4,95",completado,
order-0025206,cust-012606,17/10/2024,online,mobile,0.05,"4,95",devuelto_parcial,
order-0361878,cust-025529,2025-07-22,online,mobile,0.1,"0,00",completado,
order-0083198,cust-055527,5 de agosto de 2024,online,desktop,0.2,"2,95",completado,
order-0202459,cust-015514,11 de abril de 2025,online,desktop,0.15,"2,95",completado,
order-0042146,cust-023053,18 de noviembre de 2025,online,mobile,0.0,"2,95",completado,
order-0205920,cust-047425,11 de octubre de 2024,store,n/a,0.0,"0,00",completado,store-35
order-0018188,cust-052748,2025-10-25,online,mobile,0.05,"4,95",completado,
order-0063133,cust-000121,2026-05-17,online,tablet,0.0,"0,00",completado,
order-0347339,cust-039910,26/05/2026,online,mobile,0.05,"4,95",completado,
order-0060494,cust-021519,3 de octubre de 2025,online,mobile,0.05,"2,95",devuelto_parcial,
order-0243687,cust-011928,2026-05-11,online,mobile,0.1,"4,95",devuelto_parcial,
order-0129697,cust-023049,11 de enero de 2025,store,n/a,0.1,"0,00",completado,store-31
order-0166492,cust-037447,26 de junio de 2025,store,n/a,0.05,"0,00",completado,store-24
order-0168303,cust-054510,2025-06-06,online,desktop,0.0,"0,00",devuelto_parcial,
order-0119005,cust-raw-fake-000,2 de marzo de 2025,online,mobile,0.0,"2,95",completado,
order-0025464,cust-029556,29 de marzo de 2026,online,desktop,0.0,"0,00",completado,
order-0118394,cust-022167,30 de junio de 2026,online,mobile,0.1,"0,00",completado,
order-0070839,cust-016227,2026-05-30,online,tablet,0.0,"4,95",completado,
order-0399426,cust-035702,20/12/2025,online,mobile,0.3,"2,95",completado,
order-0364606,cust-057617,2024-12-15,online,desktop,0.1,"0,00",completado,
order-0258048,cust-032171,30/06/2026,online,desktop,0.15,"0,00",completado,
order-0187684,cust-038310,28/11/2025,online,mobile,0.15,"4,95",devuelto_parcial,
order-0074344,cust-003331,27 de agosto de 2024,online,mobile,0.2,"0,00",completado,
order-0236186,cust-004596,25 de marzo de 2025,online,mobile,0.0,"0,00",completado,
order-0153939,cust-025085,2026-02-23,online,mobile,0.3,"0,00",completado,
order-0191960,cust-026707,18/11/2025,online,mobile,0.0,"2,95",completado,
order-0131990,cust-046086,11 de septiembre de 2025,online,desktop,0.0,"2,95",completado,
order-0192247,cust-030773,8 de agosto de 2025,online,desktop,0.1,"2,95",completado,
order-0388652,cust-048929,13/09/2025,online,mobile,0.05,"2,95",completado,
order-0329126,cust-010839,2025-05-02,online,mobile,0.0,"2,95",completado,
order-0099225,cust-000479,2025-03-31,online,mobile,0.0,"2,95",cancelado,
order-0259624,cust-054260,6 de noviembre de 2024,online,desktop,0.0,"0,00",completado,
order-0225944,cust-045274,26 de julio de 2024,online,desktop,0.2,"2,95",devuelto_parcial,
order-0353900,cust-030882,23 de junio de 2026,store,n/a,0.0,"0,00",completado,store-01
order-0395478,cust-051432,27/06/2026,online,mobile,0.0,"4,95",completado,
order-0091195,cust-016907,20/12/2024,online,mobile,0.2,"4,95",completado,
order-0343374,cust-038744,2025-04-29,online,mobile,0.0,"4,95",completado,
order-0161729,cust-019092,02/10/2024,online,mobile,0.05,"2,95",completado,
order-0071398,cust-014054,20/07/2025,online,tablet,0.3,"4,95",completado,
order-0110836,cust-045825,16 de enero de 2026,online,mobile,0.1,"0,00",completado,
order-0118495,cust-036625,14/07/2024,online,mobile,0.2,"4,95",completado,
order-0095016,cust-032076,2026-02-28,online,mobile,0.15,"0,00",cancelado,
order-0275375,cust-032011,06/05/2024,online,mobile,0.0,"0,00",completado,
order-0144285,cust-014439,2025-03-17,online,tablet,0.0,"4,95",completado,
order-0031248,cust-036316,2026-06-27,online,mobile,0.0,"0,00",completado,
order-0249357,cust-007665,14 de septiembre de 2025,online,mobile,0.1,"0,00",completado,
order-0247093,cust-009012,06/08/2025,online,desktop,0.2,"0,00",cancelado,
order-0092704,cust-033530,23 de agosto de 2025,online,desktop,0.1,"2,95",completado,
order-0070567,cust-052806,3 de noviembre de 2025,online,mobile,0.0,"2,95",completado,
order-0049955,cust-041393,13 de diciembre de 2025,online,desktop,0.2,"2,95",completado,
order-0292402,cust-045062,14/04/2026,online,desktop,0.15,"0,00",completado,
order-0318713,cust-016407,16/10/2025,online,desktop,0.0,"4,95",completado,
order-0019821,cust-001547,13 de marzo de 2026,online,mobile,0.05,"4,95",completado,
order-0064772,cust-012289,04/09/2025,online,mobile,0.0,"0,00",completado,
order-0396534,cust-059890,2025-10-03,online,mobile,0.05,"0,00",completado,
order-0017568,cust-004098,03/09/2024,online,desktop,0.2,"0,00",completado,
order-0179995,cust-026010,2025-09-07,online,mobile,0.1,"2,95",completado,
order-0200108,cust-040846,5 de junio de 2026,online,desktop,0.0,"2,95",completado,
order-0263078,cust-059460,2026-04-01,online,desktop,0.0,"4,95",completado,
order-0074156,cust-038635,18/08/2025,online,mobile,0.3,"4,95",completado,
order-0315768,cust-027174,5 de junio de 2026,online,mobile,0.0,"2,95",completado,
order-0056791,cust-034229,02/08/2025,online,mobile,0.1,"0,00",completado,
order-0230285,cust-016399,27 de mayo de 2025,online,mobile,0.0,"0,00",devuelto_parcial,
order-0134459,cust-020900,29 de agosto de 2025,online,mobile,0.2,"2,95",completado,
order-0185618,cust-038357,2024-09-09,online,desktop,0.2,"0,00",completado,
order-0263841,cust-054942,2025-12-10,online,mobile,0.0,"4,95",completado,
order-0332071,cust-018265,29/11/2024,store,n/a,0.0,"0,00",devuelto_parcial,store-36
order-0394093,cust-022296,13 de marzo de 2026,online,mobile,0.0,"0,00",cancelado,
order-0091872,cust-041272,2 de mayo de 2026,online,mobile,0.0,"2,95",completado,
order-0268452,cust-027324,12/12/2025,online,mobile,0.0,"0,00",completado,
order-0059714,cust-041253,26/08/2025,online,mobile,0.3,"2,95",completado,
order-0324443,cust-040296,11/11/2023,online,desktop,0.05,"2,95",completado,
order-0050052,cust-054623,15/07/2025,online,mobile,0.3,"0,00",completado,
order-0224544,cust-041934,04/08/2025,online,mobile,0.1,"0,00",completado,
order-0291907,cust-053125,04/02/2025,online,mobile,0.3,"2,95",completado,
order-0306172,cust-028366,17 de junio de 2026,online,desktop,0.1,"2,95",completado,
order-0327760,cust-003640,2026-01-18,store,n/a,0.3,"0,00",completado,store-00
order-0222822,cust-026078,8 de febrero de 2026,online,mobile,0.2,"2,95",completado,
order-0198417,cust-013521,10 de noviembre de 2025,store,n/a,0.0,"0,00",completado,store-13
order-0123873,cust-019671,2026-04-03,online,mobile,0.15,"2,95",completado,
order-0073596,cust-045094,27/05/2025,online,desktop,0.1,"2,95",completado,
order-0273597,cust-028566,30 de agosto de 2023,online,tablet,0.2,"2,95",completado,
order-0112715,cust-040858,30 de abril de 2026,online,desktop,0.15,"0,00",devuelto_parcial,
order-0291487,cust-024736,7 de enero de 2026,online,desktop,0.2,"4,95",completado,
order-0365796,cust-013701,23 de abril de 2025,online,desktop,0.15,"2,95",devuelto_parcial,
order-0325204,cust-041230,17 de abril de 2025,online,mobile,0.0,"4,95",completado,
order-0085675,cust-051289,17/07/2025,online,tablet,0.1,"0,00",devuelto_parcial,
order-0366796,cust-027555,13 de febrero de 2025,online,mobile,0.1,"2,95",completado,
order-0153267,cust-005946,2023-08-24,online,mobile,0.1,"0,00",cancelado,
order-0034064,cust-040911,28/07/2024,online,mobile,0.2,"4,95",completado,
order-0005555,cust-043675,30/05/2025,store,n/a,0.0,"0,00",completado,store-25
order-0251079,cust-003529,2026-05-18,online,mobile,0.0,"2,95",completado,
order-0170483,cust-047881,22 de julio de 2025,online,mobile,0.1,"2,95",completado,
order-0120326,cust-038406,30 de junio de 2026,online,desktop,0.0,"4,95",completado,
order-0294684,cust-raw-fake-006,16 de febrero de 2025,online,mobile,0.1,"0,00",completado,
order-0305742,cust-010050,2025-06-19,online,desktop,0.0,"4,95",completado,
order-0203283,cust-052634,21/02/2024,store,n/a,0.3,"0,00",cancelado,store-37
order-0373113,cust-057890,2026-06-06,online,mobile,0.0,"0,00",completado,
order-0293615,cust-035624,14 de marzo de 2026,online,desktop,0.0,"0,00",completado,
order-0343278,cust-009390,2026-01-10,online,desktop,0.1,"2,95",completado,
order-0191312,cust-031679,27/05/2024,online,tablet,0.1,"0,00",completado,
order-0395935,cust-034159,2023-04-12,online,desktop,0.05,"0,00",completado,
order-0235067,cust-008899,21 de marzo de 2026,online,desktop,0.0,"0,00",completado,
order-0176579,cust-018958,10/09/2025,online,desktop,0.0,"0,00",cancelado,
order-0256406,cust-047043,17/02/2024,store,n/a,0.1,"0,00",completado,store-21
order-0068127,cust-002729,05/05/2025,online,mobile,0.0,"2,95",completado,
order-0341536,cust-054549,25 de agosto de 2025,online,desktop,0.2,"2,95",completado,
order-0065518,cust-058039,20 de marzo de 2026,online,mobile,0.0,"2,95",completado,
order-0015296,cust-008046,2 de septiembre de 2024,online,desktop,0.0,"0,00",completado,
order-0365931,cust-038932,28 de octubre de 2025,online,mobile,0.0,"4,95",cancelado,
order-0119389,cust-055248,07/11/2024,online,mobile,0.0,"2,95",completado,
order-0201418,cust-026312,2026-05-17,online,desktop,0.0,"0,00",completado,
order-0184137,cust-046159,2026-03-29,store,n/a,0.1,"0,00",completado,store-25
order-0064251,cust-000040,2026-04-07,online,mobile,0.0,"2,95",completado,
order-0097607,cust-035374,22/05/2026,online,tablet,0.0,"0,00",cancelado,
order-0302700,cust-014837,2024-10-09,online,mobile,0.0,"0,00",completado,
order-0169644,cust-029602,02/06/2026,online,desktop,0.1,"2,95",completado,
order-0266796,cust-039489,14/10/2023,online,mobile,0.2,"2,95",completado,
order-0349706,cust-052529,01/11/2025,online,mobile,0.0,"4,95",completado,
order-0027938,cust-024733,1 de abril de 2026,store,n/a,0.05,"0,00",completado,store-38
order-0251903,cust-020320,2025-12-01,online,desktop,0.1,"4,95",completado,
order-0294460,cust-026790,8 de septiembre de 2025,online,desktop,0.2,"2,95",completado,
order-0145246,cust-002934,2025-09-20,online,desktop,0.05,"4,95",completado,
order-0170035,cust-058683,26/12/2025,online,mobile,0.2,"0,00",completado,
order-0208372,cust-048971,2025-09-27,online,desktop,0.0,"4,95",completado,
order-0027556,cust-054956,9 de agosto de 2023,online,mobile,0.2,"4,95",completado,
order-0386838,cust-019442,21 de junio de 2024,online,mobile,0.2,"0,00",completado,
order-0076754,cust-015156,30/06/2026,online,mobile,0.05,"0,00",devuelto_parcial,
order-0095872,cust-022001,9 de febrero de 2026,online,desktop,0.3,"4,95",completado,
order-0314384,cust-039414,2026-02-06,online,mobile,0.2,"0,00",completado,
order-0006017,cust-027515,2025-11-02,online,mobile,0.05,"2,95",completado,
order-0358416,cust-040841,8 de febrero de 2025,online,mobile,0.1,"0,00",devuelto_parcial,
order-0304852,cust-041327,30/08/2025,online,mobile,0.3,"0,00",completado,
order-0076347,cust-036002,20/09/2023,online,mobile,0.0,"0,00",completado,
order-0196075,cust-045696,30 de octubre de 2025,online,mobile,0.15,"0,00",completado,
order-0105525,cust-001858,28/06/2026,online,tablet,0.0,"0,00",completado,
order-0022332,cust-029496,27 de julio de 2025,online,mobile,0.3,"2,95",completado,
order-0312755,cust-002489,08/09/2025,online,desktop,0.0,"0,00",completado,
order-0189045,cust-045867,2026-03-24,online,mobile,0.0,"4,95",completado,
order-0334246,cust-005644,2026-06-07,online,desktop,0.05,"2,95",completado,
order-0283131,cust-056945,25/02/2026,online,desktop,0.2,"0,00",completado,
order-0008555,cust-011903,11/02/2026,online,desktop,0.1,"0,00",completado,
order-0329928,cust-055879,10 de enero de 2026,online,mobile,0.1,"0,00",devuelto_parcial,
order-0134813,cust-056659,30 de julio de 2025,online,mobile,0.3,"0,00",completado,
order-0004946,cust-027508,2024-07-17,online,desktop,0.1,"4,95",cancelado,
order-0330274,cust-051904,2025-09-17,online,mobile,0.1,"4,95",completado,
order-0162438,cust-056343,23/06/2025,online,desktop,0.2,"0,00",completado,
order-0185048,cust-012479,07/11/2025,online,desktop,0.0,"4,95",completado,
order-0136698,cust-054196,23 de septiembre de 2025,online,mobile,0.15,"2,95",completado,
order-0086138,cust-021503,18/10/2025,online,mobile,0.15,"0,00",completado,
order-0020228,cust-034872,2026-02-16,online,mobile,0.3,"2,95",completado,
order-0247197,cust-003642,13/03/2025,online,desktop,0.1,"0,00",completado,
order-0271221,cust-047888,27 de junio de 2025,online,desktop,0.1,"4,95",completado,
order-0249017,cust-038061,14/08/2025,online,desktop,0.2,"0,00",completado,
order-0026929,cust-003671,2026-03-10,online,desktop,0.2,"4,95",completado,
order-0373529,cust-022372,3 de junio de 2025,online,desktop,0.0,"0,00",completado,
order-0122390,cust-039395,06/08/2025,online,desktop,0.15,"4,95",completado,
order-0165716,cust-018692,04/09/2025,online,desktop,0.0,"2,95",completado,
order-0031753,cust-021221,8 de enero de 2026,online,mobile,0.1,"0,00",devuelto_parcial,
order-0000292,cust-030415,18/12/2025,online,mobile,0.1,"2,95",completado,
order-0395197,cust-050093,18/01/2026,online,desktop,0.1,"2,95",completado,
order-0163009,cust-044631,2026-04-27,online,desktop,0.0,"4,95",completado,
order-0177524,cust-019261,2023-02-07,online,tablet,0.3,"0,00",completado,
order-0121248,cust-045447,01/08/2024,online,mobile,0.2,"4,95",completado,
order-0359651,cust-004807,12 de noviembre de 2024,store,n/a,0.0,"0,00",completado,store-20
order-0182574,cust-004399,20/05/2026,online,mobile,0.0,"0,00",completado,
order-0046497,cust-036221,2023-04-20,online,mobile,0.15,"2,95",devuelto_parcial,
order-0274413,cust-057611,05/01/2026,online,desktop,0.0,"4,95",completado,
order-0032869,cust-013216,2025-10-22,online,mobile,0.05,"0,00",completado,
order-0387423,cust-042194,2026-01-12,online,mobile,0.1,"0,00",completado,
order-0373181,cust-054676,5 de mayo de 2025,online,mobile,0.05,"2,95",completado,
order-0027852,cust-052173,2023-09-25,online,mobile,0.0,"0,00",cancelado,
order-0048627,cust-044439,2024-08-30,online,desktop,0.2,"4,95",completado,
order-0359828,cust-049044,2025-06-05,online,mobile,0.15,"0,00",completado,
order-0229017,cust-050778,31/05/2026,online,desktop,0.0,"4,95",completado,
order-0134803,cust-024955,11 de noviembre de 2025,online,mobile,0.05,"4,95",devuelto_parcial,
order-0248603,cust-000448,2025-02-28,online,tablet,0.3,"0,00",completado,
order-0252883,cust-055546,4 de agosto de 2025,online,desktop,0.2,"0,00",completado,
order-0015641,cust-021132,2025-04-16,online,mobile,0.15,"2,95",completado,
order-0197717,cust-054187,07/10/2024,online,mobile,0.0,"2,95",completado,
order-0096016,cust-059881,26/11/2025,online,mobile,0.0,"4,95",completado,
order-0110348,cust-019433,01/05/2026,online,desktop,0.05,"4,95",completado,
order-0116289,cust-049157,2025-01-01,online,mobile,0.1,"0,00",completado,
order-0339309,cust-000629,2023-08-11,online,tablet,0.1,"4,95",completado,
order-0040335,cust-032154,02/08/2025,online,mobile,0.3,"4,95",completado,
order-0059583,cust-021889,2025-08-30,online,mobile,0.3,"2,95",completado,
order-0378670,cust-056253,23 de mayo de 2025,online,mobile,0.15,"0,00",completado,
order-0318428,cust-010160,20 de junio de 2023,online,mobile,0.15,"4,95",completado,
order-0374290,cust-051913,2025-10-11,online,desktop,0.0,"0,00",completado,
order-0045963,cust-016122,15/11/2025,online,mobile,0.05,"4,95",completado,
order-0113110,cust-002857,2024-10-28,online,mobile,0.05,"0,00",completado,
order-0113875,cust-049930,08/02/2026,online,mobile,0.3,"0,00",completado,
order-0347165,cust-015137,16/02/2026,online,mobile,0.3,"2,95",completado,
order-0022966,cust-016115,02/07/2024,online,mobile,0.1,"4,95",completado,
order-0008989,cust-006093,2026-02-18,online,mobile,0.3,"4,95",completado,
order-0216811,cust-056483,29 de noviembre de 2025,online,mobile,0.2,"0,00",completado,
order-0040236,cust-023485,26/06/2026,online,mobile,0.1,"2,95",completado,
order-0204630,cust-015803,16/03/2026,online,mobile,0.0,"2,95",devuelto_parcial,
order-0341088,cust-059941,24 de mayo de 2025,online,mobile,0.0,"0,00",completado,
order-0350508,cust-020888,12 de abril de 2025,online,mobile,0.2,"4,95",completado,
order-0309189,cust-001659,7 de noviembre de 2024,online,desktop,0.0,"4,95",completado,
order-0242100,cust-000955,4 de enero de 2026,store,n/a,0.0,"0,00",devuelto_parcial,store-02
order-0277975,cust-042948,08/06/2023,online,mobile,0.05,"0,00",completado,
order-0140585,cust-035536,06/11/2025,online,desktop,0.0,"4,95",completado,
order-0270423,cust-030201,2026-03-17,online,desktop,0.1,"0,00",devuelto_parcial,
order-0399350,cust-raw-fake-003,06/07/2025,online,desktop,0.15,"2,95",completado,
order-0305139,cust-056906,11/12/2024,online,desktop,0.1,"0,00",completado,
order-0008477,cust-047340,29/04/2024,store,n/a,0.1,"0,00",completado,store-12
order-0190372,cust-024794,19 de octubre de 2025,online,tablet,0.2,"0,00",completado,
order-0290273,cust-003433,2025-02-24,online,desktop,0.3,"2,95",completado,
order-0294802,cust-raw-fake-006,30 de mayo de 2026,online,mobile,0.0,"4,95",completado,
order-0148060,cust-010852,07/09/2025,online,desktop,0.0,"0,00",completado,
order-0099186,cust-020076,20/03/2025,online,desktop,0.0,"0,00",completado,
order-0087212,cust-019908,30/06/2026,online,mobile,0.0,"2,95",completado,
order-0340642,cust-055032,12 de marzo de 2025,online,mobile,0.0,"0,00",completado,
order-0253427,cust-008523,17 de noviembre de 2025,online,desktop,0.0,"4,95",completado,
order-0014780,cust-020120,21 de enero de 2025,online,mobile,0.3,"0,00",completado,
order-0300809,cust-056019,27 de mayo de 2025,online,mobile,0.1,"2,95",completado,
order-0085386,cust-033566,22 de abril de 2024,online,tablet,0.05,"0,00",completado,
order-0365561,cust-000000,2024-11-26,online,mobile,0.05,"4,95",completado,
order-0250273,cust-032783,2026-01-09,online,mobile,0.2,"4,95",completado,
order-0023123,cust-033912,2025-08-31,online,desktop,0.3,"0,00",cancelado,
order-0190949,cust-raw-fake-010,2025-09-27,online,mobile,0.0,"2,95",completado,
order-0020614,cust-004105,2026-06-19,online,desktop,0.15,"0,00",completado,
order-0159900,cust-059261,2026-03-16,online,desktop,0.1,"0,00",completado,
order-0093647,cust-026770,18/01/2025,online,mobile,0.1,"2,95",completado,
order-0024878,cust-018174,27 de abril de 2026,online,mobile,0.0,"4,95",completado,
order-0281540,cust-027466,3 de mayo de 2026,online,mobile,0.2,"4,95",completado,
order-0223534,cust-049450,2025-03-10,online,desktop,0.15,"0,00",cancelado,
order-0088586,cust-000168,09/06/2025,online,mobile,0.0,"4,95",completado,
order-0378105,cust-059695,26 de febrero de 2024,online,desktop,0.3,"4,95",completado,
order-0335848,cust-058813,01/05/2026,online,mobile,0.0,"4,95",completado,
order-0021865,cust-000390,18/01/2026,online,mobile,0.3,"0,00",completado,
order-0272276,cust-057933,12/01/2025,online,mobile,0.2,"2,95",completado,
order-0157256,cust-015254,29/11/2023,online,mobile,0.05,"4,95",completado,
order-0247644,cust-034920,06/05/2026,online,desktop,0.0,"0,00",completado,
order-0193720,cust-016995,26/05/2026,online,desktop,0.0,"4,95",completado,
order-0316386,cust-006125,2026-04-05,online,tablet,0.1,"0,00",cancelado,
order-0163364,cust-035936,30/09/2025,online,desktop,0.1,"0,00",completado,
order-0014239,cust-028787,16 de julio de 2025,online,desktop,0.3,"0,00",completado,
order-0143163,cust-044499,3 de marzo de 2025,online,tablet,0.05,"4,95",completado,
order-0269077,cust-047379,01/10/2023,online,mobile,0.0,"4,95",completado,
order-0036335,cust-raw-fake-014,2025-10-22,online,desktop,0.1,"0,00",completado,
order-0010886,cust-050398,2025-01-09,online,mobile,0.1,"2,95",completado,
order-0022162,cust-016930,06/08/2025,online,mobile,0.3,"4,95",completado,
order-0231183,cust-055553,10/05/2026,online,mobile,0.0,"2,95",completado,
order-0252851,cust-005474,2024-07-03,online,tablet,0.3,"0,00",completado,
order-0194783,cust-052007,08/08/2025,online,mobile,0.2,"4,95",completado,
order-0326552,cust-050840,2025-12-16,online,desktop,0.1,"2,95",completado,
order-0159530,cust-031608,21/05/2026,online,mobile,0.05,"2,95",completado,
order-0396009,cust-032380,2026-03-17,online,mobile,0.0,"4,95",completado,
order-0387682,cust-046099,1 de diciembre de 2024,online,mobile,0.05,"0,00",completado,
order-0257168,cust-044464,1 de agosto de 2025,online,desktop,0.2,"2,95",completado,
order-0130561,cust-059457,25/06/2026,online,mobile,0.0,"0,00",cancelado,
order-0249380,cust-032905,7 de mayo de 2024,online,desktop,0.0,"2,95",completado,
order-0228198,cust-056837,22/10/2025,store,n/a,0.0,"0,00",completado,store-14
order-0221036,cust-031258,10 de febrero de 2026,online,desktop,0.1,"4,95",completado,
order-0039991,cust-016462,27 de octubre de 2024,online,tablet,0.0,"4,95",completado,
order-0098536,cust-033510,19 de marzo de 2025,store,n/a,0.05,"0,00",completado,store-06
order-0084330,cust-052076,2025-12-23,online,mobile,0.3,"4,95",completado,
order-0084974,cust-040503,09/02/2025,online,mobile,0.1,"4,95",completado,
order-0225112,cust-020120,2025-01-22,online,desktop,0.1,"0,00",completado,
order-0274557,cust-039043,10/06/2025,online,mobile,0.05,"0,00",completado,
order-0171269,cust-015945,7 de junio de 2026,online,mobile,0.0,"0,00",completado,
order-0299444,cust-031784,2025-09-07,online,desktop,0.0,"4,95",completado,
order-0092694,cust-049836,24 de septiembre de 2025,online,desktop,0.0,"4,95",completado,
order-0252300,cust-039847,03/12/2024,online,desktop,0.15,"0,00",completado,
order-0048420,cust-015003,7 de julio de 2024,online,mobile,0.3,"2,95",completado,
order-0385280,cust-056020,2026-05-13,online,desktop,0.0,"0,00",completado,
order-0058777,cust-005969,03/01/2025,online,mobile,0.0,"4,95",completado,
order-0255528,cust-056073,30 de agosto de 2025,online,tablet,0.1,"0,00",completado,
order-0066443,cust-045154,29/03/2024,online,mobile,0.0,"2,95",completado,
order-0004646,cust-004639,17 de febrero de 2026,online,mobile,0.3,"0,00",completado,
order-0292888,cust-001705,2024-12-11,online,desktop,0.1,"0,00",completado,
order-0310564,cust-016399,2026-01-14,online,mobile,0.3,"2,95",completado,
order-0120021,cust-014009,13 de febrero de 2026,online,desktop,0.3,"0,00",completado,
order-0142567,cust-033507,05/06/2026,online,tablet,0.15,"0,00",completado,
order-0353973,cust-042603,12/11/2025,online,desktop,0.1,"2,95",completado,
order-0313872,cust-028017,2025-06-08,online,mobile,0.1,"2,95",completado,
order-0375682,cust-043084,2024-12-21,online,mobile,0.3,"2,95",completado,
order-0194781,cust-001903,2024-12-03,online,mobile,0.0,"2,95",completado,
order-0078153,cust-030132,24 de enero de 2026,online,mobile,0.3,"4,95",completado,
order-0078029,cust-033232,6 de junio de 2026,online,mobile,0.05,"0,00",completado,
order-0274590,cust-000461,13 de febrero de 2026,online,mobile,0.2,"4,95",completado,
order-0023889,cust-023471,29 de abril de 2025,online,mobile,0.05,"4,95",completado,
order-0170335,cust-055210,28 de octubre de 2023,online,mobile,0.05,"2,95",completado,
order-0051383,cust-013914,2026-02-09,store,n/a,0.3,"0,00",completado,store-31
order-0379289,cust-055488,2025-03-17,online,desktop,0.0,"0,00",completado,
order-0336552,cust-039533,19/05/2025,online,mobile,0.0,"0,00",completado,
order-0250457,cust-000791,2026-02-14,online,tablet,0.1,"0,00",completado,
order-0143772,cust-051398,24/04/2025,online,mobile,0.0,"0,00",completado,
order-0172171,cust-018210,22/01/2026,store,n/a,0.3,"0,00",completado,store-04
order-0349906,cust-023222,1 de marzo de 2025,online,mobile,0.1,"0,00",completado,
order-0008601,cust-025967,13 de mayo de 2026,online,desktop,0.0,"0,00",completado,
order-0297768,cust-026995,20 de octubre de 2023,online,desktop,0.0,"0,00",completado,
order-0260243,cust-051991,20 de febrero de 2026,online,desktop,0.1,"2,95",completado,
order-0252818,cust-024772,8 de junio de 2024,online,mobile,0.0,"0,00",completado,
order-0277918,cust-005450,2025-12-26,online,desktop,0.0,"4,95",devuelto_parcial,
order-0390042,cust-056208,6 de agosto de 2025,online,desktop,0.3,"0,00",completado,
order-0234042,cust-039456,2024-05-10,online,tablet,0.0,"0,00",completado,
order-0264128,cust-004492,13/12/2025,online,tablet,0.0,"0,00",completado,
order-0175084,cust-019651,2026-04-11,store,n/a,0.05,"0,00",completado,store-27
order-0171863,cust-009781,30 de noviembre de 2024,online,mobile,0.15,"0,00",completado,
order-0280808,cust-051886,28/05/2025,online,mobile,0.05,"4,95",completado,
order-0184060,cust-024375,6 de octubre de 2025,online,desktop,0.0,"0,00",completado,
order-0273509,cust-024834,22/12/2025,store,n/a,0.3,"0,00",completado,store-01
order-0297304,cust-004181,27/03/2026,online,mobile,0.0,"0,00",completado,
order-0084786,cust-018616,2025-05-13,online,desktop,0.0,"0,00",completado,
order-0059136,cust-001311,1 de abril de 2024,online,tablet,0.0,"2,95",completado,
order-0270441,cust-012343,2023-07-05,online,tablet,0.3,"2,95",completado,
order-0367234,cust-050404,2025-11-01,online,desktop,0.05,"2,95",completado,
order-0174084,cust-034883,31 de diciembre de 2024,store,n/a,0.05,"0,00",completado,store-12
order-0252789,cust-004740,23 de diciembre de 2024,online,tablet,0.3,"4,95",completado,
order-0281207,cust-023964,24 de enero de 2026,online,tablet,0.2,"2,95",completado,
order-0376707,cust-025995,15 de abril de 2024,online,tablet,0.0,"4,95",completado,
order-0296869,cust-031388,21 de diciembre de 2025,online,mobile,0.3,"0,00",completado,
order-0308996,cust-051142,15/03/2025,online,mobile,0.0,"2,95",completado,
order-0204789,cust-012169,17/02/2025,online,desktop,0.3,"0,00",completado,
order-0304499,cust-028777,2025-10-14,online,desktop,0.1,"4,95",completado,
order-0091227,cust-047372,2025-10-16,online,desktop,0.0,"2,95",completado,
order-0083161,cust-058373,2026-04-26,online,desktop,0.1,"0,00",completado,
order-0130081,cust-037136,2026-04-05,online,desktop,0.1,"0,00",completado,
order-0246971,cust-053652,04/10/2024,online,mobile,0.0,"2,95",completado,
order-0037531,cust-034879,04/02/2026,online,desktop,0.3,"2,95",completado,
order-0083573,cust-048706,29/03/2025,online,desktop,0.15,"2,95",devuelto_parcial,
order-0336111,cust-032961,27/03/2026,online,desktop,0.05,"0,00",completado,
order-0303755,cust-050258,13/05/2026,online,mobile,0.05,"0,00",completado,
order-0390160,cust-043225,8 de septiembre de 2025,online,desktop,0.0,"0,00",completado,
order-0090359,cust-048475,3 de septiembre de 2025,online,desktop,0.0,"4,95",completado,
order-0199631,cust-013968,22/12/2024,online,desktop,0.3,"4,95",completado,
order-0293642,cust-046486,30 de septiembre de 2025,online,mobile,0.0,"0,00",cancelado,
order-0283990,cust-033023,10 de diciembre de 2025,online,mobile,0.05,"0,00",completado,
order-0008381,cust-015746,28/01/2025,online,mobile,0.1,"4,95",completado,
order-0067055,cust-036889,25/09/2024,online,mobile,0.0,"4,95",completado,
order-0372865,cust-056982,2026-02-05,store,n/a,0.2,"0,00",completado,store-13
order-0037060,cust-011209,29/04/2025,online,mobile,0.0,"4,95",cancelado,
order-0074316,cust-018864,2024-11-28,online,mobile,0.0,"0,00",completado,
order-0096041,cust-053887,2024-04-19,online,mobile,0.0,"4,95",completado,
order-0334339,cust-059694,2025-06-25,online,mobile,0.05,"0,00",completado,
order-0175280,cust-043107,27 de marzo de 2025,online,tablet,0.0,"2,95",completado,
order-0021479,cust-058191,13/12/2025,online,mobile,0.0,"4,95",completado,
order-0141064,cust-017503,23 de junio de 2025,online,desktop,0.0,"0,00",completado,
order-0196482,cust-049916,23 de julio de 2025,online,mobile,0.1,"0,00",completado,
order-0049632,cust-042526,03/04/2026,online,mobile,0.15,"2,95",completado,
order-0267432,cust-024876,28/09/2025,online,desktop,0.0,"2,95",devuelto_parcial,
order-0086818,cust-033920,08/10/2025,online,mobile,0.1,"2,95",devuelto_parcial,
order-0070925,cust-030545,02/04/2026,online,mobile,0.15,"2,95",completado,
order-0276096,cust-033436,2026-06-30,online,mobile,0.1,"2,95",completado,
order-0353286,cust-053494,30 de noviembre de 2025,online,mobile,0.2,"4,95",completado,
order-0278193,cust-058500,2025-11-10,online,desktop,0.05,"4,95",completado,
order-0061603,cust-008700,2026-03-09,online,mobile,0.1,"2,95",completado,
order-0320515,cust-024046,12 de septiembre de 2024,store,n/a,0.05,"0,00",completado,store-22
order-0079039,cust-022506,2024-06-14,store,n/a,0.0,"0,00",completado,store-10
order-0374382,cust-014630,2026-04-20,online,mobile,0.0,"0,00",completado,
order-0216891,cust-038366,1 de junio de 2026,online,mobile,0.0,"2,95",completado,
order-0092939,cust-054157,16 de junio de 2026,online,mobile,0.0,"0,00",completado,
order-0393668,cust-023849,26/06/2026,online,desktop,0.1,"0,00",completado,
order-0095043,cust-054630,23 de agosto de 2025,store,n/a,0.2,"0,00",completado,store-16
order-0150381,cust-000917,2026-06-01,online,desktop,0.0,"0,00",completado,
order-0306855,cust-025096,2024-10-22,online,mobile,0.0,"0,00",cancelado,
order-0130348,cust-050530,01/05/2025,online,mobile,0.05,"2,95",completado,
order-0062896,cust-046488,05/05/2026,online,desktop,0.1,"4,95",completado,
order-0252807,cust-004880,08/04/2025,online,tablet,0.15,"0,00",completado,
order-0089332,cust-023696,3 de junio de 2026,online,mobile,0.2,"4,95",completado,
order-0126630,cust-013251,16 de diciembre de 2024,online,desktop,0.1,"4,95",cancelado,
order-0294177,cust-032603,13 de febrero de 2026,online,mobile,0.2,"4,95",completado,
order-0070097,cust-037475,21 de marzo de 2023,online,tablet,0.0,"2,95",completado,
order-0379474,cust-036168,26 de junio de 2026,store,n/a,0.2,"0,00",completado,store-00
order-0059322,cust-002985,28 de junio de 2025,online,mobile,0.15,"0,00",completado,
order-0306603,cust-031093,8 de marzo de 2023,online,tablet,0.05,"4,95",completado,
order-0012338,cust-045800,22/04/2025,online,desktop,0.15,"2,95",completado,
order-0359381,cust-047135,7 de abril de 2026,online,mobile,0.0,"4,95",completado,
order-0097419,cust-019137,30 de octubre de 2025,online,desktop,0.0,"2,95",completado,
order-0279846,cust-006420,15/10/2023,online,mobile,0.05,"4,95",devuelto_parcial,
order-0133695,cust-019597,16/04/2024,online,desktop,0.0,"4,95",completado,
order-0319677,cust-019153,09/03/2026,online,desktop,0.0,"2,95",completado,
order-0097732,cust-050192,12 de marzo de 2024,online,mobile,0.0,"0,00",completado,
order-0348897,cust-043932,25 de mayo de 2025,online,mobile,0.0,"0,00",completado,
order-0044967,cust-029775,2026-01-09,online,mobile,0.3,"0,00",completado,
order-0222494,cust-050153,20 de noviembre de 2025,store,n/a,0.0,"0,00",completado,store-27
order-0182319,cust-050431,2024-01-01,store,n/a,0.0,"0,00",completado,store-36
order-0026360,cust-020691,22/11/2025,online,mobile,0.0,"4,95",completado,
order-0032297,cust-032563,14 de marzo de 2026,online,desktop,0.1,"2,95",completado,
order-0079888,cust-043209,2025-01-29,online,desktop,0.3,"2,95",completado,
order-0307964,cust-037067,24/06/2023,online,desktop,0.0,"2,95",completado,
order-0288445,cust-030689,31 de mayo de 2026,online,desktop,0.0,"0,00",cancelado,
order-0336820,cust-035683,2025-05-29,store,n/a,0.1,"0,00",completado,store-16
order-0177818,cust-018892,17 de abril de 2024,online,mobile,0.0,"0,00",completado,
order-0051885,cust-035162,11 de enero de 2026,online,desktop,0.1,"4,95",completado,
order-0090483,cust-023560,2025-12-29,online,desktop,0.15,"4,95",completado,
order-0308949,cust-018358,2025-07-10,online,desktop,0.2,"4,95",completado,
order-0194320,cust-058930,2024-02-27,online,mobile,0.3,"0,00",completado,
order-0164810,cust-043698,25/02/2024,online,tablet,0.1,"0,00",completado,
order-0252107,cust-003235,9 de abril de 2024,online,desktop,0.0,"4,95",completado,
order-0353883,cust-009266,6 de marzo de 2025,online,desktop,0.0,"0,00",completado,
order-0142505,cust-027372,2023-04-20,online,desktop,0.0,"0,00",completado,
order-0020997,cust-006298,2025-05-31,online,mobile,0.0,"2,95",completado,
order-0342581,cust-056101,13 de noviembre de 2025,online,mobile,0.0,"0,00",completado,
order-0284819,cust-023199,1 de diciembre de 2024,online,mobile,0.1,"4,95",cancelado,
order-0223861,cust-036148,17/01/2025,online,desktop,0.1,"4,95",completado,
order-0117534,cust-009991,12/01/2026,online,desktop,0.2,"4,95",completado,
order-0294724,cust-041520,11/04/2024,online,desktop,0.0,"0,00",completado,
order-0213462,cust-005573,23/07/2025,online,mobile,0.2,"0,00",completado,
order-0100861,cust-013363,25 de marzo de 2024,online,mobile,0.0,"0,00",completado,
order-0315181,cust-010107,27 de febrero de 2026,online,desktop,0.3,"4,95",completado,
order-0176948,cust-011449,20 de abril de 2026,online,mobile,0.05,"2,95",devuelto_parcial,
order-0354822,cust-035797,2024-12-08,online,mobile,0.0,"4,95",completado,
order-0380831,cust-032430,2026-04-20,online,mobile,0.0,"2,95",completado,
order-0358348,cust-021047,08/03/2024,online,desktop,0.05,"2,95",completado,
order-0200115,cust-053746,13/08/2025,online,mobile,0.2,"2,95",completado,
order-0019882,cust-011848,2025-07-29,online,mobile,0.2,"0,00",cancelado,
order-0392130,cust-038600,04/12/2023,online,desktop,0.0,"0,00",cancelado,
order-0236081,cust-036853,2025-10-21,online,mobile,0.0,"0,00",completado,
order-0399527,cust-053873,2025-06-14,online,mobile,0.0,"4,95",completado,
order-0076807,cust-003449,2024-12-31,online,desktop,0.0,"0,00",completado,
order-0060790,cust-004923,14 de febrero de 2026,online,mobile,0.1,"0,00",completado,
order-0061268,cust-005621,04/04/2025,store,n/a,0.05,"0,00",completado,store-31
order-0272072,cust-010633,15/02/2025,online,mobile,0.3,"0,00",completado,
order-0137245,cust-015374,2024-08-18,online,mobile,0.3,"4,95",completado,
order-0345065,cust-021239,01/05/2025,online,mobile,0.0,"0,00",cancelado,
order-0307383,cust-018699,16 de diciembre de 2025,online,mobile,0.1,"0,00",completado,
order-0038670,cust-041476,20/05/2026,online,desktop,0.1,"0,00",completado,
order-0361979,cust-054567,2025-08-22,online,mobile,0.1,"2,95",completado,
order-0373848,cust-026419,2025-08-21,online,mobile,0.1,"4,95",completado,
order-0128046,cust-017849,2024-07-11,online,mobile,0.3,"0,00",completado,
order-0204560,cust-039267,30 de septiembre de 2025,online,desktop,0.05,"0,00",completado,
order-0196137,cust-053502,2026-01-28,online,desktop,0.3,"0,00",completado,
order-0301228,cust-015846,15/02/2026,online,desktop,0.2,"4,95",devuelto_parcial,
order-0134972,cust-026234,6 de julio de 2025,online,mobile,0.3,"0,00",completado,
order-0294209,cust-052709,12/05/2025,online,tablet,0.05,"0,00",devuelto_parcial,
order-0300580,cust-048862,7 de julio de 2023,online,mobile,0.3,"0,00",completado,
order-0194144,cust-014442,23 de abril de 2026,online,desktop,0.0,"2,95",completado,
order-0102987,cust-050311,01/09/2025,online,desktop,0.1,"2,95",completado,
order-0372956,cust-059443,2026-03-30,online,desktop,0.0,"2,95",completado,
order-0251009,cust-025964,18 de diciembre de 2025,online,mobile,0.1,"0,00",completado,
order-0091785,cust-008676,30 de junio de 2026,online,mobile,0.0,"4,95",completado,
order-0060573,cust-raw-fake-004,9 de abril de 2026,online,mobile,0.0,"0,00",completado,
order-0087680,cust-049743,22/10/2024,online,desktop,0.0,"4,95",completado,
order-0276872,cust-051494,14 de agosto de 2025,online,desktop,0.3,"4,95",completado,
order-0023680,cust-005108,03/02/2024,online,desktop,0.3,"0,00",completado,
order-0017770,cust-035042,16 de mayo de 2026,online,tablet,0.15,"2,95",completado,
order-0359905,cust-039122,18/09/2024,online,desktop,0.15,"0,00",devuelto_parcial,
order-0356899,cust-052118,2026-04-15,online,desktop,0.1,"4,95",completado,
order-0165193,cust-045787,21 de abril de 2026,online,desktop,0.05,"2,95",completado,
order-0033674,cust-002368,2025-12-16,online,desktop,0.3,"0,00",completado,
order-0152716,cust-040086,2025-06-10,online,desktop,0.15,"4,95",completado,
order-0123939,cust-000119,19 de marzo de 2024,online,mobile,0.1,"4,95",completado,
order-0193999,cust-037750,11/11/2025,online,mobile,0.1,"2,95",completado,
order-0380259,cust-022175,2024-08-23,online,desktop,0.3,"2,95",completado,
order-0053556,cust-049923,14 de junio de 2025,online,desktop,0.1,"4,95",completado,
order-0016010,cust-024187,18/05/2025,online,mobile,0.0,"0,00",completado,
order-0009039,cust-012575,27 de abril de 2025,online,desktop,0.1,"2,95",completado,
order-0256159,cust-025964,2025-12-20,online,desktop,0.2,"4,95",completado,
order-0206694,cust-020840,16/10/2025,store,n/a,0.15,"0,00",devuelto_parcial,store-35
order-0115838,cust-044009,14 de enero de 2025,online,desktop,0.3,"2,95",completado,
order-0212114,cust-023322,24/02/2025,online,desktop,0.2,"2,95",completado,
order-0175841,cust-038740,19/02/2026,online,mobile,0.2,"0,00",completado,
order-0089494,cust-044952,2025-12-13,online,mobile,0.0,"2,95",completado,
order-0011285,cust-008855,7 de agosto de 2024,online,desktop,0.2,"0,00",completado,
order-0118843,cust-033461,2024-09-17,online,mobile,0.0,"4,95",completado,
order-0017151,cust-015976,2026-01-31,online,mobile,0.3,"4,95",completado,
order-0016278,cust-050594,15/12/2024,online,tablet,0.3,"4,95",devuelto_parcial,
order-0385046,cust-026593,2024-07-16,online,desktop,0.3,"4,95",completado,
order-0133892,cust-059783,2026-05-20,online,mobile,0.1,"0,00",completado,
order-0060931,cust-030624,8 de marzo de 2024,online,desktop,0.15,"0,00",completado,
order-0005017,cust-045825,21/08/2024,online,mobile,0.2,"2,95",completado,
order-0306107,cust-014956,2026-06-26,online,desktop,0.15,"2,95",completado,
order-0275393,cust-009131,25/11/2025,online,mobile,0.0,"2,95",completado,
order-0176634,cust-031745,22/04/2026,online,mobile,0.2,"0,00",completado,
order-0098488,cust-026015,24 de agosto de 2025,online,desktop,0.2,"2,95",completado,
order-0291799,cust-032327,15/01/2024,online,desktop,0.2,"4,95",completado,
order-0318095,cust-053859,2026-05-01,online,desktop,0.0,"2,95",completado,
order-0142741,cust-024143,14 de mayo de 2026,online,mobile,0.0,"4,95",completado,
order-0099176,cust-018457,2025-12-23,online,mobile,0.2,"0,00",completado,
order-0369808,cust-056531,10 de diciembre de 2024,store,n/a,0.05,"0,00",devuelto_parcial,store-33
order-0283204,cust-056337,26 de abril de 2026,store,n/a,0.0,"0,00",completado,store-01
order-0364300,cust-044838,2024-12-25,online,desktop,0.2,"0,00",completado,
order-0159973,cust-051379,2024-01-13,online,tablet,0.2,"0,00",completado,
order-0121080,cust-030869,05/06/2026,online,mobile,0.0,"4,95",completado,
order-0199036,cust-034571,28/12/2024,online,tablet,0.0,"0,00",completado,
order-0028624,cust-041997,10/10/2024,online,tablet,0.0,"0,00",completado,
order-0298006,cust-053667,29/08/2025,online,mobile,0.3,"2,95",completado,
order-0238149,cust-025304,2025-07-21,online,mobile,0.1,"0,00",completado,
order-0158635,cust-030082,08/05/2025,online,mobile,0.1,"2,95",completado,
order-0157072,cust-038780,15/07/2025,online,mobile,0.1,"0,00",devuelto_parcial,
order-0096129,cust-033761,23/04/2026,online,desktop,0.05,"4,95",completado,
order-0313665,cust-013378,2024-10-20,store,n/a,0.0,"0,00",completado,store-23
order-0025825,cust-030320,31/07/2025,online,mobile,0.3,"2,95",completado,
order-0284111,cust-026746,14/03/2026,store,n/a,0.0,"0,00",completado,
order-0107204,cust-037226,28/02/2026,online,desktop,0.1,"2,95",completado,
order-0216524,cust-051618,24/07/2024,online,mobile,0.1,"2,95",cancelado,
order-0053166,cust-004153,20/08/2025,online,desktop,0.1,"4,95",completado,
order-0138808,cust-042630,2025-04-25,online,mobile,0.0,"2,95",completado,
order-0085742,cust-019880,16 de diciembre de 2024,online,mobile,0.1,"2,95",completado,
order-0323940,cust-059009,25/04/2026,online,mobile,0.05,"4,95",completado,
order-0228201,cust-049669,16 de septiembre de 2025,online,mobile,0.1,"4,95",completado,
order-0205783,cust-055629,26 de febrero de 2026,online,desktop,0.2,"0,00",completado,
order-0377998,cust-036016,16 de agosto de 2023,online,desktop,0.2,"0,00",completado,
order-0105820,cust-003875,27 de marzo de 2025,online,desktop,0.0,"2,95",completado,
order-0355466,cust-036604,8 de mayo de 2026,online,desktop,0.0,"2,95",completado,
order-0063599,cust-056939,2025-12-21,online,desktop,0.1,"0,00",completado,
order-0277574,cust-053254,12/09/2025,online,desktop,0.1,"0,00",completado,
order-0129276,cust-005170,16 de julio de 2025,online,desktop,0.3,"4,95",completado,
order-0372329,cust-058286,28 de febrero de 2026,online,tablet,0.3,"4,95",completado,
order-0198209,cust-020475,2026-01-13,online,mobile,0.2,"2,95",completado,
order-0184513,cust-003432,3 de abril de 2026,online,mobile,0.0,"0,00",completado,
order-0116275,cust-018253,26 de septiembre de 2025,store,n/a,0.0,"0,00",completado,store-35
order-0395158,cust-031246,23 de enero de 2024,online,mobile,0.2,"0,00",completado,
order-0163861,cust-030285,12 de octubre de 2024,online,mobile,0.0,"0,00",completado,
order-0249997,cust-000643,03/06/2025,online,mobile,0.0,"0,00",completado,
order-0196227,cust-037272,10/10/2025,online,desktop,0.0,"4,95",completado,
order-0011271,cust-013009,18 de marzo de 2026,online,mobile,0.0,"0,00",cancelado,
order-0088453,cust-047932,30/08/2025,online,mobile,0.3,"2,95",completado,
order-0246473,cust-036909,21/07/2025,online,mobile,0.1,"2,95",completado,
order-0039264,cust-034971,4 de febrero de 2025,online,tablet,0.2,"0,00",completado,
order-0244095,cust-019876,24/01/2026,online,mobile,0.3,"0,00",cancelado,
order-0236845,cust-042029,11 de mayo de 2025,online,desktop,0.0,"4,95",devuelto_parcial,
order-0114138,cust-019441,25/01/2025,online,mobile,0.3,"4,95",completado,
order-0333774,cust-053037,2024-08-25,online,mobile,0.2,"2,95",completado,
order-0323907,cust-057080,4 de julio de 2025,online,mobile,0.3,"4,95",devuelto_parcial,
order-0118204,cust-001273,30 de julio de 2024,online,mobile,0.1,"2,95",completado,
order-0333436,cust-058564,4 de septiembre de 2024,online,mobile,0.15,"4,95",completado,
order-0238144,cust-049788,21 de enero de 2026,online,tablet,0.1,"2,95",completado,
order-0217551,cust-013323,23/01/2025,store,n/a,0.2,"0,00",completado,store-38
order-0191780,cust-027914,2025-02-05,online,desktop,0.1,"0,00",completado,
order-0123121,cust-049915,2024-12-27,online,mobile,0.2,"0,00",completado,
order-0204195,cust-001081,2026-02-16,online,desktop,0.1,"0,00",completado,
order-0398813,cust-033370,05/12/2023,online,mobile,0.1,"0,00",completado,
order-0212961,cust-052165,30 de enero de 2026,online,mobile,0.3,"4,95",completado,
order-0100319,cust-010843,28/06/2026,online,mobile,0.05,"0,00",completado,
order-0395530,cust-004891,26/08/2024,online,mobile,0.1,"2,95",completado,
order-0231783,cust-024766,25 de febrero de 2026,online,tablet,0.1,"4,95",completado,
order-0129868,cust-034848,2026-05-31,online,mobile,0.0,"2,95",completado,
order-0180482,cust-049605,17/02/2025,store,n/a,0.1,"0,00",completado,store-08
order-0374256,cust-000357,2026-06-16,online,mobile,0.05,"2,95",completado,
order-0270935,cust-028684,19 de mayo de 2025,online,mobile,0.0,"0,00",completado,
order-0099609,cust-029779,2026-01-16,online,mobile,0.2,"4,95",devuelto_parcial,
order-0143816,cust-056979,2026-03-03,online,desktop,0.0,"2,95",completado,
order-0031056,cust-042697,25/05/2025,online,desktop,0.2,"4,95",completado,
order-0300396,cust-029676,10/08/2025,online,desktop,0.1,"4,95",completado,
order-0302487,cust-045592,23 de mayo de 2024,online,desktop,0.1,"0,00",completado,
order-0293021,cust-030164,24/07/2024,online,mobile,0.3,"2,95",completado,
order-0311874,cust-027452,2024-04-05,online,desktop,0.0,"2,95",completado,
order-0198755,cust-021316,21/04/2026,online,desktop,0.0,"4,95",completado,
order-0049278,cust-012200,2025-10-15,online,mobile,0.2,"4,95",completado,
order-0394643,cust-052741,29/05/2026,online,tablet,0.15,"2,95",completado,
order-0014995,cust-009037,27 de febrero de 2025,online,mobile,0.1,"2,95",completado,
order-0023123,cust-033912,2025-08-31,online,desktop,0.3,"0,00",cancelado,
order-0359960,cust-039887,20 de marzo de 2026,store,n/a,0.1,"0,00",completado,store-19
order-0169541,cust-008336,27 de octubre de 2023,online,mobile,0.15,"0,00",completado,
order-0073385,cust-000986,23 de marzo de 2026,online,desktop,0.0,"0,00",completado,
order-0040483,cust-007189,09/05/2026,online,mobile,0.15,"0,00",completado,
order-0111157,cust-035554,2024-06-07,online,desktop,0.0,"2,95",completado,
order-0381956,cust-raw-fake-003,2023-10-12,online,mobile,0.1,"4,95",completado,
order-0236055,cust-004640,3 de junio de 2026,online,mobile,0.05,"4,95",devuelto_parcial,
order-0159158,cust-020781,30 de marzo de 2026,online,mobile,0.0,"0,00",completado,
order-0377766,cust-054141,14 de noviembre de 2025,online,mobile,0.05,"0,00",cancelado,
order-0062990,cust-011615,27/01/2025,online,desktop,0.1,"2,95",completado,
order-0389298,cust-005544,29 de agosto de 2025,online,mobile,0.2,"2,95",completado,
order-0135609,cust-051215,14/04/2026,online,mobile,0.1,"0,00",completado,
order-0074270,cust-030966,12 de octubre de 2025,online,mobile,0.1,"2,95",completado,
order-0017011,cust-045965,2026-03-01,online,desktop,0.1,"2,95",completado,
order-0206642,cust-037953,19 de diciembre de 2024,online,desktop,0.3,"0,00",cancelado,
order-0125188,cust-052628,8 de enero de 2026,online,mobile,0.1,"0,00",completado,
order-0114709,cust-057203,17 de noviembre de 2025,online,desktop,0.0,"4,95",completado,
order-0137897,cust-043558,16 de febrero de 2026,online,mobile,0.1,"0,00",completado,
order-0397809,cust-030908,30 de abril de 2026,online,mobile,0.1,"2,95",completado,
order-0090024,cust-008175,19 de diciembre de 2024,online,mobile,0.2,"2,95",completado,
order-0030244,cust-001760,2026-06-30,online,mobile,0.1,"4,95",completado,
order-0226145,cust-044575,27 de enero de 2024,online,tablet,0.1,"0,00",completado,
order-0200198,cust-042973,2026-06-20,online,desktop,0.1,"4,95",completado,
order-0330651,cust-045414,2023-03-29,online,desktop,0.05,"4,95",cancelado,
order-0195395,cust-009319,24/12/2024,online,desktop,0.1,"2,95",completado,
order-0303327,cust-044558,2025-08-02,online,mobile,0.3,"4,95",devuelto_parcial,
order-0071343,cust-005650,05/01/2025,online,desktop,0.1,"2,95",completado,
order-0342774,cust-048172,2025-02-16,online,mobile,0.15,"4,95",completado,
order-0002620,cust-050817,2025-09-01,store,n/a,0.05,"0,00",completado,store-32
order-0367974,cust-058440,2024-12-02,online,desktop,0.0,"2,95",completado,
order-0362806,cust-052424,27 de abril de 2025,online,mobile,0.0,"4,95",completado,
order-0298492,cust-050400,24 de octubre de 2024,online,mobile,0.15,"4,95",completado,
order-0221423,cust-030418,2 de enero de 2026,online,mobile,0.0,"4,95",completado,
order-0209666,cust-006349,2026-06-15,online,desktop,0.0,"4,95",completado,
order-0363475,cust-044432,2024-06-01,online,desktop,0.0,"0,00",completado,
order-0396085,cust-017911,2026-03-15,online,tablet,0.0,"4,95",completado,
order-0220737,cust-026811,2026-01-12,online,desktop,0.3,"0,00",completado,
order-0152592,cust-raw-fake-008,21 de febrero de 2026,store,n/a,0.3,"0,00",completado,store-13
order-0024403,cust-050188,2026-04-27,online,tablet,0.15,"4,95",completado,
order-0324136,cust-029410,2026-03-29,online,mobile,0.0,"4,95",completado,
order-0202340,cust-045076,19 de febrero de 2026,online,desktop,0.3,"4,95",completado,
order-0063365,cust-041816,2024-07-24,online,mobile,0.3,"2,95",completado,
order-0025345,cust-051056,13 de agosto de 2024,online,desktop,0.2,"4,95",completado,
order-0373403,cust-057335,2025-12-27,store,n/a,0.0,"0,00",completado,store-16
order-0054814,cust-026370,2025-02-13,online,mobile,0.1,"4,95",completado,
order-0015610,cust-039557,25 de diciembre de 2025,online,mobile,0.0,"0,00",completado,
order-0323014,cust-008934,2025-05-21,online,mobile,0.0,"4,95",completado,
order-0215691,cust-023380,2 de junio de 2026,online,tablet,0.15,"0,00",completado,
order-0382314,cust-045217,24 de abril de 2024,online,mobile,0.05,"0,00",devuelto_parcial,
order-0246152,cust-025809,02/01/2026,online,desktop,0.2,"4,95",completado,
order-0145637,cust-011516,27 de enero de 2026,online,mobile,0.2,"0,00",completado,
order-0307976,cust-004424,15/06/2026,online,desktop,0.05,"4,95",cancelado,
order-0094882,cust-051924,3 de julio de 2025,online,desktop,0.3,"2,95",cancelado,
order-0079097,cust-015919,2025-10-13,online,tablet,0.05,"0,00",completado,
order-0152144,cust-015719,6 de agosto de 2025,online,mobile,0.3,"2,95",completado,
order-0011898,cust-039088,2024-09-22,online,mobile,0.0,"4,95",completado,
order-0386615,cust-032331,16 de diciembre de 2024,online,mobile,0.3,"0,00",completado,
order-0304088,cust-014731,2026-03-11,online,desktop,0.0,"4,95",completado,
order-0114510,cust-033152,25 de febrero de 2026,online,mobile,0.3,"0,00",completado,
order-0050698,cust-013194,2026-02-04,online,tablet,0.1,"2,95",completado,
order-0226301,cust-034721,2024-10-28,online,mobile,0.1,"0,00",completado,
order-0344808,cust-051605,2026-03-14,online,mobile,0.05,"0,00",completado,
order-0142277,cust-000000,5 de octubre de 2024,online,desktop,0.15,"4,95",devuelto_parcial,
order-0384896,cust-034017,10 de agosto de 2024,online,mobile,0.1,"0,00",completado,
order-0108986,cust-003568,2025-06-19,online,tablet,0.0,"0,00",completado,
order-0352712,cust-012725,2025-09-26,online,mobile,0.2,"4,95",completado,
order-0283293,cust-059385,2025-03-23,online,mobile,0.15,"2,95",cancelado,
order-0277607,cust-017856,2025-06-16,online,mobile,0.0,"4,95",completado,
order-0189732,cust-033448,28/09/2025,online,mobile,0.0,"0,00",completado,
order-0293338,cust-031854,30/05/2026,online,mobile,0.05,"2,95",completado,
order-0215464,cust-015944,24 de noviembre de 2025,online,tablet,0.05,"0,00",completado,
order-0072173,cust-045363,17 de febrero de 2024,online,desktop,0.1,"0,00",completado,
order-0178091,cust-054056,30/06/2026,online,desktop,0.05,"2,95",completado,
order-0385384,cust-025575,01/05/2025,online,desktop,0.0,"0,00",completado,
order-0111366,cust-017429,2025-12-13,online,mobile,0.2,"0,00",devuelto_parcial,
order-0330921,cust-037171,4 de marzo de 2026,online,mobile,0.1,"4,95",completado,
order-0335417,cust-037746,27/03/2025,online,mobile,0.0,"0,00",completado,
order-0244540,cust-000988,2023-12-17,online,mobile,0.15,"0,00",completado,
order-0152727,cust-054040,28/03/2025,online,mobile,0.0,"2,95",completado,
order-0280960,cust-053019,2025-11-16,store,n/a,0.05,"0,00",completado,store-19
order-0277724,cust-002199,7 de diciembre de 2023,online,mobile,0.0,"0,00",completado,
order-0295060,cust-044879,29/01/2025,online,mobile,0.15,"0,00",completado,
order-0055587,cust-015777,20 de enero de 2025,online,desktop,0.1,"2,95",completado,
order-0094173,cust-041060,2024-05-26,online,desktop,0.2,"0,00",cancelado,
order-0071065,cust-039990,2026-05-25,online,mobile,0.0,"0,00",completado,
order-0282394,cust-010797,16/12/2024,store,n/a,0.2,"0,00",completado,
order-0015625,cust-009551,30 de noviembre de 2025,online,mobile,0.3,"2,95",completado,
order-0276613,cust-058853,2024-09-25,online,desktop,0.1,"0,00",completado,
order-0084558,cust-011088,20/07/2023,online,mobile,0.1,"0,00",completado,
order-0025255,cust-010479,06/12/2024,online,desktop,0.05,"0,00",completado,
order-0382725,cust-028165,2025-08-30,online,mobile,0.1,"0,00",completado,
order-0222638,cust-raw-fake-003,01/06/2026,online,desktop,0.0,"2,95",completado,
order-0333520,cust-031093,3 de enero de 2024,online,desktop,0.1,"4,95",completado,
order-0168886,cust-043414,2024-03-10,online,desktop,0.05,"0,00",completado,
order-0376729,cust-045636,2025-03-24,online,mobile,0.0,"2,95",completado,
order-0283004,cust-058648,07/07/2025,online,mobile,0.3,"0,00",completado,
order-0188783,cust-048868,2025-05-25,online,mobile,0.05,"2,95",completado,
order-0375676,cust-036430,2026-01-04,online,mobile,0.15,"2,95",completado,
order-0176513,cust-014720,30/12/2025,store,n/a,0.1,"0,00",completado,store-06
order-0282129,cust-039464,31/01/2026,online,mobile,0.2,"4,95",completado,
order-0212812,cust-023035,8 de noviembre de 2025,online,mobile,0.0,"0,00",completado,
order-0077919,cust-048920,06/07/2025,online,mobile,0.1,"2,95",completado,
order-0062380,cust-032790,11/03/2024,online,mobile,0.0,"2,95",completado,
order-0252404,cust-059112,21/05/2026,online,desktop,0.15,"4,95",completado,
order-0130679,cust-010325,31/01/2024,online,tablet,0.2,"0,00",completado,
order-0244742,cust-raw-fake-004,05/02/2026,online,desktop,0.1,"4,95",completado,
order-0066758,cust-015390,10 de mayo de 2025,store,n/a,0.0,"0,00",completado,store-16
order-0187188,cust-013203,31 de diciembre de 2024,online,mobile,0.0,"2,95",completado,
order-0018713,cust-049339,24 de enero de 2025,online,mobile,0.2,"0,00",completado,
order-0320411,cust-026903,2025-11-11,online,desktop,0.0,"0,00",completado,
order-0293780,cust-006754,28/03/2025,online,mobile,0.15,"4,95",completado,
order-0110059,cust-036338,24 de enero de 2026,store,n/a,0.3,"0,00",completado,store-14
order-0244216,cust-008298,2026-01-09,online,desktop,0.2,"0,00",completado,
order-0337462,cust-raw-fake-000,19/11/2023,online,desktop,0.2,"0,00",completado,
order-0358131,cust-022054,14/05/2026,online,mobile,0.15,"2,95",completado,
order-0229655,cust-033920,2024-09-26,online,mobile,0.1,"4,95",completado,
order-0018519,cust-046491,2026-02-27,online,desktop,0.3,"0,00",completado,
order-0222931,cust-012931,10 de junio de 2025,online,mobile,0.05,"0,00",completado,
order-0381137,cust-027139,2025-12-28,online,mobile,0.05,"4,95",devuelto_parcial,
order-0261382,cust-052508,1 de octubre de 2024,online,mobile,0.0,"2,95",completado,
order-0008229,cust-023091,26 de julio de 2025,store,n/a,0.1,"0,00",completado,store-18
order-0119377,cust-059080,31 de marzo de 2025,online,mobile,0.05,"0,00",completado,
order-0267432,cust-024876,28/09/2025,online,desktop,0.0,"2,95",devuelto_parcial,
order-0384678,cust-009828,16 de mayo de 2026,online,mobile,0.2,"0,00",completado,
order-0304105,cust-018827,2024-10-11,online,desktop,0.05,"4,95",completado,
order-0067742,cust-037866,03/03/2026,online,mobile,0.1,"4,95",completado,
order-0389679,cust-027798,19 de marzo de 2026,online,desktop,0.0,"4,95",completado,
order-0352440,cust-004079,15/08/2025,online,mobile,0.2,"4,95",completado,
order-0153676,cust-001140,18/12/2025,online,mobile,0.3,"0,00",completado,
order-0017874,cust-008209,05/07/2025,online,mobile,0.1,"0,00",completado,
order-0389559,cust-044589,2025-03-27,online,mobile,0.0,"4,95",completado,
order-0083689,cust-042554,29/05/2025,online,mobile,0.0,"0,00",completado,
order-0021880,cust-059866,2024-05-25,online,mobile,0.0,"0,00",completado,
order-0342333,cust-040250,25 de diciembre de 2025,online,mobile,0.1,"0,00",completado,
order-0030911,cust-034998,19 de marzo de 2025,online,mobile,0.0,"0,00",completado,
order-0060222,cust-015432,28/11/2025,online,desktop,0.3,"4,95",completado,
order-0257643,cust-026872,14/06/2026,online,mobile,0.05,"4,95",completado,
order-0259648,cust-018230,2026-01-14,online,mobile,0.2,"4,95",completado,
order-0207822,cust-003880,2025-08-02,online,mobile,0.15,"2,95",completado,
order-0390923,cust-023126,3 de enero de 2026,online,mobile,0.05,"2,95",completado,
order-0263968,cust-051494,25 de febrero de 2026,store,n/a,0.3,"0,00",completado,store-01
order-0348308,cust-002341,31/07/2025,online,desktop,0.3,"4,95",completado,
order-0011140,cust-035330,21 de agosto de 2024,online,mobile,0.3,"0,00",completado,
order-0091594,cust-047737,27 de enero de 2025,online,desktop,0.3,"0,00",completado,
order-0360242,cust-008247,2024-07-14,online,mobile,0.2,"4,95",completado,
order-0093465,cust-047727,15 de abril de 2024,online,mobile,0.0,"2,95",completado,
order-0041526,cust-036587,2025-08-14,online,mobile,0.1,"2,95",completado,
order-0130068,cust-015778,13/02/2024,online,mobile,0.3,"0,00",completado,
order-0087371,cust-059430,18 de junio de 2026,online,mobile,0.05,"4,95",completado,
order-0120332,cust-050112,30 de agosto de 2024,online,mobile,0.1,"4,95",completado,
order-0362923,cust-029358,2025-03-23,online,mobile,0.0,"2,95",completado,
order-0008572,cust-050035,19/09/2025,online,desktop,0.0,"0,00",devuelto_parcial,
order-0247790,cust-033910,13 de diciembre de 2025,online,mobile,0.1,"0,00",completado,
order-0392804,cust-047116,09/04/2025,online,desktop,0.0,"2,95",completado,
order-0038605,cust-021755,02/10/2025,online,mobile,0.0,"4,95",completado,
order-0033219,cust-033165,30/11/2025,online,mobile,0.1,"2,95",completado,
order-0308375,cust-029663,04/03/2025,online,desktop,0.05,"0,00",completado,
order-0164510,cust-056560,2024-11-29,online,mobile,0.05,"4,95",completado,
order-0022662,cust-052096,11/06/2026,online,tablet,0.15,"4,95",completado,
order-0136625,cust-040433,7 de enero de 2024,online,mobile,0.3,"4,95",completado,
order-0212216,cust-011347,2025-08-28,online,mobile,0.2,"4,95",completado,
order-0080979,cust-003720,6 de febrero de 2026,online,mobile,0.2,"2,95",completado,
order-0163984,cust-049411,07/12/2025,online,desktop,0.1,"4,95",completado,
order-0310487,cust-010312,2026-05-12,online,mobile,0.0,"4,95",completado,
order-0011167,cust-029443,24 de mayo de 2026,online,desktop,0.0,"2,95",completado,
order-0117476,cust-022635,2026-02-01,online,mobile,0.3,"4,95",completado,
order-0359834,cust-043558,27 de marzo de 2025,online,mobile,0.0,"4,95",completado,
order-0075100,cust-006203,2025-07-08,online,mobile,0.1,"4,95",completado,
order-0194725,cust-033861,2024-09-19,online,desktop,0.15,"2,95",devuelto_parcial,
order-0213870,cust-007101,2025-06-25,online,mobile,0.0,"2,95",cancelado,
order-0068588,cust-021309,30/04/2025,online,mobile,0.1,"2,95",completado,
order-0157508,cust-057718,2025-03-28,online,mobile,0.0,"0,00",completado,
order-0295503,cust-044598,31/07/2025,online,desktop,0.1,"2,95",completado,
order-0114549,cust-044405,31/01/2026,store,n/a,0.1,"0,00",completado,store-16
order-0201089,cust-028775,16 de enero de 2026,online,desktop,0.3,"0,00",completado,
order-0184910,cust-042333,18 de enero de 2026,online,mobile,0.3,"0,00",completado,
order-0307873,cust-035816,01/06/2025,online,desktop,0.0,"0,00",completado,
order-0393256,cust-032137,15 de junio de 2024,online,desktop,0.0,"2,95",completado,
order-0031822,cust-057613,2026-03-22,online,mobile,0.0,"0,00",completado,
order-0085202,cust-042525,26/06/2025,online,mobile,0.05,"0,00",devuelto_parcial,
order-0102914,cust-024599,15 de octubre de 2025,online,tablet,0.0,"2,95",completado,
order-0324156,cust-002008,23/06/2025,online,desktop,0.0,"0,00",completado,
order-0020246,cust-049432,17 de junio de 2024,online,desktop,0.2,"4,95",devuelto_parcial,
order-0337096,cust-053671,15/06/2026,online,desktop,0.1,"4,95",completado,
order-0361763,cust-009492,24/10/2023,online,mobile,0.0,"0,00",completado,
order-0207097,cust-043534,20 de abril de 2026,online,mobile,0.0,"2,95",completado,
order-0203054,cust-005748,05/10/2023,online,mobile,0.0,"4,95",completado,
order-0057098,cust-009840,22/06/2024,online,mobile,0.05,"4,95",completado,
order-0154193,cust-022067,2025-10-20,online,mobile,0.1,"2,95",completado,
order-0085964,cust-035372,2025-12-07,online,mobile,0.0,"0,00",completado,
order-0137690,cust-052215,2026-05-25,online,tablet,0.0,"2,95",completado,
order-0262913,cust-004052,2026-01-31,online,mobile,0.3,"2,95",completado,
order-0068584,cust-006924,2025-01-28,online,desktop,0.2,"0,00",completado,
order-0299175,cust-050204,10 de mayo de 2023,store,n/a,0.2,"0,00",completado,store-04
order-0103945,cust-044192,11 de noviembre de 2025,online,desktop,0.0,"0,00",completado,
order-0335506,cust-017017,10 de febrero de 2026,online,desktop,0.2,"0,00",devuelto_parcial,
order-0045430,cust-012544,2025-12-20,online,mobile,0.2,"4,95",completado,
order-0161464,cust-035496,11/12/2024,online,mobile,0.05,"2,95",completado,
order-0124146,cust-011975,14 de diciembre de 2025,online,tablet,0.1,"4,95",completado,
order-0341703,cust-raw-fake-013,27/01/2024,online,mobile,0.2,"2,95",completado,
order-0172250,cust-046256,2023-10-04,online,mobile,0.0,"2,95",completado,
order-0091422,cust-002107,15/02/2026,online,desktop,0.2,"2,95",completado,
order-0038741,cust-027467,22 de julio de 2025,online,desktop,0.3,"4,95",completado,
order-0139751,cust-047412,22/01/2026,online,mobile,0.2,"2,95",completado,
order-0047840,cust-004918,24/04/2024,online,mobile,0.0,"4,95",completado,
order-0349705,cust-023451,2025-02-12,online,mobile,0.1,"4,95",devuelto_parcial,
order-0329859,cust-034416,2025-10-04,online,desktop,0.0,"4,95",completado,
order-0334731,cust-024119,2025-05-22,online,mobile,0.0,"2,95",completado,
order-0255967,cust-005828,2025-12-16,online,desktop,0.1,"2,95",completado,
order-0222341,cust-000540,18/10/2025,online,mobile,0.0,"0,00",completado,
order-0071673,cust-037746,2025-04-04,online,mobile,0.0,"0,00",completado,
order-0352343,cust-058446,14/03/2026,online,mobile,0.05,"0,00",completado,
order-0261779,cust-054310,2025-03-28,online,desktop,0.05,"4,95",completado,
order-0159318,cust-015736,14/07/2025,online,mobile,0.3,"4,95",completado,
order-0170310,cust-030108,2025-03-18,online,desktop,0.1,"0,00",completado,
order-0125578,cust-005851,04/02/2026,online,desktop,0.3,"2,95",completado,
order-0229890,cust-035352,06/10/2024,online,mobile,0.15,"2,95",devuelto_parcial,
order-0037254,cust-033840,27 de abril de 2026,online,desktop,0.2,"0,00",completado,
order-0068254,cust-051316,31 de diciembre de 2025,online,desktop,0.1,"4,95",completado,
order-0386153,cust-050821,22 de septiembre de 2023,store,n/a,0.15,"0,00",completado,store-26
order-0299061,cust-009013,08/05/2024,online,desktop,0.0,"0,00",completado,
order-0003792,cust-024798,2024-04-07,online,mobile,0.0,"0,00",completado,
order-0152299,cust-042459,23/06/2026,online,desktop,0.1,"2,95",completado,
order-0178871,cust-046843,8 de noviembre de 2025,online,desktop,0.0,"4,95",completado,
order-0125851,cust-020464,2023-10-26,online,mobile,0.15,"4,95",completado,
order-0280311,cust-059670,2025-11-16,online,mobile,0.05,"0,00",completado,
order-0315198,cust-028455,10 de septiembre de 2025,online,desktop,0.0,"4,95",completado,
order-0166350,cust-053285,17 de enero de 2026,online,mobile,0.2,"4,95",completado,
order-0071387,cust-052292,24/06/2025,online,tablet,0.1,"2,95",completado,
order-0092279,cust-049043,26 de julio de 2025,online,desktop,0.3,"2,95",completado,
order-0311198,cust-034862,2025-11-08,online,desktop,0.0,"2,95",completado,
order-0295677,cust-032157,25 de marzo de 2024,store,n/a,0.1,"0,00",completado,store-38
order-0349689,cust-041605,9 de enero de 2026,online,mobile,0.1,"4,95",completado,
order-0198195,cust-016546,01/06/2026,online,tablet,0.1,"4,95",completado,
order-0344379,cust-031612,25 de mayo de 2026,online,mobile,0.0,"0,00",completado,
order-0311728,cust-raw-fake-002,04/05/2026,online,mobile,0.0,"2,95",completado,
order-0384973,cust-058964,2025-02-17,online,desktop,0.3,"2,95",completado,
order-0349080,cust-004561,2 de junio de 2025,online,mobile,0.05,"2,95",completado,
order-0099715,cust-056152,6 de febrero de 2025,online,desktop,0.3,"2,95",completado,
order-0338520,cust-007027,19 de agosto de 2024,online,mobile,0.3,"4,95",completado,
order-0040576,cust-021731,20/08/2025,online,mobile,0.2,"2,95",completado,
order-0136483,cust-021730,12/08/2023,online,desktop,0.2,"0,00",completado,
order-0138253,cust-048340,08/06/2024,online,mobile,0.0,"2,95",completado,
order-0396016,cust-031694,23 de agosto de 2025,online,mobile,0.1,"4,95",completado,
order-0006125,cust-043524,12 de mayo de 2026,online,desktop,0.15,"0,00",cancelado,
order-0356150,cust-023472,2025-01-07,online,mobile,0.2,"4,95",completado,
order-0033541,cust-000795,2026-06-26,online,mobile,0.0,"2,95",completado,
order-0376712,cust-004102,1 de diciembre de 2024,online,desktop,0.0,"4,95",completado,
order-0080138,cust-039069,2026-01-18,online,mobile,0.3,"2,95",completado,
order-0060085,cust-004134,23 de diciembre de 2025,online,desktop,0.2,"4,95",completado,
order-0300879,cust-044502,13 de julio de 2024,online,mobile,0.2,"0,00",completado,
order-0190059,cust-009656,2026-05-28,online,mobile,0.1,"0,00",completado,
order-0124414,cust-018656,2025-08-07,online,mobile,0.1,"0,00",completado,
order-0324739,cust-056553,22/01/2026,online,desktop,0.2,"0,00",completado,
order-0079144,cust-039325,2026-03-11,store,n/a,0.0,"0,00",completado,store-20
order-0134044,cust-002543,2025-09-20,online,mobile,0.15,"4,95",completado,
order-0269070,cust-005593,2026-06-07,online,desktop,0.0,"4,95",completado,
order-0298128,cust-016149,2024-11-23,online,mobile,0.3,"0,00",completado,
order-0161081,cust-056061,08/04/2026,online,desktop,0.0,"0,00",completado,
order-0162856,cust-028261,2025-02-18,online,tablet,0.3,"4,95",completado,
order-0356053,cust-033904,03/05/2026,online,desktop,0.05,"2,95",completado,
order-0127942,cust-031956,5 de mayo de 2025,online,desktop,0.15,"0,00",devuelto_parcial,
order-0279305,cust-raw-fake-014,30/12/2025,online,tablet,0.2,"2,95",completado,
order-0377896,cust-059984,05/10/2024,online,mobile,0.05,"4,95",completado,
order-0028609,cust-036091,13 de abril de 2025,online,desktop,0.0,"2,95",completado,
order-0363370,cust-056377,11 de mayo de 2026,online,desktop,0.05,"2,95",completado,
order-0117245,cust-016270,25/02/2025,online,mobile,0.2,"4,95",completado,
order-0046400,cust-007179,2025-07-26,online,desktop,0.2,"0,00",completado,
order-0350626,cust-005443,19 de abril de 2025,online,mobile,0.0,"0,00",completado,
order-0198627,cust-057005,2024-09-01,online,mobile,0.0,"0,00",completado,
order-0080813,cust-002350,15/12/2023,online,desktop,0.1,"4,95",completado,
order-0245111,cust-009970,2025-12-01,online,desktop,0.3,"0,00",completado,
order-0160596,cust-raw-fake-006,22/08/2025,online,mobile,0.2,"0,00",devuelto_parcial,
order-0059790,cust-020714,30/04/2025,online,desktop,0.05,"2,95",completado,
order-0381731,cust-055467,06/11/2024,online,mobile,0.0,"4,95",completado,
order-0211383,cust-000295,7 de abril de 2025,online,mobile,0.1,"2,95",cancelado,
order-0157748,cust-041982,2024-02-13,store,n/a,0.3,"0,00",completado,store-03
order-0372285,cust-017067,16 de agosto de 2025,online,mobile,0.2,"0,00",completado,
order-0105016,cust-016076,25/07/2025,online,desktop,0.1,"4,95",completado,
order-0088944,cust-011800,2024-07-10,online,mobile,0.3,"4,95",completado,
order-0176314,cust-035411,26/10/2024,online,desktop,0.05,"0,00",completado,
order-0095495,cust-043898,24 de mayo de 2025,store,n/a,0.15,"0,00",completado,store-25
order-0117632,cust-057835,2025-08-20,online,desktop,0.3,"0,00",completado,
order-0088565,cust-005333,2023-09-05,online,desktop,0.1,"2,95",completado,
order-0399806,cust-039926,22/03/2026,online,desktop,0.0,"4,95",completado,
order-0286862,cust-030686,25/06/2024,online,desktop,0.0,"4,95",completado,
order-0036186,cust-052675,23/07/2025,online,mobile,0.3,"4,95",completado,
order-0169699,cust-017369,06/04/2025,online,desktop,0.05,"0,00",completado,
order-0334122,cust-006890,28/12/2023,online,mobile,0.05,"0,00",completado,
order-0156388,cust-003823,23/01/2024,online,mobile,0.1,"0,00",completado,
order-0277269,cust-006669,20/03/2025,online,mobile,0.0,"4,95",completado,
order-0146901,cust-007643,2024-08-13,online,desktop,0.3,"4,95",completado,
order-0332244,cust-018197,12 de mayo de 2025,online,desktop,0.0,"2,95",completado,
order-0325969,cust-027047,25/07/2024,online,mobile,0.1,"0,00",completado,
order-0376168,cust-058196,05/01/2026,online,mobile,0.0,"0,00",completado,
order-0251115,cust-031493,20/06/2026,online,mobile,0.0,"0,00",completado,
order-0196049,cust-054725,7 de junio de 2025,online,mobile,0.0,"0,00",completado,
order-0257939,cust-059067,15 de abril de 2026,online,mobile,0.2,"2,95",completado,
order-0058763,cust-023142,2025-12-29,online,desktop,0.05,"2,95",devuelto_parcial,
order-0271914,cust-030264,20 de enero de 2026,online,mobile,0.2,"4,95",completado,
order-0197029,cust-017141,2025-06-10,online,mobile,0.0,"2,95",completado,
order-0140384,cust-056579,17 de febrero de 2026,online,mobile,0.3,"4,95",completado,
order-0307596,cust-059535,17/06/2026,online,mobile,0.1,"0,00",completado,
order-0176524,cust-019148,26/02/2025,online,mobile,0.1,"2,95",completado,
order-0362287,cust-000706,2 de febrero de 2025,online,mobile,0.1,"0,00",completado,
order-0124994,cust-044558,2025-11-15,online,desktop,0.05,"0,00",completado,
order-0068811,cust-026878,6 de julio de 2024,online,mobile,0.3,"4,95",completado,
order-0381740,cust-015228,13 de noviembre de 2024,online,mobile,0.0,"0,00",completado,
order-0171746,cust-024670,2025-04-18,online,desktop,0.1,"0,00",completado,
order-0277202,cust-033485,2025-11-25,online,mobile,0.05,"4,95",cancelado,
order-0056563,cust-016074,2025-06-17,online,desktop,0.0,"0,00",completado,
order-0035036,cust-023772,06/10/2025,online,mobile,0.0,"2,95",completado,
order-0074487,cust-003156,28 de julio de 2025,online,desktop,0.3,"4,95",completado,
order-0278105,cust-042427,11 de agosto de 2025,online,mobile,0.2,"0,00",completado,
order-0229389,cust-058265,04/07/2025,online,mobile,0.1,"2,95",completado,
order-0326070,cust-058579,18/07/2024,online,desktop,0.3,"2,95",completado,
order-0254702,cust-023192,08/11/2024,online,desktop,0.0,"0,00",completado,
order-0224175,cust-046929,18/12/2025,online,tablet,0.1,"2,95",completado,
order-0037301,cust-016546,7 de junio de 2026,online,mobile,0.1,"4,95",cancelado,
order-0182881,cust-019201,25 de agosto de 2025,online,desktop,0.2,"0,00",completado,
order-0225126,cust-raw-fake-018,31/12/2024,store,n/a,0.1,"0,00",completado,store-24
order-0196561,cust-011720,2024-09-26,online,mobile,0.05,"0,00",completado,
order-0110097,cust-012769,10/02/2024,online,mobile,0.3,"4,95",completado,
order-0163826,cust-023487,22 de febrero de 2026,online,tablet,0.3,"2,95",completado,
order-0140224,cust-006739,21/10/2025,online,desktop,0.0,"2,95",completado,
order-0196561,cust-011720,2024-09-26,online,mobile,0.05,"0,00",completado,
order-0090278,cust-038038,2026-02-14,online,mobile,0.1,"2,95",completado,
order-0128275,cust-039956,2024-09-01,online,mobile,0.0,"4,95",cancelado,
order-0203547,cust-049428,27 de septiembre de 2025,online,desktop,0.05,"0,00",completado,
order-0333248,cust-025621,22/09/2025,online,desktop,0.0,"2,95",devuelto_parcial,
order-0331325,cust-025577,18/07/2025,online,mobile,0.2,"0,00",completado,
order-0280494,cust-008104,12/09/2023,online,mobile,0.05,"4,95",completado,
order-0199975,cust-024158,20 de junio de 2025,online,tablet,0.05,"2,95",devuelto_parcial,
order-0174662,cust-037122,16/01/2026,online,mobile,0.2,"0,00",devuelto_parcial,
order-0132127,cust-035852,2 de mayo de 2026,online,mobile,0.0,"0,00",completado,
order-0265047,cust-034474,2025-08-21,online,desktop,0.2,"4,95",completado,
order-0318269,cust-046437,06/03/2026,online,mobile,0.0,"2,95",completado,
order-0358840,cust-020209,24/10/2025,online,mobile,0.0,"4,95",completado,
order-0150435,cust-043855,25/02/2026,online,mobile,0.3,"0,00",completado,
order-0041740,cust-036290,20 de enero de 2026,online,mobile,0.1,"4,95",completado,
order-0363002,cust-051618,14/04/2026,online,desktop,0.0,"0,00",completado,
order-0230238,cust-057974,23/11/2025,online,mobile,0.05,"0,00",completado,
order-0166598,cust-047167,2024-07-08,online,tablet,0.1,"2,95",devuelto_parcial,
order-0037612,cust-058391,28/12/2024,online,desktop,0.1,"0,00",completado,
order-0238303,cust-raw-fake-016,04/10/2025,online,mobile,0.0,"4,95",completado,
order-0056701,cust-001646,15/04/2024,store,n/a,0.0,"0,00",completado,store-00
order-0107044,cust-049069,10/12/2024,online,desktop,0.0,"0,00",completado,
order-0278051,cust-019719,2026-01-23,online,mobile,0.1,"2,95",completado,
order-0020531,cust-050318,2026-01-30,online,desktop,0.2,"4,95",completado,
order-0168696,cust-014335,30 de octubre de 2023,online,mobile,0.0,"2,95",completado,
order-0280996,cust-050732,07/11/2025,online,desktop,0.15,"0,00",devuelto_parcial,
order-0197428,cust-055496,14 de agosto de 2025,online,tablet,0.3,"2,95",completado,
order-0052148,cust-019348,7 de febrero de 2026,online,mobile,0.2,"0,00",completado,
order-0043476,cust-041988,2026-06-29,online,mobile,0.1,"4,95",completado,
order-0013071,cust-014770,2026-06-30,online,desktop,0.05,"2,95",completado,
order-0122052,cust-033294,22/03/2025,online,tablet,0.15,"2,95",completado,
order-0173502,cust-035536,23/11/2025,online,mobile,0.1,"0,00",completado,
order-0145684,cust-023937,9 de octubre de 2024,online,desktop,0.05,"2,95",completado,
order-0367188,cust-037455,11 de julio de 2025,online,mobile,0.2,"0,00",completado,
order-0279865,cust-016550,14/10/2025,online,mobile,0.0,"0,00",completado,
order-0000267,cust-039264,6 de diciembre de 2025,online,mobile,0.0,"4,95",completado,
order-0009987,cust-047724,26 de mayo de 2025,online,mobile,0.05,"4,95",completado,
order-0327484,cust-005748,22/12/2023,online,desktop,0.1,"4,95",completado,
order-0220393,cust-051435,2026-03-23,online,mobile,0.0,"0,00",completado,
order-0184142,cust-044077,2025-03-09,online,mobile,0.05,"4,95",completado,
order-0278522,cust-014090,18/05/2024,online,desktop,0.0,"0,00",completado,
order-0131014,cust-023203,29 de marzo de 2026,online,desktop,0.15,"0,00",completado,
order-0124096,cust-020042,2025-09-07,online,mobile,0.1,"4,95",completado,
order-0033199,cust-045493,11/01/2026,online,mobile,0.2,"0,00",completado,
order-0228862,cust-059759,05/06/2026,online,desktop,0.15,"2,95",cancelado,
order-0318532,cust-049813,2025-10-05,online,mobile,0.0,"4,95",completado,
order-0090768,cust-050905,3 de junio de 2026,online,desktop,0.0,"0,00",cancelado,
order-0124762,cust-045004,15/11/2025,online,mobile,0.0,"4,95",completado,
order-0399417,cust-008086,13/05/2025,online,mobile,0.0,"0,00",completado,
order-0088891,cust-025073,2024-07-29,store,n/a,0.3,"0,00",completado,store-10
order-0389425,cust-010556,10/06/2025,online,mobile,0.0,"0,00",completado,
order-0231817,cust-005568,2025-12-03,online,tablet,0.15,"2,95",cancelado,
order-0126906,cust-005317,2026-02-17,online,desktop,0.3,"4,95",completado,
order-0385566,cust-035106,17 de junio de 2026,online,desktop,0.05,"4,95",devuelto_parcial,
order-0210266,cust-039244,2026-03-25,online,mobile,0.2,"4,95",completado,
order-0074955,cust-042648,19 de octubre de 2025,store,n/a,0.0,"0,00",completado,store-37
order-0024349,cust-032786,19 de abril de 2026,online,mobile,0.0,"0,00",completado,
order-0205945,cust-015712,8 de noviembre de 2025,online,mobile,0.0,"0,00",completado,
order-0279198,cust-059869,24 de abril de 2026,online,desktop,0.1,"0,00",completado,
order-0035452,cust-000970,02/11/2025,online,mobile,0.05,"4,95",cancelado,
order-0249314,cust-003710,13 de marzo de 2026,online,desktop,0.05,"0,00",cancelado,
order-0007615,cust-054048,2025-07-05,online,mobile,0.1,"0,00",completado,
order-0247921,cust-042626,2023-06-24,online,desktop,0.0,"4,95",completado,
order-0275284,cust-013681,21/07/2024,online,mobile,0.2,"4,95",completado,
order-0195490,cust-048335,12/03/2026,online,mobile,0.15,"2,95",completado,
order-0298867,cust-051713,2025-11-09,online,mobile,0.0,"0,00",completado,
order-0215393,cust-056992,03/04/2026,online,mobile,0.05,"0,00",completado,
order-0298689,cust-052480,30 de agosto de 2025,online,mobile,0.3,"4,95",completado,
order-0190797,cust-051330,17 de mayo de 2025,online,mobile,0.05,"0,00",completado,
order-0133068,cust-018605,14/05/2026,online,desktop,0.0,"2,95",completado,
order-0153635,cust-049916,2023-02-24,online,tablet,0.3,"4,95",completado,
order-0098653,cust-001289,05/07/2025,online,desktop,0.2,"2,95",completado,
order-0201831,cust-025780,2026-06-14,online,mobile,0.0,"0,00",completado,
order-0084785,cust-019442,23/05/2026,online,desktop,0.0,"0,00",completado,
order-0067781,cust-027362,26 de agosto de 2024,online,mobile,0.2,"0,00",completado,
order-0300776,cust-016451,2026-03-31,online,desktop,0.0,"4,95",completado,
order-0049991,cust-049413,2026-05-20,online,desktop,0.05,"2,95",completado,
order-0267026,cust-006806,28 de noviembre de 2025,online,mobile,0.3,"2,95",completado,
order-0242038,cust-055245,2025-02-08,online,mobile,0.2,"2,95",completado,
order-0328786,cust-028986,14/04/2026,online,mobile,0.1,"0,00",completado,
order-0224215,cust-022693,2026-02-22,online,desktop,0.2,"0,00",devuelto_parcial,
order-0006451,cust-000851,06/07/2024,online,desktop,0.1,"2,95",completado,
order-0183888,cust-027548,31 de octubre de 2025,online,desktop,0.05,"4,95",devuelto_parcial,
order-0265927,cust-010569,2026-06-13,online,desktop,0.0,"4,95",completado,
order-0301361,cust-049661,2024-04-12,online,desktop,0.0,"0,00",completado,
order-0397280,cust-005049,14/01/2026,online,mobile,0.3,"0,00",completado,
order-0121676,cust-045617,2025-08-05,online,desktop,0.2,"0,00",completado,
order-0278674,cust-035216,21/02/2026,online,mobile,0.1,"2,95",completado,
order-0162014,cust-001380,2026-02-27,online,mobile,0.2,"4,95",completado,
order-0222055,cust-006092,27/10/2024,online,desktop,0.0,"4,95",completado,
order-0387330,cust-056645,15 de junio de 2024,online,mobile,0.0,"0,00",completado,
order-0012357,cust-035645,15 de marzo de 2025,online,desktop,0.0,"2,95",completado,
order-0262983,cust-005297,28/02/2024,online,desktop,0.3,"4,95",completado,
order-0314725,cust-raw-fake-007,19/11/2023,online,mobile,0.1,"4,95",completado,
order-0123551,cust-040916,20/06/2026,online,desktop,0.0,"0,00",completado,
order-0375995,cust-026854,27 de mayo de 2024,online,mobile,0.1,"4,95",completado,
order-0198262,cust-024117,2025-01-08,online,tablet,0.1,"2,95",completado,
order-0368096,cust-023810,2026-03-30,online,desktop,0.0,"4,95",completado,
order-0362001,cust-052698,30 de junio de 2026,online,desktop,0.1,"4,95",devuelto_parcial,
order-0300078,cust-051729,27/11/2023,online,mobile,0.2,"4,95",completado,
order-0192192,cust-029033,14/02/2026,online,desktop,0.2,"0,00",completado,
order-0342624,cust-039802,2024-01-21,online,mobile,0.3,"4,95",completado,
order-0343348,cust-016158,17/12/2025,online,mobile,0.1,"2,95",devuelto_parcial,
order-0017223,cust-050608,06/06/2026,online,mobile,0.15,"0,00",completado,
order-0290183,cust-029048,2026-04-26,online,desktop,0.0,"0,00",completado,
order-0171312,cust-020088,25 de enero de 2024,online,desktop,0.15,"0,00",completado,
order-0224639,cust-022129,20 de marzo de 2026,online,desktop,0.0,"0,00",completado,
order-0353886,cust-006035,15/12/2025,store,n/a,0.1,"0,00",completado,store-10
order-0087375,cust-026275,22/04/2026,online,mobile,0.0,"4,95",completado,
order-0144315,cust-045235,31 de agosto de 2024,store,n/a,0.3,"0,00",completado,store-38
order-0023298,cust-018839,13/06/2026,online,mobile,0.1,"0,00",devuelto_parcial,
order-0378768,cust-008474,16/01/2025,online,desktop,0.2,"0,00",completado,
order-0154093,cust-040294,13 de marzo de 2025,online,desktop,0.1,"0,00",completado,
order-0290861,cust-029948,3 de diciembre de 2025,online,mobile,0.0,"0,00",completado,
order-0258616,cust-041956,2024-06-16,online,desktop,0.0,"4,95",completado,
order-0018130,cust-050497,2024-11-26,online,mobile,0.1,"0,00",completado,
order-0239279,cust-056474,27/06/2026,online,mobile,0.05,"4,95",completado,
order-0350378,cust-042884,2026-02-23,store,n/a,0.3,"0,00",completado,store-04
order-0353877,cust-036623,2023-09-12,online,desktop,0.05,"4,95",completado,
order-0346918,cust-raw-fake-013,22/09/2025,online,tablet,0.0,"2,95",cancelado,
order-0387782,cust-002311,2026-06-13,store,n/a,0.05,"0,00",completado,store-15
order-0325711,cust-036356,2024-09-02,online,mobile,0.0,"4,95",completado,
order-0058174,cust-050783,8 de febrero de 2026,online,mobile,0.2,"0,00",completado,
order-0372312,cust-038536,20/05/2026,online,mobile,0.05,"0,00",completado,
order-0037745,cust-041037,28 de agosto de 2025,online,mobile,0.1,"0,00",completado,
order-0144178,cust-053112,17 de noviembre de 2024,online,mobile,0.0,"0,00",completado,
order-0056504,cust-035136,2026-04-02,online,mobile,0.15,"4,95",completado,
order-0057443,cust-022515,17/05/2026,store,n/a,0.0,"0,00",completado,store-33
order-0318617,cust-019457,10/03/2026,online,desktop,0.05,"2,95",completado,
order-0397573,cust-025392,2026-01-10,store,n/a,0.1,"0,00",completado,store-37
order-0148949,cust-035026,15/10/2025,online,mobile,0.05,"0,00",completado,
order-0313209,cust-059967,20 de febrero de 2025,online,mobile,0.3,"0,00",completado,
order-0359817,cust-010439,2026-05-27,online,mobile,0.15,"4,95",completado,
order-0102798,cust-049902,14 de agosto de 2024,online,desktop,0.2,"4,95",completado,
order-0227814,cust-011451,2026-04-23,online,mobile,0.0,"4,95",completado,
order-0124196,cust-020496,2025-08-31,online,mobile,0.1,"2,95",completado,
order-0022612,cust-045417,2024-11-03,online,mobile,0.1,"2,95",completado,
order-0105373,cust-022898,1 de julio de 2025,store,n/a,0.2,"0,00",completado,store-38
order-0000249,cust-029815,31/08/2025,online,desktop,0.1,"0,00",completado,
order-0076435,cust-044042,2025-05-17,online,desktop,0.0,"2,95",completado,
order-0178897,cust-052984,2024-11-25,online,mobile,0.3,"2,95",completado,
order-0291086,cust-002633,22 de abril de 2024,store,n/a,0.15,"0,00",completado,store-36
order-0051592,cust-056101,14 de noviembre de 2025,online,mobile,0.05,"2,95",completado,
order-0184724,cust-016993,20/03/2026,online,mobile,0.05,"0,00",completado,
order-0364384,cust-035048,2024-09-26,online,mobile,0.1,"4,95",completado,
order-0026041,cust-031213,27/05/2026,online,mobile,0.1,"0,00",completado,
order-0147257,cust-022825,2025-02-05,online,desktop,0.2,"4,95",completado,
order-0307378,cust-040374,7 de junio de 2026,store,n/a,0.05,"0,00",completado,store-00
order-0180079,cust-026686,06/05/2026,online,mobile,0.1,"0,00",completado,
order-0316969,cust-027687,8 de enero de 2024,online,mobile,0.1,"0,00",completado,
order-0031610,cust-019377,28 de enero de 2025,online,desktop,0.3,"2,95",completado,
order-0237543,cust-014091,14 de julio de 2025,online,mobile,0.3,"2,95",completado,
order-0195072,cust-047267,06/12/2024,online,desktop,0.1,"0,00",completado,
order-0220719,cust-000385,31 de mayo de 2026,online,mobile,0.1,"4,95",completado,
order-0079221,cust-019206,2024-07-19,online,desktop,0.3,"4,95",completado,
order-0117420,cust-033060,14 de abril de 2024,store,n/a,0.05,"0,00",completado,store-02
order-0040830,cust-049768,5 de marzo de 2025,online,mobile,0.0,"4,95",devuelto_parcial,
order-0250667,cust-045795,23 de enero de 2025,online,mobile,0.2,"4,95",completado,
order-0046344,cust-021741,23 de marzo de 2025,online,mobile,0.0,"4,95",completado,
order-0372117,cust-008831,12/03/2024,online,mobile,0.0,"2,95",completado,
order-0320967,cust-056129,06/10/2025,online,mobile,0.15,"0,00",cancelado,
order-0100481,cust-000644,2025-04-15,online,desktop,0.0,"0,00",cancelado,
order-0377759,cust-042535,25 de diciembre de 2025,online,desktop,0.05,"2,95",completado,
order-0331894,cust-001496,09/04/2026,store,n/a,0.0,"0,00",completado,store-25
order-0392139,cust-051786,07/10/2025,online,desktop,0.0,"0,00",completado,
order-0351583,cust-009139,2024-12-26,online,desktop,0.0,"4,95",completado,
order-0124114,cust-045262,13 de febrero de 2026,online,mobile,0.1,"4,95",completado,
order-0223940,cust-033225,15 de agosto de 2025,online,mobile,0.2,"0,00",completado,
order-0125684,cust-036810,2025-11-21,online,desktop,0.05,"0,00",completado,
order-0227909,cust-039855,18/09/2025,online,desktop,0.15,"4,95",completado,
order-0189096,cust-raw-fake-013,2026-02-20,online,mobile,0.3,"2,95",completado,
order-0231072,cust-044944,02/12/2025,online,desktop,0.1,"4,95",completado,
order-0028574,cust-056831,07/02/2024,online,desktop,0.3,"0,00",completado,
order-0170312,cust-001586,13 de abril de 2024,online,tablet,0.05,"0,00",completado,
order-0290081,cust-017142,01/01/2026,online,desktop,0.1,"4,95",completado,
order-0060475,cust-038419,29 de agosto de 2024,online,mobile,0.3,"0,00",completado,
order-0250182,cust-017248,8 de abril de 2024,online,mobile,0.0,"4,95",completado,
order-0052649,cust-032246,2023-12-17,online,mobile,0.2,"2,95",completado,
order-0120025,cust-039236,2025-04-20,online,desktop,0.1,"0,00",completado,
order-0271607,cust-032216,2023-11-21,online,mobile,0.1,"4,95",completado,
order-0132889,cust-036570,2 de febrero de 2026,online,mobile,0.2,"2,95",completado,
order-0064836,cust-016211,2025-01-09,online,mobile,0.2,"2,95",completado,
order-0391526,cust-038330,26 de marzo de 2025,online,desktop,0.05,"2,95",completado,
order-0142984,cust-041841,2025-06-27,online,desktop,0.15,"4,95",completado,
order-0104627,cust-007451,2026-05-30,online,desktop,0.0,"2,95",completado,
order-0097243,cust-038072,13/03/2026,online,mobile,0.0,"4,95",completado,
order-0150160,cust-035212,05/09/2025,online,desktop,0.0,"4,95",completado,
order-0004918,cust-001296,21/02/2026,online,desktop,0.3,"0,00",completado,
order-0384911,cust-022514,12 de diciembre de 2025,online,desktop,0.15,"4,95",completado,
order-0065817,cust-004082,2026-01-17,online,desktop,0.2,"0,00",devuelto_parcial,
order-0311985,cust-050078,13 de febrero de 2026,online,mobile,0.3,"0,00",completado,
order-0396633,cust-005266,7 de febrero de 2026,online,desktop,0.1,"2,95",completado,
order-0023367,cust-015507,2026-04-06,online,mobile,0.0,"4,95",completado,
order-0021984,cust-043257,25 de abril de 2025,store,n/a,0.0,"0,00",completado,store-36
order-0101428,cust-052058,30 de marzo de 2024,online,tablet,0.05,"2,95",completado,
order-0114685,cust-058336,2024-04-26,online,mobile,0.2,"2,95",completado,
order-0346853,cust-055479,2026-06-13,store,n/a,0.1,"0,00",completado,store-34
order-0053460,cust-037771,16/01/2025,online,mobile,0.15,"0,00",completado,
order-0267355,cust-024605,15/10/2025,online,tablet,0.0,"0,00",completado,
order-0131313,cust-009536,2024-10-17,online,mobile,0.2,"0,00",completado,
order-0122597,cust-019809,3 de agosto de 2025,online,desktop,0.2,"0,00",completado,
order-0115348,cust-raw-fake-017,5 de abril de 2025,online,mobile,0.0,"2,95",completado,
order-0392533,cust-059999,16 de julio de 2024,online,mobile,0.3,"4,95",completado,
order-0329122,cust-019893,15/01/2025,online,tablet,0.2,"0,00",completado,
order-0144033,cust-raw-fake-007,13 de enero de 2026,online,mobile,0.2,"4,95",completado,
order-0239031,cust-032342,4 de abril de 2025,online,mobile,0.05,"0,00",completado,
order-0370916,cust-020703,17/02/2026,online,mobile,0.1,"0,00",completado,
order-0153662,cust-014094,2025-12-08,online,desktop,0.0,"4,95",completado,
order-0004339,cust-009968,2026-01-01,store,n/a,0.0,"0,00",completado,store-16
order-0141209,cust-000724,08/05/2026,online,mobile,0.15,"2,95",completado,
order-0046518,cust-016910,2024-12-29,online,desktop,0.1,"2,95",cancelado,
order-0059916,cust-051230,12 de octubre de 2025,online,desktop,0.0,"0,00",devuelto_parcial,
order-0035236,cust-012721,2025-01-08,online,mobile,0.2,"0,00",completado,
order-0302926,cust-035896,22 de febrero de 2025,online,mobile,0.3,"0,00",completado,
order-0009307,cust-027929,28/09/2025,online,mobile,0.1,"2,95",completado,
order-0191480,cust-040381,2025-03-09,online,desktop,0.0,"4,95",completado,
order-0232954,cust-015602,2025-10-03,online,desktop,0.0,"0,00",completado,
order-0303681,cust-057352,23/11/2024,online,desktop,0.1,"0,00",completado,
order-0194623,cust-013220,26/09/2025,online,mobile,0.05,"2,95",completado,
order-0125771,cust-020631,2026-06-07,store,n/a,0.15,"0,00",devuelto_parcial,store-38
order-0281414,cust-058704,03/02/2026,store,n/a,0.2,"0,00",completado,store-01
order-0115469,cust-020799,23 de noviembre de 2024,online,mobile,0.15,"2,95",completado,
order-0033374,cust-052147,2025-07-10,online,mobile,0.3,"0,00",completado,
order-0168541,cust-052413,2026-03-03,online,mobile,0.05,"2,95",completado,
order-0212868,cust-017234,09/08/2024,online,mobile,0.1,"2,95",completado,
order-0359256,cust-052333,12 de marzo de 2024,online,mobile,0.1,"4,95",completado,
order-0292027,cust-045061,2026-03-23,online,mobile,0.0,"2,95",completado,
order-0042166,cust-015745,11 de noviembre de 2025,online,mobile,0.15,"0,00",completado,
order-0375725,cust-049447,2025-02-12,online,mobile,0.3,"2,95",completado,
order-0197903,cust-011612,27 de marzo de 2024,online,mobile,0.0,"0,00",completado,
order-0043925,cust-041036,9 de septiembre de 2025,online,mobile,0.1,"0,00",completado,
order-0308589,cust-004092,2025-11-15,online,mobile,0.2,"0,00",completado,
order-0319206,cust-018525,2025-02-03,online,mobile,0.3,"4,95",completado,
order-0377089,cust-016215,2026-02-13,online,mobile,0.3,"0,00",completado,
order-0243557,cust-024193,08/04/2026,online,desktop,0.0,"2,95",completado,
order-0222199,cust-059254,21/05/2026,online,mobile,0.0,"0,00",completado,
order-0167641,cust-041493,1 de mayo de 2024,online,tablet,0.1,"0,00",completado,
order-0360940,cust-012210,26 de septiembre de 2025,online,mobile,0.1,"2,95",completado,
order-0151481,cust-023748,17 de febrero de 2026,online,desktop,0.1,"4,95",completado,
order-0329823,cust-054150,20 de agosto de 2025,online,mobile,0.1,"2,95",completado,
order-0208138,cust-004504,15/05/2026,online,mobile,0.15,"2,95",completado,
order-0268329,cust-035985,20 de marzo de 2025,online,mobile,0.05,"2,95",completado,
order-0198624,cust-raw-fake-003,04/11/2024,online,desktop,0.05,"2,95",completado,
order-0316433,cust-034755,2025-10-12,online,desktop,0.05,"2,95",completado,
order-0112296,cust-029909,2024-03-06,online,desktop,0.15,"0,00",completado,
order-0274391,cust-014834,2026-03-17,online,mobile,0.0,"0,00",completado,
order-0145903,cust-032673,2023-04-24,online,mobile,0.0,"0,00",completado,
order-0322455,cust-046159,9 de marzo de 2026,online,desktop,0.1,"4,95",completado,
order-0009937,cust-033212,14 de enero de 2026,store,n/a,0.3,"0,00",completado,store-34
order-0116440,cust-040913,16 de septiembre de 2025,online,mobile,0.15,"0,00",completado,
order-0278747,cust-059170,2026-05-27,online,mobile,0.1,"2,95",completado,
order-0156184,cust-028342,20 de mayo de 2024,store,n/a,0.0,"0,00",completado,store-36
order-0218788,cust-010123,2024-01-20,online,mobile,0.3,"2,95",completado,
order-0287641,cust-054624,12/03/2024,online,desktop,0.0,"0,00",completado,
order-0246941,cust-034194,25 de octubre de 2025,online,tablet,0.05,"2,95",completado,
order-0394835,cust-004053,2025-10-07,online,mobile,0.2,"0,00",completado,
order-0189252,cust-028095,12/04/2026,online,desktop,0.05,"4,95",completado,
order-0196850,cust-009718,7 de octubre de 2025,online,tablet,0.05,"2,95",completado,
order-0003938,cust-027009,29/06/2026,online,mobile,0.0,"4,95",completado,
order-0203051,cust-004712,2024-12-25,online,desktop,0.0,"4,95",completado,
order-0213121,cust-036274,2023-08-10,online,mobile,0.1,"4,95",completado,
order-0169171,cust-055859,22/05/2026,online,mobile,0.1,"2,95",completado,
order-0138037,cust-027483,2024-06-15,online,tablet,0.0,"2,95",completado,
order-0242283,cust-056615,2024-08-11,online,mobile,0.2,"4,95",completado,
order-0023856,cust-052384,27/02/2026,online,mobile,0.3,"0,00",completado,
order-0278426,cust-050297,2025-12-18,store,n/a,0.2,"0,00",completado,store-06
order-0227745,cust-004505,10 de febrero de 2026,online,desktop,0.2,"4,95",completado,
order-0149928,cust-025174,27 de mayo de 2026,online,desktop,0.0,"2,95",completado,
order-0226719,cust-051322,17 de octubre de 2025,online,mobile,0.15,"2,95",completado,
order-0183707,cust-001859,27/05/2026,online,desktop,0.0,"0,00",completado,
order-0245710,cust-006562,3 de abril de 2026,online,mobile,0.0,"2,95",completado,
order-0108060,cust-001497,25 de junio de 2026,online,mobile,0.0,"0,00",completado,
order-0387337,cust-008662,25 de septiembre de 2025,online,mobile,0.0,"4,95",completado,
order-0369654,cust-029656,2023-04-07,online,mobile,0.0,"2,95",completado,
order-0288659,cust-059870,29 de mayo de 2026,online,desktop,0.0,"2,95",completado,
order-0277936,cust-001607,06/09/2024,online,desktop,0.0,"4,95",completado,
order-0145195,cust-036985,24 de noviembre de 2024,online,mobile,0.3,"4,95",completado,
order-0307322,cust-042369,2025-04-05,online,desktop,0.0,"0,00",completado,
order-0270089,cust-039464,28 de enero de 2026,online,mobile,0.3,"0,00",completado,
order-0046361,cust-001310,2024-07-08,online,desktop,0.15,"0,00",completado,
order-0128463,cust-049073,2026-05-12,online,mobile,0.05,"0,00",completado,
order-0113930,cust-032318,23/04/2026,online,mobile,0.05,"2,95",completado,
order-0050005,cust-056530,20/09/2024,online,mobile,0.1,"0,00",completado,
order-0039317,cust-raw-fake-012,14/02/2026,online,mobile,0.1,"0,00",cancelado,
order-0291965,cust-045321,2026-03-26,online,mobile,0.0,"2,95",completado,
order-0283567,cust-049136,2026-02-08,online,mobile,0.2,"0,00",completado,
order-0314389,cust-010799,05/05/2026,store,n/a,0.0,"0,00",completado,store-25
order-0210480,cust-034305,21/04/2025,online,mobile,0.15,"4,95",completado,
order-0141939,cust-042353,20/06/2024,online,mobile,0.0,"0,00",devuelto_parcial,
order-0141323,cust-002726,07/06/2024,online,desktop,0.15,"0,00",completado,
order-0006630,cust-007103,16/06/2026,online,desktop,0.0,"2,95",completado,
order-0286056,cust-055661,2026-01-28,online,desktop,0.2,"0,00",completado,
order-0224277,cust-048796,2024-08-27,online,mobile,0.1,"0,00",completado,
order-0360118,cust-047844,19/09/2025,online,mobile,0.15,"0,00",completado,
order-0102726,cust-030935,27/06/2023,online,desktop,0.0,"4,95",completado,
order-0198861,cust-055280,23/02/2026,online,mobile,0.1,"0,00",completado,
order-0064608,cust-000000,2024-08-28,online,desktop,0.3,"4,95",completado,
order-0345411,cust-010031,3 de julio de 2024,online,mobile,0.3,"4,95",completado,
order-0261141,cust-049665,3 de junio de 2026,online,mobile,0.1,"0,00",completado,
order-0324940,cust-012272,25/10/2023,online,mobile,0.1,"4,95",devuelto_parcial,
order-0116128,cust-029337,21/04/2026,store,n/a,0.2,"0,00",completado,store-37
order-0199554,cust-057514,01/06/2026,online,desktop,0.0,"4,95",completado,
order-0083300,cust-049494,1 de julio de 2025,online,mobile,0.2,"4,95",completado,
order-0099461,cust-037904,18 de mayo de 2026,online,mobile,0.05,"4,95",completado,
order-0317663,cust-041670,16/10/2025,online,mobile,0.1,"2,95",completado,
order-0287789,cust-042041,21/02/2025,online,mobile,0.2,"4,95",completado,
order-0026818,cust-036548,8 de enero de 2026,online,mobile,0.2,"0,00",completado,
order-0225691,cust-054192,28/08/2024,online,desktop,0.3,"2,95",completado,
order-0288038,cust-004762,18/03/2024,online,mobile,0.2,"0,00",completado,
order-0070268,cust-022851,22/11/2025,online,mobile,0.15,"4,95",devuelto_parcial,
order-0321808,cust-047530,2025-09-16,online,desktop,0.15,"4,95",cancelado,
order-0027547,cust-raw-fake-000,2026-06-11,online,mobile,0.05,"2,95",devuelto_parcial,
order-0151777,cust-004004,2026-02-13,online,desktop,0.1,"0,00",completado,
order-0222250,cust-037514,2025-02-05,online,mobile,0.3,"4,95",completado,
order-0277775,cust-056383,2026-02-18,online,mobile,0.3,"0,00",completado,
order-0397655,cust-040115,13/03/2025,online,mobile,0.2,"4,95",completado,
order-0154839,cust-016365,2026-03-28,online,desktop,0.0,"4,95",cancelado,
order-0203130,cust-019092,16 de abril de 2025,online,desktop,0.05,"2,95",completado,
order-0132045,cust-058377,31/01/2026,online,tablet,0.2,"0,00",completado,
order-0225803,cust-026567,31/05/2025,online,tablet,0.1,"4,95",completado,
order-0378827,cust-011836,13 de marzo de 2025,online,mobile,0.0,"4,95",completado,
order-0164067,cust-053462,2026-06-25,online,desktop,0.0,"0,00",completado,
order-0067644,cust-003571,11 de abril de 2026,online,mobile,0.0,"2,95",devuelto_parcial,
order-0053939,cust-019060,2025-12-23,online,mobile,0.2,"0,00",completado,
order-0109556,cust-014359,24/10/2023,online,desktop,0.1,"4,95",completado,
order-0191183,cust-026323,15 de junio de 2023,store,n/a,0.0,"0,00",devuelto_parcial,store-11
order-0014503,cust-046523,2026-06-30,online,desktop,0.15,"4,95",devuelto_parcial,
order-0107344,cust-037649,27/10/2025,online,desktop,0.0,"0,00",completado,
order-0242556,cust-024016,23 de abril de 2026,online,mobile,0.0,"4,95",completado,
order-0244689,cust-038880,2025-11-21,online,desktop,0.1,"0,00",completado,
order-0034258,cust-008362,4 de enero de 2025,online,mobile,0.0,"0,00",completado,
order-0249866,cust-005383,09/06/2025,online,desktop,0.0,"4,95",completado,
order-0039285,cust-040764,15 de mayo de 2024,online,mobile,0.1,"4,95",cancelado,
order-0007892,cust-038390,15/10/2025,online,desktop,0.0,"4,95",completado,
order-0152234,cust-039285,2024-04-01,online,mobile,0.0,"0,00",completado,
order-0022742,cust-raw-fake-001,2023-11-05,online,mobile,0.05,"0,00",completado,
order-0242342,cust-005831,13 de agosto de 2025,store,n/a,0.2,"0,00",completado,store-09
order-0346957,cust-000339,2026-01-12,online,desktop,0.2,"2,95",completado,
order-0312752,cust-053037,23/12/2024,online,desktop,0.2,"0,00",completado,
order-0224788,cust-015573,2023-06-24,online,desktop,0.15,"2,95",completado,
order-0020110,cust-029793,26/05/2026,online,desktop,0.0,"2,95",completado,
order-0088824,cust-057024,2025-06-30,online,mobile,0.1,"0,00",completado,
order-0103672,cust-007120,03/12/2025,online,mobile,0.2,"0,00",completado,
order-0114243,cust-040036,06/11/2025,online,tablet,0.0,"4,95",completado,
order-0083499,cust-005538,12 de mayo de 2025,online,mobile,0.15,"4,95",completado,
order-0108783,cust-033213,22/04/2026,online,mobile,0.05,"4,95",completado,
order-0282445,cust-028996,2026-02-05,online,mobile,0.2,"2,95",completado,
order-0376744,cust-022575,10 de febrero de 2026,online,desktop,0.2,"0,00",completado,
order-0076227,cust-042621,2025-06-25,online,mobile,0.0,"0,00",completado,
order-0132460,cust-043837,25 de junio de 2026,online,desktop,0.0,"2,95",completado,
order-0024248,cust-047570,2026-03-07,online,mobile,0.0,"0,00",completado,
order-0127097,cust-031296,2026-05-30,online,mobile,0.0,"0,00",completado,
order-0020992,cust-049709,2025-05-18,online,mobile,0.0,"2,95",completado,
order-0092416,cust-012956,2026-05-07,online,desktop,0.0,"0,00",completado,
order-0308411,cust-057104,2025-09-11,online,mobile,0.1,"4,95",completado,
order-0392150,cust-019760,31 de marzo de 2025,online,mobile,0.15,"0,00",completado,
order-0051528,cust-028130,18 de enero de 2026,online,desktop,0.1,"0,00",cancelado,
order-0151836,cust-041645,23 de noviembre de 2024,online,mobile,0.1,"0,00",completado,
order-0071169,cust-031728,2024-04-12,online,mobile,0.1,"0,00",completado,
order-0011044,cust-013977,13 de marzo de 2024,online,mobile,0.05,"2,95",completado,
order-0100909,cust-015280,29 de marzo de 2025,online,mobile,0.0,"0,00",completado,
order-0226526,cust-000342,12/12/2025,store,n/a,0.15,"0,00",completado,store-30
order-0356234,cust-032559,07/12/2024,online,desktop,0.0,"4,95",completado,
order-0286008,cust-048359,21 de diciembre de 2025,online,tablet,0.3,"2,95",completado,
order-0201471,cust-002887,26/10/2024,online,desktop,0.1,"2,95",cancelado,
order-0224973,cust-025023,07/09/2023,online,desktop,0.0,"2,95",completado,
order-0336384,cust-024586,28/12/2024,online,tablet,0.05,"0,00",completado,
order-0328847,cust-039105,2025-04-18,online,desktop,0.1,"2,95",completado,
order-0096975,cust-032770,2026-01-08,online,mobile,0.3,"0,00",completado,
order-0114693,cust-030227,13 de noviembre de 2025,online,mobile,0.0,"2,95",completado,
order-0027241,cust-012664,2025-10-05,online,mobile,0.05,"2,95",completado,
order-0244089,cust-034142,18 de febrero de 2025,online,tablet,0.15,"0,00",completado,
order-0222010,cust-053419,07/03/2025,online,mobile,0.0,"4,95",completado,
order-0150570,cust-015931,25 de julio de 2025,online,mobile,0.2,"4,95",devuelto_parcial,
order-0342461,cust-009138,12 de agosto de 2025,online,desktop,0.3,"4,95",completado,
order-0083164,cust-034059,02/03/2026,online,mobile,0.0,"4,95",completado,
order-0299244,cust-021163,2026-05-14,online,mobile,0.05,"4,95",completado,
order-0094821,cust-001809,2025-07-06,store,n/a,0.15,"0,00",completado,store-38
order-0007658,cust-009646,2024-12-21,online,mobile,0.15,"2,95",completado,
order-0280521,cust-057543,2026-02-06,online,desktop,0.3,"2,95",cancelado,
order-0073794,cust-000323,2025-09-27,online,mobile,0.05,"4,95",completado,
order-0276068,cust-009044,09/11/2025,online,mobile,0.0,"2,95",completado,
order-0091412,cust-000358,21 de diciembre de 2025,online,desktop,0.1,"4,95",completado,
order-0390833,cust-030650,2025-12-03,online,mobile,0.0,"0,00",completado,
order-0339728,cust-006298,14/06/2025,online,desktop,0.05,"2,95",completado,
order-0307793,cust-012703,02/01/2026,online,mobile,0.0,"2,95",completado,
order-0165971,cust-040060,24/04/2026,online,mobile,0.0,"4,95",completado,
order-0309125,cust-048393,2026-04-16,online,mobile,0.15,"2,95",completado,
order-0157165,cust-000965,2026-01-19,online,desktop,0.3,"0,00",completado,
order-0249145,cust-029336,2026-04-02,online,desktop,0.0,"4,95",completado,
order-0397864,cust-015335,2024-01-08,online,mobile,0.3,"4,95",completado,
order-0256323,cust-011999,2026-02-10,online,mobile,0.2,"4,95",completado,
order-0390474,cust-020800,28/05/2026,store,n/a,0.05,"0,00",completado,store-00
order-0120569,cust-018224,17 de febrero de 2026,online,tablet,0.3,"2,95",completado,
order-0236570,cust-003243,2025-10-19,online,mobile,0.2,"2,95",completado,
order-0007870,cust-036451,21/06/2026,online,mobile,0.0,"0,00",completado,
order-0278024,cust-036306,21 de febrero de 2024,online,desktop,0.2,"2,95",completado,
order-0229699,cust-037604,03/05/2026,online,desktop,0.0,"0,00",cancelado,
order-0159304,cust-007608,13 de marzo de 2026,online,mobile,0.0,"2,95",completado,
order-0164380,cust-037053,26 de septiembre de 2025,online,desktop,0.05,"0,00",completado,
order-0063801,cust-029814,09/05/2026,online,mobile,0.1,"2,95",completado,
order-0002387,cust-014870,9 de abril de 2025,online,desktop,0.1,"0,00",completado,
order-0336102,cust-051991,27 de noviembre de 2024,online,mobile,0.2,"0,00",completado,
order-0088855,cust-037143,12 de enero de 2025,online,mobile,0.1,"0,00",completado,
order-0319179,cust-046319,29 de enero de 2026,online,mobile,0.1,"0,00",completado,
order-0039840,cust-045195,06/09/2025,online,mobile,0.0,"4,95",completado,
order-0221397,cust-029160,18 de septiembre de 2025,online,mobile,0.0,"2,95",completado,
order-0074418,cust-022837,7 de febrero de 2026,online,desktop,0.3,"4,95",completado,
order-0233100,cust-021802,05/02/2024,online,mobile,0.3,"4,95",devuelto_parcial,
order-0371306,cust-054271,18 de noviembre de 2024,online,desktop,0.05,"4,95",completado,
order-0049882,cust-008496,2024-03-01,online,desktop,0.0,"4,95",completado,
order-0226146,cust-050841,2026-06-30,online,mobile,0.0,"4,95",completado,
order-0031729,cust-055892,29 de mayo de 2026,online,mobile,0.0,"4,95",completado,
order-0306609,cust-014721,3 de octubre de 2024,online,mobile,0.1,"2,95",completado,
order-0077793,cust-017416,8 de mayo de 2026,online,desktop,0.05,"0,00",completado,
order-0307348,cust-046733,2026-02-27,online,mobile,0.3,"4,95",completado,
order-0164313,cust-056111,28 de junio de 2024,online,mobile,0.1,"2,95",completado,
order-0327017,cust-041463,12/05/2026,online,desktop,0.05,"2,95",completado,
order-0230666,cust-raw-fake-016,9 de mayo de 2024,online,mobile,0.0,"0,00",completado,
order-0396055,cust-028382,8 de agosto de 2024,online,desktop,0.1,"0,00",completado,
order-0055309,cust-005298,16 de abril de 2026,online,mobile,0.0,"0,00",completado,
order-0294078,cust-042403,20 de marzo de 2026,online,mobile,0.2,"4,95",completado,
order-0031947,cust-027339,2024-07-15,online,desktop,0.2,"2,95",completado,
order-0307207,cust-025336,30 de marzo de 2026,online,mobile,0.1,"4,95",completado,
order-0118296,cust-031657,01/02/2024,online,mobile,0.3,"4,95",completado,
order-0008628,cust-013237,12 de marzo de 2026,store,n/a,0.0,"0,00",completado,store-33
order-0264892,cust-046725,2026-04-15,online,desktop,0.05,"0,00",completado,
order-0373415,cust-052539,4 de junio de 2025,online,desktop,0.0,"2,95",completado,
order-0165138,cust-057965,31/08/2025,online,desktop,0.3,"2,95",completado,
order-0068551,cust-050119,10/01/2025,online,tablet,0.1,"0,00",completado,
order-0075321,cust-040092,4 de marzo de 2026,online,desktop,0.0,"4,95",completado,
order-0186118,cust-043049,4 de julio de 2025,online,mobile,0.2,"4,95",completado,
order-0044664,cust-057777,10/09/2023,online,mobile,0.05,"0,00",completado,
order-0359235,cust-005627,2026-01-13,online,mobile,0.3,"4,95",devuelto_parcial,
order-0209296,cust-003714,2026-02-26,online,mobile,0.3,"2,95",completado,
order-0186670,cust-030756,17/01/2026,online,desktop,0.2,"2,95",completado,
order-0176368,cust-000048,2024-10-06,online,mobile,0.1,"0,00",completado,
order-0314658,cust-003304,17 de marzo de 2026,online,mobile,0.0,"0,00",completado,
order-0390421,cust-023437,2026-02-13,online,mobile,0.2,"0,00",completado,
order-0333157,cust-044706,05/05/2024,online,mobile,0.0,"2,95",completado,
order-0116915,cust-045251,2026-03-18,online,mobile,0.1,"2,95",completado,
order-0185379,cust-055107,13 de agosto de 2023,online,mobile,0.15,"4,95",completado,
order-0349118,cust-038904,24/06/2026,online,mobile,0.05,"0,00",completado,
order-0146798,cust-047255,21 de enero de 2025,online,mobile,0.3,"2,95",completado,
order-0318302,cust-054124,2024-07-17,online,desktop,0.1,"4,95",completado,
order-0146658,cust-008441,23/12/2025,online,desktop,0.1,"0,00",completado,
order-0330784,cust-022642,30/11/2024,online,mobile,0.05,"0,00",completado,
order-0196792,cust-052168,2024-08-10,online,mobile,0.3,"2,95",completado,
order-0323817,cust-018223,28/11/2025,online,desktop,0.3,"2,95",completado,
order-0062247,cust-025195,2025-12-06,online,desktop,0.0,"4,95",completado,
order-0117232,cust-020120,21/01/2025,online,mobile,0.3,"4,95",completado,
order-0181289,cust-052179,2024-11-09,online,tablet,0.0,"0,00",completado,
order-0110549,cust-008069,2026-04-30,online,mobile,0.0,"2,95",completado,
order-0237188,cust-042256,09/12/2025,online,mobile,0.15,"0,00",completado,
order-0180755,cust-053951,2025-11-19,online,desktop,0.0,"2,95",completado,
order-0125050,cust-014009,2026-02-12,online,mobile,0.2,"4,95",devuelto_parcial,
order-0115209,cust-056698,21 de octubre de 2024,online,mobile,0.1,"0,00",completado,
order-0070509,cust-057462,23 de abril de 2024,store,n/a,0.1,"0,00",completado,store-32
order-0197132,cust-016365,20 de febrero de 2025,online,mobile,0.2,"0,00",completado,
order-0291201,cust-005036,10 de febrero de 2026,online,mobile,0.3,"4,95",devuelto_parcial,
order-0368827,cust-012792,25/09/2025,online,desktop,0.05,"2,95",completado,
order-0324251,cust-039438,25 de diciembre de 2025,online,mobile,0.15,"0,00",completado,
order-0148983,cust-047489,30/06/2026,online,desktop,0.0,"2,95",completado,
order-0129959,cust-020784,20 de julio de 2024,online,mobile,0.3,"4,95",completado,
order-0105814,cust-033295,02/04/2026,online,mobile,0.0,"4,95",completado,
order-0301072,cust-056177,21/10/2025,online,desktop,0.15,"2,95",completado,
order-0064848,cust-043902,11 de abril de 2026,online,mobile,0.15,"2,95",completado,
order-0228005,cust-005043,2026-06-20,online,tablet,0.0,"0,00",completado,
order-0151826,cust-041227,11 de febrero de 2024,online,desktop,0.2,"0,00",completado,
order-0153611,cust-040116,2024-06-14,online,desktop,0.0,"4,95",devuelto_parcial,
order-0286763,cust-019783,9 de marzo de 2026,online,mobile,0.05,"0,00",completado,
order-0014089,cust-057940,20/04/2025,online,mobile,0.1,"2,95",completado,
order-0275426,cust-000812,14/06/2024,store,n/a,0.05,"0,00",completado,store-16
order-0026349,cust-013928,2025-11-10,online,mobile,0.0,"0,00",completado,
order-0342835,cust-raw-fake-002,19/07/2025,store,n/a,0.3,"0,00",completado,store-16
order-0156640,cust-007284,13/07/2024,online,mobile,0.3,"2,95",completado,
order-0332893,cust-003554,2023-07-30,online,desktop,0.3,"0,00",completado,
order-0323629,cust-014114,1 de junio de 2026,online,tablet,0.0,"2,95",devuelto_parcial,
order-0306775,cust-030071,2026-05-20,online,desktop,0.0,"0,00",completado,
order-0044397,cust-057659,2025-11-23,online,mobile,0.1,"4,95",completado,
order-0340541,cust-007150,2026-01-03,online,mobile,0.15,"2,95",completado,
order-0269467,cust-042086,2025-06-17,online,tablet,0.0,"0,00",completado,
order-0269552,cust-050578,2024-04-11,online,desktop,0.0,"4,95",completado,
order-0239477,cust-059352,2025-08-28,online,tablet,0.1,"4,95",completado,
order-0215160,cust-003763,2026-03-08,online,mobile,0.05,"4,95",completado,
order-0084856,cust-057865,13 de enero de 2024,online,mobile,0.2,"2,95",completado,
order-0134778,cust-000005,07/04/2026,online,mobile,0.0,"0,00",completado,
order-0022144,cust-031914,18/01/2025,online,mobile,0.2,"0,00",completado,
order-0283936,cust-023116,16/12/2025,online,mobile,0.2,"0,00",completado,
order-0216181,cust-040087,2026-04-05,store,n/a,0.0,"0,00",completado,store-10
order-0042988,cust-051964,2024-04-25,online,mobile,0.05,"4,95",completado,
order-0302912,cust-000811,2026-02-17,online,mobile,0.1,"2,95",devuelto_parcial,
order-0318604,cust-048975,09/07/2025,online,desktop,0.2,"4,95",completado,
order-0286805,cust-002621,2025-05-24,online,desktop,0.15,"4,95",completado,
order-0357291,cust-028530,2025-08-23,online,mobile,0.1,"2,95",completado,
order-0365965,cust-001554,2026-06-10,online,mobile,0.2,"0,00",completado,
order-0199832,cust-009138,28/08/2025,online,mobile,0.15,"0,00",completado,
order-0376400,cust-039934,6 de febrero de 2025,online,desktop,0.3,"4,95",completado,
order-0217149,cust-018601,05/01/2026,online,desktop,0.1,"2,95",completado,
order-0199599,cust-042713,21/05/2024,online,mobile,0.15,"0,00",completado,
order-0201977,cust-016578,25 de junio de 2025,store,n/a,0.05,"0,00",completado,store-14
order-0137337,cust-043396,8 de mayo de 2026,online,mobile,0.15,"0,00",completado,
order-0277015,cust-053624,2026-06-06,online,tablet,0.1,"4,95",completado,
order-0368501,cust-053161,21/07/2024,online,desktop,0.15,"4,95",cancelado,
order-0107291,cust-029497,9 de abril de 2026,online,desktop,0.15,"2,95",completado,
order-0110959,cust-058590,2024-07-17,online,desktop,0.1,"4,95",completado,
order-0046727,cust-019004,09/11/2025,online,mobile,0.0,"0,00",completado,
order-0246886,cust-011765,2026-06-14,online,mobile,0.0,"4,95",completado,
order-0354167,cust-044268,1 de enero de 2026,online,tablet,0.0,"0,00",completado,
order-0302056,cust-030451,2025-08-05,online,mobile,0.3,"0,00",completado,
order-0207271,cust-047217,06/03/2025,online,mobile,0.05,"4,95",completado,
order-0041688,cust-012218,08/07/2025,online,desktop,0.2,"0,00",completado,
order-0104284,cust-003096,13 de agosto de 2025,online,desktop,0.2,"2,95",completado,
order-0094127,cust-022040,2026-05-10,online,tablet,0.1,"0,00",completado,
order-0096991,cust-012647,2026-06-22,online,desktop,0.05,"0,00",completado,
order-0349309,cust-054739,2026-02-20,online,mobile,0.1,"0,00",completado,
order-0343944,cust-054629,19 de abril de 2026,online,mobile,0.1,"0,00",completado,
order-0249559,cust-004805,18 de diciembre de 2025,online,tablet,0.1,"0,00",completado,
order-0132979,cust-034354,2026-06-16,online,tablet,0.0,"2,95",completado,
order-0136096,cust-000622,2025-04-07,online,mobile,0.05,"2,95",completado,
order-0200243,cust-005022,17/05/2026,online,desktop,0.2,"2,95",completado,
order-0201279,cust-059582,28 de julio de 2024,online,desktop,0.2,"4,95",completado,
order-0351907,cust-031348,28 de junio de 2026,online,mobile,0.0,"4,95",completado,
order-0341477,cust-050979,18/05/2026,online,desktop,0.0,"2,95",completado,
order-0274433,cust-034334,2 de marzo de 2026,online,mobile,0.2,"4,95",completado,
order-0130101,cust-045216,18/06/2025,store,n/a,0.1,"0,00",completado,store-28
order-0341777,cust-047643,27/03/2026,online,desktop,0.0,"2,95",completado,
order-0044498,cust-051164,01/06/2023,online,desktop,0.0,"2,95",completado,
order-0032217,cust-028199,2025-02-02,online,mobile,0.1,"2,95",cancelado,
order-0134331,cust-005929,2025-06-15,store,n/a,0.2,"0,00",completado,store-03
order-0230073,cust-009395,2026-06-02,online,mobile,0.1,"2,95",completado,
order-0361876,cust-049058,16 de mayo de 2026,online,mobile,0.05,"2,95",completado,
order-0262410,cust-038186,20/02/2026,online,mobile,0.2,"0,00",completado,
order-0178292,cust-017166,24/05/2026,online,mobile,0.0,"4,95",completado,
order-0101924,cust-033314,2025-08-12,online,mobile,0.3,"2,95",completado,
order-0289831,cust-000459,14/10/2023,online,desktop,0.0,"2,95",completado,
order-0149228,cust-039495,19/04/2025,online,mobile,0.1,"0,00",completado,
order-0012254,cust-037328,13/01/2026,online,mobile,0.2,"2,95",completado,
order-0059654,cust-055463,11 de enero de 2026,online,mobile,0.1,"0,00",cancelado,
order-0066417,cust-031502,27 de marzo de 2025,store,n/a,0.05,"0,00",completado,store-37
order-0292722,cust-011339,22/01/2026,online,mobile,0.3,"2,95",completado,
order-0319434,cust-049846,17 de abril de 2024,store,n/a,0.0,"0,00",completado,store-10
order-0078168,cust-042550,2026-05-31,online,mobile,0.15,"2,95",completado,
order-0229159,cust-057118,13 de febrero de 2025,online,mobile,0.1,"2,95",completado,
order-0146542,cust-025892,2026-05-13,online,mobile,0.15,"2,95",completado,
order-0260609,cust-013998,15 de junio de 2025,online,mobile,0.0,"2,95",completado,
order-0066410,cust-014424,31/08/2024,online,mobile,0.1,"2,95",completado,
order-0341272,cust-010190,2026-02-14,online,desktop,0.3,"4,95",completado,
order-0235531,cust-041078,2024-07-01,online,mobile,0.2,"2,95",completado,
order-0245370,cust-033368,20/01/2024,online,mobile,0.2,"2,95",completado,
order-0088393,cust-035211,18/07/2025,online,desktop,0.2,"0,00",completado,
order-0126766,cust-027745,2025-05-06,online,mobile,0.0,"4,95",completado,
order-0242821,cust-039285,7 de junio de 2026,online,desktop,0.0,"2,95",completado,
order-0317733,cust-028789,2025-10-20,online,desktop,0.0,"4,95",completado,
order-0133604,cust-018241,14/10/2024,online,mobile,0.05,"2,95",completado,
order-0378656,cust-018811,2024-06-24,online,mobile,0.0,"4,95",completado,
order-0030063,cust-019695,15 de octubre de 2025,online,mobile,0.05,"2,95",completado,
order-0202946,cust-005189,28/02/2023,online,desktop,0.3,"0,00",completado,
order-0344852,cust-047803,15 de abril de 2026,online,desktop,0.15,"2,95",completado,
order-0238557,cust-033795,2025-11-08,online,tablet,0.0,"4,95",completado,
order-0138699,cust-031993,2025-11-13,online,mobile,0.05,"2,95",completado,
order-0213998,cust-035996,17 de diciembre de 2025,online,mobile,0.3,"0,00",completado,
order-0186543,cust-022580,2025-12-07,online,desktop,0.0,"4,95",completado,
order-0099583,cust-053886,2025-02-27,online,desktop,0.2,"2,95",completado,
order-0320227,cust-001493,2024-10-10,online,tablet,0.05,"0,00",completado,
order-0253683,cust-040994,26 de junio de 2026,online,mobile,0.0,"2,95",completado,
order-0179025,cust-011961,22/01/2024,online,mobile,0.2,"2,95",completado,
order-0169510,cust-042823,06/12/2023,online,mobile,0.05,"4,95",completado,
order-0382970,cust-029410,26/03/2026,online,tablet,0.1,"2,95",completado,
order-0279415,cust-055578,26 de septiembre de 2025,online,mobile,0.2,"2,95",completado,
order-0397811,cust-028385,13/09/2025,online,desktop,0.0,"2,95",completado,
order-0000154,cust-019453,2024-09-14,online,tablet,0.1,"4,95",completado,
order-0364988,cust-048690,29/05/2026,online,tablet,0.15,"0,00",completado,
order-0129095,cust-001621,10 de junio de 2025,store,n/a,0.05,"0,00",completado,store-10
order-0181795,cust-050875,08/03/2025,online,desktop,0.1,"4,95",completado,
order-0041281,cust-017503,2 de julio de 2025,online,desktop,0.1,"4,95",completado,
order-0314980,cust-019222,2026-06-19,online,desktop,0.0,"0,00",completado,
order-0277736,cust-042644,2026-03-23,online,desktop,0.0,"2,95",completado,
order-0298216,cust-015021,2025-05-28,online,mobile,0.0,"0,00",completado,
order-0071577,cust-053537,2025-08-16,online,mobile,0.2,"0,00",completado,
order-0070827,cust-029263,2024-01-25,store,n/a,0.2,"0,00",completado,store-33
order-0052209,cust-024291,21 de octubre de 2023,online,desktop,0.1,"0,00",completado,
order-0083253,cust-056402,3 de febrero de 2025,online,desktop,0.3,"2,95",completado,
order-0170266,cust-031437,24/06/2025,online,mobile,0.0,"2,95",completado,
order-0276483,cust-019034,28/02/2025,online,desktop,0.2,"0,00",completado,
order-0081004,cust-019307,2025-01-13,online,desktop,0.2,"4,95",completado,
order-0010874,cust-006067,05/02/2026,online,mobile,0.3,"0,00",completado,
order-0021826,cust-057453,23 de mayo de 2025,online,desktop,0.0,"2,95",completado,
order-0394905,cust-056619,04/03/2026,online,desktop,0.1,"0,00",completado,
order-0022959,cust-011281,18 de febrero de 2026,online,desktop,0.3,"2,95",completado,
order-0140477,cust-046437,02/03/2025,store,n/a,0.1,"0,00",completado,store-35
order-0330601,cust-014470,03/07/2024,online,desktop,0.3,"4,95",completado,
order-0304994,cust-041855,26/03/2026,store,n/a,0.0,"0,00",completado,store-00
order-0009061,cust-037865,18/10/2025,online,mobile,0.0,"2,95",completado,
order-0380635,cust-047707,18 de diciembre de 2025,online,desktop,0.1,"4,95",completado,
order-0225553,cust-009752,17 de enero de 2025,store,n/a,0.3,"0,00",completado,store-37
order-0070494,cust-004104,2026-06-24,online,mobile,0.0,"4,95",completado,
order-0002590,cust-002352,21/11/2025,online,desktop,0.0,"2,95",completado,
order-0336847,cust-055196,2024-05-16,online,mobile,0.05,"0,00",completado,
order-0375822,cust-026323,2024-07-26,online,mobile,0.3,"2,95",completado,
order-0103253,cust-010717,6 de agosto de 2025,store,n/a,0.2,"0,00",completado,store-30
order-0322953,cust-024046,11 de septiembre de 2024,online,desktop,0.1,"0,00",completado,
order-0247501,cust-004581,19 de febrero de 2026,online,mobile,0.3,"4,95",completado,
order-0222468,cust-041243,05/05/2026,online,mobile,0.2,"4,95",completado,
order-0260785,cust-007812,2026-02-19,online,desktop,0.2,"2,95",completado,
order-0281737,cust-018340,14/02/2026,online,mobile,0.2,"4,95",completado,
order-0149690,cust-007195,24 de marzo de 2024,online,mobile,0.0,"4,95",completado,
order-0292336,cust-006794,19 de abril de 2025,online,desktop,0.0,"2,95",completado,
order-0372478,cust-028673,2025-08-05,online,desktop,0.2,"4,95",completado,
order-0373128,cust-054237,2026-06-12,online,tablet,0.0,"4,95",devuelto_parcial,
order-0209085,cust-025386,01/03/2026,online,desktop,0.05,"0,00",completado,
order-0184264,cust-059486,31/08/2024,online,mobile,0.2,"4,95",completado,
order-0031345,cust-015412,04/01/2026,online,mobile,0.0,"2,95",completado,
order-0094958,cust-046027,2025-04-12,online,mobile,0.15,"0,00",completado,
order-0305847,cust-039103,2024-03-16,online,mobile,0.0,"4,95",completado,
order-0307984,cust-023607,18 de octubre de 2025,online,mobile,0.0,"0,00",completado,
order-0076672,cust-003461,7 de enero de 2024,online,mobile,0.3,"4,95",completado,
order-0266930,cust-008834,25/06/2026,online,desktop,0.0,"2,95",completado,
order-0107242,cust-017924,2026-06-10,online,desktop,0.0,"0,00",completado,
order-0245810,cust-010017,2024-12-25,online,mobile,0.0,"2,95",completado,
order-0265089,cust-059476,10/10/2025,store,n/a,0.1,"0,00",completado,store-39
order-0142314,cust-032450,19 de marzo de 2025,online,desktop,0.0,"2,95",completado,
order-0362632,cust-039283,23/12/2024,online,mobile,0.2,"4,95",completado,
order-0285859,cust-050717,2025-02-12,online,mobile,0.15,"0,00",completado,
order-0344548,cust-026800,30 de diciembre de 2024,online,desktop,0.05,"4,95",completado,
order-0166093,cust-044321,19/05/2025,online,mobile,0.0,"4,95",completado,
order-0336892,cust-045014,2025-05-05,online,mobile,0.0,"0,00",completado,
order-0379915,cust-047833,17/12/2025,online,mobile,0.1,"4,95",cancelado,
order-0385977,cust-053049,2024-03-22,online,desktop,0.15,"0,00",completado,
order-0069934,cust-058719,30 de mayo de 2025,online,desktop,0.15,"4,95",completado,
order-0362912,cust-058491,20/05/2025,online,mobile,0.1,"0,00",completado,
order-0026059,cust-054481,02/08/2025,online,desktop,0.3,"4,95",cancelado,
order-0399549,cust-054212,21/04/2025,online,mobile,0.0,"2,95",completado,
order-0014109,cust-004699,2024-04-18,online,mobile,0.0,"0,00",completado,
order-0268447,cust-032526,3 de abril de 2026,online,mobile,0.0,"0,00",completado,
order-0224913,cust-022615,2025-09-09,online,desktop,0.0,"0,00",completado,
order-0215319,cust-031860,7 de octubre de 2025,online,mobile,0.05,"0,00",completado,
order-0198276,cust-045654,30 de mayo de 2025,online,desktop,0.05,"2,95",completado,
order-0036896,cust-008530,2026-01-02,online,mobile,0.05,"2,95",completado,
order-0280638,cust-027063,2025-05-04,online,tablet,0.0,"2,95",completado,
order-0220732,cust-017916,24/03/2026,online,mobile,0.1,"2,95",completado,
order-0204667,cust-030164,07/06/2024,online,desktop,0.0,"2,95",completado,
order-0001630,cust-003596,25/05/2026,online,mobile,0.0,"2,95",completado,
order-0038873,cust-006614,10 de enero de 2026,online,mobile,0.3,"0,00",completado,
order-0378848,cust-018836,18/12/2025,online,mobile,0.3,"4,95",devuelto_parcial,
order-0080642,cust-005234,28/02/2025,online,mobile,0.1,"2,95",cancelado,
order-0249056,cust-048850,2025-02-23,online,desktop,0.1,"2,95",completado,
order-0292341,cust-043935,23 de abril de 2026,online,mobile,0.05,"2,95",completado,
order-0157547,cust-049542,24 de agosto de 2025,online,mobile,0.1,"2,95",completado,
order-0235926,cust-024858,15 de diciembre de 2025,online,desktop,0.3,"4,95",completado,
order-0066176,cust-042921,4 de noviembre de 2024,online,desktop,0.1,"4,95",completado,
order-0056431,cust-054685,2026-05-07,online,mobile,0.05,"0,00",completado,
order-0102244,cust-raw-fake-009,26/05/2026,online,desktop,0.0,"2,95",completado,
order-0273500,cust-040120,8 de junio de 2026,online,desktop,0.15,"4,95",completado,
order-0309521,cust-005530,2025-12-13,online,mobile,0.0,"0,00",completado,
order-0288106,cust-040532,03/05/2026,online,mobile,0.05,"4,95",completado,
order-0239523,cust-018678,20 de mayo de 2025,online,desktop,0.0,"2,95",completado,
order-0126048,cust-018710,06/06/2026,online,tablet,0.0,"2,95",completado,
order-0124426,cust-058053,30/06/2026,online,desktop,0.0,"4,95",devuelto_parcial,
order-0021602,cust-045217,25 de febrero de 2026,online,mobile,0.2,"2,95",devuelto_parcial,
order-0036876,cust-037969,2025-03-01,online,mobile,0.1,"4,95",completado,
order-0165734,cust-015475,6 de agosto de 2024,online,desktop,0.2,"0,00",completado,
order-0024703,cust-055147,2025-09-18,online,tablet,0.05,"2,95",completado,
order-0381684,cust-008708,13 de julio de 2025,store,n/a,0.3,"0,00",completado,store-10
order-0174385,cust-028444,2026-04-01,online,desktop,0.0,"2,95",completado,
order-0214958,cust-025700,31/03/2025,online,mobile,0.0,"0,00",completado,
order-0324898,cust-036829,10 de mayo de 2026,online,mobile,0.15,"4,95",completado,
order-0043015,cust-059822,2025-12-19,online,desktop,0.2,"0,00",completado,
order-0115009,cust-024145,2025-01-14,online,desktop,0.2,"0,00",completado,
order-0259571,cust-014564,23/09/2025,online,desktop,0.0,"0,00",completado,
order-0172750,cust-009972,1 de septiembre de 2025,online,mobile,0.0,"4,95",completado,
order-0002032,cust-006812,18 de junio de 2026,online,desktop,0.15,"4,95",completado,
order-0242570,cust-059373,22/04/2025,online,mobile,0.0,"4,95",completado,
order-0221257,cust-016314,15 de junio de 2026,online,mobile,0.0,"2,95",completado,
order-0175549,cust-006229,9 de abril de 2024,online,mobile,0.1,"2,95",completado,
order-0058828,cust-018887,4 de junio de 2026,online,desktop,0.0,"4,95",completado,
order-0223003,cust-018418,2025-05-26,online,tablet,0.05,"2,95",completado,
order-0360727,cust-059299,2025-04-19,online,mobile,0.0,"0,00",completado,
order-0131568,cust-006661,2026-01-29,online,desktop,0.1,"2,95",completado,
order-0331906,cust-053073,24/12/2024,online,mobile,0.3,"2,95",completado,
order-0121363,cust-025719,2024-02-16,online,tablet,0.2,"0,00",completado,
order-0051792,cust-028446,15/10/2025,online,mobile,0.05,"4,95",devuelto_parcial,
order-0223910,cust-044306,27 de febrero de 2026,online,mobile,0.1,"0,00",completado,
order-0138149,cust-014071,27/12/2025,online,desktop,0.1,"4,95",cancelado,
order-0236753,cust-035010,01/04/2025,online,desktop,0.1,"2,95",completado,
order-0143734,cust-004362,17/09/2025,online,desktop,0.15,"0,00",completado,
order-0267709,cust-043572,2025-02-03,online,desktop,0.2,"2,95",completado,
order-0073639,cust-053037,2024-08-04,online,mobile,0.3,"2,95",completado,
order-0082154,cust-048626,28 de septiembre de 2025,online,mobile,0.0,"0,00",completado,
order-0093961,cust-038752,12 de junio de 2026,online,mobile,0.0,"2,95",cancelado,
order-0037100,cust-017757,19/10/2025,online,mobile,0.05,"2,95",completado,
order-0398085,cust-055752,16 de mayo de 2025,online,mobile,0.0,"0,00",completado,
order-0200395,cust-025524,09/08/2024,online,desktop,0.3,"0,00",completado,
order-0385879,cust-058361,2025-05-18,online,mobile,0.05,"4,95",completado,
order-0041272,cust-028992,2025-03-12,online,mobile,0.0,"2,95",completado,
order-0322243,cust-059415,16/10/2024,online,mobile,0.15,"4,95",completado,
order-0347554,cust-005118,27/01/2026,online,mobile,0.2,"0,00",completado,
order-0207209,cust-013528,2026-06-02,online,mobile,0.0,"0,00",completado,
order-0191982,cust-000316,09/10/2024,online,mobile,0.05,"0,00",completado,
order-0174941,cust-002121,11/06/2026,online,mobile,0.1,"4,95",completado,
order-0133012,cust-053769,2025-06-23,online,mobile,0.1,"0,00",cancelado,
order-0034358,cust-055136,2026-04-25,online,mobile,0.15,"0,00",completado,
order-0239389,cust-002109,3 de julio de 2025,online,tablet,0.2,"0,00",completado,
order-0278592,cust-056856,10 de junio de 2024,online,mobile,0.15,"2,95",completado,
order-0055858,cust-040548,2025-11-25,online,mobile,0.1,"4,95",completado,
order-0198400,cust-025532,2025-07-08,store,n/a,0.3,"0,00",completado,store-14
order-0040485,cust-011878,2025-03-08,online,desktop,0.0,"0,00",completado,
order-0222117,cust-014386,2 de febrero de 2026,online,desktop,0.1,"4,95",completado,
order-0034701,cust-012810,2025-10-13,online,mobile,0.0,"0,00",completado,
order-0229320,cust-022930,2025-02-10,online,desktop,0.15,"0,00",completado,
order-0092929,cust-036741,28/08/2023,online,mobile,0.15,"0,00",cancelado,
order-0245536,cust-059676,23 de mayo de 2025,online,desktop,0.0,"0,00",completado,
order-0324361,cust-022066,14 de octubre de 2025,online,desktop,0.0,"4,95",completado,
order-0223742,cust-023519,19 de octubre de 2025,online,desktop,0.0,"4,95",completado,
order-0282264,cust-020230,30/06/2026,online,mobile,0.0,"0,00",completado,
order-0133930,cust-046210,11 de mayo de 2026,online,mobile,0.1,"2,95",completado,
order-0257637,cust-005769,27 de abril de 2026,online,desktop,0.0,"4,95",completado,
order-0112178,cust-039552,2023-05-01,online,desktop,0.0,"0,00",cancelado,
order-0108142,cust-048340,3 de junio de 2024,online,mobile,0.0,"2,95",completado,
order-0159154,cust-039116,2025-10-01,online,desktop,0.0,"2,95",completado,
order-0341053,cust-041227,2025-10-04,online,mobile,0.1,"2,95",completado,
order-0093664,cust-030125,22/04/2026,online,desktop,0.05,"0,00",completado,
order-0230374,cust-036521,09/04/2024,online,desktop,0.15,"4,95",completado,
order-0311789,cust-045807,23 de junio de 2025,online,desktop,0.0,"2,95",completado,
order-0227803,cust-049985,15 de junio de 2025,online,desktop,0.0,"2,95",completado,
order-0389531,cust-024771,2025-05-16,online,mobile,0.2,"4,95",completado,
order-0226294,cust-018852,2025-06-14,online,mobile,0.0,"2,95",completado,
order-0144867,cust-058146,28/07/2025,store,n/a,0.2,"0,00",completado,store-12
order-0389723,cust-013668,2026-06-04,online,mobile,0.0,"0,00",cancelado,
order-0015362,cust-038938,17 de diciembre de 2024,online,mobile,0.3,"0,00",completado,
order-0224384,cust-052938,2026-02-01,online,desktop,0.2,"0,00",devuelto_parcial,
order-0185301,cust-027166,2026-03-22,online,mobile,0.0,"0,00",completado,
order-0094513,cust-045769,2025-02-08,online,mobile,0.15,"2,95",completado,
order-0037009,cust-028681,24 de abril de 2025,online,mobile,0.0,"4,95",completado,
order-0040707,cust-054203,22/01/2024,online,desktop,0.2,"4,95",completado,
order-0134729,cust-048239,6 de julio de 2024,online,mobile,0.3,"0,00",completado,
order-0127295,cust-048639,2025-05-04,online,mobile,0.0,"2,95",completado,
order-0152663,cust-003307,2026-01-19,online,desktop,0.2,"0,00",devuelto_parcial,
order-0351768,cust-010276,26 de febrero de 2026,online,mobile,0.2,"4,95",completado,
order-0382107,cust-032190,2023-08-22,online,mobile,0.1,"4,95",cancelado,
order-0132018,cust-048364,14 de febrero de 2026,online,mobile,0.3,"4,95",completado,
order-0316503,cust-038846,23 de febrero de 2025,online,tablet,0.3,"0,00",completado,
order-0263912,cust-028231,13/01/2025,online,mobile,0.2,"4,95",completado,
order-0010747,cust-011094,2026-06-17,online,desktop,0.0,"4,95",devuelto_parcial,
order-0113101,cust-008188,2024-06-05,online,desktop,0.0,"0,00",completado,
order-0271860,cust-029963,2026-03-17,online,mobile,0.05,"2,95",completado,
order-0384935,cust-011553,12 de mayo de 2026,online,mobile,0.0,"0,00",completado,
order-0349056,cust-001077,2025-06-06,online,mobile,0.0,"4,95",completado,
order-0096894,cust-016449,06/09/2025,online,mobile,0.1,"0,00",completado,
order-0091279,cust-011377,2024-09-03,online,mobile,0.05,"0,00",completado,
order-0163039,cust-005834,18/12/2025,online,tablet,0.3,"0,00",completado,
order-0142665,cust-037094,2026-01-16,online,mobile,0.2,"4,95",completado,
order-0218431,cust-016422,2025-05-04,online,mobile,0.0,"2,95",completado,
order-0255297,cust-002494,23 de octubre de 2025,online,desktop,0.2,"0,00",completado,
order-0170684,cust-029442,2026-02-21,online,mobile,0.3,"2,95",devuelto_parcial,
order-0147645,cust-024308,18 de octubre de 2024,online,mobile,0.0,"4,95",completado,
order-0040543,cust-006596,6 de diciembre de 2025,online,desktop,0.0,"0,00",completado,
order-0147320,cust-031774,16 de octubre de 2025,online,desktop,0.0,"4,95",completado,
order-0123001,cust-025891,2024-04-23,online,desktop,0.15,"0,00",completado,
order-0169625,cust-007532,2026-04-24,online,mobile,0.0,"0,00",completado,
order-0230395,cust-027550,2025-05-21,online,mobile,0.0,"0,00",completado,
order-0368045,cust-013918,13/12/2024,online,mobile,0.0,"2,95",devuelto_parcial,
order-0165079,cust-045504,13/12/2025,online,desktop,0.0,"4,95",completado,
order-0385892,cust-004897,2 de marzo de 2026,online,mobile,0.0,"4,95",completado,
order-0316916,cust-046043,24 de septiembre de 2025,online,desktop,0.15,"4,95",cancelado,
order-0382829,cust-025605,07/02/2025,online,mobile,0.2,"2,95",completado,
order-0248273,cust-056921,2024-10-28,online,mobile,0.0,"2,95",completado,
order-0309743,cust-045356,12 de octubre de 2025,online,mobile,0.0,"4,95",completado,
order-0328062,cust-046920,30 de enero de 2024,online,mobile,0.2,"4,95",completado,
order-0384855,cust-018765,11 de abril de 2024,online,desktop,0.05,"4,95",completado,
order-0152508,cust-038984,2024-04-20,online,mobile,0.1,"4,95",completado,
order-0302200,cust-017305,24/07/2025,online,mobile,0.2,"2,95",completado,
order-0008382,cust-053189,2026-03-29,online,tablet,0.05,"0,00",completado,
order-0382920,cust-011488,2025-04-15,online,desktop,0.0,"0,00",completado,
order-0254220,cust-046522,12 de junio de 2026,online,mobile,0.0,"0,00",completado,
order-0268571,cust-005801,19/04/2025,online,desktop,0.1,"2,95",devuelto_parcial,
order-0344557,cust-053101,20/07/2024,online,mobile,0.2,"2,95",completado,
order-0257337,cust-018859,28 de abril de 2026,online,tablet,0.2,"4,95",completado,
order-0355393,cust-019979,07/08/2025,online,mobile,0.3,"4,95",completado,
order-0008251,cust-041974,20/04/2026,online,desktop,0.1,"2,95",completado,
order-0068989,cust-038234,19/06/2026,online,mobile,0.1,"4,95",completado,
order-0002427,cust-056664,03/06/2026,online,mobile,0.1,"4,95",completado,
order-0256034,cust-032233,2024-12-30,online,tablet,0.0,"0,00",devuelto_parcial,
order-0000121,cust-050210,2026-06-20,online,mobile,0.1,"4,95",completado,
order-0053386,cust-000623,2026-06-18,online,mobile,0.1,"4,95",completado,
order-0133121,cust-033181,21/11/2025,online,mobile,0.05,"4,95",cancelado,
order-0268645,cust-037472,2026-06-30,online,mobile,0.0,"2,95",completado,
order-0329361,cust-054913,15 de junio de 2025,online,mobile,0.0,"4,95",completado,
order-0227939,cust-020411,2026-03-14,online,desktop,0.1,"2,95",completado,
order-0259070,cust-045693,2025-05-30,online,mobile,0.05,"4,95",completado,
order-0241617,cust-013060,05/06/2025,online,mobile,0.1,"4,95",completado,
order-0067379,cust-058559,2025-08-10,online,mobile,0.3,"2,95",completado,
order-0368113,cust-036229,2026-06-21,online,mobile,0.15,"2,95",completado,
order-0295340,cust-000341,2024-09-06,online,desktop,0.05,"0,00",completado,
order-0038188,cust-044559,11/12/2025,online,desktop,0.0,"4,95",completado,
order-0247845,cust-052295,2026-06-30,online,mobile,0.0,"4,95",completado,
order-0133142,cust-008161,08/03/2026,online,mobile,0.0,"0,00",completado,
order-0287574,cust-032586,6 de mayo de 2026,online,mobile,0.0,"0,00",completado,
order-0137736,cust-019374,5 de enero de 2026,online,mobile,0.0,"2,95",completado,
order-0340810,cust-009177,1 de diciembre de 2025,online,desktop,0.3,"2,95",completado,
order-0179821,cust-032043,07/11/2024,online,mobile,0.0,"2,95",completado,
order-0215444,cust-034472,28/03/2026,online,desktop,0.0,"0,00",completado,
order-0179808,cust-055235,22/02/2025,store,n/a,0.2,"0,00",completado,store-37
order-0182067,cust-040601,19/11/2024,online,desktop,0.0,"4,95",completado,
order-0213080,cust-005509,2024-12-08,store,n/a,0.15,"0,00",completado,
order-0340365,cust-raw-fake-004,2025-10-04,online,desktop,0.0,"4,95",devuelto_parcial,
order-0294910,cust-038240,15 de abril de 2026,online,desktop,0.05,"2,95",completado,
order-0069929,cust-005491,15 de agosto de 2025,online,mobile,0.1,"2,95",completado,
order-0249600,cust-050901,17 de abril de 2026,online,mobile,0.1,"2,95",completado,
order-0097038,cust-050267,2025-11-28,online,desktop,0.2,"0,00",completado,
order-0013252,cust-041327,12 de enero de 2026,online,mobile,0.1,"4,95",completado,
order-0047492,cust-050760,2026-01-05,online,desktop,0.05,"4,95",completado,
order-0317282,cust-007820,19 de julio de 2025,online,desktop,0.2,"2,95",completado,
order-0223218,cust-039955,25 de junio de 2026,online,desktop,0.05,"0,00",completado,
order-0282323,cust-010091,06/06/2025,online,desktop,0.1,"0,00",completado,
order-0342158,cust-raw-fake-000,2025-08-15,online,mobile,0.3,"0,00",completado,
order-0126950,cust-005578,2026-05-22,online,mobile,0.1,"4,95",completado,
order-0148784,cust-004624,11/05/2025,online,mobile,0.0,"0,00",completado,
order-0239697,cust-012757,2024-12-03,online,desktop,0.05,"0,00",completado,
order-0211965,cust-003096,14/08/2025,store,n/a,0.1,"0,00",completado,store-13
order-0231894,cust-010470,31/05/2025,online,mobile,0.2,"4,95",cancelado,
order-0391333,cust-032651,4 de junio de 2026,online,mobile,0.1,"0,00",completado,
order-0350960,cust-017467,2024-04-12,store,n/a,0.0,"0,00",completado,store-03
order-0179283,cust-022485,02/06/2025,online,desktop,0.0,"4,95",completado,
order-0047572,cust-023946,24 de febrero de 2025,online,mobile,0.1,"4,95",completado,
order-0101631,cust-000216,2026-06-26,online,desktop,0.0,"0,00",completado,
order-0009683,cust-046449,23/03/2026,online,desktop,0.05,"4,95",completado,
order-0379398,cust-000331,2026-02-21,online,tablet,0.1,"0,00",completado,
order-0079153,cust-015387,27 de febrero de 2026,online,mobile,0.1,"2,95",completado,
order-0169699,cust-017369,06/04/2025,online,desktop,0.05,"0,00",completado,
order-0074100,cust-015551,28 de junio de 2026,online,mobile,0.0,"4,95",completado,
order-0206243,cust-049466,25 de abril de 2025,online,desktop,0.0,"0,00",completado,
order-0021592,cust-032462,27/12/2025,online,mobile,0.0,"2,95",completado,
order-0009526,cust-057155,21/12/2025,store,n/a,0.2,"0,00",completado,store-06
order-0160914,cust-011836,17/06/2024,store,n/a,0.0,"0,00",completado,store-07
order-0013351,cust-007356,2024-07-19,online,desktop,0.3,"0,00",completado,
order-0087980,cust-043811,2025-11-08,store,n/a,0.0,"0,00",completado,store-24
order-0374428,cust-020130,17 de agosto de 2025,online,desktop,0.2,"0,00",completado,
order-0306445,cust-027747,2025-10-06,online,desktop,0.05,"2,95",devuelto_parcial,
order-0280387,cust-004732,13/09/2024,online,desktop,0.1,"4,95",completado,
order-0143516,cust-046035,25 de marzo de 2025,online,desktop,0.0,"4,95",cancelado,
order-0143637,cust-056525,22/04/2025,store,n/a,0.0,"0,00",completado,store-02
order-0350800,cust-032220,2025-01-16,online,mobile,0.1,"2,95",completado,
order-0393074,cust-051190,30/06/2026,online,mobile,0.2,"0,00",completado,
order-0168795,cust-025982,23/02/2025,online,mobile,0.1,"4,95",completado,
order-0195907,cust-032964,2026-04-10,online,desktop,0.0,"0,00",cancelado,
order-0088915,cust-004558,2025-02-23,online,mobile,0.2,"0,00",completado,
order-0113418,cust-005846,18/01/2025,online,mobile,0.2,"4,95",completado,
order-0242351,cust-003773,2024-01-03,online,mobile,0.05,"4,95",devuelto_parcial,
order-0237942,cust-028842,2025-04-09,online,desktop,0.0,"2,95",completado,
order-0032866,cust-029263,13/01/2024,online,desktop,0.3,"2,95",completado,
order-0001807,cust-053091,21 de octubre de 2024,online,mobile,0.0,"0,00",cancelado,
order-0255361,cust-011967,03/06/2025,online,mobile,0.0,"2,95",completado,
order-0095387,cust-033231,13 de septiembre de 2023,online,mobile,0.0,"0,00",completado,
order-0047138,cust-040584,26 de agosto de 2024,online,desktop,0.2,"2,95",completado,
order-0246211,cust-008481,2026-03-03,online,mobile,0.0,"0,00",completado,
order-0034541,cust-raw-fake-002,26/09/2024,online,desktop,0.05,"0,00",cancelado,
order-0085216,cust-038464,2026-06-23,online,desktop,0.05,"2,95",completado,
order-0081975,cust-036521,23 de abril de 2024,online,mobile,0.0,"4,95",completado,
order-0159692,cust-raw-fake-003,19 de mayo de 2026,online,desktop,0.1,"4,95",completado,
order-0042677,cust-036138,21 de enero de 2026,online,desktop,0.1,"0,00",completado,
order-0264517,cust-014692,06/01/2026,store,n/a,0.1,"0,00",completado,store-24
order-0320943,cust-057702,2025-09-28,online,mobile,0.0,"0,00",completado,
order-0018501,cust-011172,31 de enero de 2026,online,mobile,0.1,"2,95",completado,
order-0288748,cust-006282,17/09/2025,online,mobile,0.05,"0,00",completado,
order-0265820,cust-000846,05/06/2026,online,mobile,0.05,"4,95",completado,
order-0342976,cust-058545,20 de octubre de 2025,online,mobile,0.0,"0,00",completado,
order-0016359,cust-041817,26/06/2024,online,mobile,0.05,"2,95",completado,
order-0204125,cust-033316,2023-10-28,online,mobile,0.0,"4,95",completado,
order-0101942,cust-052455,22/02/2025,online,mobile,0.1,"0,00",completado,
order-0177448,cust-002284,2025-11-28,online,mobile,0.2,"2,95",completado,
order-0125644,cust-001156,02/09/2025,online,desktop,0.05,"0,00",completado,
order-0366340,cust-053567,17 de junio de 2026,online,mobile,0.1,"2,95",completado,
order-0375603,cust-021965,15 de febrero de 2026,online,desktop,0.3,"2,95",completado,
order-0092561,cust-028309,2025-12-27,online,desktop,0.1,"4,95",cancelado,
order-0060828,cust-051221,25 de marzo de 2026,online,mobile,0.1,"2,95",completado,
order-0155869,cust-026295,4 de septiembre de 2025,online,desktop,0.0,"2,95",devuelto_parcial,
order-0185949,cust-023002,2025-03-03,online,desktop,0.0,"2,95",completado,
order-0169332,cust-032415,2025-10-22,online,desktop,0.05,"0,00",completado,
order-0006615,cust-046639,3 de octubre de 2023,online,tablet,0.0,"2,95",completado,
order-0197294,cust-017349,16/09/2025,online,desktop,0.0,"2,95",completado,
order-0337188,cust-040846,28/06/2025,online,desktop,0.0,"4,95",cancelado,
order-0236816,cust-046161,2024-04-21,online,mobile,0.15,"4,95",completado,
order-0134220,cust-016217,16/09/2025,online,mobile,0.0,"4,95",completado,
order-0222283,cust-041556,20/05/2025,online,desktop,0.0,"4,95",completado,
order-0197251,cust-016087,5 de diciembre de 2024,online,desktop,0.0,"4,95",completado,
order-0321394,cust-021661,2026-02-09,online,desktop,0.3,"0,00",devuelto_parcial,
order-0213383,cust-014445,2025-11-01,online,mobile,0.0,"0,00",devuelto_parcial,
order-0006443,cust-038216,07/07/2025,online,mobile,0.3,"0,00",completado,
order-0251252,cust-008186,14/04/2024,online,mobile,0.05,"0,00",completado,
order-0278250,cust-019645,11 de junio de 2023,online,mobile,0.1,"0,00",completado,
order-0073382,cust-007331,2026-03-06,online,desktop,0.0,"2,95",completado,
order-0172450,cust-038998,27/11/2025,online,mobile,0.1,"0,00",completado,
order-0023443,cust-029842,2024-07-16,online,mobile,0.1,"4,95",completado,
order-0079642,cust-038504,2025-10-13,online,desktop,0.0,"2,95",completado,
order-0340303,cust-010963,11 de junio de 2025,online,tablet,0.05,"0,00",completado,
order-0030841,cust-012931,10 de julio de 2024,online,mobile,0.1,"0,00",completado,
order-0045821,cust-018826,2025-06-07,online,mobile,0.0,"4,95",completado,
order-0356423,cust-051065,3 de abril de 2025,online,desktop,0.05,"4,95",completado,
order-0300308,cust-041706,2026-02-14,online,mobile,0.2,"0,00",completado,
order-0093911,cust-048826,21 de febrero de 2025,online,mobile,0.2,"4,95",completado,
order-0297768,cust-026995,20 de octubre de 2023,online,desktop,0.0,"0,00",completado,
order-0046762,cust-031938,26 de septiembre de 2025,online,desktop,0.1,"4,95",completado,
order-0140045,cust-018031,2026-06-14,online,tablet,0.0,"2,95",completado,
order-0138329,cust-039166,2025-12-14,online,desktop,0.0,"0,00",cancelado,
order-0142228,cust-000797,18/09/2024,online,mobile,0.0,"0,00",completado,
order-0225403,cust-051910,2026-01-18,online,desktop,0.2,"0,00",completado,
order-0022111,cust-047943,20/05/2025,online,mobile,0.1,"0,00",completado,
order-0162689,cust-042014,2025-10-10,online,desktop,0.0,"0,00",completado,
order-0186996,cust-003444,2026-04-28,online,mobile,0.1,"4,95",completado,
order-0186230,cust-021398,2025-01-12,online,mobile,0.15,"0,00",completado,
order-0382865,cust-059268,10/12/2025,online,mobile,0.0,"0,00",completado,
order-0102171,cust-043761,2025-12-09,online,mobile,0.0,"2,95",completado,
order-0093100,cust-024693,2026-04-15,online,mobile,0.05,"4,95",completado,
order-0251920,cust-059293,2026-06-03,online,desktop,0.1,"2,95",completado,
order-0191072,cust-014949,10/07/2023,online,mobile,0.2,"0,00",completado,
order-0127951,cust-054642,2026-01-15,online,mobile,0.15,"4,95",completado,
order-0320569,cust-035811,10 de junio de 2025,online,mobile,0.2,"0,00",completado,
order-0198526,cust-029136,2025-06-23,online,desktop,0.0,"4,95",completado,
order-0278487,cust-054653,2 de julio de 2025,online,desktop,0.2,"4,95",completado,
order-0260546,cust-056748,17/08/2025,online,mobile,0.3,"0,00",devuelto_parcial,
order-0125832,cust-034511,2025-06-16,store,n/a,0.15,"0,00",completado,store-09
order-0178289,cust-037269,2025-03-23,online,mobile,0.1,"0,00",completado,
order-0381840,cust-054425,23 de enero de 2026,online,desktop,0.3,"4,95",completado,
order-0348247,cust-045382,10/09/2024,online,mobile,0.0,"4,95",completado,
order-0355397,cust-030842,28/08/2023,online,mobile,0.1,"0,00",completado,
order-0244029,cust-052716,2025-06-03,online,tablet,0.05,"0,00",completado,
order-0059009,cust-057303,1 de marzo de 2025,online,desktop,0.0,"2,95",completado,
order-0000393,cust-024196,28 de febrero de 2025,online,desktop,0.2,"0,00",completado,
order-0066760,cust-030263,02/06/2023,online,mobile,0.0,"2,95",completado,
order-0326618,cust-040186,06/08/2025,online,mobile,0.1,"0,00",completado,
order-0029480,cust-002336,09/04/2025,online,mobile,0.05,"2,95",completado,
order-0316579,cust-015266,16/05/2026,online,mobile,0.05,"0,00",completado,
order-0197799,cust-026734,11/11/2025,online,desktop,0.1,"0,00",completado,
order-0116873,cust-055278,19 de agosto de 2025,online,mobile,0.1,"0,00",devuelto_parcial,
order-0328842,cust-009022,24 de enero de 2025,store,n/a,0.1,"0,00",completado,store-02
order-0394983,cust-046598,20 de mayo de 2026,online,desktop,0.05,"4,95",completado,
order-0378490,cust-000983,2026-01-12,online,mobile,0.2,"4,95",completado,
order-0123452,cust-000643,26 de abril de 2025,online,desktop,0.0,"2,95",completado,
order-0004992,cust-022642,2024-11-29,online,mobile,0.0,"4,95",completado,
order-0235850,cust-013136,26 de mayo de 2026,online,tablet,0.05,"2,95",completado,
order-0340802,cust-040270,12 de julio de 2023,online,tablet,0.2,"2,95",completado,
order-0207281,cust-016469,26 de junio de 2024,online,tablet,0.05,"4,95",completado,
order-0222736,cust-000893,14 de enero de 2025,online,mobile,0.3,"2,95",completado,
order-0291771,cust-020355,2025-08-07,online,mobile,0.1,"2,95",completado,
order-0254459,cust-027068,17/01/2025,online,mobile,0.3,"2,95",completado,
order-0342077,cust-035792,25 de abril de 2026,online,mobile,0.0,"2,95",completado,
order-0369974,cust-001708,2025-08-14,store,n/a,0.1,"0,00",completado,store-01
order-0352939,cust-047970,16 de septiembre de 2025,online,mobile,0.0,"2,95",completado,
order-0370679,cust-034217,16 de septiembre de 2025,online,mobile,0.05,"4,95",completado,
order-0196239,cust-013776,2025-12-03,online,mobile,0.05,"4,95",completado,
order-0333228,cust-037412,28/07/2025,online,mobile,0.1,"4,95",completado,
order-0162079,cust-049118,06/04/2026,online,mobile,0.05,"2,95",completado,
order-0181703,cust-039640,2026-05-20,online,mobile,0.0,"0,00",completado,
order-0204785,cust-012191,2025-01-10,online,desktop,0.3,"4,95",completado,
order-0130796,cust-041780,2024-12-06,online,desktop,0.0,"2,95",devuelto_parcial,
order-0034273,cust-030640,2026-06-09,online,desktop,0.0,"4,95",completado,
order-0110174,cust-046243,27/09/2024,online,desktop,0.0,"0,00",completado,
order-0126680,cust-005932,6 de marzo de 2025,online,desktop,0.15,"2,95",completado,
order-0251665,cust-012470,3 de julio de 2025,online,desktop,0.2,"0,00",completado,
order-0246107,cust-031340,2025-04-21,online,desktop,0.0,"2,95",completado,
order-0243021,cust-022126,01/12/2025,online,desktop,0.1,"0,00",cancelado,
order-0218477,cust-000465,2026-04-12,online,mobile,0.0,"0,00",completado,
order-0353594,cust-009414,28/06/2026,online,desktop,0.0,"2,95",completado,
order-0134854,cust-010873,2026-05-05,online,mobile,0.1,"2,95",completado,
order-0108603,cust-059021,6 de febrero de 2026,online,desktop,0.1,"2,95",completado,
order-0118900,cust-048420,25/02/2026,online,mobile,0.3,"0,00",completado,
order-0149659,cust-027640,19 de enero de 2026,online,mobile,0.2,"2,95",completado,
order-0116271,cust-026871,13/10/2025,store,n/a,0.15,"0,00",completado,store-24
order-0377481,cust-039648,31/12/2024,store,n/a,0.05,"0,00",completado,store-01
order-0262850,cust-007781,19/11/2025,online,desktop,0.05,"4,95",completado,
order-0238680,cust-019667,3 de julio de 2025,online,desktop,0.3,"0,00",completado,
order-0294186,cust-056570,2 de noviembre de 2023,online,mobile,0.0,"4,95",completado,
order-0360765,cust-051373,21 de diciembre de 2023,online,desktop,0.2,"4,95",completado,
order-0090207,cust-046605,19 de diciembre de 2023,online,mobile,0.2,"4,95",completado,
order-0175392,cust-004858,16/10/2024,online,desktop,0.2,"2,95",completado,
order-0127070,cust-022043,10 de mayo de 2026,online,desktop,0.0,"2,95",completado,
order-0233725,cust-001885,2025-02-05,online,mobile,0.15,"4,95",completado,
order-0124489,cust-052649,2026-01-08,online,mobile,0.3,"2,95",completado,
order-0286577,cust-055605,6 de mayo de 2026,online,mobile,0.0,"2,95",completado,
order-0177842,cust-039886,2025-09-18,online,mobile,0.0,"0,00",completado,
order-0264751,cust-016249,2025-02-13,online,mobile,0.2,"2,95",completado,
order-0154060,cust-031852,23/02/2026,online,mobile,0.3,"4,95",completado,
order-0068547,cust-047516,23 de octubre de 2025,store,n/a,0.1,"0,00",completado,store-37
order-0305421,cust-044850,16/08/2025,online,mobile,0.3,"4,95",completado,
order-0398634,cust-026215,05/08/2025,online,mobile,0.3,"0,00",completado,
order-0214806,cust-043935,20 de agosto de 2025,online,desktop,0.1,"2,95",completado,
order-0143096,cust-025364,2025-06-19,store,n/a,0.0,"0,00",completado,store-01
order-0350560,cust-013189,27 de octubre de 2024,online,desktop,0.05,"0,00",completado,
order-0143320,cust-027798,2026-03-14,store,n/a,0.1,"0,00",completado,store-06
order-0005305,cust-053761,2026-04-21,online,mobile,0.0,"4,95",completado,
order-0073671,cust-003374,16/10/2025,online,mobile,0.15,"4,95",cancelado,
order-0291132,cust-004134,17 de marzo de 2026,online,mobile,0.2,"0,00",completado,
order-0062360,cust-046848,27/12/2025,online,mobile,0.0,"0,00",completado,
order-0122412,cust-023679,2024-01-03,online,desktop,0.05,"2,95",completado,
order-0131433,cust-009431,2025-11-12,online,desktop,0.0,"0,00",completado,
order-0370530,cust-raw-fake-015,2025-10-20,online,mobile,0.0,"0,00",completado,
order-0298956,cust-051128,15 de septiembre de 2025,online,desktop,0.0,"0,00",completado,
order-0270759,cust-040725,2025-06-28,online,desktop,0.0,"0,00",completado,
order-0017822,cust-032569,28 de diciembre de 2025,online,mobile,0.0,"2,95",completado,
order-0387243,cust-008001,27/06/2025,store,n/a,0.05,"0,00",completado,store-31
order-0312708,cust-049290,15 de julio de 2024,online,mobile,0.2,"0,00",completado,
order-0390170,cust-003908,2025-10-11,online,mobile,0.0,"4,95",completado,
order-0023613,cust-018708,22 de octubre de 2025,online,mobile,0.1,"0,00",completado,
order-0133404,cust-040381,21 de febrero de 2025,online,desktop,0.3,"0,00",completado,
order-0315161,cust-037781,22 de marzo de 2025,online,mobile,0.05,"4,95",completado,
order-0242860,cust-005708,27 de octubre de 2024,online,mobile,0.0,"0,00",completado,
order-0029442,cust-055791,4 de junio de 2024,online,desktop,0.05,"0,00",cancelado,
order-0364003,cust-030404,2025-12-10,online,mobile,0.0,"0,00",completado,
order-0323436,cust-028940,25 de mayo de 2025,online,mobile,0.1,"2,95",completado,
order-0007416,cust-008346,23/10/2025,online,desktop,0.0,"4,95",completado,
order-0356838,cust-020804,8 de febrero de 2026,online,desktop,0.3,"2,95",cancelado,
order-0242723,cust-032727,13/07/2025,online,mobile,0.2,"2,95",completado,
order-0132912,cust-013480,18/12/2025,online,mobile,0.1,"2,95",completado,
order-0342335,cust-038216,15 de noviembre de 2025,online,mobile,0.15,"0,00",completado,
order-0351868,cust-005745,18 de enero de 2026,online,mobile,0.2,"2,95",completado,
order-0029350,cust-018297,14/03/2025,online,mobile,0.15,"4,95",completado,
order-0362056,cust-012364,18/04/2024,online,mobile,0.05,"4,95",completado,
order-0260879,cust-019883,09/03/2025,online,desktop,0.2,"0,00",completado,
order-0271619,cust-021696,3 de marzo de 2026,store,n/a,0.2,"0,00",completado,store-37
order-0306632,cust-025042,2025-09-03,online,mobile,0.0,"2,95",devuelto_parcial,
order-0385153,cust-016534,2026-05-27,online,mobile,0.05,"0,00",completado,
order-0284382,cust-038748,31/10/2025,online,tablet,0.0,"0,00",completado,
order-0126151,cust-051659,17/10/2025,online,mobile,0.0,"4,95",completado,
order-0059773,cust-024874,24/01/2025,online,mobile,0.3,"0,00",completado,
order-0153391,cust-023637,24/05/2026,online,desktop,0.1,"2,95",completado,
order-0114952,cust-027087,17/12/2025,online,mobile,0.15,"4,95",devuelto_parcial,
order-0321303,cust-022248,24/02/2026,online,mobile,0.15,"0,00",completado,
order-0038686,cust-019090,2025-02-03,online,desktop,0.1,"2,95",completado,
order-0348124,cust-051798,18/04/2026,online,mobile,0.05,"2,95",completado,
order-0330955,cust-055791,1 de junio de 2024,online,tablet,0.0,"2,95",completado,
order-0208096,cust-004678,15 de octubre de 2023,online,tablet,0.0,"0,00",completado,
order-0246311,cust-004958,13/05/2025,store,n/a,0.05,"0,00",completado,store-19
order-0208693,cust-039602,2025-07-17,online,mobile,0.1,"0,00",devuelto_parcial,
order-0269199,cust-059809,2025-08-12,online,mobile,0.2,"0,00",completado,
order-0368267,cust-002072,07/06/2026,online,mobile,0.0,"2,95",completado,
order-0379187,cust-052854,17 de marzo de 2025,online,desktop,0.05,"0,00",cancelado,
order-0094677,cust-047981,18 de octubre de 2025,online,mobile,0.0,"0,00",completado,
order-0239636,cust-048603,08/07/2025,online,mobile,0.2,"2,95",completado,
order-0038161,cust-004477,16 de marzo de 2024,online,desktop,0.15,"2,95",devuelto_parcial,
order-0187666,cust-007094,2025-12-13,online,tablet,0.2,"4,95",completado,
order-0096727,cust-raw-fake-006,2026-01-21,online,mobile,0.3,"0,00",completado,
order-0337294,cust-042875,19 de febrero de 2026,online,desktop,0.2,"2,95",completado,
order-0019082,cust-013785,11/01/2026,online,mobile,0.2,"4,95",completado,
order-0268362,cust-017334,14 de marzo de 2026,online,tablet,0.0,"2,95",completado,
order-0331875,cust-003764,2025-09-26,online,mobile,0.0,"2,95",completado,
order-0276747,cust-018531,2024-03-15,store,n/a,0.2,"0,00",completado,store-03
order-0024500,cust-039771,09/03/2025,online,desktop,0.1,"0,00",completado,
order-0091618,cust-006037,2024-11-03,online,mobile,0.0,"0,00",completado,
order-0041939,cust-049695,05/12/2023,online,desktop,0.0,"0,00",devuelto_parcial,
order-0113063,cust-057806,24 de septiembre de 2025,online,tablet,0.05,"0,00",completado,
order-0337759,cust-017142,09/01/2026,online,mobile,0.1,"2,95",completado,
order-0111623,cust-051666,12/04/2025,online,mobile,0.05,"0,00",completado,
order-0316500,cust-029031,2024-11-18,online,mobile,0.15,"4,95",completado,
order-0218084,cust-029853,20/10/2024,online,desktop,0.05,"2,95",completado,
order-0380079,cust-043507,2026-06-07,online,desktop,0.1,"0,00",completado,
order-0080921,cust-017029,4 de septiembre de 2024,online,desktop,0.0,"4,95",cancelado,
order-0266297,cust-047398,1 de mayo de 2026,online,mobile,0.05,"2,95",completado,
order-0284033,cust-027300,2023-06-28,online,mobile,0.0,"2,95",completado,
order-0366160,cust-020410,25/02/2026,online,mobile,0.2,"4,95",completado,
order-0177613,cust-020213,2026-03-28,online,mobile,0.05,"2,95",completado,
order-0277255,cust-048086,14 de mayo de 2026,online,desktop,0.0,"0,00",devuelto_parcial,
order-0038974,cust-020338,2025-12-02,store,n/a,0.05,"0,00",completado,store-37
order-0194646,cust-039887,18 de marzo de 2026,online,mobile,0.0,"2,95",completado,
order-0280044,cust-022375,08/03/2025,online,mobile,0.0,"4,95",completado,
order-0358246,cust-054318,21/05/2024,online,mobile,0.1,"2,95",completado,
order-0031158,cust-049776,17/07/2024,online,mobile,0.3,"0,00",completado,
order-0298314,cust-051597,16 de mayo de 2026,online,tablet,0.05,"4,95",completado,
order-0335924,cust-001387,2024-12-14,store,n/a,0.05,"0,00",completado,store-38
order-0078494,cust-016049,30/05/2026,online,desktop,0.0,"2,95",completado,
order-0320245,cust-030811,7 de enero de 2026,online,mobile,0.3,"0,00",completado,
order-0065347,cust-010017,16/04/2026,store,n/a,0.05,"0,00",completado,store-37
order-0376871,cust-048464,21 de noviembre de 2023,online,mobile,0.05,"2,95",completado,
order-0273785,cust-019495,2 de noviembre de 2025,online,desktop,0.0,"2,95",completado,
order-0086559,cust-053550,12/10/2024,online,mobile,0.0,"4,95",completado,
order-0202378,cust-035742,2024-08-21,store,n/a,0.2,"0,00",completado,store-04
order-0200286,cust-046095,18/09/2025,online,desktop,0.15,"0,00",completado,
order-0148499,cust-017877,2023-04-27,online,mobile,0.1,"4,95",completado,
order-0018831,cust-028302,17/06/2025,online,desktop,0.05,"0,00",completado,
order-0263024,cust-006961,11/07/2024,online,mobile,0.2,"4,95",completado,
order-0360423,cust-011548,13 de junio de 2025,online,desktop,0.15,"2,95",completado,
order-0131855,cust-034870,13/03/2025,online,desktop,0.1,"0,00",cancelado,
order-0348307,cust-005724,03/03/2025,online,mobile,0.0,"0,00",completado,
order-0016896,cust-004026,03/08/2025,online,desktop,0.1,"2,95",completado,
order-0064980,cust-040394,2026-06-24,online,mobile,0.0,"4,95",completado,
order-0024029,cust-045724,05/08/2024,online,desktop,0.2,"0,00",completado,
order-0208196,cust-030693,16 de agosto de 2025,online,mobile,0.2,"0,00",completado,
order-0079941,cust-042614,21 de enero de 2024,online,mobile,0.2,"4,95",completado,
order-0329410,cust-raw-fake-019,30/10/2024,online,desktop,0.1,"2,95",completado,
order-0226957,cust-050829,2025-11-27,online,tablet,0.0,"4,95",completado,
order-0373945,cust-015582,2024-09-18,online,desktop,0.05,"0,00",completado,
order-0081718,cust-054294,2023-12-15,store,n/a,0.1,"0,00",completado,store-12
order-0150139,cust-026113,16/07/2025,online,mobile,0.15,"4,95",completado,
order-0017929,cust-040466,17 de junio de 2026,online,mobile,0.2,"2,95",completado,
order-0163340,cust-040386,2025-03-23,online,mobile,0.0,"2,95",completado,
order-0085809,cust-028551,12 de noviembre de 2024,online,mobile,0.05,"4,95",completado,
order-0285810,cust-026856,12/10/2025,online,desktop,0.05,"2,95",completado,
order-0391579,cust-017835,18/02/2026,online,mobile,0.3,"0,00",completado,
order-0294251,cust-037138,01/03/2025,online,tablet,0.0,"0,00",devuelto_parcial,
order-0309523,cust-011005,2025-09-25,online,desktop,0.0,"2,95",completado,
order-0029508,cust-002767,01/01/2026,online,desktop,0.0,"4,95",completado,
order-0335463,cust-046211,2025-05-10,online,mobile,0.05,"0,00",completado,
order-0374891,cust-005448,22 de junio de 2026,online,desktop,0.2,"0,00",completado,
order-0008477,cust-047340,29/04/2024,store,n/a,0.1,"0,00",completado,store-12
order-0358501,cust-038115,15/02/2026,online,mobile,0.3,"0,00",completado,
order-0089957,cust-012345,23/03/2026,online,mobile,0.0,"4,95",completado,
order-0063463,cust-045162,18 de enero de 2026,online,mobile,0.2,"4,95",completado,
order-0158725,cust-018817,16/03/2024,online,desktop,0.0,"0,00",completado,
order-0123104,cust-031674,19/03/2026,online,desktop,0.15,"2,95",completado,
order-0028162,cust-015584,2026-06-01,online,mobile,0.05,"0,00",completado,
order-0235963,cust-034759,2025-09-19,online,mobile,0.0,"4,95",completado,
order-0174557,cust-044646,2 de mayo de 2024,online,mobile,0.0,"0,00",completado,
order-0367493,cust-052925,27/12/2024,online,mobile,0.1,"4,95",completado,
order-0295002,cust-045738,12 de octubre de 2025,online,mobile,0.0,"0,00",completado,
order-0040591,cust-037886,06/02/2025,online,mobile,0.1,"4,95",completado,
order-0366485,cust-059922,3 de julio de 2025,online,desktop,0.1,"0,00",completado,
order-0122748,cust-021433,6 de septiembre de 2025,online,mobile,0.1,"0,00",devuelto_parcial,
order-0251460,cust-054387,12 de noviembre de 2025,online,mobile,0.0,"0,00",devuelto_parcial,
order-0078024,cust-021957,10 de abril de 2024,online,desktop,0.1,"0,00",completado,
order-0327350,cust-059239,26 de abril de 2026,online,desktop,0.0,"4,95",cancelado,
order-0298571,cust-037186,12/08/2025,online,mobile,0.15,"4,95",completado,
order-0004472,cust-035880,09/02/2026,online,desktop,0.2,"0,00",completado,
order-0043814,cust-044625,28 de agosto de 2025,online,mobile,0.3,"0,00",completado,
order-0030251,cust-037623,24 de marzo de 2026,online,mobile,0.05,"0,00",completado,
order-0199029,cust-036624,14 de abril de 2023,online,desktop,0.0,"2,95",devuelto_parcial,
order-0034361,cust-048458,2025-03-09,store,n/a,0.15,"0,00",completado,store-18
order-0367654,cust-017250,26 de agosto de 2025,online,mobile,0.3,"4,95",completado,
order-0108724,cust-011301,2026-04-18,online,mobile,0.1,"0,00",devuelto_parcial,
order-0087724,cust-059146,2023-06-17,online,desktop,0.05,"4,95",completado,
order-0369866,cust-012661,26 de julio de 2025,online,mobile,0.1,"0,00",completado,
order-0243005,cust-013686,26 de febrero de 2024,online,mobile,0.3,"0,00",completado,
order-0388869,cust-057118,2 de diciembre de 2024,online,desktop,0.1,"0,00",completado,
order-0369603,cust-042849,2023-10-30,online,desktop,0.0,"2,95",completado,
order-0103255,cust-000933,26 de octubre de 2024,online,desktop,0.2,"4,95",completado,
order-0350885,cust-raw-fake-014,05/02/2025,online,mobile,0.1,"2,95",completado,
order-0117194,cust-012688,31/08/2025,online,desktop,0.3,"2,95",completado,
order-0082888,cust-008329,2026-06-30,online,desktop,0.0,"0,00",completado,
order-0178681,cust-023273,22 de octubre de 2025,online,desktop,0.1,"0,00",completado,
order-0079506,cust-raw-fake-009,03/12/2024,online,mobile,0.05,"4,95",completado,
order-0280771,cust-048280,3 de diciembre de 2025,online,desktop,0.0,"4,95",completado,
order-0151770,cust-009273,2026-02-01,online,desktop,0.2,"0,00",completado,
order-0297494,cust-058590,17 de julio de 2024,online,mobile,0.2,"0,00",completado,
order-0198662,cust-050154,2026-06-15,online,mobile,0.05,"0,00",completado,
order-0251194,cust-020221,8 de agosto de 2025,online,desktop,0.2,"0,00",completado,
order-0339049,cust-026794,09/08/2025,online,mobile,0.1,"2,95",completado,
order-0200821,cust-049209,05/10/2024,online,desktop,0.1,"4,95",completado,
order-0064273,cust-027810,2025-01-06,online,desktop,0.1,"4,95",devuelto_parcial,
order-0149051,cust-049854,2026-01-31,online,mobile,0.3,"4,95",completado,
order-0266821,cust-057044,30/09/2025,online,mobile,0.1,"0,00",completado,
order-0178449,cust-030099,16/09/2025,online,mobile,0.1,"0,00",completado,
order-0247690,cust-032123,08/02/2025,store,n/a,0.3,"0,00",completado,store-31
order-0110012,cust-059527,2026-03-06,online,mobile,0.0,"4,95",completado,
order-0371761,cust-033723,18 de junio de 2024,online,mobile,0.0,"0,00",devuelto_parcial,
order-0009605,cust-033999,2025-05-18,online,desktop,0.05,"0,00",devuelto_parcial,
order-0214541,cust-016245,23 de noviembre de 2025,online,mobile,0.1,"0,00",completado,
order-0025696,cust-005107,20 de diciembre de 2023,store,n/a,0.1,"0,00",completado,store-26
order-0256914,cust-052617,28 de mayo de 2026,online,desktop,0.05,"4,95",completado,
order-0261959,cust-016327,03/08/2025,online,mobile,0.1,"2,95",completado,
order-0143122,cust-014804,26/01/2026,online,mobile,0.2,"0,00",completado,
order-0283246,cust-004476,07/05/2026,online,mobile,0.0,"4,95",completado,
order-0269218,cust-036434,19/05/2024,online,mobile,0.05,"4,95",completado,
order-0043141,cust-042412,9 de mayo de 2026,online,mobile,0.15,"0,00",completado,
order-0317654,cust-020075,2025-06-20,online,mobile,0.05,"0,00",completado,
order-0145671,cust-052025,2024-12-10,online,mobile,0.0,"4,95",completado,
order-0269168,cust-041973,08/03/2024,store,n/a,0.2,"0,00",completado,store-36
order-0050786,cust-056008,05/06/2026,store,n/a,0.05,"0,00",completado,store-16
order-0121249,cust-024856,15/06/2026,online,mobile,0.1,"2,95",completado,
order-0002713,cust-raw-fake-002,22/12/2023,online,desktop,0.1,"0,00",completado,
order-0194613,cust-054788,2025-12-19,online,mobile,0.1,"2,95",completado,
order-0283601,cust-044787,2024-11-28,online,mobile,0.0,"0,00",completado,
order-0323052,cust-008675,7 de mayo de 2026,online,mobile,0.0,"2,95",completado,
order-0058737,cust-002313,2026-05-18,online,mobile,0.1,"2,95",completado,
order-0369740,cust-000624,2026-05-18,store,n/a,0.0,"0,00",cancelado,store-36
order-0327558,cust-002584,07/12/2024,online,mobile,0.05,"0,00",devuelto_parcial,
order-0272957,cust-013685,13/08/2024,online,mobile,0.2,"2,95",completado,
order-0156072,cust-059431,14/01/2026,online,mobile,0.3,"2,95",completado,
order-0004896,cust-019062,21 de abril de 2026,online,mobile,0.1,"0,00",completado,
order-0050410,cust-035493,12/07/2025,online,tablet,0.3,"0,00",completado,
order-0075361,cust-006993,18 de junio de 2025,online,mobile,0.15,"0,00",completado,
order-0274883,cust-002823,22 de diciembre de 2025,store,n/a,0.1,"0,00",completado,store-00
order-0233784,cust-019784,2025-11-04,online,mobile,0.0,"0,00",completado,
order-0180363,cust-031474,2026-05-26,online,mobile,0.0,"4,95",completado,
order-0038093,cust-021875,30 de junio de 2026,online,mobile,0.0,"2,95",completado,
order-0138131,cust-049671,9 de enero de 2026,online,mobile,0.2,"0,00",completado,
order-0032879,cust-020976,30 de diciembre de 2025,online,desktop,0.0,"4,95",completado,
order-0070248,cust-048315,27 de noviembre de 2025,online,desktop,0.2,"4,95",completado,
order-0294045,cust-000443,13/12/2024,online,desktop,0.0,"4,95",completado,
order-0134358,cust-012790,2025-10-04,online,mobile,0.05,"2,95",completado,
order-0001586,cust-036086,15/02/2025,online,mobile,0.1,"0,00",completado,
order-0362964,cust-046161,1 de septiembre de 2025,online,mobile,0.1,"2,95",completado,
order-0012236,cust-015874,24 de junio de 2026,online,desktop,0.05,"4,95",completado,
order-0316792,cust-053938,2026-06-30,online,mobile,0.1,"2,95",completado,
order-0056002,cust-018477,2024-11-24,online,mobile,0.1,"2,95",completado,
order-0107990,cust-026567,2 de junio de 2025,online,mobile,0.2,"0,00",completado,
order-0340004,cust-016873,21/09/2025,online,desktop,0.05,"0,00",completado,
order-0084023,cust-030324,02/06/2026,store,n/a,0.1,"0,00",completado,store-37
order-0024519,cust-049539,2024-09-15,online,desktop,0.0,"0,00",completado,
order-0109871,cust-028985,06/09/2025,online,mobile,0.0,"0,00",completado,
order-0241732,cust-002327,2026-04-12,online,tablet,0.0,"0,00",completado,
order-0019527,cust-052442,16 de enero de 2026,online,mobile,0.2,"4,95",completado,
order-0334188,cust-029561,2025-10-20,online,mobile,0.0,"0,00",completado,
order-0045765,cust-043202,5 de octubre de 2025,online,tablet,0.1,"2,95",completado,
order-0336137,cust-059366,2024-10-14,online,mobile,0.0,"4,95",completado,
order-0081432,cust-004320,2026-01-01,online,mobile,0.1,"2,95",completado,
order-0342392,cust-041369,2025-11-03,online,mobile,0.0,"0,00",completado,
order-0136253,cust-032324,10 de julio de 2025,online,tablet,0.2,"4,95",completado,
order-0326087,cust-058195,13 de noviembre de 2023,online,desktop,0.1,"4,95",completado,
order-0198922,cust-040877,18 de agosto de 2024,online,mobile,0.3,"0,00",completado,
order-0362436,cust-037043,19/01/2026,online,mobile,0.3,"4,95",completado,
order-0070992,cust-006170,26/10/2024,online,desktop,0.05,"0,00",completado,
order-0263985,cust-047112,09/06/2026,online,desktop,0.0,"0,00",completado,
order-0201220,cust-010971,03/02/2024,online,mobile,0.2,"4,95",completado,
order-0022754,cust-050527,26 de octubre de 2024,online,mobile,0.0,"4,95",cancelado,
order-0210696,cust-026421,14/05/2026,online,mobile,0.1,"0,00",completado,
order-0169040,cust-012221,27/12/2025,online,mobile,0.05,"0,00",completado,
order-0184070,cust-000607,2026-01-12,online,desktop,0.1,"2,95",completado,
order-0015254,cust-035745,24 de noviembre de 2025,online,mobile,0.0,"0,00",completado,
order-0347911,cust-046963,10/03/2025,online,mobile,0.05,"4,95",devuelto_parcial,
order-0069136,cust-raw-fake-017,22/05/2026,online,mobile,0.1,"0,00",completado,
order-0094251,cust-037095,2024-08-27,online,mobile,0.1,"0,00",completado,
order-0308532,cust-049746,2026-06-30,online,tablet,0.0,"0,00",completado,
order-0362055,cust-053825,7 de marzo de 2025,online,desktop,0.0,"0,00",completado,
order-0283650,cust-040614,15/03/2024,online,desktop,0.05,"4,95",completado,
order-0136249,cust-039376,2026-05-29,online,mobile,0.0,"0,00",completado,
order-0399958,cust-048684,3 de enero de 2026,online,desktop,0.0,"4,95",completado,
order-0290073,cust-043414,2024-04-25,online,tablet,0.2,"0,00",completado,
order-0273650,cust-022175,20 de julio de 2024,online,mobile,0.2,"4,95",completado,
order-0045853,cust-023216,2025-07-13,online,tablet,0.2,"0,00",cancelado,
order-0015332,cust-032622,23 de enero de 2025,online,desktop,0.3,"0,00",completado,
order-0292402,cust-045062,14/04/2026,online,desktop,0.15,"0,00",completado,
order-0255278,cust-054573,12 de diciembre de 2025,online,mobile,0.15,"2,95",cancelado,
order-0163429,cust-042612,14 de diciembre de 2023,online,mobile,0.15,"2,95",completado,
order-0018212,cust-044165,17/12/2025,online,mobile,0.3,"0,00",completado,
order-0027414,cust-043770,24/05/2026,online,desktop,0.1,"4,95",completado,
order-0085409,cust-015761,2024-04-13,online,tablet,0.0,"0,00",devuelto_parcial,
order-0208503,cust-007458,2026-05-12,online,desktop,0.15,"2,95",completado,
order-0230908,cust-012304,2025-08-27,online,tablet,0.2,"0,00",completado,
order-0370765,cust-010334,2024-12-07,online,mobile,0.0,"2,95",completado,
order-0375087,cust-raw-fake-014,2025-11-30,online,mobile,0.1,"0,00",cancelado,
order-0155622,cust-023943,2024-11-27,online,desktop,0.0,"4,95",completado,
order-0163304,cust-014887,30/06/2026,online,mobile,0.1,"4,95",completado,
order-0232500,cust-007906,04/08/2025,online,desktop,0.3,"4,95",completado,
order-0026571,cust-011077,2023-08-22,online,mobile,0.2,"0,00",completado,
order-0042802,cust-020368,22/05/2026,online,mobile,0.15,"2,95",completado,
order-0171508,cust-018250,20 de febrero de 2026,online,desktop,0.2,"0,00",completado,
order-0330838,cust-008599,2024-09-09,online,mobile,0.0,"0,00",completado,
order-0040187,cust-025336,2023-09-13,online,desktop,0.1,"2,95",devuelto_parcial,
order-0090510,cust-016853,2025-12-17,online,mobile,0.1,"4,95",completado,
order-0149909,cust-052204,2026-05-16,online,desktop,0.05,"2,95",completado,
order-0338754,cust-048370,2026-05-20,online,mobile,0.15,"4,95",completado,
order-0083248,cust-009266,2025-12-14,online,mobile,0.1,"2,95",completado,
order-0114105,cust-049057,2024-04-11,online,desktop,0.0,"2,95",devuelto_parcial,
order-0361252,cust-010017,2024-07-30,online,mobile,0.1,"0,00",completado,
order-0142980,cust-034716,15/09/2023,online,desktop,0.0,"4,95",completado,
order-0317702,cust-019793,21 de agosto de 2024,online,mobile,0.1,"2,95",completado,
order-0170435,cust-038117,16/12/2024,online,mobile,0.2,"0,00",completado,
order-0283867,cust-022621,28 de septiembre de 2025,online,desktop,0.0,"0,00",completado,
order-0194745,cust-020154,14 de septiembre de 2025,online,desktop,0.0,"0,00",completado,
order-0078338,cust-027937,21/03/2026,online,mobile,0.05,"2,95",completado,
order-0352831,cust-030889,22/02/2026,online,mobile,0.2,"4,95",completado,
order-0266169,cust-045898,2025-05-03,online,mobile,0.0,"0,00",completado,
order-0288311,cust-057549,2025-06-15,online,mobile,0.0,"4,95",completado,
order-0228092,cust-027394,2026-02-02,online,mobile,0.3,"4,95",completado,
order-0381052,cust-051249,12 de enero de 2026,online,tablet,0.2,"2,95",completado,
order-0388654,cust-033623,2025-07-30,online,mobile,0.1,"2,95",completado,
order-0324593,cust-026390,2025-12-01,online,mobile,0.2,"4,95",completado,
order-0131913,cust-053769,2025-06-17,online,tablet,0.0,"4,95",completado,
order-0249589,cust-026458,2025-06-20,online,desktop,0.0,"4,95",completado,
order-0028012,cust-001131,2024-07-16,online,mobile,0.2,"4,95",completado,
order-0345422,cust-029928,16 de junio de 2026,online,mobile,0.05,"4,95",completado,
order-0077826,cust-022414,30/06/2023,online,desktop,0.05,"4,95",completado,
order-0260313,cust-010140,2025-10-29,online,mobile,0.1,"4,95",completado,
order-0195135,cust-002461,8 de abril de 2026,online,mobile,0.05,"4,95",completado,
order-0161242,cust-031191,12 de noviembre de 2023,online,desktop,0.05,"0,00",completado,
order-0181381,cust-035014,2026-01-15,online,mobile,0.2,"4,95",completado,
order-0353454,cust-027225,2025-09-14,online,desktop,0.0,"2,95",completado,
order-0212557,cust-016483,22/12/2024,online,mobile,0.1,"2,95",completado,
order-0067225,cust-044117,2026-04-23,online,desktop,0.1,"0,00",completado,
order-0078222,cust-025941,28/06/2024,online,mobile,0.0,"4,95",completado,
order-0103684,cust-040691,13 de febrero de 2025,store,n/a,0.1,"0,00",devuelto_parcial,store-30
order-0347353,cust-057087,6 de abril de 2024,online,mobile,0.1,"2,95",completado,
order-0119417,cust-053488,12/07/2024,online,desktop,0.3,"2,95",completado,
order-0097282,cust-030642,7 de octubre de 2025,online,tablet,0.1,"2,95",completado,
order-0083578,cust-009195,2026-04-02,online,tablet,0.0,"4,95",cancelado,
order-0245669,cust-046099,21/12/2024,online,mobile,0.1,"0,00",completado,
order-0229514,cust-046259,30/06/2026,online,mobile,0.0,"2,95",completado,
order-0029761,cust-034169,29 de febrero de 2024,online,mobile,0.0,"0,00",completado,
order-0185127,cust-024880,8 de junio de 2026,online,desktop,0.0,"4,95",completado,
order-0363019,cust-039070,29/12/2025,online,mobile,0.0,"0,00",completado,
order-0350970,cust-014244,03/12/2025,online,mobile,0.1,"0,00",completado,
order-0307298,cust-032514,29 de enero de 2025,online,mobile,0.3,"0,00",completado,
order-0054326,cust-038643,02/04/2026,online,desktop,0.0,"2,95",completado,
order-0145520,cust-019942,13 de enero de 2026,online,desktop,0.1,"2,95",completado,
order-0358273,cust-038589,21/02/2026,online,desktop,0.3,"2,95",completado,
order-0358657,cust-035603,01/10/2024,online,mobile,0.05,"2,95",completado,
order-0213555,cust-029225,01/07/2025,online,mobile,0.2,"0,00",completado,
order-0171959,cust-026872,2025-01-13,online,mobile,0.1,"0,00",devuelto_parcial,
order-0146894,cust-038717,31/01/2026,online,mobile,0.15,"4,95",completado,
order-0095220,cust-048801,2026-01-31,online,desktop,0.2,"0,00",completado,
order-0051867,cust-012755,2 de abril de 2025,online,tablet,0.0,"2,95",completado,
order-0028063,cust-027007,2025-09-29,online,mobile,0.0,"0,00",completado,
order-0204189,cust-041225,21/03/2025,online,mobile,0.2,"2,95",completado,
order-0353077,cust-012965,2026-01-19,online,mobile,0.2,"4,95",completado,
order-0392367,cust-047859,21 de agosto de 2024,online,mobile,0.2,"0,00",completado,
order-0044407,cust-028758,28 de junio de 2026,online,desktop,0.0,"4,95",completado,
order-0237169,cust-015417,30/08/2025,online,mobile,0.3,"0,00",completado,
order-0375085,cust-029711,18 de abril de 2026,store,n/a,0.05,"0,00",completado,store-30
order-0086337,cust-049985,19 de diciembre de 2025,online,mobile,0.2,"4,95",completado,
order-0164785,cust-016124,2024-11-06,online,mobile,0.0,"2,95",completado,
order-0228823,cust-034739,5 de julio de 2024,online,mobile,0.2,"0,00",completado,
order-0181714,cust-053304,2024-08-25,online,mobile,0.1,"0,00",completado,
order-0284944,cust-004208,2026-05-19,online,desktop,0.0,"4,95",completado,
order-0090673,cust-026652,2026-03-02,online,mobile,0.0,"2,95",completado,
order-0282954,cust-031286,2026-03-04,online,desktop,0.0,"0,00",completado,
order-0158827,cust-041081,2025-04-01,store,n/a,0.1,"0,00",completado,store-09
order-0313806,cust-030888,01/11/2024,online,mobile,0.05,"4,95",completado,
order-0294403,cust-030732,2023-12-29,online,desktop,0.0,"2,95",completado,
order-0081314,cust-048104,2024-07-23,online,desktop,0.2,"0,00",devuelto_parcial,
order-0181531,cust-052965,18/03/2026,online,mobile,0.15,"4,95",completado,
order-0053000,cust-003800,14/04/2025,online,desktop,0.05,"4,95",completado,
order-0058314,cust-009379,2023-10-08,online,desktop,0.05,"0,00",completado,
order-0051515,cust-006107,2024-03-14,online,desktop,0.2,"4,95",completado,
order-0207289,cust-004683,2026-06-12,online,tablet,0.0,"4,95",completado,
order-0050139,cust-018752,7 de agosto de 2024,online,mobile,0.1,"4,95",completado,
order-0125709,cust-050333,2026-06-15,online,mobile,0.0,"4,95",completado,
order-0259340,cust-044818,02/07/2024,online,tablet,0.3,"2,95",completado,
order-0276847,cust-057492,5 de marzo de 2026,online,mobile,0.0,"0,00",completado,
order-0009063,cust-036676,18/06/2025,online,mobile,0.0,"0,00",completado,
order-0250717,cust-015305,14 de febrero de 2026,online,desktop,0.3,"0,00",completado,
order-0260088,cust-053376,9 de julio de 2025,online,mobile,0.1,"2,95",completado,
order-0067105,cust-046437,23 de noviembre de 2024,online,mobile,0.1,"4,95",completado,
order-0090803,cust-004518,2024-09-20,online,mobile,0.15,"0,00",cancelado,
order-0051395,cust-003757,2026-04-10,online,desktop,0.0,"0,00",completado,
order-0002753,cust-007634,10/02/2024,online,mobile,0.3,"2,95",completado,
order-0039647,cust-050195,20 de febrero de 2024,online,tablet,0.2,"4,95",completado,
order-0280544,cust-018582,2026-04-27,online,desktop,0.15,"2,95",completado,
order-0369091,cust-047141,19 de julio de 2024,online,mobile,0.3,"4,95",completado,
order-0257355,cust-006144,2024-11-17,online,mobile,0.05,"2,95",completado,
order-0080421,cust-053558,2026-04-23,online,desktop,0.1,"4,95",completado,
order-0398248,cust-050744,26 de mayo de 2026,online,desktop,0.0,"2,95",completado,
order-0332287,cust-010889,2025-06-18,online,tablet,0.0,"0,00",completado,
order-0172132,cust-040375,10 de enero de 2025,online,mobile,0.3,"0,00",completado,
order-0020820,cust-042924,20 de mayo de 2026,online,desktop,0.2,"2,95",completado,
order-0191802,cust-005070,25/07/2025,online,mobile,0.2,"0,00",completado,
order-0172971,cust-027931,2026-06-06,online,mobile,0.1,"0,00",completado,
order-0234299,cust-042178,2024-08-25,online,mobile,0.1,"2,95",completado,
order-0188388,cust-046119,27/03/2026,online,desktop,0.1,"2,95",completado,
order-0314788,cust-058141,2025-02-11,online,mobile,0.2,"0,00",completado,
order-0011463,cust-034048,2025-08-15,online,mobile,0.3,"0,00",devuelto_parcial,
order-0348085,cust-raw-fake-007,21 de junio de 2026,online,mobile,0.0,"0,00",completado,
order-0291861,cust-045363,2023-09-29,store,n/a,0.05,"0,00",completado,store-16
order-0126151,cust-051659,17/10/2025,online,mobile,0.0,"4,95",completado,
order-0039953,cust-026906,29 de marzo de 2025,online,mobile,0.1,"4,95",completado,
order-0120539,cust-004999,2025-11-19,online,mobile,0.0,"4,95",completado,
order-0114438,cust-059596,11 de mayo de 2026,online,desktop,0.15,"2,95",devuelto_parcial,
order-0357476,cust-058033,2023-11-23,online,mobile,0.15,"2,95",completado,
order-0358940,cust-006116,04/01/2026,store,n/a,0.05,"0,00",completado,store-06
order-0159228,cust-016049,01/06/2026,store,n/a,0.0,"0,00",completado,store-34
order-0232578,cust-044228,19 de febrero de 2025,online,tablet,0.2,"0,00",completado,
order-0130779,cust-040877,2023-07-16,online,desktop,0.1,"2,95",completado,
order-0320846,cust-034349,19/02/2026,online,desktop,0.1,"4,95",completado,
order-0090912,cust-013444,3 de marzo de 2026,online,mobile,0.0,"0,00",completado,
order-0282726,cust-015582,31 de marzo de 2026,online,tablet,0.0,"4,95",completado,
order-0189345,cust-006893,2026-04-26,online,desktop,0.0,"2,95",completado,
order-0242337,cust-022277,2026-06-30,online,mobile,0.1,"2,95",completado,
order-0207803,cust-036858,26/03/2026,online,mobile,0.0,"2,95",completado,
order-0383466,cust-008060,2024-02-05,online,mobile,0.1,"4,95",completado,
order-0354762,cust-012578,2025-06-24,online,tablet,0.0,"0,00",completado,
order-0217102,cust-052165,2026-01-27,online,mobile,0.2,"0,00",completado,
order-0010643,cust-raw-fake-008,9 de marzo de 2026,online,mobile,0.0,"4,95",completado,
order-0063185,cust-028555,2026-01-10,online,tablet,0.1,"4,95",completado,
order-0156995,cust-051074,13/08/2025,online,mobile,0.1,"2,95",completado,
order-0252538,cust-054352,2026-03-30,online,mobile,0.1,"0,00",devuelto_parcial,
order-0152456,cust-011115,2023-07-08,online,desktop,0.1,"4,95",completado,
order-0119885,cust-028019,12/03/2026,store,n/a,0.05,"0,00",completado,store-36
order-0004836,cust-023515,25 de mayo de 2025,online,mobile,0.0,"0,00",completado,
order-0215140,cust-037073,20/02/2026,online,desktop,0.1,"4,95",completado,
order-0259060,cust-050874,2023-03-19,online,mobile,0.15,"2,95",completado,
order-0212173,cust-050166,2026-06-17,online,desktop,0.0,"2,95",completado,
order-0230892,cust-057871,25/06/2024,online,desktop,0.1,"4,95",completado,
order-0165790,cust-039431,13/10/2024,online,mobile,0.05,"4,95",completado,
order-0272749,cust-010553,10 de abril de 2026,online,mobile,0.1,"0,00",completado,
order-0226650,cust-045245,08/05/2026,online,desktop,0.1,"0,00",completado,
order-0206270,cust-030323,2025-02-15,online,desktop,0.2,"0,00",cancelado,
order-0190121,cust-008465,18/08/2025,online,mobile,0.1,"0,00",completado,
order-0033544,cust-023887,2024-06-04,online,desktop,0.05,"0,00",completado,
order-0329708,cust-038229,17/05/2025,online,mobile,0.0,"4,95",completado,
order-0179906,cust-046620,2026-06-20,online,mobile,0.05,"4,95",completado,
order-0315740,cust-026455,2025-07-28,online,desktop,0.15,"2,95",completado,
order-0157737,cust-027339,24 de diciembre de 2024,online,desktop,0.3,"0,00",completado,
order-0353594,cust-009414,28/06/2026,online,desktop,0.0,"2,95",completado,
order-0118955,cust-053289,12 de octubre de 2023,online,desktop,0.1,"0,00",completado,
order-0146279,cust-019624,2026-04-25,online,mobile,0.0,"0,00",completado,
order-0097871,cust-022222,2026-06-30,online,desktop,0.15,"0,00",completado,
order-0129766,cust-030050,2024-01-25,online,mobile,0.3,"0,00",devuelto_parcial,
order-0175542,cust-057386,30 de junio de 2026,online,mobile,0.0,"0,00",completado,
order-0337866,cust-036161,2026-04-16,online,mobile,0.0,"0,00",completado,
order-0273303,cust-004024,09/05/2026,online,mobile,0.0,"2,95",cancelado,
order-0079916,cust-021996,10/09/2024,online,desktop,0.0,"0,00",completado,
order-0185807,cust-016216,10/06/2025,online,mobile,0.05,"0,00",completado,
order-0006590,cust-032767,10/11/2024,online,mobile,0.0,"4,95",completado,
order-0296622,cust-052458,15 de diciembre de 2025,online,desktop,0.3,"0,00",completado,
order-0077840,cust-030145,21 de diciembre de 2025,online,tablet,0.2,"0,00",completado,
order-0119805,cust-053593,1 de enero de 2026,online,desktop,0.1,"0,00",completado,
order-0132304,cust-045978,21/02/2026,online,mobile,0.1,"2,95",completado,
order-0124363,cust-052913,2025-11-15,online,desktop,0.0,"4,95",completado,
order-0021397,cust-057289,30/03/2026,online,desktop,0.2,"4,95",completado,
order-0041037,cust-041603,28/02/2026,online,tablet,0.3,"0,00",completado,
order-0381916,cust-015958,2 de enero de 2026,online,mobile,0.0,"4,95",completado,
order-0300212,cust-017284,02/08/2025,online,tablet,0.2,"0,00",completado,
order-0204156,cust-raw-fake-004,31/08/2024,online,mobile,0.3,"4,95",completado,
order-0137542,cust-025048,2023-10-30,online,desktop,0.0,"0,00",completado,
order-0080324,cust-013124,2025-11-23,online,desktop,0.2,"0,00",completado,
order-0099288,cust-054091,29 de noviembre de 2025,online,desktop,0.3,"2,95",completado,
order-0047148,cust-000769,10/06/2026,online,desktop,0.0,"0,00",completado,
order-0316134,cust-025965,12/02/2026,online,mobile,0.1,"2,95",completado,
order-0094574,cust-042561,29/05/2026,online,mobile,0.0,"4,95",completado,
order-0310177,cust-050554,02/04/2025,online,mobile,0.0,"4,95",completado,
order-0340080,cust-003864,27 de agosto de 2025,online,mobile,0.2,"0,00",completado,
order-0260092,cust-018015,2026-05-30,online,mobile,0.0,"0,00",completado,
order-0085057,cust-029057,2025-03-25,online,mobile,0.0,"4,95",cancelado,
order-0162443,cust-020185,27/06/2026,online,mobile,0.0,"4,95",completado,
order-0356044,cust-041551,4 de diciembre de 2024,online,mobile,0.15,"4,95",completado,
order-0168442,cust-057108,05/07/2025,online,mobile,0.3,"4,95",completado,
order-0101016,cust-038148,2025-12-27,store,n/a,0.05,"0,00",completado,store-37
order-0065824,cust-042962,29 de enero de 2026,online,mobile,0.1,"4,95",completado,
order-0221686,cust-054016,2025-10-09,online,desktop,0.1,"2,95",completado,
order-0209273,cust-046236,6 de diciembre de 2025,online,desktop,0.1,"0,00",completado,
order-0292217,cust-030764,9 de abril de 2026,online,mobile,0.0,"2,95",completado,
order-0196318,cust-024193,3 de septiembre de 2023,store,n/a,0.15,"0,00",completado,
order-0130481,cust-016486,2026-02-14,online,desktop,0.2,"4,95",cancelado,
order-0228425,cust-031774,15 de enero de 2026,online,mobile,0.2,"2,95",completado,
order-0345400,cust-033529,2024-10-14,online,desktop,0.0,"2,95",completado,
order-0369098,cust-030473,19 de noviembre de 2025,online,mobile,0.05,"0,00",devuelto_parcial,
order-0230532,cust-011136,3 de septiembre de 2023,online,mobile,0.1,"2,95",completado,
order-0351744,cust-026790,21/09/2025,online,tablet,0.2,"2,95",completado,
order-0141830,cust-000417,15/09/2024,online,mobile,0.0,"0,00",completado,
order-0252709,cust-021544,25 de abril de 2026,online,mobile,0.1,"2,95",completado,
order-0294977,cust-020096,02/11/2024,online,desktop,0.0,"4,95",completado,
order-0160526,cust-050657,2023-11-06,store,n/a,0.0,"0,00",completado,
order-0384944,cust-013378,23 de noviembre de 2024,online,mobile,0.2,"4,95",completado,
order-0091725,cust-025960,8 de septiembre de 2024,online,mobile,0.0,"0,00",completado,
order-0093571,cust-037304,1 de marzo de 2023,online,mobile,0.0,"2,95",completado,
order-0312359,cust-009131,15 de enero de 2026,online,mobile,0.1,"2,95",completado,
order-0139638,cust-020436,8 de enero de 2026,online,desktop,0.3,"4,95",cancelado,
order-0050905,cust-023000,28/12/2025,online,desktop,0.0,"0,00",completado,
order-0260416,cust-049506,04/09/2024,online,mobile,0.0,"4,95",completado,
order-0284467,cust-047920,28/05/2026,online,mobile,0.0,"4,95",completado,
order-0165988,cust-008585,2023-10-29,online,mobile,0.1,"2,95",completado,
order-0221813,cust-030021,18/05/2026,online,desktop,0.1,"2,95",completado,
order-0395596,cust-056687,06/02/2025,online,mobile,0.3,"4,95",completado,
order-0003735,cust-027426,14/03/2026,online,mobile,0.2,"4,95",cancelado,
order-0196268,cust-035236,2024-03-21,online,mobile,0.15,"4,95",completado,
order-0233583,cust-046916,7 de abril de 2025,online,desktop,0.0,"4,95",completado,
order-0068315,cust-028270,27 de mayo de 2024,online,mobile,0.0,"4,95",completado,
order-0022196,cust-047977,08/02/2026,online,mobile,0.2,"2,95",completado,
order-0112530,cust-023918,27 de noviembre de 2025,online,desktop,0.0,"4,95",completado,
order-0045041,cust-000262,4 de agosto de 2024,online,mobile,0.3,"4,95",cancelado,
order-0209213,cust-028825,2025-08-21,online,mobile,0.3,"2,95",completado,
order-0015360,cust-037349,29/01/2025,online,mobile,0.2,"0,00",completado,
order-0121980,cust-010923,10/06/2025,store,n/a,0.0,"0,00",completado,store-31
order-0396048,cust-017326,2025-10-04,online,mobile,0.0,"0,00",completado,
order-0344703,cust-015085,05/09/2023,store,n/a,0.2,"0,00",completado,store-15
order-0321386,cust-029525,15/06/2026,online,desktop,0.05,"2,95",completado,
order-0200932,cust-048380,2025-08-09,online,mobile,0.1,"4,95",completado,
order-0305455,cust-039669,19/01/2026,online,desktop,0.1,"2,95",completado,
order-0276333,cust-036396,17 de agosto de 2025,online,mobile,0.3,"0,00",completado,
order-0000078,cust-052272,2026-02-05,online,mobile,0.1,"2,95",completado,
order-0059512,cust-014995,2025-09-18,online,desktop,0.1,"4,95",completado,
order-0340642,cust-055032,12 de marzo de 2025,online,mobile,0.0,"0,00",completado,
order-0396642,cust-033254,2023-10-14,online,tablet,0.0,"0,00",devuelto_parcial,
order-0117613,cust-005632,24/06/2026,online,mobile,0.05,"4,95",completado,
order-0313274,cust-007645,2025-08-29,online,mobile,0.2,"0,00",completado,
order-0002926,cust-002542,17 de mayo de 2025,online,tablet,0.0,"4,95",completado,
order-0379979,cust-016858,2025-08-15,online,mobile,0.2,"2,95",completado,
order-0317929,cust-051567,14 de agosto de 2025,online,mobile,0.3,"4,95",completado,
order-0026345,cust-001834,24 de diciembre de 2023,online,desktop,0.2,"4,95",completado,
order-0217131,cust-018669,11 de abril de 2025,online,mobile,0.05,"4,95",completado,
order-0188647,cust-052446,2026-03-10,store,n/a,0.0,"0,00",completado,store-00
order-0322606,cust-014801,24/10/2025,online,mobile,0.0,"2,95",completado,
order-0189679,cust-005158,2023-09-19,online,desktop,0.15,"2,95",completado,
order-0330232,cust-038285,25 de marzo de 2024,store,n/a,0.0,"0,00",devuelto_parcial,store-04
order-0274809,cust-032942,14 de diciembre de 2025,online,mobile,0.1,"0,00",completado,
order-0286478,cust-058492,2024-06-27,online,mobile,0.1,"0,00",completado,
order-0289291,cust-057959,15/11/2025,online,mobile,0.05,"0,00",completado,
order-0213222,cust-012780,2026-02-12,online,desktop,0.1,"0,00",completado,
order-0186155,cust-008247,2024-05-30,online,mobile,0.1,"4,95",completado,
order-0120459,cust-054030,22 de enero de 2026,online,tablet,0.3,"2,95",completado,
order-0060240,cust-023905,14 de julio de 2025,online,mobile,0.2,"2,95",completado,
order-0171521,cust-005488,2026-06-30,online,desktop,0.05,"4,95",completado,
order-0045083,cust-001716,7 de abril de 2026,online,mobile,0.1,"0,00",completado,
order-0004310,cust-014462,27 de febrero de 2025,online,mobile,0.3,"2,95",completado,
order-0241625,cust-043555,2024-10-08,online,desktop,0.0,"0,00",completado,
order-0246501,cust-023870,2025-04-30,online,mobile,0.15,"4,95",completado,
order-0076631,cust-045711,2026-03-29,online,mobile,0.0,"4,95",completado,
order-0131844,cust-017602,2025-11-14,online,desktop,0.05,"2,95",completado,
order-0184267,cust-044860,2025-05-13,online,desktop,0.2,"0,00",completado,
order-0399451,cust-031205,9 de diciembre de 2025,online,mobile,0.0,"4,95",devuelto_parcial,
order-0019004,cust-016340,20/05/2023,online,mobile,0.1,"2,95",completado,
order-0336295,cust-013011,13 de octubre de 2023,online,mobile,0.1,"4,95",completado,
order-0207050,cust-041525,01/09/2024,online,mobile,0.15,"0,00",completado,
order-0209229,cust-047662,2025-02-03,online,desktop,0.3,"4,95",completado,
order-0223317,cust-026435,18 de febrero de 2026,online,mobile,0.3,"0,00",completado,
order-0396564,cust-015803,2026-02-18,online,desktop,0.3,"0,00",completado,
order-0126145,cust-041787,18 de julio de 2023,online,desktop,0.3,"2,95",completado,
order-0144910,cust-036701,2026-06-09,online,desktop,0.05,"2,95",completado,
order-0230115,cust-031039,2023-08-10,online,tablet,0.2,"0,00",completado,
order-0352599,cust-026758,2025-09-13,online,mobile,0.0,"2,95",completado,
order-0090151,cust-018414,2025-11-02,online,mobile,0.0,"4,95",completado,
order-0183359,cust-004025,9 de agosto de 2025,online,mobile,0.2,"2,95",completado,
order-0021349,cust-009431,02/11/2024,online,mobile,0.2,"2,95",completado,
order-0356794,cust-004216,24 de enero de 2025,online,desktop,0.3,"0,00",completado,
order-0122031,cust-010555,25 de octubre de 2024,online,mobile,0.0,"2,95",completado,
order-0073749,cust-020453,29/12/2025,store,n/a,0.0,"0,00",completado,store-31
order-0128660,cust-001375,14/10/2025,online,desktop,0.0,"4,95",completado,
order-0349838,cust-002668,10 de mayo de 2026,online,mobile,0.05,"4,95",completado,
order-0396652,cust-015300,2026-06-26,online,mobile,0.1,"4,95",completado,
order-0180550,cust-010603,4 de diciembre de 2025,online,tablet,0.1,"2,95",completado,
order-0014158,cust-014032,2026-04-24,online,mobile,0.05,"0,00",completado,
order-0219059,cust-023314,2025-11-21,online,mobile,0.0,"0,00",completado,
order-0312231,cust-048458,28/02/2026,online,mobile,0.3,"0,00",cancelado,
order-0331863,cust-029051,26/02/2025,online,mobile,0.1,"0,00",completado,
order-0387175,cust-033948,2025-04-18,online,mobile,0.05,"2,95",completado,
order-0376759,cust-056090,14 de octubre de 2023,online,mobile,0.2,"0,00",completado,
order-0163379,cust-036390,06/05/2025,online,desktop,0.15,"0,00",completado,
order-0209981,cust-022446,14/02/2026,store,n/a,0.3,"0,00",completado,store-24
order-0091155,cust-028490,17 de junio de 2026,online,mobile,0.0,"0,00",cancelado,
order-0159863,cust-000358,17 de abril de 2026,online,mobile,0.05,"4,95",completado,
order-0247205,cust-059663,17/03/2025,online,tablet,0.0,"4,95",completado,
order-0211405,cust-012895,2025-01-03,online,desktop,0.15,"2,95",completado,
order-0022677,cust-004409,2026-02-14,online,mobile,0.1,"2,95",cancelado,
order-0284471,cust-028066,2023-05-11,online,desktop,0.05,"0,00",completado,
order-0161170,cust-021335,2024-07-08,online,mobile,0.2,"4,95",completado,
order-0152955,cust-055272,27/06/2026,online,desktop,0.0,"4,95",completado,
order-0310946,cust-012878,13 de marzo de 2025,online,mobile,0.0,"2,95",completado,
order-0170892,cust-036108,21 de marzo de 2025,online,mobile,0.1,"0,00",completado,
order-0023906,cust-052176,2026-06-06,store,n/a,0.05,"0,00",completado,store-23
order-0304845,cust-024290,2026-03-07,online,desktop,0.0,"0,00",completado,
order-0234190,cust-034441,2025-09-10,online,mobile,0.05,"0,00",completado,
order-0161872,cust-036567,2026-02-13,online,mobile,0.2,"0,00",completado,
order-0200046,cust-047425,2025-03-19,online,mobile,0.15,"0,00",devuelto_parcial,
order-0342460,cust-011157,25/06/2026,online,mobile,0.2,"0,00",completado,
order-0028712,cust-022275,2026-03-05,online,mobile,0.1,"0,00",completado,
order-0028497,cust-048431,13 de febrero de 2026,online,mobile,0.2,"2,95",completado,
order-0030505,cust-046808,2 de diciembre de 2023,online,desktop,0.0,"0,00",completado,
order-0155183,cust-033115,12/11/2025,online,mobile,0.2,"0,00",completado,
order-0136483,cust-021730,12/08/2023,online,desktop,0.2,"0,00",completado,
order-0069531,cust-002293,2026-06-16,online,mobile,0.1,"0,00",completado,
order-0040824,cust-008985,20/08/2025,online,mobile,0.1,"0,00",completado,
order-0162911,cust-008107,2025-07-10,online,mobile,0.3,"4,95",completado,
order-0099068,cust-025539,2026-02-21,online,mobile,0.2,"0,00",completado,
order-0165786,cust-042265,2025-10-19,online,mobile,0.05,"2,95",completado,
order-0142222,cust-005767,19 de julio de 2023,online,mobile,0.1,"4,95",completado,
order-0068360,cust-056012,2025-11-19,online,desktop,0.05,"2,95",completado,
order-0169734,cust-048464,13 de julio de 2024,online,mobile,0.3,"0,00",completado,
order-0090768,cust-050905,3 de junio de 2026,online,desktop,0.0,"0,00",cancelado,
order-0029584,cust-051899,11 de mayo de 2026,online,mobile,0.05,"0,00",completado,
order-0277112,cust-031222,10/04/2024,online,desktop,0.1,"0,00",completado,
order-0228237,cust-054986,14 de febrero de 2025,online,desktop,0.2,"2,95",completado,
order-0071926,cust-030359,2026-01-30,online,desktop,0.1,"0,00",completado,
order-0069221,cust-048717,16/02/2026,online,mobile,0.2,"2,95",completado,
order-0018825,cust-048364,26 de febrero de 2026,online,desktop,0.3,"4,95",completado,
order-0216893,cust-050694,2025-05-02,online,mobile,0.0,"0,00",completado,
order-0119407,cust-006778,21/05/2026,online,mobile,0.05,"4,95",completado,
order-0367983,cust-035454,2026-04-27,online,desktop,0.0,"0,00",completado,
order-0088787,cust-raw-fake-002,26/01/2026,online,mobile,0.3,"4,95",completado,
order-0037037,cust-047353,06/05/2026,online,mobile,0.15,"2,95",completado,
order-0007513,cust-013810,2026-01-27,online,mobile,0.3,"2,95",devuelto_parcial,
order-0139263,cust-012304,2025-08-28,online,mobile,0.3,"4,95",devuelto_parcial,
order-0322232,cust-026844,11/02/2026,online,mobile,0.1,"0,00",completado,
order-0079984,cust-043911,19/08/2025,online,mobile,0.1,"2,95",completado,
order-0270190,cust-050913,2023-12-20,online,desktop,0.1,"0,00",completado,
order-0082779,cust-041206,03/12/2025,store,n/a,0.0,"0,00",cancelado,store-18
order-0242627,cust-002544,16/03/2026,online,mobile,0.05,"4,95",completado,
order-0307457,cust-030733,25/07/2024,online,mobile,0.1,"2,95",completado,
order-0370904,cust-030732,2023-12-20,online,desktop,0.2,"0,00",completado,
order-0235069,cust-034610,2025-11-24,online,mobile,0.0,"0,00",completado,
order-0111187,cust-024483,05/01/2025,online,mobile,0.0,"2,95",cancelado,
order-0050923,cust-056912,2026-04-30,online,mobile,0.2,"4,95",completado,
order-0113652,cust-050727,20/05/2025,online,mobile,0.1,"0,00",completado,
order-0020947,cust-045323,2025-05-19,online,mobile,0.0,"2,95",completado,
order-0060397,cust-047135,2026-04-24,online,tablet,0.0,"0,00",completado,
order-0271420,cust-011946,2025-09-11,store,n/a,0.15,"0,00",completado,store-13
order-0272660,cust-043658,25 de mayo de 2025,online,tablet,0.0,"2,95",completado,
order-0154776,cust-020959,20/05/2026,online,desktop,0.1,"0,00",completado,
order-0062496,cust-037248,2026-04-15,online,mobile,0.1,"2,95",completado,
order-0332187,cust-021926,2026-05-08,online,mobile,0.1,"0,00",completado,
order-0311898,cust-033148,2025-05-18,online,mobile,0.05,"0,00",completado,
order-0104315,cust-033742,2025-05-25,online,mobile,0.0,"4,95",completado,
order-0283250,cust-009333,11/06/2025,online,mobile,0.05,"2,95",cancelado,
order-0287740,cust-010996,2024-08-24,online,desktop,0.15,"2,95",completado,
order-0347345,cust-058557,30/01/2026,online,mobile,0.1,"0,00",completado,
order-0235805,cust-039180,12/02/2026,online,mobile,0.3,"4,95",completado,
order-0390845,cust-015375,09/02/2026,online,mobile,0.3,"2,95",completado,
order-0205671,cust-001999,2024-01-07,online,mobile,0.3,"0,00",completado,
order-0012362,cust-034471,09/10/2024,online,mobile,0.05,"2,95",completado,
order-0282611,cust-028975,14/06/2026,store,n/a,0.15,"0,00",completado,store-20
order-0261342,cust-041899,27/11/2025,online,desktop,0.0,"4,95",completado,
order-0268848,cust-002638,11 de agosto de 2023,online,desktop,0.1,"0,00",completado,
order-0148456,cust-014256,2026-06-09,online,desktop,0.0,"2,95",completado,
order-0002112,cust-024927,20/07/2024,online,desktop,0.2,"2,95",completado,
order-0070488,cust-031485,2025-12-02,online,mobile,0.15,"4,95",completado,
order-0189401,cust-025459,23 de marzo de 2026,online,mobile,0.1,"4,95",completado,
order-0346415,cust-046243,05/09/2024,online,mobile,0.15,"4,95",completado,
order-0105016,cust-016076,25/07/2025,online,desktop,0.1,"4,95",completado,
order-0347377,cust-041160,2024-06-16,online,mobile,0.15,"0,00",completado,
order-0041446,cust-026102,01/09/2024,online,desktop,0.0,"4,95",completado,
order-0022957,cust-045619,16 de septiembre de 2025,online,mobile,0.0,"4,95",completado,
order-0384914,cust-024599,2025-06-29,online,desktop,0.0,"0,00",completado,
order-0167196,cust-017849,11/07/2024,online,desktop,0.3,"2,95",devuelto_parcial,
order-0181787,cust-042681,12/08/2024,online,mobile,0.3,"0,00",completado,
order-0105952,cust-025647,16/06/2023,online,mobile,0.2,"4,95",completado,
order-0231680,cust-057092,2026-05-19,online,mobile,0.15,"4,95",completado,
order-0393419,cust-052119,23/12/2025,online,mobile,0.3,"0,00",completado,
order-0044753,cust-005412,29 de agosto de 2025,online,mobile,0.1,"4,95",devuelto_parcial,
order-0332350,cust-raw-fake-000,28/04/2026,online,desktop,0.05,"0,00",completado,
order-0364741,cust-011624,22 de septiembre de 2025,online,mobile,0.0,"0,00",completado,
order-0335817,cust-023592,28/06/2024,online,mobile,0.0,"2,95",completado,
order-0260411,cust-015412,2026-01-13,online,tablet,0.3,"2,95",completado,
order-0393984,cust-034602,27 de junio de 2026,online,desktop,0.0,"2,95",completado,
order-0262681,cust-039050,4 de junio de 2023,online,mobile,0.0,"4,95",cancelado,
order-0103010,cust-046571,23/12/2025,online,desktop,0.3,"4,95",completado,
order-0154650,cust-009227,11 de enero de 2026,online,desktop,0.1,"4,95",completado,
order-0396596,cust-044097,25 de marzo de 2025,online,desktop,0.15,"0,00",completado,
order-0157192,cust-033566,16/02/2025,online,mobile,0.2,"4,95",completado,
order-0130282,cust-010906,19/06/2026,online,mobile,0.1,"0,00",completado,
order-0269916,cust-016659,26/12/2025,online,mobile,0.0,"2,95",devuelto_parcial,
order-0374392,cust-049668,27/12/2025,online,desktop,0.0,"0,00",completado,
order-0391308,cust-035125,3 de junio de 2026,online,desktop,0.0,"4,95",completado,
order-0089924,cust-043149,2026-06-05,online,desktop,0.05,"2,95",completado,
order-0348371,cust-037039,2024-04-22,online,tablet,0.1,"0,00",completado,
order-0246377,cust-000527,22 de abril de 2026,online,desktop,0.2,"4,95",completado,
order-0377736,cust-004475,2026-01-12,online,desktop,0.2,"0,00",completado,
order-0175052,cust-026860,2024-04-18,online,mobile,0.2,"4,95",completado,
order-0295514,cust-035019,2024-03-01,online,mobile,0.0,"4,95",cancelado,
order-0027480,cust-012895,26/07/2025,online,desktop,0.2,"0,00",completado,
order-0326176,cust-014590,2026-02-02,online,mobile,0.1,"2,95",completado,
order-0182720,cust-033152,18 de noviembre de 2024,online,tablet,0.0,"4,95",completado,
order-0029164,cust-003115,1 de julio de 2025,online,mobile,0.1,"2,95",completado,
order-0178172,cust-002175,2025-01-10,online,desktop,0.2,"2,95",completado,
order-0267725,cust-046376,2025-10-17,online,mobile,0.0,"2,95",completado,
order-0053193,cust-042579,2024-05-19,online,mobile,0.0,"4,95",completado,
order-0178957,cust-008233,1 de febrero de 2026,online,desktop,0.2,"2,95",completado,
order-0377606,cust-054971,2025-04-22,online,desktop,0.05,"2,95",completado,
order-0109184,cust-027024,19/02/2026,online,mobile,0.3,"0,00",completado,
order-0055231,cust-raw-fake-002,2 de marzo de 2025,online,mobile,0.0,"4,95",completado,
order-0156686,cust-027801,19/04/2025,online,mobile,0.1,"2,95",completado,
order-0002671,cust-021730,29/05/2023,online,mobile,0.0,"0,00",completado,
order-0179808,cust-055235,22/02/2025,store,n/a,0.2,"0,00",completado,store-37
order-0185231,cust-025085,2025-02-17,online,desktop,0.1,"0,00",completado,
order-0005013,cust-019927,30/06/2026,store,n/a,0.0,"0,00",completado,store-32
order-0182114,cust-008013,04/04/2026,online,mobile,0.0,"0,00",completado,
order-0126779,cust-006538,12 de diciembre de 2025,online,desktop,0.05,"2,95",completado,
order-0253879,cust-031411,2 de enero de 2026,online,mobile,0.05,"4,95",completado,
order-0136618,cust-054948,03/10/2024,online,desktop,0.0,"2,95",completado,
order-0387682,cust-046099,1 de diciembre de 2024,online,mobile,0.05,"0,00",completado,
order-0052414,cust-014887,25/06/2026,online,mobile,0.2,"0,00",completado,
order-0222943,cust-002034,9 de mayo de 2025,online,desktop,0.0,"0,00",completado,
order-0207829,cust-043057,11 de diciembre de 2024,online,mobile,0.05,"2,95",completado,
order-0081058,cust-057738,2026-02-26,online,desktop,0.2,"2,95",completado,
order-0097364,cust-021397,2025-02-28,online,mobile,0.3,"0,00",completado,
order-0370092,cust-044385,2023-11-24,online,mobile,0.3,"4,95",completado,
order-0332724,cust-024175,18/04/2026,online,mobile,0.05,"0,00",completado,
order-0054992,cust-020258,2025-03-05,online,mobile,0.0,"4,95",completado,
order-0005599,cust-020442,2026-03-20,online,mobile,0.1,"0,00",completado,
order-0294140,cust-006779,30 de enero de 2025,online,mobile,0.3,"2,95",completado,
order-0112249,cust-044343,2025-11-19,store,n/a,0.15,"0,00",completado,store-10
order-0172045,cust-055744,11 de junio de 2026,online,desktop,0.0,"0,00",completado,
order-0290133,cust-035685,2025-06-26,online,mobile,0.1,"2,95",completado,
order-0015018,cust-018064,2024-07-24,online,desktop,0.3,"2,95",completado,
order-0181186,cust-039113,16/08/2025,online,desktop,0.2,"2,95",completado,
order-0007080,cust-003904,11/08/2024,online,mobile,0.2,"0,00",completado,
order-0204266,cust-031438,2024-11-14,store,n/a,0.05,"0,00",completado,store-06
order-0349612,cust-014604,24 de enero de 2026,online,desktop,0.3,"2,95",completado,
order-0010588,cust-053341,10/07/2024,online,desktop,0.3,"4,95",completado,
order-0114197,cust-015536,20/01/2024,online,mobile,0.1,"4,95",completado,
order-0241813,cust-003144,8 de enero de 2025,online,mobile,0.1,"0,00",completado,
order-0149130,cust-015761,2024-04-22,store,n/a,0.0,"0,00",completado,store-19
order-0064836,cust-016211,2025-01-09,online,mobile,0.2,"2,95",completado,
order-0260442,cust-032271,19/01/2026,online,mobile,0.1,"4,95",completado,
order-0366983,cust-010381,3 de marzo de 2026,online,desktop,0.1,"0,00",completado,
order-0169016,cust-raw-fake-005,27/03/2025,online,desktop,0.0,"4,95",completado,
order-0386038,cust-056390,2025-05-22,online,desktop,0.05,"0,00",completado,
order-0046992,cust-019823,7 de octubre de 2025,online,desktop,0.1,"0,00",completado,
order-0071517,cust-003030,3 de febrero de 2026,online,mobile,0.3,"0,00",completado,
order-0095008,cust-004456,1 de enero de 2025,online,mobile,0.15,"2,95",completado,
order-0102206,cust-025067,7 de junio de 2026,online,mobile,0.0,"4,95",completado,
order-0319654,cust-013967,9 de julio de 2025,online,mobile,0.3,"0,00",completado,
order-0019095,cust-044402,27 de enero de 2026,online,mobile,0.3,"2,95",completado,
order-0040337,cust-053233,17/05/2026,online,tablet,0.1,"4,95",completado,
order-0071672,cust-008384,2023-11-09,online,mobile,0.05,"0,00",completado,
order-0339854,cust-037784,2024-09-04,online,desktop,0.05,"4,95",completado,
order-0233372,cust-002757,2025-09-24,online,desktop,0.15,"2,95",completado,
order-0331436,cust-053058,2025-10-12,online,mobile,0.0,"4,95",devuelto_parcial,
order-0015434,cust-021071,24 de junio de 2025,online,mobile,0.0,"0,00",completado,
order-0235509,cust-039464,25 de enero de 2026,online,tablet,0.1,"0,00",completado,
order-0324525,cust-050342,2026-03-15,online,desktop,0.05,"2,95",completado,
order-0066712,cust-019050,25/10/2025,online,desktop,0.0,"2,95",completado,
order-0037402,cust-026973,2025-09-26,online,mobile,0.05,"2,95",completado,
order-0394483,cust-045238,10/08/2024,online,mobile,0.1,"4,95",cancelado,
order-0069573,cust-043960,2024-06-24,online,mobile,0.0,"2,95",completado,
order-0366091,cust-018457,2025-09-18,online,desktop,0.05,"0,00",completado,
order-0153053,cust-059444,2025-06-07,online,mobile,0.05,"0,00",devuelto_parcial,
order-0053575,cust-049028,2 de junio de 2025,online,desktop,0.05,"2,95",completado,
order-0288986,cust-058410,2026-04-19,online,tablet,0.0,"2,95",devuelto_parcial,
order-0182610,cust-037160,03/08/2024,online,desktop,0.2,"2,95",completado,
order-0236981,cust-004180,05/09/2023,online,mobile,0.05,"4,95",completado,
order-0336131,cust-010750,23/10/2025,online,desktop,0.0,"2,95",completado,
order-0184889,cust-007975,03/03/2026,online,mobile,0.0,"0,00",completado,
order-0124017,cust-038315,10/01/2026,store,n/a,0.3,"0,00",completado,store-09
order-0379642,cust-036109,2025-08-19,online,mobile,0.1,"0,00",completado,
order-0153125,cust-028472,23/06/2026,online,mobile,0.0,"4,95",completado,
order-0127488,cust-030071,28/05/2026,online,desktop,0.0,"2,95",completado,
order-0212423,cust-029498,2025-11-22,online,desktop,0.0,"4,95",completado,
order-0349738,cust-056948,2026-05-08,online,desktop,0.05,"4,95",completado,
order-0059087,cust-raw-fake-018,12/08/2025,store,n/a,0.2,"0,00",completado,store-13
order-0029512,cust-007106,8 de agosto de 2024,online,desktop,0.3,"4,95",completado,
order-0063534,cust-044516,2024-12-22,online,mobile,0.2,"0,00",completado,
order-0332826,cust-057799,2025-09-24,online,desktop,0.0,"4,95",completado,
order-0049091,cust-014486,07/10/2024,store,n/a,0.0,"0,00",completado,store-38
order-0169354,cust-003774,25 de mayo de 2026,online,mobile,0.1,"2,95",completado,
order-0074976,cust-027027,27 de mayo de 2026,online,mobile,0.05,"4,95",completado,
order-0127278,cust-028156,2026-06-30,online,desktop,0.0,"0,00",completado,
order-0167717,cust-034274,18/07/2024,online,mobile,0.2,"2,95",completado,
order-0282962,cust-004036,25/01/2026,online,desktop,0.1,"2,95",completado,
order-0375052,cust-043971,25/12/2024,online,tablet,0.0,"4,95",completado,
order-0114317,cust-000155,28/11/2024,online,mobile,0.0,"0,00",completado,
order-0021919,cust-045766,25/04/2026,online,desktop,0.0,"4,95",completado,
order-0270398,cust-021884,28 de abril de 2026,online,tablet,0.2,"0,00",completado,
order-0205039,cust-051370,30 de junio de 2026,online,mobile,0.0,"2,95",completado,
order-0346000,cust-043671,28/02/2024,online,mobile,0.2,"0,00",completado,
order-0231177,cust-003826,22 de enero de 2024,online,desktop,0.15,"2,95",completado,
order-0203958,cust-049593,29/06/2025,online,mobile,0.0,"0,00",completado,
order-0013276,cust-014581,2026-03-05,online,mobile,0.0,"2,95",completado,
order-0292719,cust-028081,2025-01-13,online,desktop,0.1,"4,95",completado,
order-0216189,cust-034334,15 de marzo de 2026,online,desktop,0.05,"0,00",completado,
order-0044629,cust-039864,2024-08-22,online,mobile,0.1,"0,00",completado,
order-0334277,cust-058318,2026-06-16,online,mobile,0.0,"0,00",completado,
order-0362112,cust-039570,15 de abril de 2026,online,mobile,0.05,"4,95",completado,
order-0256558,cust-052282,2025-05-09,online,mobile,0.1,"0,00",completado,
order-0293031,cust-036754,20/11/2025,store,n/a,0.05,"0,00",completado,store-10
order-0334875,cust-009903,18 de diciembre de 2024,online,mobile,0.1,"2,95",completado,
order-0110879,cust-006841,16/08/2024,store,n/a,0.3,"0,00",devuelto_parcial,store-29
order-0084112,cust-002767,28/06/2025,online,desktop,0.0,"0,00",completado,
order-0019286,cust-010714,24/11/2024,online,desktop,0.2,"4,95",completado,
order-0247858,cust-039268,09/06/2025,online,desktop,0.05,"4,95",completado,
order-0016076,cust-052591,31 de mayo de 2026,online,mobile,0.0,"2,95",completado,
order-0008989,cust-006093,2026-02-18,online,mobile,0.3,"4,95",completado,
order-0147139,cust-029792,27 de febrero de 2025,online,mobile,0.15,"0,00",completado,
order-0188888,cust-027805,2024-09-12,online,mobile,0.15,"2,95",devuelto_parcial,
order-0106335,cust-018144,28 de febrero de 2025,online,mobile,0.2,"0,00",completado,
order-0011277,cust-053959,14 de octubre de 2025,online,desktop,0.0,"2,95",completado,
order-0394488,cust-005509,2024-11-17,online,mobile,0.0,"2,95",devuelto_parcial,
order-0141054,cust-raw-fake-015,2024-01-04,online,tablet,0.0,"4,95",completado,
order-0281683,cust-024142,2025-11-20,online,desktop,0.0,"4,95",completado,
order-0060054,cust-038809,2025-03-17,store,n/a,0.0,"0,00",completado,store-24
order-0342252,cust-025387,22 de septiembre de 2025,online,mobile,0.0,"0,00",completado,
order-0095697,cust-047068,2026-06-20,online,mobile,0.1,"4,95",completado,
order-0221495,cust-053704,2025-08-19,online,desktop,0.1,"0,00",completado,
order-0110483,cust-017593,09/07/2025,store,n/a,0.1,"0,00",completado,
order-0187603,cust-042329,13/02/2026,online,desktop,0.2,"4,95",completado,
order-0271982,cust-023725,12 de junio de 2025,online,mobile,0.05,"4,95",completado,
order-0127033,cust-052826,2023-12-22,online,desktop,0.1,"0,00",completado,
order-0245918,cust-020752,2025-01-01,online,tablet,0.15,"2,95",completado,
order-0054331,cust-035578,2024-06-28,online,desktop,0.0,"4,95",completado,
order-0172928,cust-039500,8 de abril de 2026,online,desktop,0.0,"2,95",devuelto_parcial,
order-0330728,cust-005065,26 de mayo de 2025,online,mobile,0.0,"4,95",completado,
order-0061841,cust-000980,2026-04-10,online,mobile,0.0,"2,95",completado,
order-0243685,cust-010284,25/06/2024,online,mobile,0.0,"4,95",completado,
order-0397059,cust-052720,24 de febrero de 2025,online,desktop,0.2,"2,95",completado,
order-0003370,cust-raw-fake-005,26 de abril de 2024,store,n/a,0.0,"0,00",completado,store-14
order-0126374,cust-032524,2026-06-24,online,desktop,0.1,"2,95",completado,
order-0212471,cust-055537,3 de julio de 2025,online,mobile,0.2,"4,95",completado,
order-0338579,cust-013690,30/06/2026,online,desktop,0.15,"0,00",completado,
order-0146070,cust-009985,21/10/2025,online,mobile,0.1,"2,95",completado,
order-0055456,cust-048640,20 de enero de 2026,online,desktop,0.1,"2,95",completado,
order-0101483,cust-056119,22 de diciembre de 2025,online,mobile,0.3,"0,00",completado,
order-0230634,cust-050902,2026-05-03,online,mobile,0.0,"0,00",completado,
order-0086997,cust-006134,26 de noviembre de 2025,online,mobile,0.0,"4,95",cancelado,
order-0399568,cust-056563,2026-04-27,online,mobile,0.0,"4,95",completado,
order-0096424,cust-033861,2026-05-27,online,mobile,0.1,"4,95",completado,
order-0201375,cust-003713,2026-06-27,online,mobile,0.0,"0,00",cancelado,
order-0192519,cust-034872,7 de abril de 2025,online,mobile,0.15,"0,00",completado,
order-0190703,cust-028525,2025-03-18,store,n/a,0.05,"0,00",completado,store-27
order-0128038,cust-001022,2026-04-04,store,n/a,0.05,"0,00",cancelado,store-28
order-0072103,cust-008323,12/01/2026,online,desktop,0.3,"4,95",completado,
order-0383076,cust-049539,20 de junio de 2025,online,mobile,0.0,"2,95",completado,
order-0350684,cust-026346,1 de mayo de 2026,online,desktop,0.0,"0,00",completado,
order-0125940,cust-046640,2026-01-29,online,mobile,0.2,"0,00",completado,
order-0238917,cust-050972,07/04/2026,online,mobile,0.15,"4,95",completado,
order-0105486,cust-016023,18 de mayo de 2025,online,mobile,0.15,"2,95",completado,
order-0194960,cust-010047,14 de septiembre de 2024,online,desktop,0.15,"2,95",completado,
order-0170701,cust-036502,2025-06-16,online,mobile,0.2,"4,95",completado,
order-0220625,cust-000308,27/06/2026,online,mobile,0.1,"2,95",completado,
order-0086596,cust-039026,2026-06-02,online,desktop,0.0,"0,00",completado,
order-0042854,cust-053738,2025-04-12,online,mobile,0.0,"0,00",completado,
order-0246601,cust-026440,03/11/2024,online,mobile,0.0,"4,95",devuelto_parcial,
order-0145664,cust-005382,11 de septiembre de 2025,online,desktop,0.1,"4,95",completado,
order-0278948,cust-013732,06/03/2024,online,desktop,0.0,"0,00",completado,
order-0232654,cust-042984,27/12/2025,online,mobile,0.0,"4,95",completado,
order-0363874,cust-027990,05/09/2023,online,desktop,0.05,"4,95",completado,
order-0148379,cust-014154,2024-10-31,online,desktop,0.1,"0,00",completado,
order-0196285,cust-018036,30/10/2025,online,desktop,0.0,"0,00",completado,
order-0016839,cust-000959,10/11/2023,online,tablet,0.0,"4,95",completado,
order-0389385,cust-007378,17 de octubre de 2024,online,desktop,0.0,"4,95",completado,
order-0178216,cust-006935,30 de octubre de 2025,online,mobile,0.0,"2,95",completado,
order-0365770,cust-009710,4 de enero de 2025,online,mobile,0.15,"0,00",completado,
order-0207634,cust-003251,26/02/2026,online,mobile,0.1,"2,95",completado,
order-0037050,cust-031501,22 de abril de 2026,online,desktop,0.1,"2,95",cancelado,
order-0083353,cust-049455,2025-08-25,online,desktop,0.3,"4,95",devuelto_parcial,
order-0116666,cust-039185,29/01/2026,online,mobile,0.2,"0,00",completado,
order-0342229,cust-031682,05/05/2025,online,desktop,0.05,"4,95",completado,
order-0165927,cust-021587,2026-02-05,online,mobile,0.1,"4,95",completado,
order-0327935,cust-021401,21/03/2026,online,tablet,0.0,"2,95",completado,
order-0197456,cust-020139,07/04/2026,online,tablet,0.05,"2,95",completado,
order-0256801,cust-042368,2025-12-16,online,desktop,0.2,"0,00",completado,
order-0392507,cust-006840,22/06/2023,online,desktop,0.2,"4,95",completado,
order-0127210,cust-053393,2026-01-17,online,mobile,0.2,"0,00",devuelto_parcial,
order-0046666,cust-057375,2025-03-15,online,tablet,0.2,"0,00",completado,
order-0196770,cust-045347,2 de septiembre de 2025,online,mobile,0.15,"2,95",completado,
order-0310703,cust-007822,2026-02-04,online,mobile,0.3,"0,00",devuelto_parcial,
order-0350851,cust-006870,1 de junio de 2025,online,desktop,0.05,"0,00",completado,
order-0032534,cust-023833,11 de diciembre de 2023,online,mobile,0.05,"4,95",completado,
order-0206981,cust-057399,1 de noviembre de 2024,online,tablet,0.0,"0,00",completado,
order-0173129,cust-003587,14 de septiembre de 2023,online,mobile,0.0,"4,95",completado,
order-0224589,cust-052485,2025-03-15,online,desktop,0.1,"2,95",completado,
order-0359173,cust-053836,09/04/2025,online,mobile,0.0,"2,95",completado,
order-0083822,cust-042116,19 de enero de 2026,online,mobile,0.2,"0,00",completado,
order-0318499,cust-014955,2025-12-15,online,mobile,0.2,"2,95",completado,
order-0066226,cust-019957,2023-04-16,online,desktop,0.0,"4,95",completado,
order-0107809,cust-008600,2025-05-18,online,desktop,0.0,"0,00",completado,
order-0215932,cust-003234,22/07/2024,online,mobile,0.3,"2,95",completado,
order-0242459,cust-038410,2026-04-18,store,n/a,0.1,"0,00",cancelado,store-21
order-0074254,cust-054253,12 de febrero de 2026,online,mobile,0.3,"2,95",completado,
order-0238909,cust-030354,2024-05-14,online,mobile,0.2,"2,95",completado,
order-0189142,cust-030476,2025-09-27,online,mobile,0.0,"2,95",completado,
order-0221961,cust-035836,08/03/2024,online,desktop,0.1,"2,95",completado,
order-0335840,cust-043740,17/06/2025,online,mobile,0.0,"2,95",completado,
order-0045358,cust-034762,04/11/2024,online,desktop,0.0,"2,95",completado,
order-0089231,cust-018947,12/11/2025,online,desktop,0.0,"4,95",cancelado,
order-0086323,cust-009098,27 de mayo de 2025,online,desktop,0.1,"0,00",completado,
order-0118839,cust-055676,29/11/2025,online,mobile,0.3,"2,95",completado,
order-0048705,cust-raw-fake-016,2024-11-22,online,mobile,0.2,"4,95",cancelado,
order-0191894,cust-009603,2025-09-04,store,n/a,0.2,"0,00",devuelto_parcial,store-25
order-0061182,cust-033425,05/03/2026,online,desktop,0.0,"2,95",completado,
order-0190949,cust-raw-fake-010,2025-09-27,online,mobile,0.0,"2,95",completado,
order-0019783,cust-001787,23 de septiembre de 2024,online,mobile,0.0,"4,95",completado,
order-0398423,cust-020226,02/05/2024,online,mobile,0.05,"4,95",completado,
order-0271356,cust-017433,28 de mayo de 2025,online,mobile,0.0,"0,00",completado,
order-0049281,cust-048833,07/12/2024,online,desktop,0.0,"0,00",completado,
order-0342193,cust-046270,24/04/2026,online,mobile,0.05,"0,00",completado,
order-0022450,cust-013903,2024-09-17,online,mobile,0.2,"0,00",completado,
order-0377642,cust-021844,2024-05-18,store,n/a,0.0,"0,00",completado,store-26
order-0114094,cust-000671,2025-12-11,online,desktop,0.05,"2,95",completado,
order-0366910,cust-030196,27 de abril de 2026,online,tablet,0.05,"0,00",completado,
order-0299851,cust-009686,2025-11-26,online,mobile,0.0,"0,00",completado,
order-0167212,cust-012720,5 de abril de 2025,online,desktop,0.0,"4,95",completado,
order-0380181,cust-010208,2025-08-09,online,mobile,0.2,"0,00",completado,
order-0068504,cust-025517,01/11/2025,online,desktop,0.0,"0,00",completado,
order-0380221,cust-004196,2026-01-10,online,mobile,0.3,"0,00",completado,
order-0013599,cust-056675,03/01/2025,store,n/a,0.0,"0,00",completado,store-12
order-0380037,cust-003176,30/06/2026,store,n/a,0.05,"0,00",completado,store-20
order-0378749,cust-040885,24/02/2025,online,desktop,0.2,"4,95",completado,
order-0233966,cust-012367,19 de mayo de 2024,online,desktop,0.05,"0,00",completado,
order-0014743,cust-003989,1 de diciembre de 2025,online,mobile,0.1,"2,95",devuelto_parcial,
order-0394632,cust-059412,31 de julio de 2025,online,mobile,0.2,"0,00",completado,
order-0129431,cust-019069,14 de enero de 2026,online,mobile,0.1,"4,95",completado,
order-0186330,cust-005612,25 de septiembre de 2024,online,mobile,0.15,"0,00",completado,
order-0098127,cust-027637,25/01/2025,online,desktop,0.2,"2,95",completado,
order-0204889,cust-000511,14/03/2025,online,mobile,0.0,"4,95",completado,
order-0165557,cust-012321,30 de junio de 2025,online,desktop,0.0,"4,95",completado,
order-0007129,cust-003543,7 de diciembre de 2025,online,tablet,0.05,"2,95",completado,
order-0288172,cust-023969,27 de diciembre de 2025,online,desktop,0.05,"0,00",completado,
order-0158451,cust-045421,2026-04-14,online,mobile,0.2,"2,95",cancelado,
order-0384271,cust-030338,21/12/2024,online,desktop,0.1,"0,00",devuelto_parcial,
order-0043654,cust-032572,2026-01-17,online,tablet,0.3,"2,95",cancelado,
order-0078434,cust-037990,19 de agosto de 2025,online,mobile,0.2,"2,95",completado,
order-0267180,cust-058957,11 de mayo de 2026,online,desktop,0.1,"0,00",completado,
order-0251651,cust-030876,1 de marzo de 2025,online,mobile,0.0,"4,95",cancelado,
order-0209147,cust-050867,11/01/2025,online,desktop,0.2,"0,00",completado,
order-0373778,cust-047130,13/05/2025,online,mobile,0.0,"2,95",completado,
order-0173630,cust-016647,2025-12-23,online,desktop,0.1,"0,00",completado,
order-0390588,cust-021643,2026-03-27,online,mobile,0.0,"4,95",completado,
order-0262327,cust-056774,04/05/2025,online,desktop,0.1,"4,95",completado,
order-0372743,cust-054832,03/12/2024,online,mobile,0.0,"0,00",completado,
order-0333058,cust-056801,2024-11-22,online,mobile,0.2,"2,95",completado,
order-0037351,cust-034992,2026-04-27,online,mobile,0.15,"0,00",completado,
order-0130520,cust-022810,2026-03-10,online,desktop,0.0,"4,95",completado,
order-0227473,cust-012138,30/06/2026,online,mobile,0.0,"0,00",completado,
order-0329636,cust-047061,01/06/2025,online,mobile,0.1,"2,95",completado,
order-0363002,cust-051618,14/04/2026,online,desktop,0.0,"0,00",completado,
order-0286034,cust-012754,27 de agosto de 2024,online,mobile,0.2,"0,00",completado,
order-0327767,cust-041524,1 de julio de 2024,online,mobile,0.3,"0,00",completado,
order-0208808,cust-000758,28 de mayo de 2026,online,mobile,0.0,"2,95",completado,
order-0384039,cust-038906,16/02/2026,online,mobile,0.2,"4,95",completado,
order-0140968,cust-052200,19/06/2024,online,mobile,0.0,"0,00",completado,
order-0376140,cust-008026,2026-02-01,online,mobile,0.2,"4,95",completado,
order-0298987,cust-051305,11 de febrero de 2025,online,desktop,0.1,"0,00",completado,
order-0101097,cust-052155,14 de febrero de 2025,online,mobile,0.3,"2,95",completado,
order-0375505,cust-018973,4 de diciembre de 2025,online,mobile,0.05,"0,00",completado,
order-0025032,cust-003754,26 de enero de 2026,online,mobile,0.3,"4,95",cancelado,
order-0042996,cust-021235,2025-04-14,online,desktop,0.0,"0,00",completado,
order-0061868,cust-044436,29 de noviembre de 2024,store,n/a,0.0,"0,00",completado,store-31
order-0262115,cust-013423,2026-05-05,online,mobile,0.0,"0,00",completado,
order-0351539,cust-010275,5 de julio de 2025,store,n/a,0.1,"0,00",completado,store-25
order-0156057,cust-004766,2025-06-23,online,desktop,0.1,"4,95",completado,
order-0217553,cust-030037,2025-10-30,online,desktop,0.0,"2,95",completado,
order-0059030,cust-052647,2025-12-17,online,mobile,0.1,"4,95",completado,
order-0149544,cust-047969,2025-01-20,online,mobile,0.3,"2,95",completado,
order-0272777,cust-043275,2026-05-03,online,mobile,0.15,"4,95",completado,
order-0180613,cust-049455,2025-08-20,online,desktop,0.1,"0,00",completado,
order-0105673,cust-050780,2026-01-20,online,mobile,0.2,"4,95",completado,
order-0273543,cust-022027,2024-02-14,online,desktop,0.1,"2,95",completado,
order-0384202,cust-048943,19 de marzo de 2026,online,mobile,0.0,"4,95",completado,
order-0254838,cust-025308,12 de diciembre de 2024,online,desktop,0.1,"4,95",completado,
order-0172198,cust-053807,19/07/2024,store,n/a,0.2,"0,00",devuelto_parcial,store-05
order-0331626,cust-019041,13 de noviembre de 2025,online,mobile,0.05,"0,00",completado,
order-0141834,cust-004021,2024-11-11,online,desktop,0.0,"2,95",completado,
order-0010296,cust-020411,14 de julio de 2025,online,desktop,0.2,"4,95",completado,
order-0213348,cust-006449,04/04/2026,online,desktop,0.0,"2,95",completado,
order-0144404,cust-033097,2025-05-12,store,n/a,0.05,"0,00",completado,store-16
order-0266797,cust-006539,25 de agosto de 2024,online,desktop,0.2,"2,95",devuelto_parcial,
order-0394364,cust-058380,27 de mayo de 2026,online,desktop,0.0,"0,00",completado,
order-0021152,cust-043202,18/10/2025,online,desktop,0.05,"2,95",completado,
order-0055386,cust-006410,1 de mayo de 2024,online,mobile,0.15,"4,95",completado,
order-0378934,cust-005235,2025-04-10,online,mobile,0.2,"2,95",completado,
order-0230608,cust-012562,07/08/2025,online,desktop,0.3,"0,00",completado,
order-0374387,cust-035400,2026-06-08,online,mobile,0.0,"0,00",cancelado,
order-0280936,cust-039070,19 de diciembre de 2025,online,mobile,0.2,"0,00",completado,
order-0343966,cust-032202,14 de octubre de 2025,online,desktop,0.05,"4,95",completado,
order-0138122,cust-047151,2024-04-27,online,tablet,0.05,"0,00",completado,
order-0333543,cust-015562,2025-10-29,online,mobile,0.0,"2,95",completado,
order-0204384,cust-002836,31 de julio de 2025,online,desktop,0.3,"4,95",completado,
order-0160086,cust-028090,2026-03-30,online,mobile,0.05,"0,00",completado,
order-0165550,cust-059027,07/04/2026,online,desktop,0.1,"0,00",completado,
order-0358758,cust-032733,2026-05-11,online,desktop,0.1,"0,00",completado,
order-0268820,cust-029279,12 de marzo de 2025,online,mobile,0.0,"0,00",completado,
order-0275686,cust-002981,2025-04-01,online,mobile,0.05,"0,00",cancelado,
order-0020873,cust-000136,20/02/2025,online,mobile,0.1,"2,95",completado,
order-0085751,cust-026211,25/11/2025,online,desktop,0.15,"0,00",completado,
order-0078868,cust-000053,31/01/2026,online,mobile,0.3,"4,95",completado,
order-0397802,cust-037158,2026-03-02,online,mobile,0.0,"2,95",devuelto_parcial,
order-0042835,cust-054414,1 de octubre de 2025,online,mobile,0.05,"2,95",completado,
order-0082012,cust-030346,21/12/2025,online,mobile,0.2,"4,95",completado,
order-0278991,cust-035073,7 de agosto de 2025,online,mobile,0.3,"4,95",completado,
order-0165290,cust-052474,12 de febrero de 2024,store,n/a,0.2,"0,00",completado,store-00
order-0182883,cust-021503,02/01/2026,online,mobile,0.1,"0,00",completado,
order-0387622,cust-028616,15 de septiembre de 2025,online,desktop,0.0,"2,95",completado,
order-0333708,cust-042855,2025-10-01,online,mobile,0.05,"2,95",completado,
order-0188488,cust-025428,25/03/2026,online,mobile,0.0,"4,95",completado,
order-0323068,cust-019854,2025-04-06,online,mobile,0.1,"0,00",completado,
order-0028084,cust-004495,3 de enero de 2026,online,mobile,0.1,"0,00",completado,
order-0175406,cust-051426,12 de agosto de 2025,store,n/a,0.1,"0,00",completado,store-18
order-0087238,cust-033179,28/08/2025,online,mobile,0.1,"4,95",completado,
order-0218071,cust-010505,2023-12-28,online,mobile,0.05,"0,00",completado,
order-0280192,cust-019984,2024-07-26,online,tablet,0.2,"4,95",completado,
order-0151174,cust-008346,30/09/2025,online,mobile,0.05,"4,95",completado,
order-0334496,cust-019505,2026-06-23,online,mobile,0.0,"2,95",completado,
order-0313290,cust-000000,11 de septiembre de 2025,online,mobile,0.0,"0,00",cancelado,
order-0156403,cust-040767,24/02/2026,online,mobile,0.2,"4,95",completado,
order-0170965,cust-050760,6 de enero de 2026,online,mobile,0.1,"0,00",completado,
order-0329643,cust-058106,18/02/2026,online,mobile,0.2,"4,95",cancelado,
order-0388669,cust-032796,2025-05-19,online,mobile,0.0,"0,00",completado,
order-0089071,cust-022427,2026-05-26,online,mobile,0.0,"0,00",completado,
order-0214668,cust-033444,21/11/2024,online,mobile,0.0,"2,95",completado,
order-0293804,cust-054606,19 de febrero de 2025,online,mobile,0.2,"4,95",devuelto_parcial,
order-0146131,cust-057483,16 de junio de 2026,online,mobile,0.05,"0,00",completado,
order-0281124,cust-015482,12/10/2025,online,desktop,0.0,"0,00",completado,
order-0278100,cust-050567,14/07/2025,online,mobile,0.2,"0,00",completado,
order-0283055,cust-054725,20/03/2026,online,mobile,0.1,"2,95",completado,
order-0208418,cust-038225,21 de marzo de 2025,online,desktop,0.2,"4,95",completado,
order-0136802,cust-026484,12/03/2026,online,tablet,0.0,"4,95",completado,
order-0077851,cust-021147,2024-06-27,online,mobile,0.05,"0,00",completado,
order-0365711,cust-013323,22 de febrero de 2025,online,mobile,0.2,"4,95",completado,
order-0358093,cust-035510,03/03/2025,online,desktop,0.0,"2,95",completado,
order-0204819,cust-051791,24 de octubre de 2025,online,mobile,0.1,"2,95",completado,
order-0184785,cust-057519,2025-01-06,online,desktop,0.05,"4,95",completado,
order-0339396,cust-044673,9 de noviembre de 2023,online,desktop,0.0,"4,95",completado,
order-0191796,cust-016801,04/05/2026,online,mobile,0.15,"4,95",completado,
order-0338437,cust-raw-fake-001,18 de agosto de 2025,online,desktop,0.2,"0,00",completado,
order-0204645,cust-052187,2026-06-08,online,desktop,0.1,"0,00",completado,
order-0032188,cust-013450,17/04/2025,online,mobile,0.2,"4,95",completado,
order-0350420,cust-021353,24/11/2025,online,desktop,0.1,"4,95",completado,
order-0281473,cust-019719,2026-02-01,online,mobile,0.3,"0,00",completado,
order-0129285,cust-040416,21 de enero de 2026,online,mobile,0.15,"0,00",completado,
order-0203174,cust-016314,2026-06-19,online,mobile,0.0,"2,95",completado,
order-0050220,cust-047873,25/01/2025,online,desktop,0.1,"4,95",completado,
order-0211365,cust-009874,30/12/2024,online,mobile,0.0,"0,00",completado,
order-0340913,cust-010326,09/04/2026,online,desktop,0.05,"0,00",completado,
order-0298896,cust-052444,6 de octubre de 2025,online,mobile,0.1,"4,95",completado,
order-0300312,cust-043695,2026-03-12,online,mobile,0.0,"0,00",completado,
order-0305220,cust-047235,02/03/2026,online,mobile,0.0,"4,95",completado,
order-0245347,cust-026820,16 de marzo de 2025,online,desktop,0.0,"0,00",completado,
order-0186893,cust-035766,2026-06-13,online,desktop,0.0,"0,00",completado,
order-0151529,cust-016703,24/11/2025,online,desktop,0.05,"0,00",completado,
order-0372539,cust-010820,2026-01-31,online,mobile,0.15,"0,00",completado,
order-0322760,cust-raw-fake-003,13 de abril de 2025,online,mobile,0.0,"4,95",completado,
order-0136244,cust-020090,12/07/2025,online,mobile,0.3,"4,95",completado,
order-0189024,cust-000864,24/11/2025,online,desktop,0.0,"0,00",completado,
order-0230235,cust-040540,09/10/2025,online,tablet,0.2,"0,00",completado,
order-0286051,cust-041557,2024-08-24,online,mobile,0.2,"0,00",completado,
order-0177267,cust-007922,2026-01-27,online,desktop,0.3,"0,00",completado,
order-0263200,cust-000770,20 de octubre de 2024,online,desktop,0.0,"2,95",completado,
order-0040723,cust-029988,13/06/2026,online,mobile,0.0,"0,00",completado,
order-0171690,cust-024873,2025-06-05,online,mobile,0.15,"2,95",completado,
order-0045565,cust-003721,18/08/2025,online,desktop,0.1,"2,95",completado,
order-0131028,cust-002294,02/04/2026,online,tablet,0.0,"2,95",completado,
order-0306660,cust-012807,2026-01-23,online,mobile,0.3,"0,00",completado,
order-0110896,cust-032879,28 de agosto de 2025,online,mobile,0.2,"2,95",completado,
order-0397926,cust-021941,01/05/2026,online,desktop,0.0,"2,95",cancelado,
order-0207567,cust-029781,31 de enero de 2026,online,desktop,0.2,"0,00",completado,
order-0027985,cust-049802,2025-04-23,online,desktop,0.05,"4,95",completado,
order-0089657,cust-043041,2026-02-24,online,mobile,0.3,"0,00",completado,
order-0275081,cust-012557,24 de enero de 2025,online,mobile,0.1,"4,95",completado,
order-0329080,cust-054249,27/03/2026,online,tablet,0.1,"2,95",completado,
order-0329374,cust-027749,25/03/2025,online,desktop,0.15,"0,00",completado,
order-0210149,cust-021995,21 de abril de 2025,online,mobile,0.15,"0,00",completado,
order-0036073,cust-023535,18/01/2026,online,mobile,0.2,"4,95",completado,
order-0074769,cust-041519,2 de abril de 2026,online,mobile,0.0,"0,00",completado,
order-0010004,cust-001539,2025-02-13,online,mobile,0.15,"4,95",completado,
order-0215187,cust-011544,19/07/2024,online,desktop,0.3,"2,95",cancelado,
order-0241957,cust-046945,09/11/2025,online,desktop,0.1,"4,95",completado,
order-0089322,cust-035140,2026-02-12,online,mobile,0.3,"0,00",completado,
order-0071123,cust-053731,2026-01-30,online,desktop,0.2,"4,95",completado,
order-0306132,cust-031058,4 de julio de 2024,online,desktop,0.3,"0,00",completado,
order-0094360,cust-023402,2025-09-13,online,mobile,0.0,"2,95",completado,
order-0266476,cust-023487,2025-11-12,online,desktop,0.05,"2,95",completado,
order-0039561,cust-042118,15/05/2025,store,n/a,0.1,"0,00",completado,store-14
order-0365832,cust-006414,02/03/2026,online,mobile,0.05,"4,95",completado,
order-0127265,cust-017506,07/11/2025,online,mobile,0.0,"0,00",completado,
order-0336764,cust-010816,2024-05-30,online,mobile,0.0,"0,00",completado,
order-0277134,cust-037602,2026-06-30,online,mobile,0.05,"0,00",completado,
order-0118187,cust-031684,12 de febrero de 2026,online,desktop,0.1,"0,00",completado,
order-0393162,cust-009347,2026-06-18,online,desktop,0.15,"0,00",completado,
order-0353683,cust-044444,2026-02-22,online,mobile,0.2,"0,00",completado,
order-0094379,cust-045445,28/08/2024,online,desktop,0.1,"0,00",completado,
order-0066318,cust-010206,2026-02-11,store,n/a,0.3,"0,00",completado,store-02
order-0004723,cust-040932,11 de julio de 2025,store,n/a,0.3,"0,00",completado,store-28
order-0004616,cust-023582,2026-02-02,online,mobile,0.1,"0,00",completado,
order-0369388,cust-raw-fake-006,27/05/2026,online,mobile,0.0,"2,95",completado,
order-0333137,cust-045275,20 de agosto de 2025,online,mobile,0.3,"2,95",completado,
order-0239645,cust-014106,13/05/2025,online,desktop,0.05,"4,95",completado,
order-0066013,cust-035028,2023-11-06,online,mobile,0.0,"2,95",completado,
order-0312888,cust-020654,7 de octubre de 2025,online,mobile,0.15,"0,00",completado,
order-0250089,cust-046199,22 de julio de 2024,online,mobile,0.2,"0,00",completado,
order-0211409,cust-013214,21 de febrero de 2026,store,n/a,0.3,"0,00",completado,store-37
order-0011522,cust-059813,2 de marzo de 2026,online,mobile,0.0,"0,00",completado,
order-0142755,cust-051192,14/01/2026,online,mobile,0.1,"4,95",completado,
order-0035917,cust-055857,2026-04-20,online,tablet,0.05,"2,95",completado,
order-0339336,cust-019371,21/10/2023,online,mobile,0.0,"2,95",completado,
order-0166958,cust-019728,2026-03-14,online,mobile,0.2,"2,95",completado,
order-0376244,cust-003498,2025-12-22,online,mobile,0.2,"0,00",completado,
order-0086324,cust-004925,24 de noviembre de 2025,online,desktop,0.2,"2,95",cancelado,
order-0010716,cust-030415,18/08/2025,online,mobile,0.3,"0,00",completado,
order-0008549,cust-037287,25 de febrero de 2025,online,mobile,0.1,"0,00",completado,
order-0159765,cust-027906,2025-03-07,online,tablet,0.05,"4,95",completado,
order-0165190,cust-021283,08/02/2026,online,mobile,0.3,"2,95",completado,
order-0373146,cust-057970,23/01/2025,store,n/a,0.2,"0,00",completado,store-39
order-0153452,cust-038283,15 de abril de 2026,online,desktop,0.0,"4,95",cancelado,
order-0199318,cust-045300,11/10/2024,online,tablet,0.1,"2,95",devuelto_parcial,
order-0075047,cust-015600,09/09/2025,online,mobile,0.1,"4,95",completado,
order-0114284,cust-031474,2024-09-15,online,mobile,0.2,"4,95",completado,
order-0080657,cust-038077,2024-05-09,store,n/a,0.0,"0,00",completado,store-31
order-0232617,cust-037502,30 de mayo de 2026,online,mobile,0.0,"2,95",devuelto_parcial,
order-0139295,cust-019235,21 de mayo de 2025,online,mobile,0.05,"4,95",completado,
order-0227697,cust-031062,2025-03-03,online,mobile,0.05,"0,00",completado,
order-0343304,cust-051129,11 de diciembre de 2025,online,mobile,0.15,"2,95",completado,
order-0271334,cust-050541,2025-03-12,online,mobile,0.0,"0,00",devuelto_parcial,
order-0396678,cust-040075,03/05/2025,online,desktop,0.05,"0,00",completado,
order-0327732,cust-003255,21 de abril de 2024,online,mobile,0.0,"0,00",completado,
order-0116972,cust-056707,15 de octubre de 2025,online,mobile,0.0,"2,95",completado,
order-0141060,cust-009184,2026-01-04,online,mobile,0.0,"0,00",completado,
order-0192863,cust-013398,20/02/2026,online,mobile,0.2,"4,95",completado,
order-0273567,cust-000835,25 de octubre de 2025,online,mobile,0.0,"2,95",completado,
order-0391188,cust-027112,28 de junio de 2026,online,tablet,0.0,"2,95",completado,
order-0180403,cust-047948,08/12/2025,online,tablet,0.05,"0,00",completado,
order-0377314,cust-008580,2025-04-15,online,mobile,0.0,"0,00",cancelado,
order-0159701,cust-048098,26 de mayo de 2026,online,tablet,0.05,"2,95",completado,
order-0088380,cust-019117,6 de enero de 2026,online,mobile,0.0,"4,95",completado,
order-0328687,cust-032277,22 de septiembre de 2025,online,desktop,0.0,"2,95",completado,
order-0078756,cust-048556,23 de junio de 2026,online,mobile,0.0,"4,95",completado,
order-0151140,cust-009105,2024-07-21,online,desktop,0.2,"4,95",completado,
order-0101525,cust-025855,24/06/2026,online,desktop,0.0,"2,95",completado,
order-0307310,cust-038132,7 de julio de 2025,online,mobile,0.2,"2,95",completado,
order-0301361,cust-049661,2024-04-12,online,desktop,0.0,"0,00",completado,
order-0250325,cust-004621,2024-12-24,online,mobile,0.2,"0,00",completado,
order-0195552,cust-039867,2026-06-05,online,desktop,0.0,"0,00",completado,
order-0313968,cust-021292,2025-12-29,online,mobile,0.05,"0,00",completado,
order-0075712,cust-033970,13/04/2026,online,desktop,0.0,"2,95",completado,
order-0177636,cust-042405,2026-04-09,online,mobile,0.1,"0,00",completado,
order-0238862,cust-024283,2025-11-05,online,mobile,0.0,"4,95",completado,
order-0220313,cust-026874,2023-12-11,online,mobile,0.0,"4,95",devuelto_parcial,
order-0354632,cust-032336,2024-08-01,online,mobile,0.2,"4,95",completado,
order-0291903,cust-053221,2026-03-09,online,mobile,0.0,"4,95",completado,
order-0081581,cust-051729,24/04/2026,online,mobile,0.1,"0,00",completado,
order-0386090,cust-000502,2024-11-16,online,mobile,0.2,"4,95",completado,
order-0230078,cust-009904,15 de febrero de 2025,online,desktop,0.2,"2,95",cancelado,
order-0268426,cust-045346,2024-10-20,online,mobile,0.0,"0,00",completado,
order-0080317,cust-037893,10 de enero de 2026,online,mobile,0.3,"0,00",completado,
order-0276624,cust-044139,3 de febrero de 2026,online,desktop,0.1,"4,95",completado,
order-0081636,cust-036482,12/04/2025,store,n/a,0.0,"0,00",completado,store-37
order-0292039,cust-040367,18 de mayo de 2026,online,desktop,0.0,"0,00",completado,
order-0015505,cust-041895,29 de noviembre de 2025,online,desktop,0.2,"2,95",completado,
order-0251683,cust-004181,2026-06-05,online,desktop,0.0,"2,95",cancelado,
order-0014717,cust-017627,14/05/2026,online,mobile,0.0,"0,00",completado,
order-0386293,cust-043314,9 de abril de 2025,online,mobile,0.1,"0,00",completado,
order-0053387,cust-032046,2025-03-17,online,desktop,0.1,"4,95",completado,
order-0355978,cust-047399,2025-04-19,online,mobile,0.0,"0,00",completado,
order-0356695,cust-011371,07/05/2024,online,mobile,0.05,"4,95",completado,
order-0143810,cust-044887,2026-01-19,online,mobile,0.2,"2,95",completado,
order-0383333,cust-000067,30 de noviembre de 2024,online,desktop,0.0,"2,95",completado,
order-0241639,cust-015542,2026-05-15,online,mobile,0.05,"0,00",completado,
order-0222398,cust-037841,28 de febrero de 2025,online,mobile,0.2,"0,00",completado,
order-0299629,cust-049623,22/02/2024,online,desktop,0.2,"2,95",completado,
order-0123575,cust-016985,2026-02-16,online,desktop,0.15,"2,95",completado,
order-0158585,cust-002603,16 de noviembre de 2024,online,desktop,0.0,"4,95",completado,
order-0394808,cust-016613,18/06/2024,online,mobile,0.0,"0,00",devuelto_parcial,
order-0079999,cust-055892,2026-06-06,online,desktop,0.1,"0,00",completado,
order-0295793,cust-008108,28 de junio de 2025,online,desktop,0.05,"2,95",completado,
order-0036777,cust-056326,2024-12-23,online,mobile,0.15,"2,95",completado,
order-0174589,cust-028162,21 de abril de 2026,online,mobile,0.0,"0,00",devuelto_parcial,
order-0364724,cust-037734,2026-01-28,online,mobile,0.1,"2,95",devuelto_parcial,
order-0357946,cust-026639,24/11/2025,online,desktop,0.0,"2,95",completado,
order-0184402,cust-018269,15/02/2026,online,tablet,0.1,"0,00",completado,
order-0223940,cust-033225,15 de agosto de 2025,online,mobile,0.2,"0,00",completado,
order-0388307,cust-029909,2023-12-22,store,n/a,0.2,"0,00",completado,store-35
order-0338778,cust-raw-fake-013,10 de agosto de 2025,online,mobile,0.2,"0,00",devuelto_parcial,
order-0075854,cust-059668,01/03/2026,online,desktop,0.15,"4,95",completado,
order-0009748,cust-021943,04/01/2025,online,mobile,0.0,"4,95",cancelado,
order-0305351,cust-025089,2026-06-30,online,mobile,0.0,"0,00",completado,
order-0346378,cust-058814,2025-12-08,online,desktop,0.15,"4,95",completado,
order-0028421,cust-008709,7 de enero de 2026,online,mobile,0.3,"0,00",completado,
order-0054192,cust-020886,2026-06-30,online,mobile,0.1,"2,95",completado,
order-0361485,cust-037762,2025-07-11,online,mobile,0.2,"0,00",completado,
order-0139361,cust-040977,11 de julio de 2024,online,mobile,0.3,"0,00",completado,
order-0253632,cust-034468,2025-09-28,online,desktop,0.0,"0,00",completado,
order-0396681,cust-004723,2024-12-20,online,mobile,0.2,"0,00",completado,
order-0037011,cust-040713,2026-02-11,online,desktop,0.3,"4,95",completado,
order-0026538,cust-025543,06/06/2024,online,mobile,0.0,"2,95",completado,
order-0286900,cust-015815,2025-02-24,online,mobile,0.2,"0,00",completado,
order-0021590,cust-035592,16 de febrero de 2026,online,mobile,0.3,"0,00",completado,
order-0080242,cust-056149,22/03/2025,online,mobile,0.0,"4,95",completado,
order-0070488,cust-031485,2025-12-02,online,mobile,0.15,"4,95",completado,
order-0365234,cust-027851,10 de mayo de 2025,online,mobile,0.05,"2,95",completado,
order-0013244,cust-018605,26 de mayo de 2026,online,mobile,0.0,"2,95",completado,
order-0223509,cust-010151,2025-12-19,online,mobile,0.2,"2,95",completado,
order-0201949,cust-007509,09/02/2026,online,tablet,0.3,"2,95",completado,
order-0029204,cust-005467,07/11/2025,online,desktop,0.05,"4,95",devuelto_parcial,
order-0172256,cust-009231,16 de agosto de 2024,online,mobile,0.1,"0,00",completado,
order-0121846,cust-010905,24/03/2026,online,mobile,0.0,"4,95",completado,
order-0019254,cust-058003,5 de abril de 2026,online,desktop,0.05,"0,00",completado,
order-0182751,cust-013210,2026-06-24,online,mobile,0.05,"2,95",completado,
order-0203051,cust-004712,2024-12-25,online,desktop,0.0,"4,95",completado,
order-0016497,cust-023881,2024-07-30,online,desktop,0.3,"0,00",completado,
order-0366306,cust-039054,2025-11-05,online,desktop,0.0,"4,95",completado,
order-0307098,cust-058360,01/06/2024,online,desktop,0.05,"0,00",completado,
order-0257694,cust-034728,2025-08-09,online,mobile,0.3,"4,95",completado,
order-0072081,cust-055169,17 de agosto de 2024,online,desktop,0.1,"0,00",completado,
order-0257705,cust-001460,2025-04-03,online,mobile,0.05,"0,00",devuelto_parcial,
order-0398713,cust-023732,15/04/2024,online,desktop,0.0,"0,00",completado,
order-0256006,cust-005641,2026-06-05,online,mobile,0.0,"4,95",completado,
order-0240734,cust-053198,03/03/2026,online,mobile,0.05,"2,95",devuelto_parcial,
order-0342165,cust-035832,16 de julio de 2025,online,desktop,0.3,"0,00",completado,
order-0338898,cust-006751,2025-02-01,online,mobile,0.3,"2,95",completado,
order-0385673,cust-046605,28/02/2025,store,n/a,0.2,"0,00",completado,store-00
order-0052600,cust-047890,22 de diciembre de 2025,online,tablet,0.1,"2,95",completado,
order-0133670,cust-033410,7 de julio de 2024,online,mobile,0.2,"4,95",completado,
order-0346131,cust-042195,2025-02-03,online,mobile,0.1,"0,00",completado,
order-0325944,cust-028611,21/06/2025,store,n/a,0.0,"0,00",completado,store-35
order-0247203,cust-031205,2025-12-11,online,mobile,0.0,"2,95",completado,
order-0307566,cust-042253,20 de febrero de 2026,online,desktop,0.1,"0,00",completado,
order-0377816,cust-038112,3 de julio de 2025,online,mobile,0.1,"0,00",completado,
order-0176276,cust-030537,2026-03-10,online,mobile,0.0,"4,95",completado,
order-0279786,cust-036796,21 de diciembre de 2025,online,mobile,0.2,"4,95",completado,
order-0030232,cust-036879,10/05/2026,online,mobile,0.15,"0,00",completado,
order-0096539,cust-017815,26/04/2026,online,mobile,0.0,"2,95",completado,
order-0326105,cust-010525,2024-07-25,online,mobile,0.2,"2,95",completado,
order-0390639,cust-058916,02/03/2026,online,desktop,0.15,"2,95",completado,
order-0128275,cust-039956,2024-09-01,online,mobile,0.0,"4,95",cancelado,
order-0329597,cust-020799,14 de marzo de 2026,online,mobile,0.0,"2,95",completado,
order-0180941,cust-012889,2026-05-01,online,mobile,0.05,"0,00",completado,
order-0246924,cust-024575,2025-07-25,store,n/a,0.3,"0,00",completado,store-01
order-0154382,cust-009699,25/04/2024,online,desktop,0.1,"2,95",completado,
order-0332893,cust-003554,2023-07-30,online,desktop,0.3,"0,00",completado,
order-0210589,cust-029393,20/12/2024,online,mobile,0.3,"2,95",completado,
order-0112850,cust-044424,2 de octubre de 2025,online,desktop,0.05,"4,95",completado,
order-0313324,cust-025187,03/02/2024,online,mobile,0.2,"4,95",completado,
order-0398952,cust-001493,17 de septiembre de 2024,online,desktop,0.1,"0,00",completado,
order-0116478,cust-052627,18 de marzo de 2026,online,desktop,0.0,"0,00",completado,
order-0174473,cust-053123,25 de mayo de 2026,online,mobile,0.0,"2,95",completado,
order-0159506,cust-059309,8 de enero de 2026,online,desktop,0.2,"0,00",completado,
order-0174099,cust-014620,21/05/2025,online,mobile,0.05,"4,95",completado,
order-0080727,cust-002468,20 de enero de 2026,online,desktop,0.2,"2,95",completado,
order-0192032,cust-006316,2025-03-29,online,mobile,0.0,"4,95",completado,
order-0308518,cust-051121,2026-01-09,online,mobile,0.3,"2,95",completado,
order-0108495,cust-048102,2024-07-01,online,desktop,0.15,"0,00",completado,
order-0243040,cust-042694,22 de marzo de 2026,online,mobile,0.15,"2,95",completado,
order-0389011,cust-057673,2025-01-17,online,desktop,0.3,"2,95",completado,
order-0043222,cust-050489,18 de octubre de 2024,online,mobile,0.0,"0,00",completado,
order-0313230,cust-009389,10/12/2025,online,mobile,0.0,"0,00",completado,
order-0044335,cust-040386,2025-10-15,online,desktop,0.0,"0,00",completado,
order-0394855,cust-030059,14/05/2026,online,mobile,0.0,"2,95",completado,
order-0334917,cust-004453,16 de abril de 2026,online,desktop,0.0,"2,95",cancelado,
order-0288782,cust-027405,16 de junio de 2026,online,mobile,0.0,"4,95",completado,
order-0106583,cust-040936,27 de diciembre de 2025,online,mobile,0.1,"4,95",completado,
order-0373024,cust-024739,31 de enero de 2026,store,n/a,0.3,"0,00",completado,store-07
order-0235246,cust-026045,30 de junio de 2026,online,mobile,0.05,"4,95",completado,
order-0380010,cust-032865,2026-05-07,online,mobile,0.0,"4,95",completado,
order-0030755,cust-019250,2026-06-30,online,desktop,0.1,"2,95",completado,
order-0200951,cust-003838,9 de enero de 2025,online,mobile,0.2,"0,00",completado,
order-0308361,cust-037378,11 de octubre de 2024,online,mobile,0.1,"0,00",completado,
order-0298052,cust-033248,27 de febrero de 2026,online,mobile,0.1,"2,95",completado,
order-0086219,cust-003978,4 de abril de 2026,online,mobile,0.05,"4,95",devuelto_parcial,
order-0264061,cust-017225,29 de abril de 2026,online,mobile,0.15,"0,00",completado,
order-0388013,cust-006959,02/02/2026,online,mobile,0.1,"4,95",devuelto_parcial,
order-0305301,cust-055085,14 de septiembre de 2025,online,mobile,0.0,"4,95",completado,
order-0166576,cust-027595,16 de abril de 2024,online,desktop,0.0,"4,95",completado,
order-0039248,cust-056950,08/06/2025,online,mobile,0.0,"0,00",completado,
order-0201504,cust-014493,2025-10-12,online,desktop,0.2,"0,00",completado,
order-0247469,cust-020714,08/05/2025,store,n/a,0.0,"0,00",completado,store-26
order-0121957,cust-047178,2025-11-06,online,mobile,0.1,"0,00",completado,
order-0278566,cust-052096,2026-06-07,online,mobile,0.1,"4,95",completado,
order-0381896,cust-031277,2025-07-03,online,mobile,0.2,"2,95",devuelto_parcial,
order-0272043,cust-045821,9 de junio de 2026,online,mobile,0.1,"2,95",completado,
order-0371271,cust-044653,20/01/2026,online,tablet,0.2,"4,95",completado,
order-0154788,cust-043033,17 de mayo de 2026,online,desktop,0.0,"4,95",completado,
order-0026990,cust-006865,2026-02-25,online,desktop,0.2,"0,00",completado,
order-0030623,cust-007451,17 de abril de 2026,online,mobile,0.2,"4,95",completado,
order-0057619,cust-028425,2025-06-27,online,desktop,0.0,"4,95",completado,
order-0339889,cust-030057,18 de mayo de 2025,online,tablet,0.0,"2,95",completado,
order-0025080,cust-057407,2026-03-15,online,mobile,0.05,"4,95",completado,
order-0057449,cust-009383,23 de septiembre de 2025,online,mobile,0.0,"2,95",completado,
order-0161086,cust-046409,29 de agosto de 2025,online,mobile,0.3,"2,95",completado,
order-0125960,cust-002421,02/06/2026,online,desktop,0.1,"0,00",cancelado,
order-0086082,cust-047900,2025-03-08,online,desktop,0.0,"4,95",completado,
order-0376392,cust-055128,2025-02-19,online,desktop,0.2,"0,00",completado,
order-0350521,cust-023535,2026-01-02,online,tablet,0.1,"4,95",completado,
order-0157323,cust-028691,6 de enero de 2024,online,mobile,0.0,"2,95",completado,
order-0224037,cust-044499,2026-01-15,online,mobile,0.2,"2,95",completado,
order-0322572,cust-008969,2025-03-01,online,tablet,0.0,"2,95",cancelado,
order-0044498,cust-051164,01/06/2023,online,desktop,0.0,"2,95",completado,
order-0274829,cust-054681,20/05/2025,online,desktop,0.1,"0,00",completado,
order-0078913,cust-001343,2026-03-14,online,desktop,0.15,"4,95",completado,
order-0368126,cust-038734,2024-12-24,online,mobile,0.3,"2,95",completado,
order-0046317,cust-032482,25 de septiembre de 2025,online,mobile,0.15,"2,95",devuelto_parcial,
order-0361613,cust-008098,2025-12-02,online,mobile,0.0,"2,95",completado,
order-0085554,cust-004738,2025-01-18,online,mobile,0.3,"0,00",completado,
order-0389085,cust-036216,27/08/2025,online,mobile,0.2,"2,95",completado,
order-0075567,cust-051983,7 de febrero de 2026,online,desktop,0.2,"4,95",completado,
order-0308175,cust-050436,2025-09-01,online,mobile,0.05,"0,00",completado,
order-0331986,cust-049378,04/09/2025,online,mobile,0.15,"2,95",completado,
order-0205108,cust-004797,3 de mayo de 2025,store,n/a,0.1,"0,00",completado,store-06
order-0070992,cust-006170,26/10/2024,online,desktop,0.05,"0,00",completado,
order-0147907,cust-056110,7 de enero de 2026,online,desktop,0.1,"4,95",completado,
order-0120238,cust-005507,2026-04-24,online,mobile,0.1,"2,95",completado,
order-0073022,cust-040967,2025-03-20,online,mobile,0.05,"4,95",completado,
order-0109873,cust-040909,16 de febrero de 2025,online,mobile,0.1,"4,95",completado,
order-0299488,cust-000401,05/04/2025,online,mobile,0.0,"0,00",cancelado,
order-0092617,cust-004350,2026-03-22,online,mobile,0.0,"0,00",completado,
order-0077942,cust-058861,2026-06-30,online,mobile,0.0,"0,00",completado,
order-0208449,cust-020785,02/04/2026,online,desktop,0.15,"0,00",completado,
order-0224389,cust-raw-fake-014,16 de julio de 2025,online,mobile,0.2,"4,95",devuelto_parcial,
order-0355390,cust-000000,25/05/2026,online,desktop,0.0,"4,95",completado,
order-0317807,cust-053012,23 de octubre de 2024,online,mobile,0.0,"0,00",devuelto_parcial,
order-0266942,cust-032514,30 de enero de 2026,online,mobile,0.1,"0,00",completado,
order-0326265,cust-003902,2026-03-17,online,desktop,0.0,"2,95",cancelado,
order-0076701,cust-004463,16 de abril de 2026,online,desktop,0.0,"4,95",completado,
order-0010733,cust-038938,01/12/2024,online,mobile,0.15,"4,95",completado,
order-0219295,cust-036265,2026-01-29,online,desktop,0.2,"0,00",completado,
order-0123307,cust-019718,2026-04-04,store,n/a,0.0,"0,00",completado,store-18
order-0357590,cust-013021,2023-07-01,online,desktop,0.2,"0,00",completado,
order-0090753,cust-056686,8 de agosto de 2025,online,desktop,0.3,"0,00",completado,
order-0086170,cust-027496,2025-07-25,online,tablet,0.2,"4,95",completado,
order-0115009,cust-024145,2025-01-14,online,desktop,0.2,"0,00",completado,
order-0394938,cust-052120,28 de julio de 2023,online,mobile,0.3,"0,00",completado,
order-0061510,cust-058965,18/04/2026,online,mobile,0.0,"4,95",devuelto_parcial,
order-0016718,cust-032269,2025-01-27,online,mobile,0.3,"0,00",completado,
order-0275442,cust-022896,2026-02-17,online,tablet,0.1,"0,00",completado,
order-0165990,cust-054946,2025-12-20,online,desktop,0.1,"0,00",devuelto_parcial,
order-0021842,cust-019828,15 de julio de 2025,online,desktop,0.3,"0,00",completado,
order-0329377,cust-058554,2025-05-12,online,mobile,0.0,"2,95",completado,
order-0132084,cust-041626,6 de agosto de 2025,online,mobile,0.3,"0,00",completado,
order-0290559,cust-035687,2025-03-10,online,desktop,0.05,"2,95",completado,
order-0396223,cust-013571,09/05/2025,online,mobile,0.05,"4,95",completado,
order-0035276,cust-049989,28 de marzo de 2025,online,mobile,0.15,"4,95",completado,
order-0227942,cust-037228,2026-06-07,online,desktop,0.1,"4,95",completado,
order-0323299,cust-021230,09/04/2026,store,n/a,0.0,"0,00",completado,store-29
order-0333313,cust-037484,15 de octubre de 2025,online,mobile,0.0,"0,00",completado,
order-0366252,cust-005447,2025-03-15,online,desktop,0.0,"0,00",completado,
order-0116935,cust-025222,13 de abril de 2024,online,desktop,0.0,"0,00",completado,
order-0106951,cust-008761,20 de junio de 2024,online,mobile,0.0,"2,95",completado,
order-0031213,cust-016671,2025-03-21,online,mobile,0.0,"4,95",completado,
order-0080546,cust-008120,10/07/2025,online,mobile,0.3,"0,00",completado,
order-0233717,cust-006414,5 de marzo de 2026,online,mobile,0.0,"2,95",completado,
order-0306077,cust-018555,13/06/2026,online,mobile,0.0,"0,00",devuelto_parcial,
order-0256590,cust-002927,2024-09-15,online,mobile,0.05,"0,00",completado,
order-0103148,cust-018499,2025-02-04,online,tablet,0.15,"4,95",completado,
order-0296957,cust-008831,30/10/2025,online,mobile,0.1,"2,95",completado,
order-0298113,cust-011671,2025-04-02,online,mobile,0.0,"0,00",completado,
order-0252384,cust-045812,2026-05-05,online,mobile,0.0,"0,00",completado,
order-0315645,cust-014878,24 de febrero de 2025,online,desktop,0.2,"2,95",completado,
order-0078999,cust-044111,2025-10-20,store,n/a,0.15,"0,00",completado,store-39
order-0356494,cust-037298,18/09/2025,online,mobile,0.05,"2,95",devuelto_parcial,
order-0152947,cust-003576,2026-06-30,online,desktop,0.15,"2,95",completado,
order-0379855,cust-043188,18/06/2026,online,mobile,0.2,"0,00",completado,
order-0216911,cust-010564,05/08/2025,online,mobile,0.3,"0,00",completado,
order-0303149,cust-016320,08/04/2026,online,desktop,0.05,"0,00",completado,
order-0168673,cust-030869,08/08/2024,online,desktop,0.1,"0,00",completado,
order-0393352,cust-006855,05/07/2025,online,mobile,0.2,"4,95",completado,
order-0250890,cust-023752,02/10/2024,online,mobile,0.2,"0,00",completado,
order-0257034,cust-036100,21 de octubre de 2023,online,mobile,0.0,"2,95",completado,
order-0061312,cust-017842,2025-02-17,online,desktop,0.15,"0,00",completado,
order-0122796,cust-042530,14 de noviembre de 2025,store,n/a,0.0,"0,00",completado,store-07
order-0357955,cust-026885,30/09/2024,online,mobile,0.0,"4,95",completado,
order-0029910,cust-043717,2026-01-21,online,mobile,0.3,"4,95",completado,
order-0382432,cust-013408,27 de diciembre de 2023,online,mobile,0.0,"4,95",completado,
order-0011415,cust-025754,3 de junio de 2024,online,desktop,0.15,"0,00",completado,
order-0369127,cust-034555,2025-09-17,online,mobile,0.0,"0,00",completado,
order-0088656,cust-034642,21/11/2025,online,mobile,0.0,"4,95",completado,
order-0219201,cust-025596,2026-01-07,online,mobile,0.2,"0,00",completado,
order-0385015,cust-028345,2026-03-01,online,mobile,0.1,"2,95",completado,
order-0295772,cust-056874,06/10/2024,store,n/a,0.1,"0,00",completado,store-00
order-0121246,cust-047144,2026-05-04,store,n/a,0.0,"0,00",devuelto_parcial,store-09
order-0369198,cust-012435,2026-02-26,online,desktop,0.3,"0,00",completado,
order-0215132,cust-046817,27 de septiembre de 2025,store,n/a,0.2,"0,00",completado,store-39
order-0369366,cust-028227,18/11/2024,online,mobile,0.05,"0,00",completado,
order-0374327,cust-029719,20 de septiembre de 2025,online,tablet,0.2,"2,95",completado,
order-0072764,cust-057243,14/06/2025,store,n/a,0.0,"0,00",completado,store-24
order-0268988,cust-027970,20/11/2024,online,mobile,0.0,"2,95",completado,
order-0165910,cust-001853,2024-07-14,online,mobile,0.3,"4,95",completado,
order-0062172,cust-028510,08/10/2025,online,desktop,0.1,"2,95",completado,
order-0249612,cust-035706,25 de marzo de 2024,online,mobile,0.0,"2,95",completado,
order-0012583,cust-034818,2026-03-13,online,mobile,0.15,"0,00",completado,
order-0349335,cust-008886,2025-10-16,online,desktop,0.0,"0,00",completado,
order-0369934,cust-023492,2026-01-07,online,mobile,0.3,"4,95",completado,
order-0097817,cust-033808,05/03/2024,online,mobile,0.05,"0,00",cancelado,
order-0320019,cust-038499,7 de diciembre de 2025,online,desktop,0.15,"0,00",completado,
order-0217606,cust-025796,10/01/2025,online,mobile,0.1,"0,00",completado,
order-0369376,cust-003600,2025-05-25,online,desktop,0.0,"0,00",completado,
order-0177906,cust-006798,2 de enero de 2024,store,n/a,0.0,"0,00",completado,store-26
order-0256955,cust-035132,20/12/2025,store,n/a,0.3,"0,00",completado,store-33
order-0333067,cust-047522,2025-11-06,online,desktop,0.05,"2,95",completado,
order-0339638,cust-032856,26/01/2026,online,mobile,0.1,"2,95",completado,
order-0265878,cust-021810,26 de enero de 2025,online,mobile,0.3,"0,00",completado,
order-0023430,cust-052328,14 de marzo de 2026,online,desktop,0.1,"2,95",completado,
order-0280711,cust-000504,2025-04-10,online,desktop,0.1,"4,95",completado,
order-0127485,cust-059647,26 de diciembre de 2023,online,mobile,0.0,"2,95",completado,
order-0161880,cust-058094,2025-07-16,online,desktop,0.3,"4,95",completado,
order-0116139,cust-039188,30/08/2025,online,desktop,0.1,"2,95",completado,
order-0025161,cust-000485,01/02/2026,online,mobile,0.15,"0,00",completado,
order-0394019,cust-004878,16 de marzo de 2026,online,mobile,0.05,"0,00",cancelado,
order-0131205,cust-047281,23/03/2025,online,desktop,0.1,"4,95",completado,
order-0246645,cust-059158,10/07/2025,online,mobile,0.1,"0,00",completado,
order-0017247,cust-034168,31/03/2026,online,mobile,0.05,"0,00",completado,
order-0011897,cust-048076,2025-07-21,online,mobile,0.1,"4,95",completado,
order-0284714,cust-049066,08/08/2024,online,desktop,0.1,"4,95",completado,
order-0240347,cust-008850,2025-08-27,online,mobile,0.3,"4,95",completado,
order-0197747,cust-039875,23/10/2025,online,desktop,0.15,"2,95",completado,
order-0112654,cust-008136,05/03/2024,online,mobile,0.1,"0,00",completado,
order-0140209,cust-051090,21 de octubre de 2025,online,mobile,0.1,"4,95",completado,
order-0067961,cust-015723,14/01/2025,online,mobile,0.2,"2,95",completado,
order-0351540,cust-027341,2025-05-12,online,desktop,0.1,"4,95",completado,
order-0140560,cust-037873,2025-06-01,online,mobile,0.0,"0,00",completado,
order-0238007,cust-005218,21 de agosto de 2024,online,desktop,0.2,"0,00",completado,
order-0225676,cust-033724,2026-05-12,online,desktop,0.0,"2,95",completado,
order-0385431,cust-057041,17 de abril de 2026,online,mobile,0.05,"2,95",completado,
order-0321415,cust-raw-fake-013,2025-08-26,online,mobile,0.3,"2,95",completado,
order-0358922,cust-030896,16/12/2024,online,mobile,0.1,"2,95",devuelto_parcial,
order-0189636,cust-042268,7 de agosto de 2025,online,mobile,0.1,"0,00",completado,
order-0379875,cust-028824,2025-09-21,store,n/a,0.05,"0,00",completado,store-20
order-0146398,cust-050803,8 de enero de 2026,online,mobile,0.1,"0,00",completado,
order-0309054,cust-055637,19 de junio de 2025,online,mobile,0.1,"4,95",completado,
order-0075277,cust-032180,2026-01-22,online,desktop,0.3,"2,95",completado,
order-0207096,cust-017958,24/09/2025,online,mobile,0.2,"0,00",completado,
order-0118363,cust-004126,05/06/2026,online,desktop,0.15,"2,95",completado,
order-0112685,cust-051953,2026-03-07,online,mobile,0.0,"4,95",completado,
order-0132002,cust-032248,18/12/2025,online,mobile,0.2,"2,95",completado,
order-0331330,cust-037522,26/08/2024,online,desktop,0.1,"4,95",completado,
order-0373161,cust-001140,23 de agosto de 2025,online,mobile,0.3,"0,00",completado,
order-0111423,cust-raw-fake-009,2026-02-26,online,desktop,0.2,"0,00",completado,
order-0181317,cust-050422,2025-03-02,online,tablet,0.2,"2,95",completado,
order-0350441,cust-035604,16/05/2023,online,mobile,0.0,"4,95",completado,
order-0295511,cust-011220,19/02/2024,online,mobile,0.3,"2,95",completado,
order-0028503,cust-037540,30 de septiembre de 2025,online,desktop,0.05,"4,95",completado,
order-0058903,cust-050058,2023-10-01,online,mobile,0.1,"4,95",completado,
order-0223215,cust-000460,16 de enero de 2026,online,mobile,0.2,"0,00",completado,
order-0337942,cust-033073,19 de julio de 2025,online,tablet,0.3,"0,00",devuelto_parcial,
order-0281321,cust-038908,01/09/2024,online,desktop,0.0,"0,00",cancelado,
order-0371920,cust-040456,2026-03-15,online,mobile,0.0,"2,95",cancelado,
order-0368854,cust-042880,06/09/2023,online,mobile,0.05,"0,00",completado,
order-0211477,cust-005686,07/12/2024,online,desktop,0.05,"0,00",completado,
order-0112098,cust-015990,2024-02-27,online,mobile,0.3,"2,95",completado,
order-0020935,cust-040047,1 de abril de 2026,online,mobile,0.0,"0,00",cancelado,
order-0037972,cust-029458,18 de febrero de 2026,online,desktop,0.2,"0,00",completado,
order-0242213,cust-018608,2025-06-05,online,desktop,0.1,"2,95",completado,
order-0090885,cust-031134,24/02/2024,online,desktop,0.2,"4,95",completado,
order-0107958,cust-008709,24/09/2024,online,mobile,0.0,"0,00",completado,
order-0166115,cust-036282,7 de diciembre de 2025,online,mobile,0.0,"2,95",completado,
order-0350626,cust-005443,19 de abril de 2025,online,mobile,0.0,"0,00",completado,
order-0333399,cust-025003,22 de junio de 2025,online,mobile,0.05,"0,00",completado,
order-0174942,cust-raw-fake-005,03/04/2026,online,desktop,0.15,"0,00",completado,
order-0346558,cust-057070,22 de agosto de 2024,online,mobile,0.15,"2,95",completado,
order-0348191,cust-012862,5 de febrero de 2026,online,desktop,0.1,"0,00",completado,
order-0364597,cust-035265,12/12/2025,online,mobile,0.15,"4,95",completado,
order-0106351,cust-018035,9 de mayo de 2026,online,mobile,0.0,"0,00",completado,
order-0138952,cust-006713,30 de septiembre de 2024,online,mobile,0.05,"2,95",cancelado,
order-0213726,cust-001860,20 de febrero de 2024,online,mobile,0.3,"4,95",completado,
order-0324777,cust-026234,16/03/2025,online,desktop,0.15,"0,00",completado,
order-0271672,cust-052297,1 de enero de 2024,online,mobile,0.0,"0,00",cancelado,
order-0193575,cust-010929,2024-07-12,online,mobile,0.1,"0,00",devuelto_parcial,
order-0021852,cust-021367,13 de marzo de 2026,online,mobile,0.1,"2,95",devuelto_parcial,
order-0315874,cust-035584,21 de febrero de 2025,online,desktop,0.1,"4,95",completado,
order-0109800,cust-009999,2025-07-12,online,mobile,0.3,"0,00",completado,
order-0247385,cust-043077,07/05/2025,online,desktop,0.0,"0,00",completado,
order-0054555,cust-016307,29/04/2026,online,desktop,0.0,"2,95",completado,
order-0105883,cust-055567,17/10/2023,online,mobile,0.0,"2,95",completado,
order-0260357,cust-049392,22 de junio de 2023,online,mobile,0.2,"2,95",devuelto_parcial,
order-0094875,cust-040434,08/12/2023,online,mobile,0.15,"0,00",completado,
order-0125832,cust-034511,2025-06-16,store,n/a,0.15,"0,00",completado,store-09
order-0161443,cust-006083,18 de junio de 2024,online,desktop,0.0,"4,95",completado,
order-0050620,cust-005141,2026-01-04,online,mobile,0.0,"2,95",completado,
order-0171014,cust-017049,16/11/2025,online,desktop,0.1,"0,00",completado,
order-0228705,cust-012054,2026-02-17,online,desktop,0.3,"2,95",completado,
order-0154209,cust-053282,2026-01-18,online,desktop,0.2,"0,00",completado,
order-0256847,cust-026630,30/06/2026,online,mobile,0.0,"4,95",completado,
order-0067606,cust-016992,12/05/2026,online,mobile,0.15,"4,95",completado,
order-0193107,cust-018396,29 de junio de 2025,online,mobile,0.05,"2,95",completado,
order-0358087,cust-020928,1 de diciembre de 2023,online,desktop,0.1,"4,95",completado,
order-0314261,cust-039795,2025-10-20,online,mobile,0.05,"4,95",completado,
order-0250671,cust-019799,28 de octubre de 2025,online,mobile,0.0,"0,00",completado,
order-0200421,cust-014819,2026-05-10,online,desktop,0.0,"4,95",completado,
order-0197783,cust-001378,2025-01-02,online,mobile,0.0,"2,95",completado,
order-0088483,cust-020348,13 de mayo de 2025,online,mobile,0.2,"4,95",completado,
order-0377646,cust-046850,30/09/2024,online,mobile,0.0,"2,95",completado,
order-0333637,cust-026974,11/10/2025,online,desktop,0.0,"0,00",completado,
order-0318822,cust-029956,2025-03-31,online,desktop,0.0,"2,95",completado,
order-0147494,cust-004561,19 de junio de 2025,online,mobile,0.05,"0,00",completado,
order-0131355,cust-054232,20/08/2025,online,mobile,0.1,"4,95",completado,
order-0084992,cust-013623,30 de junio de 2026,online,mobile,0.0,"4,95",completado,
order-0018366,cust-028779,2025-05-19,online,desktop,0.0,"2,95",completado,
order-0073567,cust-019632,25/11/2024,online,desktop,0.3,"0,00",completado,
order-0140581,cust-054026,2024-05-04,online,mobile,0.0,"2,95",completado,
order-0093207,cust-005033,2026-06-19,store,n/a,0.05,"0,00",completado,
order-0295273,cust-027615,2026-05-27,online,mobile,0.0,"2,95",completado,
order-0105385,cust-028306,23/09/2024,online,mobile,0.1,"4,95",completado,
order-0332649,cust-002772,26/05/2026,online,desktop,0.0,"2,95",completado,
order-0204907,cust-022016,26/02/2026,online,desktop,0.1,"2,95",completado,
order-0208662,cust-042419,2025-07-28,online,mobile,0.2,"2,95",devuelto_parcial,
order-0322295,cust-050042,5 de junio de 2025,online,desktop,0.15,"0,00",completado,
order-0020817,cust-033736,05/06/2025,store,n/a,0.1,"0,00",completado,store-01
order-0339178,cust-021949,27 de octubre de 2024,online,desktop,0.0,"2,95",completado,
order-0273443,cust-048648,2025-01-12,online,mobile,0.2,"0,00",completado,
order-0161936,cust-042563,02/08/2025,online,desktop,0.3,"4,95",completado,
order-0148504,cust-027618,14/03/2026,online,mobile,0.0,"4,95",completado,
order-0314439,cust-052175,2025-02-16,online,desktop,0.1,"4,95",devuelto_parcial,
order-0336255,cust-059034,2025-07-23,online,mobile,0.3,"4,95",completado,
order-0122826,cust-030987,2025-10-30,online,mobile,0.0,"0,00",devuelto_parcial,
order-0174250,cust-037796,19/11/2025,online,desktop,0.05,"0,00",completado,
order-0393916,cust-057152,15 de octubre de 2025,online,mobile,0.1,"0,00",completado,
order-0016406,cust-017507,2025-12-16,online,mobile,0.2,"0,00",devuelto_parcial,
order-0164638,cust-053384,29 de marzo de 2025,online,mobile,0.05,"2,95",completado,
order-0303068,cust-059384,9 de junio de 2024,online,mobile,0.15,"2,95",devuelto_parcial,
order-0342745,cust-023598,16/04/2025,online,desktop,0.0,"4,95",completado,
order-0342738,cust-015466,27/02/2024,online,mobile,0.15,"0,00",completado,
order-0102408,cust-053718,08/10/2023,online,mobile,0.15,"0,00",completado,
order-0343710,cust-026648,2026-06-30,online,desktop,0.0,"0,00",completado,
order-0372755,cust-048087,2026-01-19,store,n/a,0.3,"0,00",cancelado,store-12
order-0328455,cust-020946,2025-02-22,store,n/a,0.3,"0,00",completado,store-18
order-0176403,cust-059665,25 de febrero de 2026,online,tablet,0.3,"4,95",devuelto_parcial,
order-0193721,cust-045447,2024-08-17,online,mobile,0.3,"0,00",completado,
order-0004947,cust-033609,4 de octubre de 2025,online,desktop,0.15,"2,95",completado,
order-0246415,cust-055171,2024-11-05,online,mobile,0.05,"2,95",completado,
order-0183601,cust-010368,2024-01-31,online,desktop,0.3,"4,95",completado,
order-0049363,cust-046950,16 de diciembre de 2023,online,mobile,0.1,"0,00",completado,
order-0321948,cust-037991,18 de enero de 2026,online,mobile,0.2,"4,95",completado,
order-0299424,cust-040753,13/10/2025,online,mobile,0.0,"0,00",completado,
order-0367764,cust-049883,10/10/2025,online,tablet,0.1,"0,00",completado,
order-0098761,cust-040545,2024-12-24,online,mobile,0.2,"2,95",completado,
order-0378417,cust-032634,12/11/2025,online,mobile,0.0,"0,00",devuelto_parcial,
order-0205802,cust-019520,2025-06-27,online,mobile,0.0,"4,95",completado,
order-0007638,cust-053682,2026-04-27,online,desktop,0.1,"2,95",completado,
order-0363752,cust-054941,2024-01-07,online,mobile,0.1,"2,95",completado,
order-0384743,cust-002588,22 de agosto de 2025,online,tablet,0.1,"0,00",completado,
order-0006135,cust-031329,2025-11-29,online,mobile,0.2,"0,00",completado,
order-0189699,cust-031844,2026-06-06,online,mobile,0.0,"2,95",completado,
order-0311691,cust-raw-fake-003,23/06/2025,online,desktop,0.1,"0,00",completado,
order-0082084,cust-035728,2024-04-17,online,mobile,0.05,"4,95",devuelto_parcial,
order-0174756,cust-015919,16/04/2025,online,mobile,0.0,"4,95",completado,
order-0234740,cust-011201,2026-03-22,online,desktop,0.0,"2,95",completado,
order-0165883,cust-042764,27/03/2026,online,tablet,0.0,"2,95",completado,
order-0103104,cust-015748,03/11/2025,online,mobile,0.15,"0,00",devuelto_parcial,
order-0281543,cust-040176,24 de febrero de 2024,online,mobile,0.3,"2,95",completado,
order-0372632,cust-058002,29 de octubre de 2024,online,mobile,0.0,"4,95",cancelado,
order-0137051,cust-007332,2025-12-30,online,mobile,0.05,"2,95",completado,
order-0079721,cust-015767,7 de marzo de 2025,online,mobile,0.0,"4,95",completado,
order-0156134,cust-047526,12 de agosto de 2025,online,mobile,0.2,"0,00",completado,
order-0100163,cust-047998,24/02/2026,online,mobile,0.1,"2,95",completado,
order-0331345,cust-044072,21 de febrero de 2024,online,tablet,0.3,"0,00",completado,
order-0038896,cust-020498,2023-11-10,online,mobile,0.1,"2,95",completado,
order-0281523,cust-031831,10/05/2026,online,desktop,0.1,"0,00",completado,
order-0373034,cust-037180,03/10/2024,online,mobile,0.1,"0,00",completado,
order-0010430,cust-003891,2026-02-28,online,mobile,0.1,"0,00",completado,
order-0168818,cust-037508,2026-06-20,online,desktop,0.0,"2,95",completado,
order-0232704,cust-055007,2026-05-22,online,desktop,0.0,"4,95",completado,
order-0175409,cust-001963,28 de marzo de 2026,online,mobile,0.05,"0,00",completado,
order-0154343,cust-036002,11 de julio de 2023,online,tablet,0.3,"4,95",completado,
order-0115619,cust-018569,2026-03-21,online,tablet,0.0,"4,95",completado,
order-0016809,cust-033649,4 de julio de 2025,online,mobile,0.3,"2,95",completado,
order-0232289,cust-015083,2025-12-17,online,mobile,0.1,"0,00",completado,
order-0359731,cust-042100,11/11/2025,online,mobile,0.0,"0,00",completado,
order-0126641,cust-006365,16 de octubre de 2025,online,mobile,0.1,"2,95",completado,
order-0268833,cust-039617,2026-05-13,online,mobile,0.1,"2,95",completado,
order-0295621,cust-006691,13/02/2025,online,desktop,0.1,"0,00",completado,
order-0114088,cust-022932,20/06/2026,online,mobile,0.0,"2,95",completado,
order-0335334,cust-021122,2026-05-28,online,tablet,0.0,"0,00",completado,
order-0268198,cust-004914,6 de enero de 2024,online,mobile,0.05,"0,00",devuelto_parcial,
order-0295124,cust-012250,28 de marzo de 2026,online,desktop,0.15,"0,00",completado,
order-0113967,cust-034362,24/12/2025,online,mobile,0.2,"2,95",devuelto_parcial,
order-0386918,cust-025500,20 de abril de 2025,online,mobile,0.0,"2,95",completado,
order-0304971,cust-052230,21/05/2024,store,n/a,0.0,"0,00",cancelado,store-22
order-0336829,cust-006410,2025-08-19,online,desktop,0.1,"0,00",devuelto_parcial,
order-0384265,cust-003661,2026-01-12,online,mobile,0.3,"0,00",completado,
order-0169752,cust-055157,3 de marzo de 2025,store,n/a,0.1,"0,00",completado,store-04
order-0372811,cust-038462,2025-11-25,online,desktop,0.0,"2,95",completado,
order-0364374,cust-036004,04/10/2025,online,desktop,0.2,"4,95",completado,
order-0002372,cust-021539,31/08/2025,online,mobile,0.1,"2,95",completado,
order-0017794,cust-031784,2025-09-16,online,desktop,0.15,"0,00",completado,
order-0044002,cust-028956,2024-10-27,online,tablet,0.15,"0,00",completado,
order-0275904,cust-053721,2024-09-20,online,mobile,0.15,"4,95",completado,
order-0371318,cust-019066,09/10/2025,online,desktop,0.0,"0,00",completado,
order-0091170,cust-052017,27 de abril de 2026,online,mobile,0.0,"2,95",completado,
order-0387210,cust-044876,29 de marzo de 2025,online,mobile,0.1,"0,00",completado,
order-0083995,cust-048948,2 de agosto de 2024,online,mobile,0.3,"4,95",completado,
order-0065799,cust-013556,2 de octubre de 2025,online,desktop,0.1,"0,00",completado,
order-0329745,cust-011125,01/09/2024,online,mobile,0.0,"2,95",completado,
order-0398996,cust-031387,31 de enero de 2024,online,desktop,0.3,"2,95",completado,
order-0072015,cust-020063,21/02/2025,online,tablet,0.1,"2,95",completado,
order-0056135,cust-029965,29/05/2026,online,desktop,0.15,"4,95",completado,
order-0267961,cust-037057,17/05/2026,online,desktop,0.05,"2,95",devuelto_parcial,
order-0107422,cust-006722,2026-06-10,online,mobile,0.0,"4,95",completado,
order-0195501,cust-047788,17/04/2026,online,mobile,0.1,"4,95",completado,
order-0177996,cust-raw-fake-016,2026-03-01,online,tablet,0.0,"2,95",completado,
order-0343261,cust-002608,2025-09-13,online,tablet,0.15,"2,95",cancelado,
order-0152778,cust-031005,19 de julio de 2025,online,mobile,0.1,"0,00",completado,
order-0282867,cust-054000,03/07/2024,online,mobile,0.2,"0,00",completado,
order-0296220,cust-008016,23 de octubre de 2025,online,mobile,0.1,"0,00",completado,
order-0182698,cust-036883,2024-10-18,online,desktop,0.05,"2,95",completado,
order-0393166,cust-052839,09/08/2024,online,desktop,0.1,"2,95",completado,
order-0314104,cust-038717,28/02/2026,online,mobile,0.3,"0,00",completado,
order-0341802,cust-038374,01/04/2025,online,desktop,0.0,"4,95",devuelto_parcial,
order-0176836,cust-026011,2023-11-03,online,desktop,0.05,"4,95",completado,
order-0327062,cust-008121,2026-06-28,online,mobile,0.0,"0,00",completado,
order-0348730,cust-012261,23/05/2026,online,mobile,0.05,"0,00",completado,
order-0011537,cust-044135,2026-06-30,online,mobile,0.2,"2,95",completado,
order-0025944,cust-031022,26/12/2025,store,n/a,0.0,"0,00",completado,store-05
order-0316445,cust-016239,24 de mayo de 2025,online,desktop,0.0,"2,95",devuelto_parcial,
order-0058183,cust-010924,16 de diciembre de 2025,online,mobile,0.3,"4,95",devuelto_parcial,
order-0203786,cust-019221,15 de octubre de 2025,online,tablet,0.0,"2,95",completado,
order-0067733,cust-000782,16 de marzo de 2026,online,tablet,0.15,"0,00",completado,
order-0113243,cust-058831,24 de enero de 2026,online,mobile,0.3,"2,95",completado,
order-0247486,cust-049526,19 de marzo de 2025,store,n/a,0.1,"0,00",completado,store-22
order-0314244,cust-049826,2025-02-24,online,mobile,0.2,"2,95",completado,
order-0338334,cust-005558,30/04/2026,online,desktop,0.0,"2,95",completado,
order-0062155,cust-034584,2026-03-07,online,desktop,0.1,"0,00",completado,
order-0394152,cust-032277,21 de septiembre de 2025,online,mobile,0.05,"4,95",completado,
order-0030519,cust-055922,2026-05-14,online,mobile,0.0,"4,95",completado,
order-0262002,cust-004522,13 de noviembre de 2025,online,desktop,0.0,"2,95",completado,
order-0298576,cust-030482,19 de mayo de 2024,store,n/a,0.05,"0,00",completado,store-37
order-0137666,cust-013918,9 de diciembre de 2024,online,mobile,0.0,"4,95",completado,
order-0232283,cust-051187,17/05/2025,store,n/a,0.0,"0,00",completado,store-24
order-0183675,cust-051252,2026-05-29,online,mobile,0.0,"0,00",completado,
order-0266662,cust-029519,2023-04-10,online,mobile,0.05,"2,95",completado,
order-0023443,cust-029842,2024-07-16,online,mobile,0.1,"4,95",completado,
order-0322403,cust-044611,30/10/2025,online,mobile,0.0,"4,95",devuelto_parcial,
order-0095465,cust-022710,1 de enero de 2026,online,desktop,0.05,"4,95",completado,
order-0247924,cust-005544,06/10/2024,online,desktop,0.1,"2,95",completado,
order-0292104,cust-048710,26 de noviembre de 2025,online,mobile,0.15,"2,95",devuelto_parcial,
order-0333497,cust-018980,2025-12-26,online,desktop,0.0,"2,95",completado,
order-0226121,cust-012441,18/04/2026,online,tablet,0.05,"4,95",completado,
order-0332031,cust-056911,14 de octubre de 2024,online,desktop,0.0,"2,95",completado,
order-0140790,cust-029976,26/06/2026,online,desktop,0.2,"4,95",completado,
order-0041490,cust-026755,2025-10-02,online,desktop,0.0,"0,00",completado,
order-0191542,cust-055104,24 de septiembre de 2025,online,desktop,0.0,"0,00",completado,
order-0355784,cust-058787,18 de enero de 2026,online,tablet,0.2,"0,00",completado,
order-0375673,cust-032168,28 de abril de 2026,online,mobile,0.0,"0,00",completado,
order-0085759,cust-010148,21 de julio de 2025,online,mobile,0.1,"0,00",completado,
order-0105666,cust-053204,19/09/2023,online,mobile,0.0,"4,95",completado,
order-0263571,cust-024235,05/03/2025,online,desktop,0.1,"4,95",completado,
order-0094902,cust-028734,23 de junio de 2024,online,mobile,0.0,"0,00",completado,
order-0201918,cust-035277,24/10/2023,online,mobile,0.0,"2,95",devuelto_parcial,
order-0075268,cust-029571,30 de marzo de 2025,online,mobile,0.0,"0,00",completado,
order-0211749,cust-032209,30 de enero de 2026,store,n/a,0.2,"0,00",completado,store-27
order-0158316,cust-038248,2026-01-23,online,desktop,0.1,"2,95",completado,
order-0062355,cust-029190,2024-10-21,online,desktop,0.15,"2,95",devuelto_parcial,
order-0304331,cust-010348,2024-10-11,online,mobile,0.0,"4,95",completado,
order-0056746,cust-036502,30/05/2026,online,mobile,0.05,"4,95",completado,
order-0219512,cust-057659,05/09/2024,store,n/a,0.0,"0,00",completado,store-19
order-0311189,cust-053358,08/02/2026,online,mobile,0.2,"2,95",completado,
order-0193673,cust-021727,26/03/2026,online,desktop,0.0,"0,00",completado,
order-0170617,cust-004080,26/07/2025,online,mobile,0.1,"4,95",devuelto_parcial,
order-0107006,cust-006401,2025-02-25,online,mobile,0.2,"0,00",completado,
order-0017452,cust-022689,09/01/2026,online,mobile,0.2,"0,00",completado,
order-0169165,cust-010491,04/04/2026,online,desktop,0.0,"0,00",completado,
order-0185961,cust-049429,14 de marzo de 2024,online,mobile,0.2,"0,00",completado,
order-0386841,cust-036474,1 de mayo de 2026,store,n/a,0.0,"0,00",completado,store-11
order-0072703,cust-055351,2025-12-18,online,mobile,0.2,"0,00",completado,
order-0030114,cust-043911,5 de diciembre de 2024,online,desktop,0.0,"4,95",cancelado,
order-0058090,cust-052775,29/03/2026,online,mobile,0.0,"4,95",completado,
order-0089823,cust-004168,10/08/2025,online,desktop,0.15,"2,95",devuelto_parcial,
order-0021826,cust-057453,23 de mayo de 2025,online,desktop,0.0,"2,95",completado,
order-0373849,cust-039575,03/10/2025,online,mobile,0.15,"4,95",completado,
order-0319558,cust-024793,2023-11-24,online,mobile,0.3,"0,00",completado,
order-0312778,cust-027058,1 de marzo de 2026,online,desktop,0.05,"2,95",completado,
order-0182854,cust-042884,2026-02-28,store,n/a,0.2,"0,00",completado,store-10
order-0034915,cust-055050,2026-01-22,online,tablet,0.3,"4,95",completado,
order-0279729,cust-032245,22/01/2026,online,tablet,0.2,"2,95",completado,
order-0131784,cust-043419,2025-10-24,online,mobile,0.0,"0,00",completado,
order-0118428,cust-053829,20/12/2025,online,mobile,0.2,"2,95",completado,
order-0246195,cust-035605,29/05/2026,online,mobile,0.0,"2,95",completado,
order-0253996,cust-038601,7 de marzo de 2026,online,mobile,0.05,"0,00",completado,
order-0100206,cust-019816,15/03/2026,online,mobile,0.05,"0,00",completado,
order-0101577,cust-014844,21/04/2026,online,mobile,0.0,"2,95",completado,
order-0049282,cust-001361,11/07/2024,online,mobile,0.2,"0,00",completado,
order-0080005,cust-010429,2026-02-23,online,mobile,0.1,"0,00",completado,
order-0349053,cust-044951,20/10/2025,online,desktop,0.15,"4,95",completado,
order-0351583,cust-009139,2024-12-26,online,desktop,0.0,"4,95",completado,
order-0319417,cust-032152,2026-02-06,online,desktop,0.1,"4,95",completado,
order-0019489,cust-006273,25/02/2025,online,desktop,0.1,"4,95",completado,
order-0159934,cust-007579,17 de mayo de 2025,online,desktop,0.15,"4,95",completado,
order-0306137,cust-032335,26 de marzo de 2026,online,mobile,0.15,"0,00",completado,
order-0109001,cust-056407,20 de septiembre de 2025,online,mobile,0.05,"0,00",completado,
order-0070725,cust-051591,2026-02-27,online,desktop,0.2,"0,00",cancelado,
order-0031248,cust-036316,2026-06-27,online,mobile,0.0,"0,00",completado,
order-0118250,cust-049598,6 de junio de 2026,online,mobile,0.0,"2,95",completado,
order-0125508,cust-056844,2024-03-03,online,mobile,0.05,"0,00",devuelto_parcial,
order-0268193,cust-006324,2024-08-02,online,mobile,0.2,"2,95",completado,
order-0182465,cust-013186,09/04/2025,online,mobile,0.0,"0,00",completado,
order-0375061,cust-002884,2026-03-10,online,mobile,0.05,"0,00",completado,
order-0051082,cust-001870,10 de junio de 2026,store,n/a,0.0,"0,00",devuelto_parcial,store-33
order-0114924,cust-raw-fake-018,13 de diciembre de 2024,online,mobile,0.0,"4,95",completado,
order-0065756,cust-038834,24 de marzo de 2026,online,mobile,0.05,"0,00",completado,
order-0104248,cust-041525,25/10/2024,online,mobile,0.0,"2,95",completado,
order-0207847,cust-024933,2026-02-19,online,mobile,0.2,"0,00",completado,
order-0215419,cust-058425,2026-04-19,online,tablet,0.05,"4,95",completado,
order-0174617,cust-011602,09/10/2024,online,mobile,0.0,"0,00",completado,
order-0184556,cust-031627,28 de febrero de 2024,online,tablet,0.2,"2,95",completado,
order-0240789,cust-038554,2025-03-16,online,desktop,0.0,"0,00",completado,
order-0045009,cust-002228,4 de enero de 2025,online,mobile,0.0,"2,95",completado,
order-0315990,cust-054193,27/01/2025,online,desktop,0.1,"2,95",completado,
order-0015034,cust-054770,2023-05-05,online,mobile,0.15,"0,00",completado,
order-0033540,cust-029324,21 de julio de 2023,online,mobile,0.2,"2,95",completado,
order-0209986,cust-021576,29 de marzo de 2026,online,desktop,0.0,"0,00",completado,
order-0050501,cust-010719,13/09/2024,online,desktop,0.15,"2,95",completado,
order-0010122,cust-054053,19/04/2025,online,desktop,0.1,"2,95",completado,
order-0056259,cust-012735,2 de marzo de 2024,online,mobile,0.0,"2,95",completado,
order-0179941,cust-030080,29/07/2024,online,desktop,0.1,"4,95",completado,
order-0007952,cust-016860,30 de junio de 2026,online,desktop,0.15,"2,95",completado,
order-0125586,cust-002775,22/05/2026,online,desktop,0.0,"0,00",completado,
order-0226728,cust-050740,12/05/2026,online,desktop,0.05,"4,95",completado,
order-0121726,cust-053669,19 de junio de 2025,online,mobile,0.0,"2,95",completado,
order-0290874,cust-055132,2024-02-04,online,mobile,0.1,"0,00",completado,
order-0389581,cust-raw-fake-016,2025-08-20,online,mobile,0.1,"4,95",completado,
order-0323957,cust-040540,2025-10-07,online,tablet,0.05,"4,95",completado,
order-0252447,cust-008152,22 de agosto de 2025,online,mobile,0.3,"4,95",completado,
order-0059711,cust-034248,17 de enero de 2026,online,mobile,0.3,"4,95",completado,
order-0143381,cust-035584,19 de febrero de 2025,online,mobile,0.1,"0,00",completado,
order-0385809,cust-001216,9 de marzo de 2026,online,tablet,0.0,"0,00",completado,
order-0018537,cust-041531,2026-05-03,online,desktop,0.05,"0,00",completado,
order-0184436,cust-051315,1 de marzo de 2025,online,desktop,0.05,"4,95",devuelto_parcial,
order-0339330,cust-046457,2026-02-12,online,desktop,0.3,"2,95",completado,
order-0309937,cust-022311,2026-04-17,online,mobile,0.1,"2,95",completado,
order-0155548,cust-000747,28 de abril de 2025,online,mobile,0.05,"4,95",devuelto_parcial,
order-0347629,cust-031826,18/02/2026,online,mobile,0.1,"2,95",completado,
order-0110150,cust-048047,07/03/2026,online,mobile,0.0,"4,95",completado,
order-0045344,cust-042858,20 de febrero de 2026,online,mobile,0.3,"0,00",completado,
order-0177865,cust-058662,2025-09-25,online,desktop,0.0,"4,95",completado,
order-0222478,cust-024065,6 de julio de 2024,online,desktop,0.2,"2,95",completado,
order-0279970,cust-003888,23/03/2026,online,mobile,0.0,"4,95",completado,
order-0138923,cust-033552,25 de mayo de 2024,online,tablet,0.15,"0,00",completado,
order-0290847,cust-043202,30/10/2025,online,desktop,0.05,"0,00",completado,
order-0343430,cust-raw-fake-001,16/05/2025,online,desktop,0.05,"0,00",completado,
order-0248634,cust-055167,2 de junio de 2025,online,mobile,0.0,"4,95",completado,
order-0302190,cust-058424,5 de septiembre de 2025,online,mobile,0.1,"0,00",completado,
order-0153853,cust-012429,09/12/2024,store,n/a,0.05,"0,00",completado,store-02
order-0132157,cust-015643,21/07/2024,online,mobile,0.1,"0,00",completado,
order-0183232,cust-raw-fake-017,16 de diciembre de 2024,online,mobile,0.3,"4,95",completado,
order-0351267,cust-025775,2 de noviembre de 2024,online,desktop,0.05,"4,95",completado,
order-0338957,cust-040238,2026-01-15,online,desktop,0.3,"4,95",completado,
order-0319435,cust-008461,22/05/2026,store,n/a,0.0,"0,00",devuelto_parcial,store-26
order-0325185,cust-019976,03/05/2026,online,tablet,0.15,"2,95",completado,
order-0358037,cust-037240,24 de abril de 2024,online,desktop,0.0,"2,95",completado,
order-0083320,cust-043838,2023-12-05,online,desktop,0.1,"0,00",completado,
order-0265460,cust-054164,17 de junio de 2025,online,mobile,0.15,"2,95",completado,
order-0343609,cust-038550,24 de octubre de 2024,online,mobile,0.0,"4,95",completado,
order-0227078,cust-057965,19/08/2025,online,desktop,0.2,"0,00",completado,
order-0336733,cust-004036,2023-08-11,online,desktop,0.1,"0,00",completado,
order-0096116,cust-020482,31/10/2025,online,mobile,0.15,"4,95",completado,
order-0042858,cust-041269,12 de febrero de 2026,online,mobile,0.1,"0,00",completado,
order-0015851,cust-018864,9 de noviembre de 2024,online,desktop,0.2,"0,00",completado,
order-0397172,cust-019755,2025-09-08,online,mobile,0.15,"0,00",completado,
order-0250975,cust-018392,05/06/2026,store,n/a,0.0,"0,00",completado,store-37
order-0180873,cust-055552,14/06/2025,store,n/a,0.1,"0,00",completado,store-07
order-0055697,cust-001452,30 de diciembre de 2024,online,desktop,0.15,"0,00",completado,
order-0211165,cust-045301,05/10/2023,online,desktop,0.1,"4,95",completado,
order-0196553,cust-050377,4 de noviembre de 2024,store,n/a,0.15,"0,00",completado,store-11
order-0333842,cust-031180,2024-07-10,store,n/a,0.15,"0,00",completado,store-35
order-0014399,cust-036158,07/10/2025,online,desktop,0.0,"0,00",completado,
order-0331117,cust-043997,23 de diciembre de 2025,online,desktop,0.3,"0,00",completado,
order-0370681,cust-027949,2023-10-15,online,desktop,0.05,"4,95",completado,
order-0002411,cust-032502,27 de abril de 2025,online,mobile,0.1,"4,95",completado,
order-0154639,cust-031556,07/11/2024,online,mobile,0.0,"0,00",completado,
order-0221719,cust-002870,25 de enero de 2024,store,n/a,0.3,"0,00",completado,store-20
order-0378155,cust-007099,2025-08-27,store,n/a,0.1,"0,00",devuelto_parcial,store-36
order-0250432,cust-018627,8 de marzo de 2024,online,mobile,0.0,"0,00",completado,
order-0239495,cust-033507,28 de noviembre de 2025,online,mobile,0.2,"0,00",completado,
order-0330801,cust-007467,2026-01-29,online,desktop,0.1,"2,95",completado,
order-0195254,cust-055561,7 de febrero de 2024,online,mobile,0.1,"0,00",completado,
order-0088308,cust-029613,2025-12-27,store,n/a,0.15,"0,00",completado,store-23
order-0052119,cust-006897,09/09/2024,online,desktop,0.1,"2,95",completado,
order-0283491,cust-009591,2026-01-18,online,mobile,0.1,"4,95",completado,
order-0003130,cust-036133,2025-02-03,online,mobile,0.1,"4,95",completado,
order-0364388,cust-056085,13/09/2025,online,desktop,0.15,"2,95",completado,
order-0294019,cust-036590,7 de mayo de 2025,online,tablet,0.1,"4,95",completado,
order-0132387,cust-057803,21/09/2025,online,mobile,0.05,"0,00",completado,
order-0024108,cust-053235,2026-01-21,online,desktop,0.3,"0,00",completado,
order-0009643,cust-049813,04/05/2025,online,mobile,0.1,"2,95",completado,
order-0379794,cust-026018,31 de enero de 2024,online,desktop,0.3,"0,00",completado,
order-0047087,cust-052718,30 de junio de 2026,online,mobile,0.1,"0,00",completado,
order-0253203,cust-048424,2026-01-20,online,mobile,0.1,"0,00",completado,
order-0066994,cust-044215,10/04/2026,online,desktop,0.15,"0,00",completado,
order-0330587,cust-013685,06/02/2026,online,mobile,0.2,"0,00",completado,
order-0282400,cust-021785,2026-01-01,online,desktop,0.1,"4,95",completado,
order-0316412,cust-001534,13 de enero de 2026,online,mobile,0.2,"4,95",completado,
order-0155211,cust-007600,27 de enero de 2026,online,desktop,0.3,"0,00",completado,
order-0283824,cust-003597,25 de diciembre de 2024,online,mobile,0.0,"2,95",completado,
order-0330745,cust-030164,24 de febrero de 2025,online,desktop,0.1,"0,00",completado,
order-0115397,cust-002405,10/05/2025,online,mobile,0.0,"0,00",completado,
order-0183268,cust-016522,9 de mayo de 2026,online,mobile,0.0,"2,95",completado,
order-0242870,cust-027912,17 de abril de 2025,online,desktop,0.05,"2,95",completado,
order-0248604,cust-048456,30 de junio de 2025,online,desktop,0.05,"2,95",completado,
order-0246885,cust-027931,02/12/2025,online,mobile,0.1,"2,95",completado,
order-0255178,cust-009031,2026-04-14,online,mobile,0.0,"4,95",completado,
order-0291917,cust-037046,10/06/2026,online,mobile,0.05,"0,00",devuelto_parcial,
order-0357467,cust-035019,2024-03-14,online,mobile,0.0,"2,95",completado,
order-0335433,cust-014159,3 de noviembre de 2024,online,mobile,0.0,"2,95",completado,
order-0180665,cust-057764,2025-06-16,online,mobile,0.05,"0,00",completado,
order-0079209,cust-052933,2024-05-27,online,mobile,0.0,"2,95",completado,
order-0164124,cust-002111,23/02/2026,online,mobile,0.2,"4,95",completado,
order-0226186,cust-013702,01/09/2025,store,n/a,0.0,"0,00",completado,store-00
order-0247095,cust-057662,2025-06-03,online,desktop,0.0,"2,95",completado,
order-0153140,cust-017287,2026-01-16,online,desktop,0.2,"4,95",devuelto_parcial,
order-0230853,cust-055828,04/05/2025,online,desktop,0.0,"0,00",completado,
order-0052028,cust-049882,14/06/2026,online,mobile,0.05,"4,95",completado,
order-0226324,cust-026491,2026-06-13,online,mobile,0.1,"4,95",completado,
order-0203163,cust-051631,2026-05-16,online,mobile,0.0,"2,95",completado,
order-0276470,cust-001554,2026-06-17,online,mobile,0.0,"2,95",completado,
order-0268743,cust-049394,2025-01-04,online,desktop,0.0,"2,95",completado,
order-0314758,cust-058743,28 de febrero de 2024,online,mobile,0.1,"0,00",completado,
order-0157011,cust-002393,12/06/2026,online,desktop,0.0,"4,95",completado,
order-0279223,cust-022165,3 de marzo de 2026,online,mobile,0.0,"2,95",devuelto_parcial,
order-0214124,cust-043814,04/02/2026,online,mobile,0.2,"2,95",completado,
order-0288187,cust-051720,2025-12-24,online,mobile,0.2,"4,95",completado,
order-0292383,cust-047130,2026-05-13,online,desktop,0.1,"4,95",completado,
order-0030224,cust-018036,25/10/2025,online,mobile,0.0,"0,00",completado,
order-0004128,cust-032752,2025-08-19,online,desktop,0.3,"0,00",completado,
order-0080866,cust-038425,23 de noviembre de 2024,online,mobile,0.2,"4,95",completado,
order-0142834,cust-058079,01/05/2025,online,mobile,0.0,"2,95",completado,
order-0190893,cust-005885,2025-06-18,online,desktop,0.0,"4,95",completado,
order-0303765,cust-008921,16/06/2025,online,desktop,0.0,"4,95",completado,
order-0152541,cust-036120,2026-03-03,online,desktop,0.0,"0,00",completado,
order-0019844,cust-025592,26/01/2026,online,mobile,0.3,"0,00",completado,
order-0043562,cust-030351,07/03/2026,online,tablet,0.05,"4,95",completado,
order-0378789,cust-016728,30 de enero de 2025,online,tablet,0.3,"2,95",cancelado,
order-0125512,cust-025162,14 de marzo de 2025,online,tablet,0.2,"0,00",devuelto_parcial,
order-0219120,cust-raw-fake-013,2026-05-24,online,mobile,0.0,"0,00",completado,
order-0123219,cust-010830,2025-12-26,online,mobile,0.0,"0,00",completado,
order-0303828,cust-016012,25/02/2026,online,desktop,0.2,"2,95",completado,
order-0026615,cust-017599,27/08/2025,store,n/a,0.2,"0,00",devuelto_parcial,store-24
order-0132848,cust-054021,14/11/2025,online,mobile,0.0,"2,95",completado,
order-0208668,cust-049739,9 de abril de 2026,online,mobile,0.0,"2,95",completado,
order-0333868,cust-015474,2026-05-18,online,desktop,0.0,"0,00",completado,
order-0008792,cust-024102,7 de agosto de 2024,online,tablet,0.2,"2,95",cancelado,
order-0173700,cust-055515,29/10/2025,online,desktop,0.0,"0,00",completado,
order-0232514,cust-014689,7 de enero de 2026,online,tablet,0.3,"4,95",completado,
order-0365870,cust-054708,09/07/2025,online,mobile,0.3,"4,95",completado,
order-0315721,cust-009155,30 de marzo de 2024,online,mobile,0.15,"4,95",completado,
order-0086458,cust-038426,24/06/2026,online,mobile,0.1,"2,95",devuelto_parcial,
order-0197494,cust-051576,24 de marzo de 2026,store,n/a,0.0,"0,00",completado,store-30
order-0201314,cust-017518,2024-04-13,online,mobile,0.0,"0,00",completado,
order-0246092,cust-043595,30 de diciembre de 2025,online,mobile,0.0,"4,95",completado,
order-0006737,cust-raw-fake-019,21/04/2026,online,desktop,0.0,"4,95",completado,
order-0213762,cust-045848,2025-09-10,online,mobile,0.1,"0,00",completado,
order-0396853,cust-039288,28/06/2023,online,mobile,0.1,"0,00",completado,
order-0355860,cust-045225,01/04/2026,online,mobile,0.0,"0,00",completado,
order-0158864,cust-009082,17 de junio de 2025,online,mobile,0.0,"2,95",completado,
order-0010427,cust-041290,26 de marzo de 2025,online,tablet,0.05,"0,00",completado,
order-0116066,cust-009899,2026-04-19,online,desktop,0.05,"0,00",completado,
order-0309940,cust-059502,18/12/2025,online,mobile,0.2,"4,95",completado,
order-0281712,cust-055099,09/07/2025,online,desktop,0.1,"0,00",completado,
order-0260688,cust-025809,14 de mayo de 2026,online,desktop,0.05,"2,95",completado,
order-0343355,cust-017556,01/07/2024,online,mobile,0.3,"4,95",completado,
order-0168343,cust-029850,15/11/2025,online,desktop,0.0,"2,95",completado,
order-0304264,cust-046114,2026-02-20,online,desktop,0.2,"2,95",completado,
order-0053447,cust-030290,2026-04-18,store,n/a,0.0,"0,00",completado,store-00
order-0309742,cust-045653,2026-06-30,online,mobile,0.0,"2,95",completado,
order-0180326,cust-005297,14/10/2025,online,mobile,0.0,"4,95",completado,
order-0069216,cust-022282,2026-05-04,online,mobile,0.0,"0,00",completado,
order-0282824,cust-024669,24 de marzo de 2026,online,mobile,0.0,"0,00",devuelto_parcial,
order-0098123,cust-046501,2025-12-29,online,desktop,0.1,"4,95",completado,
order-0135131,cust-011525,2025-07-24,online,desktop,0.3,"4,95",completado,
order-0243580,cust-030964,21/10/2024,online,desktop,0.1,"0,00",completado,
order-0200233,cust-040233,18/01/2026,online,mobile,0.2,"0,00",completado,
order-0268368,cust-012472,2026-04-06,online,mobile,0.1,"0,00",completado,
order-0289142,cust-032766,06/07/2025,online,desktop,0.2,"0,00",completado,
order-0216388,cust-017313,2025-03-12,online,desktop,0.0,"4,95",completado,
order-0200052,cust-019740,1 de octubre de 2024,online,mobile,0.1,"2,95",completado,
order-0173761,cust-004405,11/07/2025,online,mobile,0.3,"0,00",completado,
order-0384977,cust-028303,30 de junio de 2026,online,mobile,0.1,"0,00",completado,
order-0014922,cust-023609,2025-08-01,online,mobile,0.3,"2,95",completado,
order-0011684,cust-003122,2024-12-18,online,desktop,0.1,"2,95",completado,
order-0102547,cust-041133,26 de julio de 2025,online,mobile,0.1,"0,00",devuelto_parcial,
order-0110454,cust-030579,25 de julio de 2025,online,mobile,0.2,"0,00",completado,
order-0123777,cust-036463,9 de enero de 2026,online,desktop,0.1,"4,95",completado,
order-0391602,cust-023132,2025-12-07,online,desktop,0.0,"4,95",completado,
order-0236927,cust-006806,13/06/2026,online,mobile,0.1,"0,00",completado,
order-0078010,cust-023033,2026-01-06,online,mobile,0.0,"0,00",completado,
order-0348958,cust-054441,19 de enero de 2024,online,desktop,0.2,"2,95",completado,
order-0140850,cust-017508,20 de octubre de 2025,online,mobile,0.1,"0,00",completado,
order-0067874,cust-028561,16 de junio de 2026,online,mobile,0.0,"2,95",devuelto_parcial,
order-0146353,cust-059229,19 de diciembre de 2025,store,n/a,0.3,"0,00",completado,store-14
order-0257055,cust-023981,15 de abril de 2026,online,mobile,0.0,"4,95",completado,
order-0263560,cust-018918,2025-12-29,online,mobile,0.0,"4,95",completado,
order-0250967,cust-037443,03/10/2024,online,desktop,0.0,"2,95",completado,
order-0308976,cust-051737,2025-10-08,online,mobile,0.05,"0,00",completado,
order-0101929,cust-026480,2025-10-19,online,desktop,0.0,"2,95",completado,
order-0374889,cust-034642,2026-02-11,online,tablet,0.2,"4,95",completado,
order-0392332,cust-025187,2026-02-06,online,mobile,0.2,"2,95",completado,
order-0187022,cust-059781,27 de noviembre de 2025,online,desktop,0.0,"4,95",completado,
order-0192070,cust-040813,2024-08-14,online,mobile,0.3,"0,00",completado,
order-0109052,cust-048309,04/05/2026,online,desktop,0.0,"0,00",completado,
order-0090087,cust-037380,2025-03-30,online,mobile,0.0,"0,00",cancelado,
order-0256240,cust-015361,2026-03-22,online,mobile,0.0,"0,00",completado,
order-0330984,cust-055791,2025-09-26,store,n/a,0.15,"0,00",completado,store-30
order-0295111,cust-042921,2024-09-09,online,mobile,0.0,"2,95",completado,
order-0390502,cust-019742,21 de mayo de 2026,online,tablet,0.0,"4,95",completado,
order-0194076,cust-027765,16 de marzo de 2025,online,mobile,0.05,"0,00",completado,
order-0137472,cust-048735,05/01/2026,online,mobile,0.0,"4,95",completado,
order-0036582,cust-004007,2025-02-22,online,desktop,0.3,"0,00",completado,
order-0176630,cust-051576,24/02/2024,online,mobile,0.1,"0,00",completado,
order-0164192,cust-056868,1 de mayo de 2026,online,tablet,0.1,"4,95",completado,
order-0194890,cust-040993,30/06/2026,online,desktop,0.05,"4,95",completado,
order-0342717,cust-047475,4 de noviembre de 2024,online,desktop,0.1,"0,00",completado,
order-0029555,cust-040464,5 de septiembre de 2025,online,mobile,0.1,"2,95",completado,
order-0289770,cust-036677,12 de abril de 2025,online,mobile,0.1,"2,95",completado,
order-0355605,cust-046624,16/01/2026,online,mobile,0.2,"2,95",completado,
order-0348745,cust-011473,22/03/2025,online,desktop,0.15,"2,95",completado,
order-0091030,cust-041221,20/06/2026,store,n/a,0.1,"0,00",completado,
order-0297596,cust-013918,18 de noviembre de 2025,online,mobile,0.0,"2,95",completado,
order-0243049,cust-016228,19/08/2025,online,mobile,0.2,"4,95",completado,
order-0324816,cust-021539,11 de agosto de 2025,online,desktop,0.1,"4,95",completado,
order-0091697,cust-037808,28 de abril de 2026,online,mobile,0.05,"0,00",completado,
order-0056109,cust-043608,2024-10-25,online,mobile,0.0,"4,95",completado,
order-0363785,cust-015912,18 de junio de 2026,online,desktop,0.05,"0,00",devuelto_parcial,
order-0365626,cust-057750,12/03/2026,online,mobile,0.0,"2,95",completado,
order-0267358,cust-007649,2026-01-01,online,tablet,0.2,"2,95",completado,
order-0230232,cust-043362,2025-12-22,online,desktop,0.1,"2,95",completado,
order-0184068,cust-037870,21/07/2025,online,mobile,0.3,"0,00",completado,
order-0271128,cust-raw-fake-019,07/11/2025,online,desktop,0.0,"4,95",devuelto_parcial,
order-0016467,cust-023883,7 de agosto de 2025,online,desktop,0.1,"0,00",completado,
order-0371132,cust-043390,25 de abril de 2025,online,mobile,0.15,"2,95",completado,
order-0200531,cust-025757,2026-02-19,store,n/a,0.3,"0,00",completado,store-28
order-0084752,cust-002510,08/02/2024,online,desktop,0.3,"2,95",completado,
order-0153819,cust-010859,30/06/2026,online,desktop,0.0,"2,95",completado,
order-0374195,cust-001781,30/06/2026,online,mobile,0.05,"4,95",completado,
order-0176858,cust-004977,04/07/2024,online,mobile,0.2,"4,95",completado,
order-0377268,cust-010530,2024-04-29,online,mobile,0.0,"0,00",completado,
order-0372524,cust-013774,2026-06-30,online,mobile,0.0,"4,95",completado,
order-0161072,cust-027144,26/04/2026,online,tablet,0.05,"4,95",completado,
order-0118171,cust-030926,2024-02-15,online,mobile,0.1,"4,95",completado,
order-0224590,cust-048361,31 de mayo de 2024,online,desktop,0.0,"0,00",completado,
order-0027621,cust-055241,04/12/2024,online,mobile,0.0,"2,95",completado,
order-0015149,cust-025121,2025-12-19,online,mobile,0.3,"2,95",completado,
order-0017590,cust-023543,17/05/2023,online,desktop,0.05,"2,95",completado,
order-0013510,cust-026495,19 de mayo de 2026,store,n/a,0.15,"0,00",completado,store-29
order-0170729,cust-030676,27/04/2026,online,mobile,0.0,"2,95",completado,
order-0295065,cust-039487,02/10/2024,online,mobile,0.0,"4,95",completado,
order-0241776,cust-raw-fake-000,2024-01-17,store,n/a,0.1,"0,00",completado,store-15
order-0387109,cust-014122,30 de enero de 2025,online,mobile,0.1,"4,95",completado,
order-0238405,cust-039499,05/11/2025,online,mobile,0.0,"4,95",completado,
order-0199768,cust-033986,9 de junio de 2026,online,mobile,0.0,"0,00",completado,
order-0288204,cust-012406,2024-09-14,online,desktop,0.0,"2,95",completado,
order-0383261,cust-026839,2023-09-11,online,mobile,0.1,"2,95",completado,
order-0382369,cust-035142,2026-05-02,online,desktop,0.0,"2,95",completado,
order-0151884,cust-037129,25/12/2024,online,mobile,0.0,"0,00",completado,
order-0377260,cust-029079,12 de diciembre de 2025,online,tablet,0.15,"0,00",completado,
order-0354422,cust-053662,7 de octubre de 2025,store,n/a,0.15,"0,00",completado,store-16
order-0065386,cust-022139,2024-10-20,online,mobile,0.0,"4,95",completado,
order-0160711,cust-016732,2026-06-18,online,mobile,0.1,"2,95",completado,
order-0196988,cust-055764,2025-08-22,online,desktop,0.1,"0,00",completado,
order-0073989,cust-052682,2026-01-22,online,mobile,0.15,"2,95",completado,
order-0107324,cust-057910,05/02/2026,online,desktop,0.2,"0,00",cancelado,
order-0028715,cust-046794,2 de mayo de 2026,store,n/a,0.05,"0,00",completado,store-34
order-0048757,cust-033438,2026-06-30,online,mobile,0.0,"0,00",completado,
order-0190804,cust-021772,28/02/2026,online,mobile,0.2,"0,00",completado,
order-0398177,cust-059955,2026-03-20,online,mobile,0.1,"4,95",completado,
order-0204937,cust-027491,18 de octubre de 2025,online,mobile,0.1,"0,00",completado,
order-0303938,cust-033268,10/01/2025,online,mobile,0.3,"0,00",completado,
order-0285018,cust-001915,01/06/2024,online,desktop,0.15,"2,95",completado,
order-0381351,cust-038733,2024-06-23,online,tablet,0.0,"2,95",completado,
order-0214446,cust-029083,10 de septiembre de 2025,online,mobile,0.0,"2,95",completado,
order-0128670,cust-040788,10 de noviembre de 2025,online,desktop,0.2,"2,95",completado,
order-0366068,cust-050408,8 de septiembre de 2024,online,mobile,0.0,"2,95",completado,
order-0026065,cust-019621,2026-05-20,online,mobile,0.05,"0,00",completado,
order-0061779,cust-015751,4 de agosto de 2024,online,mobile,0.3,"0,00",completado,
order-0349275,cust-029150,2025-04-26,online,mobile,0.05,"0,00",devuelto_parcial,
order-0052591,cust-030800,2025-08-15,online,desktop,0.3,"2,95",completado,
order-0107268,cust-001404,10 de enero de 2026,store,n/a,0.1,"0,00",devuelto_parcial,store-38
order-0378374,cust-045630,14 de marzo de 2026,online,desktop,0.05,"4,95",completado,
order-0145524,cust-037299,13/08/2025,online,mobile,0.3,"2,95",completado,
order-0102681,cust-058887,26 de septiembre de 2025,online,mobile,0.2,"0,00",cancelado,
order-0144513,cust-055676,05/12/2025,online,desktop,0.0,"0,00",completado,
order-0294393,cust-057226,2025-11-19,online,mobile,0.0,"4,95",completado,
order-0050961,cust-038972,20 de octubre de 2025,online,mobile,0.05,"2,95",completado,
order-0207516,cust-046928,25 de junio de 2026,online,desktop,0.0,"0,00",completado,
order-0242093,cust-020990,2025-12-10,online,desktop,0.0,"2,95",cancelado,
order-0051751,cust-035377,2026-05-29,online,desktop,0.15,"2,95",completado,
order-0234037,cust-024650,08/05/2026,online,mobile,0.0,"0,00",devuelto_parcial,
order-0224997,cust-053400,2026-05-30,online,mobile,0.0,"2,95",completado,
order-0131986,cust-050269,22 de diciembre de 2024,online,desktop,0.2,"4,95",completado,
order-0231081,cust-047914,24/05/2025,online,desktop,0.0,"2,95",completado,
order-0194297,cust-001517,30 de junio de 2026,store,n/a,0.05,"0,00",completado,store-28
order-0266187,cust-055333,2026-02-26,online,desktop,0.3,"0,00",completado,
order-0207759,cust-004791,2024-07-04,online,mobile,0.3,"4,95",completado,
order-0283355,cust-030667,6 de agosto de 2025,online,desktop,0.15,"4,95",completado,
order-0022094,cust-040556,2025-09-05,online,desktop,0.2,"0,00",completado,
order-0167947,cust-057205,15/04/2026,online,mobile,0.0,"0,00",completado,
order-0081991,cust-012459,2026-02-23,online,mobile,0.1,"2,95",completado,
order-0293691,cust-007946,5 de marzo de 2025,online,mobile,0.05,"0,00",devuelto_parcial,
order-0307863,cust-040303,2025-10-02,online,desktop,0.15,"2,95",completado,
order-0001698,cust-056230,2026-04-03,online,mobile,0.1,"4,95",completado,
order-0165009,cust-028338,19 de julio de 2025,online,desktop,0.2,"0,00",devuelto_parcial,
order-0113919,cust-038285,29/06/2023,online,mobile,0.15,"2,95",completado,
order-0354984,cust-056925,23 de agosto de 2025,online,mobile,0.3,"2,95",completado,
order-0077011,cust-018069,15 de abril de 2025,online,mobile,0.0,"0,00",completado,
order-0012760,cust-011876,4 de agosto de 2025,online,desktop,0.1,"2,95",completado,
order-0011196,cust-026392,24 de marzo de 2026,online,desktop,0.0,"2,95",completado,
order-0186165,cust-033433,2024-06-10,online,mobile,0.05,"0,00",completado,
order-0149001,cust-031077,27/04/2026,online,tablet,0.0,"0,00",completado,
order-0229720,cust-032563,2026-02-25,online,mobile,0.3,"0,00",devuelto_parcial,
order-0176293,cust-045599,16/04/2026,online,mobile,0.0,"4,95",completado,
order-0201455,cust-013065,30/11/2025,online,mobile,0.2,"4,95",completado,
order-0027012,cust-000804,2024-01-04,online,mobile,0.15,"2,95",completado,
order-0186578,cust-010856,14 de septiembre de 2023,online,mobile,0.0,"4,95",completado,
order-0310881,cust-008921,2025-07-21,online,desktop,0.3,"0,00",completado,
order-0123978,cust-012498,2025-09-10,online,mobile,0.0,"2,95",completado,
order-0288928,cust-033352,24/06/2024,online,desktop,0.2,"2,95",completado,
order-0235045,cust-012272,08/06/2026,online,mobile,0.2,"0,00",devuelto_parcial,
order-0385295,cust-041524,2024-02-08,online,mobile,0.2,"4,95",completado,
order-0376047,cust-027996,16/11/2024,online,mobile,0.05,"0,00",completado,
order-0263025,cust-049941,31 de agosto de 2024,online,desktop,0.2,"0,00",completado,
order-0293413,cust-059963,2025-06-06,online,mobile,0.1,"0,00",cancelado,
order-0272938,cust-051000,24/02/2026,online,desktop,0.3,"0,00",completado,
order-0389194,cust-043629,26 de junio de 2026,online,mobile,0.0,"0,00",completado,
order-0272160,cust-raw-fake-001,2024-11-08,online,desktop,0.0,"4,95",completado,
order-0372830,cust-000921,28 de mayo de 2026,online,mobile,0.0,"2,95",cancelado,
order-0167393,cust-006478,18 de abril de 2025,online,mobile,0.15,"2,95",completado,
order-0262090,cust-019450,2024-05-19,online,mobile,0.15,"0,00",completado,
order-0100227,cust-057878,27 de mayo de 2026,online,mobile,0.0,"4,95",completado,
order-0119856,cust-054799,2025-11-07,online,mobile,0.05,"0,00",completado,
order-0263195,cust-040831,12 de mayo de 2025,online,desktop,0.1,"0,00",completado,
order-0105748,cust-044866,7 de julio de 2025,online,desktop,0.1,"0,00",completado,
order-0003458,cust-047840,2 de agosto de 2025,online,mobile,0.2,"0,00",completado,
order-0288303,cust-036022,08/01/2026,online,mobile,0.1,"4,95",completado,
order-0349353,cust-047865,17 de mayo de 2026,online,desktop,0.0,"2,95",completado,
order-0112828,cust-029521,05/10/2024,online,mobile,0.0,"4,95",devuelto_parcial,
order-0280865,cust-012900,2025-10-18,online,desktop,0.1,"4,95",completado,
order-0215585,cust-001773,25/01/2024,online,mobile,0.1,"4,95",completado,
order-0015564,cust-032779,16 de marzo de 2026,online,desktop,0.0,"0,00",completado,
order-0105167,cust-043467,13/07/2025,online,mobile,0.2,"4,95",completado,
order-0382228,cust-030042,2023-06-16,online,desktop,0.15,"2,95",completado,
order-0070381,cust-006497,16 de abril de 2026,online,desktop,0.0,"0,00",completado,
order-0082288,cust-021961,4 de marzo de 2026,online,desktop,0.1,"4,95",completado,
order-0021566,cust-030879,21/10/2025,online,desktop,0.2,"4,95",completado,
order-0108060,cust-001497,25 de junio de 2026,online,mobile,0.0,"0,00",completado,
order-0077250,cust-000893,23/02/2026,online,mobile,0.2,"0,00",completado,
order-0053086,cust-050248,2025-07-14,online,mobile,0.1,"2,95",completado,
order-0167519,cust-003519,7 de enero de 2026,store,n/a,0.3,"0,00",devuelto_parcial,store-36
order-0313345,cust-003444,24 de diciembre de 2024,online,mobile,0.2,"4,95",completado,
order-0240950,cust-041657,2024-01-27,online,desktop,0.2,"4,95",completado,
order-0166083,cust-011685,11/01/2026,online,tablet,0.3,"4,95",completado,
order-0205558,cust-019968,9 de julio de 2025,online,desktop,0.2,"4,95",completado,
order-0230919,cust-018390,5 de junio de 2026,online,desktop,0.05,"4,95",completado,
order-0019760,cust-057749,9 de marzo de 2026,online,mobile,0.05,"2,95",completado,
order-0239506,cust-056545,08/04/2026,store,n/a,0.05,"0,00",completado,store-03
order-0178520,cust-045963,10/01/2025,online,mobile,0.2,"4,95",completado,
order-0271018,cust-018555,20 de marzo de 2026,online,mobile,0.0,"2,95",completado,
order-0080698,cust-055501,6 de febrero de 2025,online,mobile,0.2,"4,95",completado,
order-0232594,cust-052938,10 de febrero de 2026,online,mobile,0.3,"0,00",completado,
order-0020224,cust-001458,2025-08-14,online,desktop,0.3,"0,00",completado,
order-0082720,cust-007660,1 de agosto de 2025,online,desktop,0.2,"2,95",completado,
order-0289798,cust-042000,2026-03-11,online,desktop,0.1,"0,00",completado,
order-0107091,cust-036876,02/02/2026,online,desktop,0.3,"2,95",completado,
order-0122184,cust-031270,2024-04-18,online,mobile,0.0,"0,00",completado,
order-0216536,cust-020186,2026-01-23,online,desktop,0.1,"0,00",completado,
order-0149675,cust-057633,12 de junio de 2023,online,desktop,0.1,"4,95",completado,
order-0047718,cust-036803,31 de diciembre de 2025,online,desktop,0.0,"0,00",completado,
order-0353255,cust-039056,17/05/2025,online,desktop,0.0,"2,95",completado,
order-0155544,cust-025519,6 de mayo de 2026,online,desktop,0.0,"2,95",completado,
order-0261577,cust-059509,2025-11-17,online,mobile,0.0,"2,95",completado,
order-0127144,cust-000020,05/01/2026,online,mobile,0.2,"4,95",completado,
order-0034614,cust-027967,23 de agosto de 2025,online,mobile,0.3,"4,95",completado,
order-0352011,cust-004588,24 de abril de 2023,online,tablet,0.0,"2,95",completado,
order-0174997,cust-047626,2023-09-09,online,mobile,0.1,"0,00",completado,
order-0206533,cust-021900,10 de agosto de 2025,online,mobile,0.1,"0,00",completado,
order-0363428,cust-053567,2026-06-02,store,n/a,0.05,"0,00",completado,store-31
order-0126216,cust-021181,2026-05-29,online,mobile,0.0,"4,95",completado,
order-0222305,cust-004262,2025-08-11,online,mobile,0.2,"4,95",completado,
order-0024416,cust-027994,2024-12-26,online,tablet,0.0,"2,95",completado,
order-0240518,cust-056477,2025-06-28,online,mobile,0.1,"4,95",completado,
order-0282514,cust-009361,29 de enero de 2024,online,mobile,0.2,"2,95",completado,
order-0269007,cust-030912,2026-01-11,online,mobile,0.3,"4,95",completado,
order-0227031,cust-043312,20/06/2025,online,mobile,0.0,"2,95",completado,
order-0136007,cust-016375,2026-05-01,online,mobile,0.1,"2,95",completado,
order-0215268,cust-055775,2026-06-18,online,desktop,0.0,"0,00",completado,
order-0225408,cust-043961,20/01/2025,online,desktop,0.15,"4,95",completado,
order-0002648,cust-057050,2025-06-16,online,mobile,0.0,"0,00",completado,
order-0221026,cust-056995,10/09/2025,online,mobile,0.15,"2,95",completado,
order-0067482,cust-008090,6 de agosto de 2024,online,mobile,0.1,"0,00",completado,
order-0160613,cust-000431,5 de junio de 2026,online,desktop,0.0,"4,95",completado,
order-0380339,cust-044225,2025-12-21,online,mobile,0.2,"0,00",completado,
order-0256833,cust-044482,21/09/2025,store,n/a,0.05,"0,00",completado,
order-0110727,cust-036842,14 de enero de 2026,online,desktop,0.2,"4,95",cancelado,
order-0054354,cust-032705,2026-06-28,online,desktop,0.0,"2,95",completado,
order-0382337,cust-039634,2023-11-27,online,desktop,0.2,"0,00",completado,
order-0289771,cust-052749,2024-09-21,online,desktop,0.0,"0,00",completado,
order-0044591,cust-044605,2025-10-12,online,desktop,0.1,"2,95",completado,
order-0189566,cust-057738,26/02/2024,online,mobile,0.1,"0,00",completado,
order-0136284,cust-053599,2026-01-28,online,mobile,0.3,"0,00",completado,
order-0396433,cust-055088,29/08/2025,online,mobile,0.3,"0,00",completado,
order-0224124,cust-034986,25 de enero de 2026,online,mobile,0.1,"2,95",cancelado,
order-0071152,cust-015047,05/07/2025,store,n/a,0.1,"0,00",cancelado,store-27
order-0171547,cust-052387,28/03/2026,online,desktop,0.05,"2,95",completado,
order-0380168,cust-052732,30 de junio de 2026,online,mobile,0.05,"2,95",completado,
order-0087829,cust-014923,24/11/2024,online,mobile,0.2,"4,95",completado,
order-0083954,cust-018149,16/02/2026,online,mobile,0.1,"4,95",completado,
order-0026702,cust-000507,25/11/2025,online,mobile,0.1,"2,95",completado,
order-0342074,cust-011342,18 de junio de 2024,online,desktop,0.1,"0,00",completado,
order-0207602,cust-051610,6 de diciembre de 2024,online,desktop,0.05,"0,00",completado,
order-0081302,cust-035087,2025-02-02,online,desktop,0.2,"0,00",completado,
order-0303608,cust-028198,2025-07-14,online,mobile,0.2,"0,00",completado,
order-0061456,cust-034135,23/11/2024,online,mobile,0.1,"2,95",completado,
order-0133225,cust-056539,2026-02-13,online,desktop,0.1,"0,00",completado,
order-0107489,cust-029083,8 de septiembre de 2025,online,desktop,0.05,"4,95",completado,
order-0235195,cust-041318,20/12/2025,online,desktop,0.2,"4,95",completado,
order-0207359,cust-014332,2 de junio de 2024,online,tablet,0.0,"2,95",completado,
order-0229024,cust-040326,2024-12-22,online,desktop,0.3,"0,00",completado,
order-0238867,cust-056608,24 de marzo de 2025,store,n/a,0.15,"0,00",cancelado,store-25
order-0061938,cust-037250,05/08/2025,online,desktop,0.3,"0,00",completado,
order-0093663,cust-058990,10/06/2024,online,mobile,0.0,"4,95",completado,
order-0393934,cust-052915,27 de febrero de 2025,online,desktop,0.1,"0,00",completado,
order-0181396,cust-025574,30 de mayo de 2026,online,mobile,0.1,"0,00",completado,
order-0350848,cust-041813,8 de enero de 2026,online,tablet,0.1,"2,95",completado,
order-0351475,cust-005612,2023-10-31,online,desktop,0.0,"0,00",devuelto_parcial,
order-0296800,cust-027155,20/06/2026,online,mobile,0.0,"2,95",completado,
order-0089916,cust-009776,30 de enero de 2026,online,desktop,0.3,"2,95",devuelto_parcial,
order-0049233,cust-008540,12/06/2025,online,desktop,0.0,"2,95",completado,
order-0040441,cust-027006,26/11/2024,online,mobile,0.05,"2,95",completado,
order-0171755,cust-035206,22/04/2026,online,mobile,0.0,"0,00",completado,
order-0089884,cust-053669,2025-05-18,online,desktop,0.0,"4,95",completado,
order-0020241,cust-026690,2 de julio de 2024,online,desktop,0.1,"2,95",completado,
order-0001642,cust-021054,13/05/2025,online,mobile,0.05,"4,95",completado,
order-0153165,cust-009009,28 de noviembre de 2025,online,desktop,0.2,"0,00",completado,
order-0137866,cust-028801,26 de febrero de 2025,online,mobile,0.2,"0,00",completado,
order-0316863,cust-010534,2025-12-23,online,desktop,0.3,"2,95",completado,
order-0301518,cust-025941,2024-06-19,online,desktop,0.0,"2,95",completado,
order-0148116,cust-010269,2024-03-11,online,mobile,0.2,"0,00",completado,
order-0091042,cust-007407,10/01/2026,online,desktop,0.3,"2,95",completado,
order-0327873,cust-022646,15/04/2026,online,mobile,0.05,"2,95",completado,
order-0123694,cust-046754,2025-09-21,online,mobile,0.15,"4,95",completado,
order-0377507,cust-014644,22 de julio de 2025,online,mobile,0.3,"2,95",completado,
order-0375428,cust-030374,2025-09-30,online,desktop,0.1,"2,95",completado,
order-0170301,cust-018025,30/07/2024,online,mobile,0.1,"2,95",completado,
order-0264591,cust-007531,09/04/2026,online,tablet,0.0,"4,95",completado,
order-0203645,cust-039942,29 de mayo de 2026,online,mobile,0.0,"2,95",completado,
order-0046013,cust-050696,6 de junio de 2026,online,mobile,0.1,"4,95",devuelto_parcial,
order-0243609,cust-000102,2025-09-21,online,mobile,0.05,"4,95",completado,
order-0377541,cust-046280,11 de julio de 2025,store,n/a,0.2,"0,00",completado,store-12
order-0278487,cust-054653,2 de julio de 2025,online,desktop,0.2,"4,95",completado,
order-0030312,cust-018494,16/07/2024,online,mobile,0.3,"2,95",completado,
order-0335024,cust-021548,2023-11-02,online,desktop,0.05,"4,95",completado,
order-0394195,cust-010479,2025-04-07,store,n/a,0.0,"0,00",cancelado,store-37
order-0042691,cust-038083,14/11/2023,online,mobile,0.1,"0,00",completado,
order-0308537,cust-051156,13 de octubre de 2025,online,desktop,0.0,"2,95",completado,
order-0126861,cust-057571,14 de junio de 2024,online,mobile,0.0,"2,95",completado,
order-0228593,cust-024159,07/06/2025,online,desktop,0.0,"4,95",completado,
order-0064324,cust-raw-fake-005,16 de agosto de 2024,online,mobile,0.3,"4,95",cancelado,
order-0268528,cust-054768,23 de enero de 2026,online,desktop,0.2,"2,95",devuelto_parcial,
order-0197038,cust-030555,2026-05-04,online,desktop,0.0,"2,95",completado,
order-0241109,cust-048740,2026-06-30,online,desktop,0.0,"0,00",completado,
order-0068009,cust-040835,26 de noviembre de 2024,online,mobile,0.15,"0,00",completado,
order-0213592,cust-045529,20 de noviembre de 2025,online,mobile,0.05,"0,00",completado,
order-0018891,cust-032157,7 de agosto de 2024,online,desktop,0.3,"2,95",completado,
order-0138822,cust-012428,2025-04-28,online,desktop,0.0,"4,95",completado,
order-0340282,cust-036305,07/05/2026,online,mobile,0.0,"0,00",completado,
order-0306179,cust-007289,29 de enero de 2026,online,desktop,0.1,"0,00",completado,
order-0304556,cust-005520,26/05/2024,online,mobile,0.2,"0,00",completado,
order-0076858,cust-012042,2026-04-06,online,desktop,0.05,"0,00",completado,
order-0262389,cust-031423,12/03/2025,store,n/a,0.0,"0,00",completado,store-18
order-0340012,cust-048706,22/01/2024,store,n/a,0.2,"0,00",devuelto_parcial,store-12
order-0248981,cust-026292,22 de junio de 2026,online,desktop,0.2,"2,95",completado,
order-0055598,cust-057519,19 de junio de 2025,online,tablet,0.0,"2,95",completado,
order-0133552,cust-008784,2025-08-12,online,desktop,0.3,"4,95",completado,
order-0147898,cust-010947,2025-07-09,online,desktop,0.3,"0,00",completado,
order-0286066,cust-raw-fake-005,2025-08-27,online,mobile,0.1,"0,00",completado,
order-0376896,cust-059623,2026-03-27,online,mobile,0.1,"0,00",completado,
order-0071315,cust-014265,15/02/2024,online,desktop,0.3,"2,95",completado,
order-0093454,cust-047108,5 de abril de 2025,online,mobile,0.0,"0,00",completado,
order-0252643,cust-raw-fake-010,16/02/2026,online,mobile,0.1,"0,00",completado,
order-0037540,cust-039541,4 de febrero de 2026,online,mobile,0.3,"2,95",completado,
order-0322066,cust-038133,5 de mayo de 2025,online,mobile,0.05,"0,00",devuelto_parcial,
order-0190189,cust-056563,2024-08-03,online,mobile,0.2,"2,95",cancelado,
order-0362694,cust-038733,2024-07-26,online,desktop,0.2,"4,95",completado,
order-0166969,cust-015306,2025-08-05,online,mobile,0.15,"4,95",completado,
order-0105087,cust-007795,2026-03-21,online,mobile,0.0,"0,00",completado,
order-0298245,cust-034171,2025-10-27,online,mobile,0.1,"0,00",completado,
order-0384611,cust-029814,08/05/2025,online,mobile,0.0,"0,00",completado,
order-0310516,cust-030233,11/01/2026,online,mobile,0.3,"0,00",completado,
order-0260851,cust-007487,18/04/2026,online,mobile,0.1,"0,00",completado,
order-0073509,cust-047276,9 de diciembre de 2024,online,mobile,0.05,"2,95",completado,
order-0325020,cust-038842,20 de octubre de 2025,online,mobile,0.0,"0,00",completado,
order-0169119,cust-027177,12/04/2026,online,mobile,0.15,"2,95",completado,
order-0159408,cust-022215,20/05/2026,online,desktop,0.0,"0,00",completado,
order-0372982,cust-037825,25 de mayo de 2026,online,mobile,0.0,"0,00",completado,
order-0206093,cust-040795,18/10/2025,online,mobile,0.0,"0,00",completado,
order-0004739,cust-009093,2025-02-01,online,tablet,0.1,"0,00",cancelado,
order-0123879,cust-059576,21/08/2025,online,mobile,0.3,"2,95",completado,
order-0054108,cust-052480,2024-03-26,online,mobile,0.05,"0,00",completado,
order-0123266,cust-054814,20 de mayo de 2026,online,mobile,0.0,"4,95",completado,
order-0184377,cust-034133,19 de abril de 2026,online,mobile,0.0,"2,95",completado,
order-0202154,cust-007318,2 de julio de 2024,online,mobile,0.2,"4,95",completado,
order-0260598,cust-023792,2025-02-21,online,mobile,0.2,"4,95",completado,
order-0398449,cust-048402,23/04/2026,online,mobile,0.0,"2,95",completado,
order-0301829,cust-058531,2 de febrero de 2026,online,desktop,0.3,"4,95",cancelado,
order-0346937,cust-050233,11 de agosto de 2025,online,desktop,0.2,"0,00",devuelto_parcial,
order-0100291,cust-006080,10 de abril de 2026,online,mobile,0.0,"0,00",completado,
order-0004083,cust-037455,09/07/2025,online,mobile,0.1,"0,00",cancelado,
order-0396310,cust-039730,2026-03-14,online,mobile,0.0,"4,95",completado,
order-0139468,cust-020501,2025-12-23,online,desktop,0.3,"4,95",completado,
order-0106248,cust-031289,2026-05-25,online,mobile,0.0,"0,00",cancelado,
order-0189543,cust-038654,2025-12-24,online,mobile,0.3,"0,00",completado,
order-0215165,cust-054483,2024-10-26,online,mobile,0.2,"4,95",completado,
order-0334731,cust-024119,2025-05-22,online,mobile,0.0,"2,95",completado,
order-0000644,cust-039302,2025-10-05,online,mobile,0.0,"2,95",completado,
order-0134343,cust-015966,2025-12-09,online,mobile,0.2,"2,95",completado,
order-0177115,cust-018297,6 de septiembre de 2025,store,n/a,0.0,"0,00",completado,store-23
order-0375357,cust-047959,2026-04-06,online,desktop,0.0,"2,95",completado,
order-0092613,cust-046318,2026-05-14,online,mobile,0.0,"4,95",completado,
order-0136937,cust-027688,18/09/2024,store,n/a,0.0,"0,00",completado,store-33
order-0043049,cust-032785,21/07/2024,online,desktop,0.3,"0,00",completado,
order-0206617,cust-020547,12 de octubre de 2024,online,tablet,0.05,"4,95",completado,
order-0262300,cust-021286,12 de enero de 2025,online,mobile,0.1,"0,00",completado,
order-0303283,cust-035797,16 de septiembre de 2023,online,desktop,0.0,"0,00",completado,
order-0117028,cust-051929,06/05/2026,online,mobile,0.0,"4,95",completado,
order-0342925,cust-031959,2023-12-01,online,mobile,0.15,"0,00",completado,
order-0206027,cust-010485,22/04/2025,online,desktop,0.0,"0,00",completado,
order-0201924,cust-052781,2026-01-29,online,desktop,0.2,"0,00",completado,
order-0121078,cust-002049,2025-05-24,online,mobile,0.0,"4,95",completado,
order-0300570,cust-033834,02/08/2025,online,desktop,0.3,"0,00",devuelto_parcial,
order-0171225,cust-002179,23 de enero de 2026,online,mobile,0.3,"4,95",completado,
order-0282278,cust-046100,28/10/2025,online,mobile,0.05,"2,95",completado,
order-0371356,cust-003534,10 de septiembre de 2024,online,mobile,0.05,"0,00",completado,
order-0326871,cust-021227,13/06/2024,online,mobile,0.0,"4,95",completado,
order-0087630,cust-035835,2026-02-19,online,mobile,0.2,"2,95",completado,
order-0318925,cust-034765,10/10/2024,online,desktop,0.0,"0,00",completado,
order-0296778,cust-007545,2024-04-19,online,mobile,0.05,"4,95",completado,
order-0311345,cust-036489,27 de noviembre de 2025,online,desktop,0.15,"0,00",completado,
order-0143998,cust-046516,28/06/2025,online,tablet,0.0,"0,00",completado,
order-0091626,cust-040059,27/08/2025,online,mobile,0.2,"2,95",completado,
order-0378102,cust-025388,2024-12-23,online,desktop,0.3,"0,00",completado,
order-0147924,cust-027402,14 de marzo de 2024,online,desktop,0.15,"0,00",completado,
order-0023858,cust-004440,2 de junio de 2026,online,desktop,0.15,"2,95",completado,
order-0312243,cust-004496,2 de junio de 2024,online,mobile,0.05,"2,95",completado,
order-0378118,cust-011462,26/06/2026,online,mobile,0.0,"4,95",completado,
order-0301738,cust-020771,3 de agosto de 2023,online,desktop,0.3,"2,95",completado,
order-0260678,cust-039820,02/10/2025,online,mobile,0.0,"0,00",completado,
order-0366880,cust-032682,25 de marzo de 2024,online,mobile,0.15,"4,95",completado,
order-0247634,cust-055658,2026-01-15,online,tablet,0.3,"0,00",devuelto_parcial,
order-0213435,cust-001249,19 de julio de 2025,store,n/a,0.2,"0,00",completado,store-30
order-0368599,cust-007342,27 de enero de 2025,online,tablet,0.3,"2,95",completado,
order-0022893,cust-005508,3 de julio de 2025,online,desktop,0.1,"2,95",completado,
order-0216159,cust-052332,5 de octubre de 2023,online,mobile,0.1,"4,95",devuelto_parcial,
order-0017879,cust-047778,21 de enero de 2026,online,mobile,0.15,"4,95",completado,
order-0071278,cust-032423,2026-06-23,online,desktop,0.05,"4,95",completado,
order-0341735,cust-051572,2 de octubre de 2024,online,mobile,0.0,"0,00",completado,
order-0044001,cust-052563,10/05/2026,online,desktop,0.05,"4,95",completado,
order-0183255,cust-054185,31 de enero de 2025,online,mobile,0.2,"4,95",completado,
order-0214534,cust-008584,2025-10-24,online,desktop,0.1,"0,00",completado,
order-0185055,cust-041729,2026-05-27,online,mobile,0.0,"0,00",completado,
order-0083857,cust-024510,2024-09-04,online,desktop,0.05,"4,95",completado,
order-0271333,cust-043961,2025-10-25,online,mobile,0.0,"0,00",completado,
order-0038502,cust-038776,2025-03-05,online,tablet,0.0,"4,95",completado,
order-0205357,cust-011166,2025-09-05,online,mobile,0.0,"4,95",completado,
order-0240154,cust-021292,2026-01-06,online,desktop,0.0,"0,00",completado,
order-0225445,cust-017939,20/09/2024,online,desktop,0.05,"2,95",completado,
order-0049291,cust-042064,2024-07-27,online,mobile,0.1,"4,95",completado,
order-0247028,cust-029792,6 de febrero de 2025,online,desktop,0.3,"0,00",completado,
order-0104474,cust-047982,27/04/2025,online,mobile,0.0,"0,00",completado,
order-0319409,cust-028866,7 de septiembre de 2025,online,mobile,0.0,"0,00",completado,
order-0010001,cust-046818,2024-10-23,online,mobile,0.0,"4,95",completado,
order-0074082,cust-033380,06/12/2025,online,mobile,0.0,"4,95",cancelado,
order-0354237,cust-047838,29/03/2026,online,mobile,0.1,"4,95",completado,
order-0282377,cust-011811,2026-06-17,online,desktop,0.15,"0,00",completado,
order-0127447,cust-026479,2025-02-22,online,desktop,0.3,"4,95",completado,
order-0151326,cust-025402,2025-12-22,online,desktop,0.1,"2,95",completado,
order-0237652,cust-028318,2026-03-28,online,desktop,0.2,"4,95",completado,
order-0237875,cust-003429,2 de agosto de 2025,online,mobile,0.1,"0,00",completado,
order-0084389,cust-057159,2025-05-22,online,mobile,0.2,"2,95",completado,
order-0214224,cust-018602,2026-02-08,online,mobile,0.2,"0,00",completado,
order-0313434,cust-023550,17/02/2024,online,mobile,0.1,"0,00",completado,
order-0042990,cust-011704,2025-10-08,online,desktop,0.1,"4,95",completado,
order-0152521,cust-020822,2025-08-30,online,mobile,0.1,"4,95",completado,
order-0360035,cust-037129,24/02/2025,store,n/a,0.1,"0,00",devuelto_parcial,store-14
order-0203926,cust-016297,2024-07-29,online,mobile,0.2,"4,95",completado,
order-0072875,cust-045730,4 de julio de 2025,online,mobile,0.2,"2,95",completado,
order-0383729,cust-007169,25/04/2026,online,mobile,0.2,"0,00",completado,
order-0013805,cust-058173,29 de abril de 2025,online,mobile,0.2,"0,00",cancelado,
order-0099041,cust-049989,03/05/2025,online,tablet,0.1,"0,00",completado,
order-0228269,cust-041065,2026-01-16,online,desktop,0.3,"0,00",completado,
order-0260804,cust-048339,30 de junio de 2026,online,mobile,0.05,"4,95",completado,
order-0217722,cust-027380,18/08/2025,online,desktop,0.1,"0,00",completado,
order-0317465,cust-020620,30/06/2026,online,mobile,0.05,"4,95",completado,
order-0392311,cust-039095,27 de marzo de 2026,online,mobile,0.1,"0,00",completado,
order-0292187,cust-008082,29/03/2025,online,desktop,0.15,"0,00",completado,
order-0331407,cust-034061,12/11/2023,online,mobile,0.05,"4,95",cancelado,
order-0071520,cust-044615,18 de enero de 2026,online,tablet,0.3,"2,95",completado,
order-0394850,cust-043838,01/08/2023,online,desktop,0.3,"0,00",cancelado,
order-0108221,cust-001450,3 de mayo de 2026,online,desktop,0.0,"4,95",completado,
order-0036479,cust-013006,2025-10-25,online,desktop,0.05,"0,00",completado,
order-0183327,cust-021664,28/11/2024,store,n/a,0.15,"0,00",completado,store-05
order-0149899,cust-029526,30 de junio de 2026,online,mobile,0.2,"0,00",completado,
order-0102739,cust-039726,2025-04-23,online,mobile,0.05,"0,00",completado,
order-0273846,cust-008123,1 de junio de 2025,online,desktop,0.0,"0,00",completado,
order-0236908,cust-032997,14 de mayo de 2026,store,n/a,0.0,"0,00",completado,store-08
order-0307836,cust-026608,13/12/2023,online,desktop,0.0,"0,00",completado,
order-0388261,cust-033891,28 de noviembre de 2024,online,mobile,0.0,"4,95",devuelto_parcial,
order-0187517,cust-019186,17 de julio de 2025,online,mobile,0.3,"2,95",completado,
order-0273303,cust-004024,09/05/2026,online,mobile,0.0,"2,95",cancelado,
order-0338864,cust-038069,22 de enero de 2026,online,mobile,0.1,"0,00",completado,
order-0169781,cust-047626,21/09/2024,online,mobile,0.0,"4,95",devuelto_parcial,
order-0065859,cust-016348,2024-11-01,online,mobile,0.0,"0,00",completado,
order-0326610,cust-015655,26 de enero de 2026,online,mobile,0.2,"2,95",completado,
order-0165842,cust-046573,2026-05-12,online,desktop,0.0,"2,95",completado,
order-0356959,cust-047889,27/10/2025,online,mobile,0.0,"0,00",completado,
order-0019962,cust-006984,17/02/2026,online,mobile,0.1,"0,00",completado,
order-0113662,cust-058943,27 de abril de 2025,online,mobile,0.15,"2,95",completado,
order-0170347,cust-016442,6 de abril de 2025,online,mobile,0.0,"0,00",completado,
order-0116599,cust-039759,19/04/2025,store,n/a,0.0,"0,00",completado,store-00
order-0297546,cust-030937,2025-06-08,online,desktop,0.0,"2,95",completado,
order-0275405,cust-034806,10/03/2025,store,n/a,0.05,"0,00",completado,store-19
order-0004543,cust-057793,26/12/2025,online,desktop,0.0,"0,00",completado,
order-0205010,cust-005558,16/04/2026,online,tablet,0.0,"0,00",completado,
order-0194657,cust-024116,2026-01-23,online,mobile,0.2,"4,95",devuelto_parcial,
order-0200220,cust-036862,2026-06-27,online,mobile,0.0,"0,00",completado,
order-0221504,cust-022459,11/08/2024,online,desktop,0.2,"0,00",completado,
order-0119403,cust-057006,17 de diciembre de 2024,online,mobile,0.2,"4,95",completado,
order-0080095,cust-039160,2025-01-10,online,mobile,0.2,"4,95",completado,
order-0139268,cust-013045,2024-07-21,online,tablet,0.3,"0,00",completado,
order-0081130,cust-033464,11 de diciembre de 2025,online,desktop,0.0,"2,95",completado,
order-0309481,cust-052781,22/12/2025,online,mobile,0.3,"4,95",devuelto_parcial,
order-0095854,cust-025840,31/05/2026,online,desktop,0.0,"4,95",completado,
order-0017985,cust-025123,10 de junio de 2025,online,mobile,0.0,"2,95",completado,
order-0039973,cust-054982,5 de julio de 2023,online,desktop,0.3,"4,95",completado,
order-0136129,cust-054712,2026-06-12,online,mobile,0.0,"4,95",completado,
order-0111192,cust-059120,27 de enero de 2026,online,desktop,0.1,"4,95",completado,
order-0105215,cust-026563,2026-06-01,store,n/a,0.05,"0,00",completado,
order-0313708,cust-033382,2026-04-13,online,mobile,0.0,"4,95",completado,
order-0399474,cust-022606,2025-08-04,online,mobile,0.3,"0,00",completado,
order-0165105,cust-038350,11/05/2026,online,desktop,0.05,"0,00",completado,
order-0098228,cust-032342,23 de abril de 2025,online,desktop,0.05,"2,95",completado,
order-0175933,cust-046211,07/05/2025,online,mobile,0.0,"2,95",cancelado,
order-0361292,cust-013783,2025-07-19,online,mobile,0.3,"0,00",completado,
order-0269879,cust-035897,23/07/2025,online,desktop,0.1,"0,00",completado,
order-0130794,cust-042623,2024-06-01,online,mobile,0.0,"2,95",completado,
order-0280912,cust-008650,2026-04-26,online,mobile,0.05,"0,00",completado,
order-0268246,cust-006901,15/11/2024,online,mobile,0.0,"4,95",completado,
order-0196787,cust-044077,2025-03-11,online,desktop,0.0,"4,95",completado,
order-0170308,cust-045302,4 de julio de 2024,online,desktop,0.3,"0,00",completado,
order-0295928,cust-051033,2026-06-30,online,mobile,0.0,"0,00",completado,
order-0066488,cust-044230,18/05/2025,online,mobile,0.1,"2,95",completado,
order-0034145,cust-004070,27 de abril de 2026,online,desktop,0.0,"4,95",completado,
order-0333950,cust-025855,22/06/2026,online,mobile,0.05,"4,95",completado,
order-0286714,cust-007023,2025-10-01,online,desktop,0.0,"0,00",completado,
order-0273129,cust-043922,20/06/2025,online,mobile,0.0,"2,95",completado,
order-0229683,cust-046301,23/05/2026,online,mobile,0.0,"4,95",completado,
order-0225655,cust-059866,2024-06-04,online,mobile,0.05,"0,00",completado,
order-0355978,cust-047399,2025-04-19,online,mobile,0.0,"0,00",completado,
order-0046418,cust-042641,3 de abril de 2026,store,n/a,0.0,"0,00",completado,store-29
order-0216745,cust-020038,21 de enero de 2026,online,mobile,0.1,"4,95",completado,
order-0124755,cust-010770,19 de septiembre de 2024,online,mobile,0.05,"4,95",completado,
order-0015866,cust-052073,22/03/2026,online,mobile,0.0,"0,00",completado,
order-0230747,cust-039286,04/08/2024,online,mobile,0.1,"0,00",completado,
order-0278542,cust-020309,24 de octubre de 2025,online,desktop,0.1,"4,95",completado,
order-0180092,cust-028181,2026-01-07,online,tablet,0.3,"0,00",completado,
order-0367007,cust-055172,6 de mayo de 2026,online,desktop,0.0,"0,00",completado,
order-0372691,cust-009825,10/09/2025,online,desktop,0.1,"2,95",completado,
order-0046934,cust-008760,16 de febrero de 2026,store,n/a,0.1,"0,00",completado,store-27
order-0375167,cust-019316,2024-07-11,online,mobile,0.3,"0,00",completado,
order-0115406,cust-055275,15 de febrero de 2026,online,tablet,0.2,"4,95",completado,
order-0317790,cust-003927,23 de septiembre de 2023,online,desktop,0.05,"4,95",cancelado,
order-0288176,cust-027756,2026-05-04,online,mobile,0.05,"2,95",cancelado,
order-0330098,cust-000756,08/07/2025,online,desktop,0.2,"0,00",completado,
order-0190440,cust-027510,21 de noviembre de 2025,online,mobile,0.1,"4,95",completado,
order-0164263,cust-052258,15 de mayo de 2026,online,mobile,0.05,"4,95",completado,
order-0170716,cust-048718,30/06/2026,store,n/a,0.15,"0,00",completado,store-26
order-0188374,cust-025380,2025-10-17,online,mobile,0.1,"4,95",completado,
order-0345334,cust-023770,2026-02-07,online,mobile,0.3,"0,00",completado,
order-0317897,cust-051869,25/02/2026,online,mobile,0.2,"2,95",completado,
order-0346615,cust-056780,2025-07-17,online,desktop,0.3,"0,00",completado,
order-0229041,cust-040481,11 de abril de 2024,online,mobile,0.05,"4,95",completado,
order-0315485,cust-010770,25 de agosto de 2024,online,mobile,0.2,"2,95",completado,
order-0203994,cust-055288,2026-04-22,online,desktop,0.0,"2,95",completado,
order-0162484,cust-005253,2024-08-30,online,mobile,0.3,"0,00",completado,
order-0331688,cust-014144,2024-12-28,online,desktop,0.05,"4,95",completado,
order-0393009,cust-031105,2024-06-15,online,mobile,0.0,"2,95",completado,
order-0286235,cust-019268,2023-09-24,store,n/a,0.05,"0,00",completado,store-39
order-0358397,cust-005174,2025-05-09,online,desktop,0.05,"0,00",completado,
order-0141888,cust-041757,20 de abril de 2026,online,mobile,0.1,"0,00",devuelto_parcial,
order-0275946,cust-004500,15/02/2026,online,mobile,0.1,"4,95",completado,
order-0253198,cust-001566,21/06/2025,online,mobile,0.0,"2,95",completado,
order-0207334,cust-033184,6 de enero de 2024,online,mobile,0.2,"0,00",completado,
order-0178321,cust-056998,26 de enero de 2026,online,desktop,0.1,"2,95",cancelado,
order-0086689,cust-026762,3 de septiembre de 2025,online,mobile,0.1,"0,00",completado,
order-0314617,cust-038640,10/05/2025,online,tablet,0.0,"0,00",completado,
order-0251600,cust-014167,3 de noviembre de 2025,online,mobile,0.0,"2,95",completado,
order-0181707,cust-049578,2026-01-28,online,mobile,0.3,"4,95",completado,
order-0209456,cust-032785,25/12/2024,online,desktop,0.05,"4,95",completado,
order-0169955,cust-054144,09/06/2025,online,desktop,0.05,"4,95",completado,
order-0389894,cust-023634,2025-11-26,online,tablet,0.0,"2,95",completado,
order-0138748,cust-005827,23/04/2026,store,n/a,0.1,"0,00",devuelto_parcial,store-03
order-0023804,cust-006180,13/04/2024,online,mobile,0.0,"0,00",cancelado,
order-0332814,cust-055171,2023-11-15,online,desktop,0.0,"2,95",cancelado,
order-0329988,cust-006697,11/11/2025,online,mobile,0.2,"4,95",completado,
order-0333530,cust-042737,2025-08-30,online,mobile,0.2,"4,95",completado,
order-0393714,cust-013785,2026-02-01,online,mobile,0.2,"2,95",completado,
order-0082688,cust-025349,11 de agosto de 2025,online,desktop,0.1,"0,00",completado,
order-0290551,cust-052861,2026-06-30,online,desktop,0.0,"2,95",completado,
order-0185258,cust-023993,28 de junio de 2025,online,tablet,0.05,"4,95",completado,
order-0198462,cust-025924,15 de noviembre de 2023,online,desktop,0.0,"2,95",completado,
order-0029531,cust-023014,6 de julio de 2023,online,desktop,0.3,"0,00",completado,
order-0037177,cust-003943,04/05/2025,online,mobile,0.0,"0,00",completado,
order-0308084,cust-051230,15/10/2025,online,tablet,0.2,"4,95",completado,
order-0251094,cust-032971,31 de mayo de 2026,online,mobile,0.05,"0,00",completado,
order-0211098,cust-027687,25/01/2025,online,mobile,0.15,"2,95",completado,
order-0007316,cust-037537,2026-05-09,online,desktop,0.0,"0,00",completado,
order-0357971,cust-021117,2026-03-24,online,desktop,0.1,"4,95",completado,
order-0306547,cust-005771,2025-12-04,online,mobile,0.05,"2,95",completado,
order-0188291,cust-017959,16 de marzo de 2026,online,mobile,0.0,"4,95",completado,
order-0332269,cust-050506,18/04/2025,online,desktop,0.0,"0,00",completado,
order-0392603,cust-055500,19/11/2025,online,mobile,0.0,"0,00",completado,
order-0199378,cust-035298,13/09/2025,online,mobile,0.05,"2,95",completado,
order-0148399,cust-050229,2 de abril de 2026,online,desktop,0.1,"0,00",completado,
order-0283383,cust-037437,2025-10-12,online,mobile,0.15,"2,95",completado,
order-0068588,cust-021309,30/04/2025,online,mobile,0.1,"2,95",completado,
order-0054895,cust-001612,3 de marzo de 2026,online,desktop,0.05,"4,95",completado,
order-0242627,cust-002544,16/03/2026,online,mobile,0.05,"4,95",completado,
order-0155763,cust-022119,24 de enero de 2025,online,mobile,0.1,"4,95",completado,
order-0112968,cust-021350,22 de febrero de 2026,online,mobile,0.3,"2,95",completado,
order-0133162,cust-000140,23/01/2026,online,mobile,0.3,"0,00",completado,
order-0041026,cust-019873,2025-03-26,online,mobile,0.05,"0,00",completado,
order-0222804,cust-017117,2025-11-19,online,desktop,0.0,"2,95",cancelado,
order-0216140,cust-043955,03/08/2024,online,mobile,0.2,"0,00",completado,
order-0039353,cust-049122,2026-03-06,store,n/a,0.05,"0,00",completado,store-06
order-0245992,cust-028230,12 de enero de 2024,online,mobile,0.1,"2,95",completado,
order-0172331,cust-044152,2025-08-04,online,mobile,0.3,"2,95",completado,
order-0320527,cust-017987,29 de febrero de 2024,online,mobile,0.15,"2,95",completado,
order-0338018,cust-034220,2024-12-26,online,tablet,0.15,"4,95",completado,
order-0199407,cust-047959,20 de enero de 2026,online,mobile,0.2,"4,95",completado,
order-0058786,cust-056193,2024-07-20,online,mobile,0.1,"2,95",completado,
order-0185601,cust-056250,26/01/2026,online,tablet,0.2,"4,95",completado,
order-0303732,cust-013115,2024-11-10,online,mobile,0.0,"2,95",completado,
order-0006071,cust-039611,29 de octubre de 2025,online,mobile,0.15,"0,00",cancelado,
order-0038902,cust-048931,20 de octubre de 2025,online,desktop,0.0,"0,00",completado,
order-0170484,cust-037922,2025-11-01,online,desktop,0.1,"0,00",completado,
order-0079882,cust-024736,2025-07-01,online,desktop,0.3,"4,95",completado,
order-0250975,cust-018392,05/06/2026,store,n/a,0.0,"0,00",completado,store-37
order-0219763,cust-048645,2 de diciembre de 2024,online,desktop,0.0,"0,00",completado,
order-0160620,cust-raw-fake-014,24 de septiembre de 2025,online,mobile,0.05,"4,95",completado,
order-0090807,cust-007119,15 de junio de 2024,online,desktop,0.1,"4,95",completado,
order-0367637,cust-051106,2025-07-18,online,mobile,0.3,"0,00",completado,
order-0076016,cust-052408,28/07/2024,online,mobile,0.3,"4,95",completado,
order-0098683,cust-011299,27 de octubre de 2025,online,desktop,0.1,"2,95",completado,
order-0050265,cust-044848,20/06/2026,online,mobile,0.1,"0,00",completado,
order-0321605,cust-032136,17/02/2026,online,mobile,0.2,"2,95",completado,
order-0355724,cust-006284,2024-03-20,online,tablet,0.0,"4,95",completado,
order-0053869,cust-017062,15 de diciembre de 2025,online,desktop,0.2,"4,95",completado,
order-0259286,cust-036529,2026-05-25,online,tablet,0.15,"0,00",completado,
order-0275069,cust-059675,30/12/2025,online,tablet,0.05,"0,00",completado,
order-0333207,cust-057223,25/04/2024,online,mobile,0.0,"4,95",completado,
order-0063311,cust-046085,06/08/2025,online,mobile,0.1,"2,95",completado,
order-0122113,cust-040601,7 de enero de 2026,online,mobile,0.1,"0,00",completado,
order-0330860,cust-039054,2024-04-12,online,desktop,0.2,"0,00",completado,
order-0068305,cust-002741,2026-04-06,online,tablet,0.15,"0,00",completado,
order-0178774,cust-030513,2025-03-20,online,desktop,0.05,"0,00",completado,
order-0188100,cust-015339,2025-03-08,online,desktop,0.15,"2,95",completado,
order-0268357,cust-044588,25 de marzo de 2025,online,mobile,0.05,"0,00",completado,
order-0243734,cust-019494,07/03/2026,online,mobile,0.15,"0,00",completado,
order-0233532,cust-047590,2026-03-17,online,desktop,0.1,"4,95",completado,
order-0071548,cust-035995,25 de abril de 2026,online,mobile,0.15,"2,95",devuelto_parcial,
order-0055658,cust-055160,8 de noviembre de 2024,online,mobile,0.0,"0,00",completado,
order-0100420,cust-027489,2026-04-03,online,mobile,0.0,"0,00",completado,
order-0357294,cust-012645,2025-02-12,online,mobile,0.2,"4,95",completado,
order-0302132,cust-023372,21/12/2025,online,mobile,0.3,"2,95",completado,
order-0057944,cust-000075,26/11/2024,online,mobile,0.0,"2,95",cancelado,
order-0085986,cust-013271,2025-08-16,online,desktop,0.3,"4,95",completado,
order-0013671,cust-026409,16/03/2024,online,mobile,0.0,"0,00",completado,
order-0139736,cust-raw-fake-017,8 de agosto de 2024,online,tablet,0.15,"0,00",completado,
order-0325230,cust-028119,10/06/2026,online,mobile,0.0,"0,00",completado,
order-0027422,cust-024222,20/04/2026,online,mobile,0.0,"2,95",completado,
order-0103466,cust-043781,2024-04-23,online,desktop,0.0,"4,95",completado,
order-0342991,cust-026890,01/01/2026,online,desktop,0.0,"4,95",completado,
order-0385866,cust-029376,2 de febrero de 2026,online,mobile,0.1,"2,95",completado,
order-0083736,cust-041012,5 de enero de 2026,online,desktop,0.05,"4,95",completado,
order-0136894,cust-056952,16 de noviembre de 2024,online,desktop,0.1,"2,95",completado,
order-0286500,cust-024041,08/04/2026,online,mobile,0.05,"2,95",completado,
order-0029021,cust-025797,2025-02-21,online,mobile,0.3,"0,00",completado,
order-0119427,cust-028811,2 de noviembre de 2023,online,mobile,0.0,"0,00",completado,
order-0227690,cust-018676,8 de abril de 2026,online,tablet,0.05,"2,95",completado,
order-0040232,cust-041580,01/09/2023,online,mobile,0.0,"2,95",completado,
order-0004318,cust-054246,07/09/2024,store,n/a,0.0,"0,00",completado,store-01
order-0326925,cust-057174,11/07/2023,online,desktop,0.1,"0,00",completado,
order-0053539,cust-029716,2025-03-21,online,mobile,0.15,"4,95",cancelado,
order-0080267,cust-058337,24/01/2026,online,desktop,0.1,"4,95",completado,
order-0333248,cust-025621,22/09/2025,online,desktop,0.0,"2,95",devuelto_parcial,
order-0059009,cust-057303,1 de marzo de 2025,online,desktop,0.0,"2,95",completado,
order-0364026,cust-003094,26 de septiembre de 2025,online,mobile,0.0,"2,95",completado,
order-0309388,cust-002831,16 de octubre de 2025,online,desktop,0.0,"4,95",completado,
order-0115310,cust-054838,12/03/2026,online,mobile,0.05,"2,95",completado,
order-0001424,cust-023200,25 de noviembre de 2024,online,mobile,0.1,"0,00",completado,
order-0323786,cust-049651,11/01/2026,online,mobile,0.2,"4,95",completado,
order-0361744,cust-007556,2026-03-21,online,mobile,0.05,"0,00",completado,
order-0292332,cust-036045,19/11/2025,online,desktop,0.05,"2,95",completado,
order-0237307,cust-002582,24 de julio de 2023,online,tablet,0.3,"2,95",completado,
order-0365356,cust-036305,29 de abril de 2026,online,mobile,0.0,"0,00",completado,
order-0336001,cust-047994,6 de enero de 2026,online,mobile,0.0,"2,95",completado,
order-0394115,cust-057999,18 de abril de 2025,online,mobile,0.1,"2,95",completado,
order-0228425,cust-031774,15 de enero de 2026,online,mobile,0.2,"2,95",completado,
order-0363838,cust-034072,17 de diciembre de 2025,online,desktop,0.2,"2,95",completado,
order-0067080,cust-000962,24/09/2024,online,mobile,0.0,"2,95",completado,
order-0009418,cust-037713,10/06/2025,online,desktop,0.0,"2,95",completado,
order-0211259,cust-007678,31/01/2026,online,desktop,0.2,"2,95",completado,
order-0070340,cust-055536,13/05/2026,online,desktop,0.05,"0,00",completado,
order-0201943,cust-040021,03/07/2025,online,mobile,0.3,"4,95",completado,
order-0128364,cust-032755,15/06/2026,online,mobile,0.0,"4,95",completado,
order-0313331,cust-018403,07/01/2026,online,mobile,0.1,"0,00",completado,
order-0334195,cust-020349,26/09/2024,online,desktop,0.0,"0,00",completado,
order-0018864,cust-016423,16 de agosto de 2025,online,mobile,0.2,"2,95",completado,
order-0007622,cust-010096,17/02/2026,store,n/a,0.2,"0,00",completado,store-16
order-0368272,cust-001236,2024-06-05,online,mobile,0.05,"2,95",cancelado,
order-0007739,cust-056721,18 de enero de 2025,online,desktop,0.2,"4,95",completado,
order-0376916,cust-020144,03/04/2026,online,desktop,0.1,"2,95",completado,
order-0172450,cust-038998,27/11/2025,online,mobile,0.1,"0,00",completado,
order-0328302,cust-020636,2026-06-15,online,mobile,0.0,"0,00",completado,
order-0242789,cust-030348,07/02/2025,online,desktop,0.2,"0,00",devuelto_parcial,
order-0308667,cust-038741,2025-12-24,online,mobile,0.1,"0,00",completado,
order-0320323,cust-037110,2025-05-31,store,n/a,0.0,"0,00",completado,
order-0333928,cust-001219,27 de julio de 2025,online,desktop,0.3,"0,00",devuelto_parcial,
order-0231181,cust-044775,30 de junio de 2026,online,mobile,0.05,"0,00",completado,
order-0115798,cust-009980,2025-10-26,online,tablet,0.1,"4,95",completado,
order-0390992,cust-024555,05/05/2026,online,mobile,0.15,"0,00",completado,
order-0368975,cust-054331,3 de marzo de 2025,online,desktop,0.0,"0,00",devuelto_parcial,
order-0100196,cust-056169,04/04/2026,store,n/a,0.15,"0,00",completado,store-29
order-0331275,cust-047437,2026-03-30,online,mobile,0.1,"0,00",completado,
order-0209263,cust-025219,3 de abril de 2025,online,mobile,0.0,"2,95",completado,
order-0124404,cust-024930,2026-04-13,online,mobile,0.15,"2,95",completado,
order-0176227,cust-040927,19/05/2024,online,mobile,0.15,"2,95",completado,
order-0046886,cust-017319,24 de mayo de 2023,online,tablet,0.1,"4,95",completado,
order-0119256,cust-016024,4 de febrero de 2026,online,mobile,0.2,"0,00",completado,
order-0335412,cust-013002,29 de agosto de 2025,online,mobile,0.3,"4,95",completado,
order-0065750,cust-058025,2026-03-02,online,desktop,0.05,"4,95",devuelto_parcial,
order-0389592,cust-040599,30 de septiembre de 2025,online,mobile,0.1,"4,95",completado,
order-0274050,cust-023130,25 de diciembre de 2025,online,mobile,0.0,"0,00",completado,
order-0106847,cust-022667,28/05/2026,online,mobile,0.05,"0,00",completado,
order-0165024,cust-009974,23 de febrero de 2025,online,desktop,0.3,"0,00",completado,
order-0373445,cust-029671,06/03/2026,online,mobile,0.0,"0,00",completado,
order-0349356,cust-039553,27 de agosto de 2023,online,desktop,0.2,"0,00",completado,
order-0269907,cust-032721,2024-11-12,online,desktop,0.0,"0,00",completado,
order-0234513,cust-058045,15 de enero de 2025,online,mobile,0.2,"0,00",completado,
order-0051725,cust-036239,5 de noviembre de 2023,online,desktop,0.0,"0,00",completado,
order-0152394,cust-008551,18 de febrero de 2025,online,desktop,0.2,"0,00",completado,
order-0232214,cust-002184,7 de septiembre de 2025,online,mobile,0.2,"0,00",completado,
order-0299082,cust-034663,23/03/2025,online,desktop,0.0,"0,00",completado,
order-0350118,cust-059541,2025-05-08,online,mobile,0.1,"2,95",completado,
order-0011571,cust-000288,13 de diciembre de 2025,online,mobile,0.0,"0,00",completado,
order-0111244,cust-041068,13 de mayo de 2024,online,mobile,0.0,"0,00",completado,
order-0092494,cust-005745,2026-02-19,online,mobile,0.2,"2,95",completado,
order-0395250,cust-029960,20 de septiembre de 2024,online,desktop,0.0,"4,95",completado,
order-0144402,cust-047112,8 de mayo de 2026,store,n/a,0.15,"0,00",devuelto_parcial,store-37
order-0278025,cust-000204,16/11/2025,online,mobile,0.15,"0,00",completado,
order-0153603,cust-031666,01/05/2026,online,tablet,0.0,"2,95",completado,
order-0197555,cust-058323,2024-09-10,online,tablet,0.0,"0,00",completado,
order-0315494,cust-029893,30/06/2026,online,mobile,0.05,"0,00",completado,
order-0148670,cust-051502,21 de febrero de 2026,online,desktop,0.1,"0,00",completado,
order-0395364,cust-009833,26 de septiembre de 2025,online,mobile,0.05,"4,95",cancelado,
order-0047825,cust-009783,09/05/2026,online,tablet,0.0,"4,95",cancelado,
order-0087900,cust-005299,19/08/2024,online,mobile,0.2,"2,95",completado,
order-0117874,cust-027818,2026-03-16,online,desktop,0.1,"0,00",completado,
order-0050673,cust-020384,14/06/2023,online,mobile,0.0,"4,95",completado,
order-0078446,cust-009128,2026-02-06,online,tablet,0.3,"4,95",completado,
order-0222871,cust-009842,03/02/2024,online,mobile,0.2,"0,00",completado,
order-0273774,cust-021271,2025-03-20,store,n/a,0.15,"0,00",completado,store-38
order-0236497,cust-030147,2026-01-17,online,mobile,0.1,"4,95",completado,
order-0015040,cust-012077,2025-01-19,online,mobile,0.2,"0,00",completado,
order-0393732,cust-058838,2026-04-07,online,mobile,0.0,"4,95",completado,
order-0077124,cust-027380,09/01/2025,online,mobile,0.3,"2,95",completado,
order-0240205,cust-013142,5 de marzo de 2025,online,mobile,0.0,"0,00",completado,
order-0035975,cust-054668,18/01/2026,online,mobile,0.3,"2,95",completado,
order-0156875,cust-045560,12 de julio de 2025,online,mobile,0.1,"0,00",completado,
order-0120919,cust-001537,31 de enero de 2026,online,mobile,0.2,"4,95",completado,
order-0025370,cust-029511,29 de marzo de 2026,online,desktop,0.0,"0,00",completado,
order-0228339,cust-059746,15/06/2024,online,mobile,0.05,"0,00",completado,
order-0380168,cust-052732,30 de junio de 2026,online,mobile,0.05,"2,95",completado,
order-0103296,cust-027348,19/06/2026,online,mobile,0.1,"2,95",completado,
order-0093923,cust-015234,2026-01-08,online,desktop,0.2,"0,00",completado,
order-0203324,cust-030435,24/01/2026,online,desktop,0.2,"0,00",completado,
order-0121474,cust-013131,30/06/2026,online,mobile,0.0,"2,95",completado,
order-0312685,cust-059029,12 de diciembre de 2025,online,desktop,0.0,"4,95",completado,
order-0051023,cust-010576,23 de agosto de 2024,online,mobile,0.1,"0,00",completado,
order-0079979,cust-028292,18 de diciembre de 2024,online,mobile,0.15,"0,00",completado,
order-0329670,cust-003471,2025-12-14,online,mobile,0.0,"2,95",completado,
order-0383979,cust-017747,2025-07-08,online,mobile,0.3,"2,95",completado,
order-0101648,cust-020351,30/04/2026,online,mobile,0.0,"2,95",devuelto_parcial,
order-0157532,cust-050319,2025-09-10,online,mobile,0.0,"4,95",completado,
order-0391045,cust-026478,10/09/2024,online,desktop,0.0,"0,00",completado,
order-0124018,cust-052141,28/03/2026,online,desktop,0.2,"0,00",completado,
order-0239390,cust-032973,30/06/2026,online,mobile,0.15,"0,00",completado,
order-0097981,cust-007941,11/08/2024,online,desktop,0.2,"4,95",devuelto_parcial,
order-0002036,cust-034894,2026-06-20,online,desktop,0.0,"0,00",completado,
order-0323664,cust-005904,11/03/2026,online,mobile,0.1,"0,00",completado,
order-0073522,cust-044500,22/01/2026,online,desktop,0.2,"0,00",completado,
order-0237587,cust-044115,26 de octubre de 2025,online,mobile,0.1,"4,95",completado,
order-0209836,cust-041754,20/03/2026,online,mobile,0.1,"4,95",completado,
order-0204905,cust-018579,2026-05-29,online,mobile,0.0,"4,95",completado,
order-0215797,cust-000808,2026-01-13,online,mobile,0.1,"2,95",completado,
order-0064539,cust-057260,26/06/2023,online,mobile,0.05,"0,00",completado,
order-0310018,cust-036049,2025-02-07,online,tablet,0.2,"2,95",completado,
order-0222052,cust-051890,5 de abril de 2026,online,mobile,0.05,"4,95",completado,
order-0088878,cust-009970,15 de mayo de 2025,online,mobile,0.0,"4,95",completado,
order-0250920,cust-040414,2025-09-25,online,desktop,0.05,"4,95",completado,
order-0054850,cust-007584,19/01/2026,store,n/a,0.2,"0,00",completado,store-17
order-0065244,cust-040897,18/11/2025,online,mobile,0.0,"0,00",completado,
order-0382754,cust-015416,28/11/2025,online,tablet,0.3,"0,00",completado,
order-0296023,cust-035111,18 de julio de 2024,online,desktop,0.2,"0,00",completado,
order-0063449,cust-035947,26/07/2024,online,mobile,0.3,"4,95",completado,
order-0167683,cust-035113,2026-06-30,online,mobile,0.05,"0,00",completado,
order-0244603,cust-019229,15 de septiembre de 2024,online,mobile,0.2,"4,95",completado,
order-0204083,cust-058408,01/06/2026,online,mobile,0.0,"4,95",completado,
order-0267167,cust-005918,18/12/2023,online,mobile,0.2,"2,95",completado,
order-0373940,cust-034681,17/11/2025,online,desktop,0.0,"4,95",completado,
order-0112499,cust-048164,05/01/2026,store,n/a,0.2,"0,00",completado,store-38
order-0313947,cust-045100,26/11/2025,online,mobile,0.0,"4,95",completado,
order-0084584,cust-024318,14/12/2025,store,n/a,0.0,"0,00",completado,store-38
order-0072955,cust-000000,2025-10-02,online,desktop,0.05,"4,95",completado,
order-0016153,cust-056070,2025-12-12,online,mobile,0.1,"4,95",completado,
order-0234513,cust-058045,15 de enero de 2025,online,mobile,0.2,"0,00",completado,
order-0028403,cust-000186,4 de agosto de 2025,online,desktop,0.3,"2,95",completado,
order-0005450,cust-005586,4 de marzo de 2024,online,desktop,0.1,"4,95",completado,
order-0321501,cust-030172,2024-12-29,online,mobile,0.0,"0,00",devuelto_parcial,
order-0249969,cust-040178,01/08/2025,online,mobile,0.3,"0,00",completado,
order-0246018,cust-041548,2026-02-24,online,tablet,0.3,"2,95",completado,
order-0166694,cust-038421,13 de junio de 2024,online,mobile,0.0,"4,95",completado,
order-0335085,cust-043302,2024-03-07,online,mobile,0.1,"0,00",completado,
order-0327621,cust-000097,27 de marzo de 2026,online,mobile,0.0,"0,00",completado,
order-0305743,cust-054411,2024-05-31,online,mobile,0.0,"2,95",devuelto_parcial,
order-0098520,cust-029120,19/12/2023,online,mobile,0.2,"2,95",completado,
order-0255114,cust-013963,12 de octubre de 2024,online,mobile,0.0,"2,95",completado,
order-0301412,cust-034705,09/06/2025,online,desktop,0.0,"2,95",completado,
order-0167852,cust-034231,2026-01-13,online,mobile,0.3,"0,00",completado,
order-0028561,cust-046572,2025-05-27,online,mobile,0.0,"2,95",completado,
order-0030551,cust-042007,28 de junio de 2026,online,mobile,0.0,"4,95",completado,
order-0161168,cust-015948,17/11/2025,store,n/a,0.0,"0,00",completado,store-18
order-0104889,cust-019603,03/08/2024,online,mobile,0.2,"2,95",completado,
order-0084788,cust-026778,13/01/2024,online,mobile,0.1,"4,95",completado,
order-0252411,cust-050879,8 de noviembre de 2025,online,desktop,0.0,"2,95",completado,
order-0085702,cust-048197,16/04/2026,online,mobile,0.1,"2,95",completado,
order-0038504,cust-013152,07/02/2025,online,desktop,0.1,"0,00",completado,
order-0139605,cust-001033,28/12/2024,online,mobile,0.15,"0,00",completado,
order-0069573,cust-043960,2024-06-24,online,mobile,0.0,"2,95",completado,
order-0278683,cust-035628,2025-06-07,online,mobile,0.2,"2,95",completado,
order-0379632,cust-003534,17/02/2025,online,desktop,0.3,"4,95",completado,
order-0081332,cust-040763,2024-04-15,online,mobile,0.05,"0,00",completado,
order-0196631,cust-002464,13 de septiembre de 2025,online,mobile,0.05,"0,00",completado,
order-0171454,cust-raw-fake-004,31 de marzo de 2026,online,desktop,0.0,"4,95",completado,
order-0375483,cust-041156,2024-02-05,online,mobile,0.2,"0,00",completado,
order-0102124,cust-015884,25 de mayo de 2026,online,desktop,0.2,"0,00",completado,
order-0341689,cust-raw-fake-016,21 de octubre de 2024,online,mobile,0.2,"0,00",completado,
order-0042177,cust-025909,19/03/2026,online,mobile,0.0,"2,95",completado,
order-0378406,cust-041978,22 de octubre de 2024,online,desktop,0.1,"0,00",completado,
order-0213255,cust-006935,18 de octubre de 2025,online,mobile,0.15,"2,95",completado,
order-0057239,cust-032919,30/12/2025,online,mobile,0.0,"2,95",completado,
order-0132978,cust-025991,24 de septiembre de 2025,online,mobile,0.15,"2,95",completado,
order-0073733,cust-050519,2026-02-20,online,mobile,0.1,"4,95",completado,
order-0352111,cust-041955,29 de mayo de 2024,online,mobile,0.1,"2,95",completado,
order-0008412,cust-024328,2025-11-05,online,tablet,0.0,"4,95",completado,
order-0242665,cust-033672,31 de marzo de 2025,online,mobile,0.1,"0,00",completado,
order-0291948,cust-003836,6 de junio de 2025,online,mobile,0.0,"4,95",completado,
order-0340849,cust-013301,2026-03-27,online,mobile,0.1,"0,00",completado,
order-0149135,cust-037754,2026-02-07,online,tablet,0.3,"2,95",completado,
order-0306105,cust-012180,24/06/2025,online,desktop,0.2,"2,95",completado,
order-0022304,cust-028700,22 de febrero de 2025,online,mobile,0.1,"0,00",completado,
order-0114016,cust-043046,07/09/2024,online,mobile,0.0,"4,95",completado,
order-0125139,cust-009489,2024-07-22,online,mobile,0.1,"2,95",completado,
order-0192274,cust-008683,2025-07-12,online,desktop,0.2,"0,00",completado,
order-0387269,cust-014586,06/04/2026,online,mobile,0.05,"0,00",devuelto_parcial,
order-0142312,cust-048892,14 de octubre de 2025,online,desktop,0.0,"4,95",completado,
order-0124719,cust-014884,20/03/2025,online,mobile,0.1,"4,95",cancelado,
order-0111740,cust-032911,2025-02-07,online,mobile,0.2,"2,95",completado,
order-0115300,cust-037346,30 de enero de 2026,online,mobile,0.3,"4,95",completado,
order-0184352,cust-009548,2026-01-03,online,mobile,0.0,"4,95",completado,
order-0157424,cust-027970,18 de noviembre de 2025,online,desktop,0.15,"0,00",completado,
order-0227120,cust-002805,2024-09-21,online,desktop,0.0,"2,95",completado,
order-0072620,cust-054640,2025-05-15,online,mobile,0.0,"0,00",completado,
order-0399261,cust-020226,22/08/2025,online,desktop,0.3,"0,00",completado,
order-0307740,cust-010203,11 de diciembre de 2024,online,mobile,0.15,"0,00",completado,
order-0178324,cust-004348,24 de junio de 2025,online,mobile,0.0,"2,95",completado,
order-0067157,cust-033779,13 de febrero de 2025,online,desktop,0.3,"0,00",completado,
order-0202822,cust-024101,2024-01-17,online,desktop,0.2,"4,95",completado,
order-0121978,cust-018447,2025-08-08,online,mobile,0.2,"2,95",completado,
order-0299653,cust-046359,30 de abril de 2025,online,mobile,0.05,"0,00",completado,
order-0311850,cust-012069,26/02/2025,online,mobile,0.3,"4,95",completado,
order-0222845,cust-006349,2026-06-18,online,tablet,0.05,"4,95",completado,
order-0243688,cust-014591,2025-04-14,online,desktop,0.0,"0,00",completado,
order-0370722,cust-034313,09/06/2025,online,mobile,0.05,"0,00",completado,
order-0074472,cust-008471,2024-08-24,online,mobile,0.1,"0,00",completado,
order-0090745,cust-038955,2025-04-29,online,desktop,0.1,"4,95",devuelto_parcial,
order-0330909,cust-000568,16/06/2024,online,mobile,0.0,"2,95",completado,
order-0374184,cust-039035,21 de agosto de 2025,online,desktop,0.1,"0,00",completado,
order-0243848,cust-057223,19/01/2025,online,mobile,0.1,"0,00",completado,
order-0014510,cust-044067,2025-05-29,online,mobile,0.0,"4,95",completado,
order-0028749,cust-018138,7 de mayo de 2025,online,mobile,0.0,"0,00",completado,
order-0161191,cust-024248,2024-04-20,online,mobile,0.1,"0,00",completado,
order-0240847,cust-009990,15 de marzo de 2025,online,mobile,0.0,"0,00",completado,
order-0216141,cust-023800,03/12/2025,online,mobile,0.1,"2,95",completado,
order-0347835,cust-022482,2025-10-30,online,desktop,0.05,"2,95",completado,
order-0027521,cust-010145,10 de enero de 2026,online,desktop,0.2,"0,00",completado,
order-0071529,cust-027817,11 de junio de 2025,online,mobile,0.1,"0,00",completado,
order-0166335,cust-000513,2 de septiembre de 2024,online,desktop,0.2,"0,00",completado,
order-0136116,cust-010178,26 de febrero de 2026,online,desktop,0.1,"2,95",completado,
order-0357768,cust-000514,2025-12-27,store,n/a,0.0,"0,00",completado,store-25
order-0005234,cust-003927,20 de enero de 2026,online,desktop,0.2,"0,00",completado,
order-0071848,cust-004154,2025-03-12,online,mobile,0.1,"0,00",devuelto_parcial,
order-0369161,cust-031841,2026-04-28,store,n/a,0.0,"0,00",completado,store-12
order-0398487,cust-039326,2025-12-04,online,mobile,0.2,"0,00",completado,
order-0133175,cust-005241,2024-01-10,online,mobile,0.1,"4,95",completado,
order-0060313,cust-001640,06/09/2024,store,n/a,0.1,"0,00",completado,store-06
order-0204228,cust-022460,2025-07-27,online,desktop,0.1,"4,95",completado,
order-0351322,cust-058563,10 de junio de 2025,online,desktop,0.2,"4,95",completado,
order-0259430,cust-037329,23 de diciembre de 2025,online,mobile,0.1,"0,00",devuelto_parcial,
order-0387933,cust-017247,2025-02-09,online,desktop,0.15,"0,00",completado,
order-0045348,cust-022533,04/10/2024,store,n/a,0.0,"0,00",cancelado,store-16
order-0338491,cust-052218,2026-02-17,online,desktop,0.15,"0,00",completado,
order-0131557,cust-031992,23 de octubre de 2025,online,mobile,0.0,"0,00",devuelto_parcial,
order-0154159,cust-003340,30/05/2026,online,mobile,0.0,"2,95",completado,
order-0096510,cust-050229,2026-03-26,online,tablet,0.0,"0,00",completado,
order-0394855,cust-030059,14/05/2026,online,mobile,0.0,"2,95",completado,
order-0146728,cust-042644,18 de febrero de 2026,online,mobile,0.3,"0,00",completado,
order-0296488,cust-017263,24/11/2023,store,n/a,0.2,"0,00",completado,store-32
order-0133856,cust-037140,2024-07-16,online,desktop,0.2,"2,95",completado,
order-0291958,cust-001962,01/07/2024,online,desktop,0.2,"0,00",completado,
order-0008676,cust-030551,30 de junio de 2026,online,mobile,0.05,"4,95",completado,
order-0056571,cust-021236,20 de junio de 2026,online,desktop,0.15,"2,95",completado,
order-0112293,cust-056789,2024-12-08,online,mobile,0.15,"2,95",completado,
order-0107135,cust-053783,2026-01-07,online,mobile,0.3,"4,95",completado,
order-0236955,cust-034708,12 de abril de 2025,online,desktop,0.0,"2,95",completado,
order-0398205,cust-034617,02/08/2024,online,mobile,0.2,"2,95",completado,
order-0356121,cust-039651,30 de mayo de 2026,online,desktop,0.15,"2,95",completado,
order-0138975,cust-016137,2025-12-18,online,mobile,0.3,"0,00",completado,
order-0053585,cust-054298,14 de febrero de 2026,online,desktop,0.3,"2,95",completado,
order-0131998,cust-056562,30 de abril de 2024,online,desktop,0.0,"2,95",completado,
order-0316257,cust-007403,07/07/2025,online,mobile,0.2,"0,00",completado,
order-0228513,cust-043107,2025-03-20,online,mobile,0.15,"2,95",completado,
order-0399468,cust-048538,6 de noviembre de 2024,online,desktop,0.0,"2,95",completado,
order-0226960,cust-000459,06/07/2024,online,mobile,0.2,"4,95",completado,
order-0161322,cust-043229,2026-02-10,online,desktop,0.3,"4,95",completado,
order-0025922,cust-059432,10 de noviembre de 2023,online,desktop,0.05,"0,00",completado,
order-0361426,cust-007100,19/04/2026,online,mobile,0.0,"2,95",completado,
order-0223213,cust-031261,19 de septiembre de 2024,online,mobile,0.0,"4,95",completado,
order-0394966,cust-021188,2025-11-10,online,desktop,0.15,"4,95",completado,
order-0297316,cust-047925,7 de septiembre de 2025,online,desktop,0.0,"2,95",completado,
order-0206530,cust-027646,09/01/2026,online,tablet,0.2,"4,95",completado,
order-0026236,cust-031932,2024-04-16,online,desktop,0.0,"4,95",cancelado,
order-0330028,cust-012375,11 de enero de 2026,online,desktop,0.2,"2,95",completado,
order-0319445,cust-003772,5 de agosto de 2024,online,mobile,0.2,"0,00",completado,
order-0047417,cust-055741,14/10/2025,online,mobile,0.0,"4,95",completado,
order-0115789,cust-001309,8 de junio de 2026,online,mobile,0.15,"0,00",completado,
order-0266865,cust-013404,11/10/2023,online,mobile,0.05,"0,00",completado,
order-0077269,cust-046062,11 de mayo de 2026,online,mobile,0.0,"2,95",completado,
order-0279565,cust-056255,2026-04-04,online,desktop,0.15,"0,00",completado,
order-0202174,cust-043255,16/02/2026,online,mobile,0.2,"0,00",completado,
order-0331815,cust-007856,19 de octubre de 2025,online,desktop,0.0,"4,95",completado,
order-0101430,cust-047831,27/02/2025,online,mobile,0.2,"0,00",completado,
order-0195455,cust-057979,2025-11-25,online,desktop,0.05,"2,95",completado,
order-0378446,cust-025597,2026-02-21,online,mobile,0.2,"2,95",completado,
order-0328581,cust-027548,2025-08-02,online,desktop,0.3,"2,95",completado,
order-0067797,cust-033346,17 de octubre de 2025,store,n/a,0.0,"0,00",completado,store-31
order-0114157,cust-014723,26/12/2025,online,mobile,0.05,"2,95",completado,
order-0063448,cust-001971,5 de junio de 2026,online,mobile,0.05,"0,00",completado,
order-0120606,cust-009317,7 de abril de 2024,online,mobile,0.0,"4,95",completado,
order-0325525,cust-033219,22/03/2026,online,mobile,0.05,"2,95",completado,
order-0217654,cust-007279,3 de junio de 2026,online,desktop,0.05,"4,95",completado,
order-0182360,cust-028815,2025-05-30,online,mobile,0.0,"2,95",completado,
order-0052217,cust-017846,19/08/2025,online,tablet,0.3,"2,95",completado,
order-0241760,cust-057579,2026-01-09,online,desktop,0.1,"0,00",completado,
order-0065384,cust-056823,06/07/2025,online,mobile,0.1,"4,95",completado,
order-0026318,cust-054974,21/07/2025,online,desktop,0.1,"4,95",completado,
order-0063740,cust-003752,22 de mayo de 2026,online,desktop,0.0,"0,00",completado,
order-0278327,cust-raw-fake-015,12 de septiembre de 2025,online,desktop,0.1,"0,00",completado,
order-0245838,cust-047796,18/04/2026,online,mobile,0.0,"2,95",devuelto_parcial,
order-0115395,cust-042911,24/07/2025,online,mobile,0.1,"4,95",completado,
order-0187807,cust-027126,25 de octubre de 2024,online,mobile,0.0,"0,00",completado,
order-0296333,cust-000967,27/09/2024,online,desktop,0.15,"4,95",devuelto_parcial,
order-0338207,cust-028406,03/02/2025,online,mobile,0.3,"0,00",completado,
order-0384185,cust-059580,18 de agosto de 2023,online,desktop,0.3,"2,95",devuelto_parcial,
order-0021872,cust-006805,2023-11-08,online,desktop,0.0,"4,95",completado,
order-0124715,cust-035102,8 de octubre de 2025,online,mobile,0.0,"4,95",completado,
order-0390568,cust-011508,2024-04-17,online,mobile,0.1,"4,95",completado,
order-0307182,cust-020848,2024-12-12,online,mobile,0.0,"4,95",completado,
order-0308236,cust-020587,6 de octubre de 2025,online,mobile,0.0,"4,95",cancelado,
order-0350016,cust-020785,10/03/2026,online,mobile,0.05,"2,95",devuelto_parcial,
order-0037223,cust-036230,2025-08-14,online,mobile,0.3,"2,95",completado,
order-0168303,cust-054510,2025-06-06,online,desktop,0.0,"0,00",devuelto_parcial,
order-0360587,cust-017117,2025-09-01,online,mobile,0.0,"2,95",completado,
order-0156765,cust-013137,10 de noviembre de 2025,online,mobile,0.15,"4,95",completado,
order-0394364,cust-058380,27 de mayo de 2026,online,desktop,0.0,"0,00",completado,
order-0310819,cust-raw-fake-019,16/08/2024,online,mobile,0.2,"2,95",completado,
order-0052633,cust-027871,12/04/2026,online,mobile,0.0,"0,00",completado,
order-0179303,cust-048688,6 de abril de 2025,online,desktop,0.0,"4,95",completado,
order-0098933,cust-033732,10 de marzo de 2026,online,mobile,0.05,"4,95",completado,
order-0229359,cust-033925,2026-05-11,online,mobile,0.05,"0,00",completado,
order-0249411,cust-016718,2024-02-27,online,desktop,0.3,"2,95",completado,
order-0002648,cust-057050,2025-06-16,online,mobile,0.0,"0,00",completado,
order-0268803,cust-018826,31/05/2025,online,mobile,0.05,"0,00",completado,
order-0086909,cust-056743,2023-12-08,online,mobile,0.0,"0,00",completado,
order-0206764,cust-038127,31/08/2025,online,mobile,0.1,"0,00",completado,
order-0106522,cust-027917,2024-08-18,online,desktop,0.1,"0,00",completado,
order-0162716,cust-032395,15 de abril de 2024,online,mobile,0.05,"0,00",completado,
order-0230392,cust-049047,16 de junio de 2026,online,mobile,0.0,"0,00",completado,
order-0177580,cust-037559,6 de diciembre de 2025,online,mobile,0.05,"2,95",cancelado,
order-0280528,cust-059750,25 de septiembre de 2025,online,mobile,0.05,"4,95",completado,
order-0043793,cust-019952,2024-11-05,online,mobile,0.0,"0,00",completado,
order-0285673,cust-035518,9 de julio de 2025,online,mobile,0.2,"0,00",completado,
order-0278366,cust-011027,24 de marzo de 2026,online,tablet,0.0,"4,95",completado,
order-0215297,cust-047241,20/12/2023,store,n/a,0.1,"0,00",completado,store-15
order-0375187,cust-014568,2025-04-03,online,mobile,0.05,"4,95",completado,
order-0253136,cust-057618,23/05/2024,online,mobile,0.2,"4,95",completado,
order-0079009,cust-034283,14/11/2025,store,n/a,0.0,"0,00",completado,store-20
order-0003882,cust-049161,9 de mayo de 2026,online,tablet,0.0,"4,95",completado,
order-0233091,cust-018091,14 de febrero de 2025,online,desktop,0.3,"4,95",completado,
order-0223166,cust-050539,6 de noviembre de 2025,store,n/a,0.05,"0,00",completado,store-36
order-0361479,cust-018992,2026-01-14,online,desktop,0.1,"4,95",completado,
order-0015139,cust-050422,23/02/2025,online,desktop,0.2,"0,00",completado,
order-0338804,cust-047165,09/11/2024,online,desktop,0.05,"0,00",completado,
order-0272556,cust-012154,2024-06-12,online,mobile,0.0,"0,00",completado,
order-0292799,cust-015057,2024-08-27,online,mobile,0.3,"0,00",completado,
order-0234585,cust-058331,27/04/2026,store,n/a,0.0,"0,00",completado,store-36
order-0372498,cust-044830,03/07/2025,store,n/a,0.1,"0,00",completado,store-30
order-0325905,cust-055257,19 de noviembre de 2025,online,desktop,0.1,"4,95",devuelto_parcial,
order-0353351,cust-038885,29/07/2023,online,desktop,0.3,"4,95",completado,
order-0308788,cust-053125,17 de enero de 2025,online,mobile,0.1,"0,00",completado,
order-0121302,cust-013142,2025-03-04,online,mobile,0.0,"2,95",completado,
order-0148536,cust-015791,14 de enero de 2026,online,mobile,0.2,"0,00",completado,
order-0017265,cust-023240,30/10/2024,online,desktop,0.0,"4,95",completado,
order-0148165,cust-028457,2026-05-17,online,tablet,0.0,"0,00",completado,
order-0030679,cust-056619,2026-05-03,online,mobile,0.0,"0,00",completado,
order-0063795,cust-006108,2026-06-30,store,n/a,0.0,"0,00",devuelto_parcial,store-38
order-0120450,cust-006425,2024-11-11,online,desktop,0.1,"0,00",completado,
order-0148064,cust-000501,8 de diciembre de 2024,online,mobile,0.15,"2,95",completado,
order-0151495,cust-007393,2026-05-28,online,desktop,0.0,"0,00",completado,
order-0043900,cust-056617,13 de septiembre de 2024,online,desktop,0.0,"0,00",completado,
order-0162562,cust-001800,18/05/2026,online,desktop,0.0,"0,00",completado,
order-0006253,cust-024442,28 de marzo de 2026,online,mobile,0.05,"2,95",completado,
order-0122314,cust-039395,27/02/2026,online,mobile,0.2,"4,95",completado,
order-0358846,cust-000177,10 de noviembre de 2025,online,mobile,0.0,"4,95",completado,
order-0164068,cust-017391,2024-04-30,online,desktop,0.0,"4,95",completado,
order-0147364,cust-002970,9 de junio de 2024,online,mobile,0.05,"4,95",completado,
order-0387291,cust-036741,2025-02-23,online,mobile,0.2,"2,95",completado,
order-0222723,cust-052120,17 de mayo de 2026,online,desktop,0.0,"2,95",completado,
order-0186358,cust-034570,2024-08-14,online,mobile,0.1,"0,00",completado,
order-0350263,cust-043550,2024-07-30,online,desktop,0.3,"0,00",completado,
order-0386313,cust-019115,29/06/2024,online,mobile,0.2,"2,95",completado,
order-0129664,cust-005980,11 de enero de 2026,online,desktop,0.1,"0,00",completado,
order-0159176,cust-024029,24 de marzo de 2026,online,mobile,0.0,"4,95",completado,
order-0223069,cust-001488,3 de marzo de 2026,online,tablet,0.05,"2,95",completado,
order-0315408,cust-015306,2026-01-25,online,mobile,0.3,"0,00",completado,
order-0162979,cust-056501,2026-06-17,online,tablet,0.05,"2,95",completado,
order-0153364,cust-048439,23 de diciembre de 2025,online,mobile,0.3,"2,95",completado,
order-0134420,cust-041679,14/02/2026,online,desktop,0.2,"2,95",devuelto_parcial,
order-0243546,cust-042450,11 de julio de 2025,store,n/a,0.1,"0,00",completado,store-17
order-0200749,cust-036565,2026-03-31,online,mobile,0.0,"2,95",completado,
order-0237877,cust-055891,2026-03-27,online,mobile,0.0,"0,00",completado,
order-0380553,cust-039631,28/06/2025,online,mobile,0.05,"0,00",completado,
order-0276582,cust-002866,15 de marzo de 2026,online,desktop,0.0,"4,95",completado,
order-0370380,cust-048376,2026-06-30,online,mobile,0.0,"4,95",cancelado,
order-0397240,cust-014190,7 de septiembre de 2025,online,mobile,0.05,"2,95",completado,
order-0133507,cust-044084,04/04/2026,online,mobile,0.05,"4,95",completado,
order-0004974,cust-018674,23/02/2025,online,desktop,0.3,"0,00",completado,
order-0052107,cust-022207,5 de abril de 2025,online,desktop,0.1,"4,95",completado,
order-0292524,cust-019898,2025-08-16,online,mobile,0.2,"4,95",completado,
order-0201201,cust-028045,26/01/2026,online,mobile,0.2,"2,95",completado,
order-0270305,cust-022736,23 de diciembre de 2024,online,mobile,0.1,"0,00",completado,
order-0387710,cust-054594,31/12/2025,online,desktop,0.05,"2,95",completado,
order-0242276,cust-054098,1 de julio de 2024,store,n/a,0.2,"0,00",completado,store-19
order-0117464,cust-026052,2025-12-17,online,mobile,0.2,"2,95",completado,
order-0109704,cust-048380,29/10/2023,online,mobile,0.0,"2,95",completado,
order-0395092,cust-025886,10/12/2025,online,mobile,0.05,"2,95",completado,
order-0301409,cust-042529,02/11/2025,online,mobile,0.0,"0,00",cancelado,
order-0115141,cust-000547,26 de enero de 2025,online,mobile,0.1,"2,95",completado,
order-0265035,cust-016433,13/06/2026,online,mobile,0.0,"2,95",devuelto_parcial,
order-0299069,cust-004737,04/06/2026,online,desktop,0.05,"4,95",completado,
order-0355066,cust-036365,2024-05-16,online,mobile,0.2,"0,00",completado,
order-0190376,cust-019505,2026-04-09,online,mobile,0.0,"2,95",completado,
order-0116395,cust-048101,30 de junio de 2026,online,desktop,0.1,"2,95",completado,
order-0267622,cust-047519,2026-06-30,online,mobile,0.0,"2,95",completado,
order-0081333,cust-011500,06/01/2025,online,mobile,0.0,"4,95",completado,
order-0037052,cust-007960,2025-09-22,online,desktop,0.0,"4,95",completado,
order-0332909,cust-030703,2025-08-15,online,mobile,0.3,"2,95",completado,
order-0235145,cust-040385,6 de enero de 2025,online,tablet,0.05,"4,95",completado,
order-0140312,cust-003695,14 de diciembre de 2025,online,mobile,0.2,"4,95",completado,
order-0231131,cust-014167,2025-06-16,store,n/a,0.05,"0,00",completado,store-13
order-0245172,cust-027931,22 de diciembre de 2025,online,mobile,0.3,"2,95",completado,
order-0382727,cust-035465,27 de junio de 2025,online,mobile,0.05,"4,95",completado,
order-0008880,cust-021437,6 de abril de 2025,online,mobile,0.1,"0,00",completado,
order-0144426,cust-000252,2026-05-07,online,mobile,0.0,"0,00",completado,
order-0251316,cust-043534,13/12/2025,online,mobile,0.0,"0,00",completado,
order-0274976,cust-010640,16 de julio de 2024,online,tablet,0.3,"2,95",cancelado,
order-0370655,cust-047995,11 de enero de 2026,online,mobile,0.3,"2,95",devuelto_parcial,
order-0140292,cust-034336,6 de septiembre de 2024,online,tablet,0.0,"2,95",completado,
order-0178889,cust-037411,15/10/2025,online,desktop,0.15,"0,00",completado,
order-0087267,cust-050041,28/11/2025,online,mobile,0.1,"4,95",devuelto_parcial,
order-0207749,cust-027301,08/12/2025,online,mobile,0.0,"2,95",completado,
order-0049879,cust-raw-fake-008,1 de octubre de 2024,store,n/a,0.1,"0,00",completado,store-07
order-0328160,cust-010348,09/11/2025,online,mobile,0.1,"0,00",completado,
order-0210625,cust-009182,15 de diciembre de 2025,online,desktop,0.2,"0,00",completado,
order-0365685,cust-021327,15 de julio de 2024,online,mobile,0.1,"4,95",completado,
order-0098445,cust-008387,9 de mayo de 2026,online,desktop,0.15,"0,00",completado,
order-0234736,cust-001632,18/07/2023,online,desktop,0.15,"0,00",completado,
order-0393341,cust-013132,30 de noviembre de 2025,online,desktop,0.2,"4,95",completado,
order-0394470,cust-000852,2023-12-18,online,mobile,0.3,"4,95",completado,
order-0300086,cust-raw-fake-010,30 de junio de 2026,online,mobile,0.0,"2,95",completado,
order-0324509,cust-005556,25/12/2025,online,mobile,0.15,"2,95",completado,
order-0005377,cust-010986,05/02/2026,online,mobile,0.1,"4,95",completado,
order-0058445,cust-003263,07/04/2026,online,desktop,0.0,"4,95",completado,
order-0215893,cust-052158,2026-06-30,online,desktop,0.05,"4,95",completado,
order-0038052,cust-033315,2024-12-20,online,tablet,0.1,"2,95",completado,
order-0218395,cust-044309,2025-12-13,online,desktop,0.1,"0,00",completado,
order-0261755,cust-010688,2026-03-10,online,mobile,0.0,"0,00",completado,
order-0371759,cust-053697,26/02/2025,online,mobile,0.2,"4,95",completado,
order-0106454,cust-010748,2025-05-20,online,mobile,0.05,"4,95",completado,
order-0238774,cust-016647,9 de mayo de 2026,online,mobile,0.1,"4,95",completado,
order-0150345,cust-032695,29/10/2025,online,mobile,0.05,"2,95",completado,
order-0146794,cust-010013,6 de enero de 2025,online,desktop,0.15,"0,00",completado,
order-0132593,cust-027654,14/11/2025,online,mobile,0.0,"0,00",completado,
order-0010875,cust-036652,05/06/2026,store,n/a,0.1,"0,00",completado,store-36
order-0047516,cust-034544,03/09/2024,online,mobile,0.0,"4,95",completado,
order-0205280,cust-017003,2024-12-25,online,mobile,0.0,"2,95",completado,
order-0132735,cust-033850,13 de octubre de 2025,online,mobile,0.0,"4,95",completado,
order-0345274,cust-007425,5 de agosto de 2025,online,desktop,0.2,"0,00",completado,
order-0079136,cust-050809,18/03/2026,online,mobile,0.0,"0,00",completado,
order-0021872,cust-006805,2023-11-08,online,desktop,0.0,"4,95",completado,
order-0139164,cust-057757,2026-02-24,online,mobile,0.1,"4,95",completado,
order-0326278,cust-012582,04/04/2026,online,desktop,0.0,"0,00",completado,
order-0258504,cust-050236,2026-04-02,online,desktop,0.1,"4,95",completado,
order-0160455,cust-026134,2024-10-04,online,mobile,0.0,"0,00",completado,
order-0138494,cust-050434,2025-03-30,online,desktop,0.1,"0,00",completado,
order-0097490,cust-043575,2024-01-15,online,mobile,0.1,"0,00",completado,
order-0105170,cust-032205,02/05/2025,store,n/a,0.0,"0,00",completado,store-11
order-0257006,cust-033140,2025-03-17,online,mobile,0.0,"4,95",completado,
order-0346500,cust-037788,24/08/2025,online,desktop,0.3,"0,00",completado,
order-0288053,cust-033225,27/06/2025,online,mobile,0.15,"0,00",completado,
order-0018518,cust-025746,3 de febrero de 2026,online,mobile,0.2,"0,00",completado,
order-0392821,cust-018157,15/06/2026,online,desktop,0.05,"0,00",completado,
order-0045015,cust-056550,2024-05-09,online,desktop,0.15,"2,95",completado,
order-0325182,cust-045687,6 de marzo de 2025,online,desktop,0.0,"0,00",completado,
order-0121342,cust-037732,02/07/2024,online,desktop,0.1,"4,95",completado,
order-0216182,cust-017626,28 de agosto de 2025,online,mobile,0.1,"0,00",completado,
order-0078681,cust-040701,17 de septiembre de 2025,online,mobile,0.05,"4,95",completado,
order-0193022,cust-025459,25/02/2024,online,mobile,0.3,"4,95",cancelado,
order-0301830,cust-018054,8 de julio de 2025,online,mobile,0.2,"2,95",cancelado,
order-0204006,cust-025006,20/03/2025,online,desktop,0.1,"0,00",completado,
order-0330056,cust-025141,27/06/2025,online,mobile,0.0,"4,95",devuelto_parcial,
order-0249869,cust-038757,2025-05-05,online,mobile,0.0,"4,95",completado,
order-0186118,cust-043049,4 de julio de 2025,online,mobile,0.2,"4,95",completado,
order-0345143,cust-059845,11 de diciembre de 2023,online,desktop,0.15,"2,95",completado,
order-0113996,cust-027398,2025-03-25,online,mobile,0.15,"0,00",completado,
order-0378345,cust-019328,28 de julio de 2023,store,n/a,0.3,"0,00",completado,store-09
order-0271067,cust-019543,03/02/2026,online,tablet,0.15,"2,95",completado,
order-0190595,cust-056823,14 de julio de 2025,store,n/a,0.15,"0,00",completado,store-37
order-0142197,cust-030290,5 de julio de 2025,online,mobile,0.2,"0,00",completado,
order-0069523,cust-045494,2 de junio de 2026,online,mobile,0.0,"4,95",completado,
order-0214469,cust-002498,2025-10-24,online,desktop,0.15,"0,00",completado,
order-0325635,cust-015668,13/11/2025,online,desktop,0.05,"0,00",completado,
order-0208622,cust-035494,2025-03-06,online,desktop,0.1,"4,95",completado,
order-0334758,cust-015371,5 de junio de 2025,online,mobile,0.0,"4,95",completado,
order-0250691,cust-035218,2 de noviembre de 2025,online,mobile,0.1,"0,00",completado,
order-0374008,cust-050947,17 de junio de 2024,online,desktop,0.0,"2,95",completado,
order-0148401,cust-044699,21/05/2025,online,mobile,0.1,"2,95",completado,
order-0176018,cust-000996,01/02/2024,online,mobile,0.3,"4,95",completado,
order-0241580,cust-035976,3 de febrero de 2024,online,tablet,0.3,"4,95",completado,
order-0113016,cust-042163,2025-08-05,online,desktop,0.1,"2,95",completado,
order-0075072,cust-048393,24/11/2025,store,n/a,0.1,"0,00",completado,store-36
order-0200323,cust-050024,02/03/2026,online,desktop,0.0,"2,95",completado,
order-0027446,cust-059638,2025-07-20,online,tablet,0.2,"2,95",completado,
order-0084475,cust-053784,21 de octubre de 2023,online,mobile,0.15,"2,95",completado,
order-0333992,cust-042665,10/02/2025,online,mobile,0.2,"4,95",completado,
order-0269983,cust-037478,15/12/2024,store,n/a,0.3,"0,00",devuelto_parcial,store-04
order-0333528,cust-051257,30 de junio de 2026,online,desktop,0.0,"2,95",completado,
order-0199625,cust-044611,2025-11-13,online,desktop,0.1,"0,00",devuelto_parcial,
order-0099694,cust-018137,25 de mayo de 2026,online,mobile,0.05,"2,95",completado,
order-0274865,cust-052193,05/11/2024,online,mobile,0.15,"4,95",completado,
order-0255624,cust-024644,25 de febrero de 2026,online,desktop,0.3,"0,00",completado,
order-0395762,cust-008736,25/12/2024,online,mobile,0.1,"2,95",completado,
order-0255482,cust-006705,2026-01-29,online,tablet,0.3,"2,95",completado,
order-0145911,cust-023420,13/12/2023,online,mobile,0.0,"4,95",completado,
order-0137319,cust-044500,24 de enero de 2026,online,desktop,0.2,"0,00",completado,
order-0385055,cust-019707,2024-10-27,online,desktop,0.05,"0,00",completado,
order-0222571,cust-053387,05/12/2023,online,desktop,0.2,"0,00",completado,
order-0026437,cust-022373,22/10/2025,online,mobile,0.0,"0,00",cancelado,
order-0164073,cust-016943,09/10/2025,online,tablet,0.1,"0,00",completado,
order-0135986,cust-052490,26 de septiembre de 2025,online,desktop,0.0,"0,00",completado,
order-0271800,cust-054750,7 de agosto de 2025,online,mobile,0.2,"0,00",completado,
order-0112084,cust-006538,2025-12-20,online,desktop,0.2,"0,00",completado,
order-0190977,cust-006684,2024-01-31,online,mobile,0.1,"0,00",completado,
order-0131179,cust-014398,9 de abril de 2026,online,mobile,0.0,"4,95",completado,
order-0000732,cust-013625,24/02/2025,online,mobile,0.3,"2,95",devuelto_parcial,
order-0315034,cust-008245,14 de enero de 2026,online,mobile,0.2,"2,95",completado,
order-0157800,cust-006784,2025-01-22,online,desktop,0.2,"4,95",completado,
order-0230035,cust-017951,14/06/2026,online,mobile,0.2,"2,95",completado,
order-0393263,cust-057991,07/11/2024,online,mobile,0.0,"0,00",completado,
order-0089082,cust-005295,25 de junio de 2026,online,desktop,0.0,"0,00",completado,
order-0236628,cust-043786,2026-01-12,online,mobile,0.3,"4,95",completado,
order-0205135,cust-006602,2023-09-23,online,mobile,0.0,"4,95",completado,
order-0103784,cust-026797,30 de junio de 2026,store,n/a,0.0,"0,00",completado,store-35
order-0131438,cust-041667,2025-09-29,online,mobile,0.0,"0,00",completado,
order-0238799,cust-048726,2023-06-19,store,n/a,0.0,"0,00",devuelto_parcial,store-30
order-0299877,cust-019334,2025-09-11,online,mobile,0.0,"2,95",completado,
order-0380480,cust-001417,06/06/2026,online,desktop,0.15,"4,95",completado,
order-0309025,cust-033447,21 de junio de 2025,online,mobile,0.05,"4,95",completado,
order-0008666,cust-055248,2024-11-10,online,mobile,0.0,"4,95",completado,
order-0248086,cust-029497,19/01/2026,online,mobile,0.1,"4,95",completado,
order-0008791,cust-016103,2024-01-30,online,mobile,0.3,"2,95",completado,
order-0371325,cust-010179,2026-02-08,online,mobile,0.3,"4,95",completado,
order-0177950,cust-052751,9 de enero de 2026,online,mobile,0.2,"2,95",completado,
order-0286108,cust-026010,09/09/2025,online,desktop,0.0,"2,95",completado,
order-0126153,cust-035047,25 de abril de 2026,online,tablet,0.0,"0,00",completado,
order-0124933,cust-004740,2025-01-01,online,desktop,0.05,"2,95",completado,
order-0386304,cust-033536,18 de febrero de 2025,online,mobile,0.2,"2,95",completado,
order-0303552,cust-030195,2025-04-15,online,mobile,0.05,"0,00",completado,
order-0058594,cust-036497,2025-12-30,online,mobile,0.05,"0,00",completado,
order-0003145,cust-raw-fake-003,10 de julio de 2024,online,mobile,0.15,"4,95",completado,
order-0024073,cust-010006,02/05/2025,online,desktop,0.05,"0,00",completado,
order-0332112,cust-012714,06/10/2023,online,mobile,0.0,"2,95",completado,
order-0232204,cust-029340,2023-07-27,online,mobile,0.2,"2,95",completado,
order-0234099,cust-019812,2024-12-02,online,desktop,0.1,"0,00",cancelado,
order-0276550,cust-015392,14/07/2025,online,desktop,0.3,"0,00",completado,
order-0112281,cust-019027,11/06/2026,store,n/a,0.15,"0,00",completado,store-25
order-0344732,cust-037135,2025-07-10,online,desktop,0.3,"4,95",devuelto_parcial,
order-0394781,cust-050219,2026-05-12,online,mobile,0.05,"0,00",completado,
order-0056791,cust-034229,02/08/2025,online,mobile,0.1,"0,00",completado,
order-0035447,cust-019626,2026-01-11,online,mobile,0.2,"0,00",completado,
order-0173382,cust-013745,24 de febrero de 2026,online,desktop,0.2,"4,95",completado,
order-0250046,cust-016742,6 de diciembre de 2025,online,desktop,0.0,"2,95",completado,
order-0158874,cust-015519,3 de agosto de 2024,online,mobile,0.1,"2,95",completado,
order-0041173,cust-024804,23/01/2026,online,desktop,0.1,"0,00",completado,
order-0215575,cust-028031,2024-11-20,online,mobile,0.2,"2,95",completado,
order-0365449,cust-054431,10 de febrero de 2026,online,mobile,0.1,"2,95",completado,
order-0272936,cust-004587,2025-07-03,online,desktop,0.1,"2,95",completado,
order-0272773,cust-028928,2026-06-12,online,desktop,0.0,"0,00",completado,
order-0054761,cust-050686,21 de abril de 2026,online,desktop,0.0,"0,00",completado,
order-0210013,cust-029894,18/01/2025,online,mobile,0.3,"4,95",completado,
order-0082529,cust-032366,25/05/2024,online,mobile,0.0,"0,00",completado,
order-0147248,cust-011968,24/12/2023,online,mobile,0.1,"2,95",completado,
order-0320916,cust-024949,19/04/2026,online,mobile,0.1,"4,95",completado,
order-0009879,cust-023880,08/09/2024,online,desktop,0.0,"2,95",completado,
order-0055541,cust-028246,2026-05-04,online,desktop,0.05,"2,95",completado,
order-0396334,cust-058894,2026-06-17,online,desktop,0.05,"0,00",completado,
order-0131947,cust-002522,2026-06-01,online,mobile,0.15,"4,95",completado,
order-0072941,cust-015412,2025-12-19,online,desktop,0.1,"0,00",completado,
order-0028382,cust-031003,17/08/2024,online,desktop,0.1,"4,95",cancelado,
order-0110665,cust-049648,8 de mayo de 2026,online,desktop,0.0,"0,00",completado,
order-0077245,cust-004187,7 de febrero de 2026,online,mobile,0.3,"0,00",completado,
order-0160284,cust-048721,16 de abril de 2026,online,mobile,0.15,"0,00",completado,
order-0085806,cust-000703,2025-08-15,online,mobile,0.3,"0,00",completado,
order-0333520,cust-031093,3 de enero de 2024,online,desktop,0.1,"4,95",completado,
order-0312551,cust-042008,29 de junio de 2026,online,desktop,0.15,"0,00",completado,
order-0033037,cust-056398,2026-06-30,online,mobile,0.05,"4,95",completado,
order-0083293,cust-007286,4 de noviembre de 2025,online,mobile,0.0,"4,95",completado,
order-0386192,cust-001679,23/01/2025,online,mobile,0.3,"0,00",completado,
order-0349287,cust-041360,08/05/2025,online,mobile,0.0,"4,95",completado,
order-0378561,cust-035718,2025-02-14,online,desktop,0.1,"4,95",completado,
order-0053736,cust-020158,31/07/2025,online,tablet,0.15,"2,95",completado,
order-0001629,cust-013716,2026-06-30,online,mobile,0.2,"0,00",completado,
order-0196551,cust-047872,10/08/2023,online,mobile,0.3,"0,00",completado,
order-0227887,cust-039934,2026-05-15,online,mobile,0.05,"0,00",completado,
order-0234024,cust-037071,2026-02-22,online,desktop,0.2,"2,95",completado,
order-0267279,cust-026323,2024-11-06,online,desktop,0.0,"4,95",completado,
order-0026594,cust-006842,30 de junio de 2026,online,desktop,0.1,"4,95",completado,
order-0051096,cust-013940,08/06/2026,online,desktop,0.0,"4,95",completado,
order-0199556,cust-004342,2025-11-25,online,tablet,0.0,"0,00",completado,
order-0000460,cust-005120,29 de noviembre de 2025,online,mobile,0.1,"4,95",completado,
order-0323826,cust-010802,2025-04-05,online,mobile,0.0,"0,00",completado,
order-0336449,cust-049523,13 de febrero de 2025,online,mobile,0.3,"0,00",completado,
order-0093752,cust-016560,30/10/2025,online,mobile,0.0,"0,00",completado,
order-0381461,cust-025239,03/03/2025,online,desktop,0.15,"2,95",devuelto_parcial,
order-0072831,cust-023377,04/01/2025,online,mobile,0.0,"4,95",completado,
order-0230908,cust-012304,2025-08-27,online,tablet,0.2,"0,00",completado,
order-0084192,cust-049943,7 de octubre de 2025,online,mobile,0.0,"2,95",completado,
order-0085448,cust-036936,13 de agosto de 2025,online,desktop,0.2,"4,95",completado,
order-0265509,cust-009766,10 de agosto de 2025,online,tablet,0.2,"4,95",completado,
order-0352999,cust-009602,20 de noviembre de 2025,online,desktop,0.0,"4,95",completado,
order-0310854,cust-059336,29 de junio de 2026,online,mobile,0.05,"2,95",completado,
order-0047970,cust-007624,2026-06-30,online,mobile,0.0,"4,95",completado,
order-0314121,cust-024365,2025-07-01,online,desktop,0.1,"2,95",completado,
order-0084335,cust-057383,2025-05-06,online,tablet,0.1,"2,95",completado,
order-0025611,cust-010705,15 de septiembre de 2025,online,tablet,0.05,"2,95",completado,
order-0184832,cust-044641,12 de noviembre de 2025,store,n/a,0.1,"0,00",completado,store-19
order-0039758,cust-052738,2023-11-08,online,desktop,0.05,"4,95",completado,
order-0304127,cust-054568,26/03/2025,online,mobile,0.05,"0,00",completado,
order-0157295,cust-050242,18/11/2025,online,desktop,0.2,"4,95",completado,
order-0390462,cust-030466,2026-06-30,online,desktop,0.05,"4,95",completado,
order-0332089,cust-004345,4 de marzo de 2026,online,mobile,0.0,"2,95",completado,
order-0096270,cust-019278,2026-02-18,online,mobile,0.1,"4,95",completado,
order-0266436,cust-030642,10/01/2025,online,mobile,0.1,"2,95",completado,
order-0382947,cust-027544,25/07/2023,online,tablet,0.3,"2,95",completado,
order-0165917,cust-034334,9 de marzo de 2026,online,mobile,0.15,"2,95",completado,
order-0125990,cust-038842,2026-06-03,online,mobile,0.0,"2,95",completado,
order-0289072,cust-030270,2026-01-28,online,mobile,0.3,"2,95",completado,
order-0134497,cust-049377,25 de diciembre de 2023,online,tablet,0.0,"2,95",completado,
order-0297434,cust-016312,2025-12-16,store,n/a,0.3,"0,00",completado,store-05
order-0005505,cust-040569,28 de marzo de 2026,online,desktop,0.1,"4,95",completado,
order-0228564,cust-049055,12/04/2025,online,mobile,0.2,"0,00",completado,
order-0389308,cust-041978,03/03/2024,online,desktop,0.1,"2,95",devuelto_parcial,
order-0376200,cust-019972,11 de diciembre de 2024,online,desktop,0.05,"0,00",cancelado,
order-0041876,cust-024093,18/01/2024,online,mobile,0.2,"2,95",completado,
order-0029426,cust-031521,2026-05-30,online,mobile,0.0,"4,95",completado,
order-0289787,cust-022323,26 de febrero de 2023,online,desktop,0.1,"4,95",completado,
order-0004525,cust-012931,20/08/2025,online,desktop,0.3,"0,00",completado,
order-0390252,cust-018961,2024-12-18,online,mobile,0.1,"0,00",completado,
order-0001831,cust-045096,2026-03-15,online,mobile,0.1,"2,95",completado,
order-0070217,cust-002765,2025-12-19,online,mobile,0.3,"4,95",completado,
order-0271359,cust-048309,2026-05-03,online,desktop,0.05,"4,95",completado,
order-0356305,cust-007822,30 de enero de 2026,online,mobile,0.3,"4,95",completado,
order-0031496,cust-024372,30/06/2026,online,mobile,0.0,"4,95",completado,
order-0282613,cust-034563,2025-07-11,online,mobile,0.15,"4,95",completado,
order-0184195,cust-031943,30 de marzo de 2026,online,mobile,0.05,"0,00",completado,
order-0239544,cust-055578,2025-10-29,online,mobile,0.05,"0,00",completado,
order-0110780,cust-011154,2024-11-02,online,desktop,0.0,"0,00",completado,
order-0005312,cust-055604,15 de octubre de 2025,online,desktop,0.05,"4,95",completado,
order-0395427,cust-025928,10/08/2025,online,desktop,0.2,"0,00",completado,
order-0328757,cust-017350,10 de enero de 2026,online,desktop,0.2,"0,00",completado,
order-0294844,cust-001542,14/02/2025,online,desktop,0.3,"2,95",completado,
order-0088808,cust-022333,2025-12-31,online,mobile,0.05,"0,00",devuelto_parcial,
order-0042111,cust-032405,2025-11-14,online,mobile,0.0,"0,00",completado,
order-0194168,cust-012898,8 de diciembre de 2025,online,mobile,0.0,"0,00",completado,
order-0112190,cust-010421,11/10/2024,online,mobile,0.15,"4,95",completado,
order-0377880,cust-023860,2023-09-07,online,mobile,0.05,"2,95",completado,
order-0109985,cust-047501,25 de febrero de 2026,online,mobile,0.2,"2,95",completado,
order-0328059,cust-010964,07/11/2025,online,desktop,0.15,"4,95",completado,
order-0290400,cust-025508,2024-10-16,online,mobile,0.0,"0,00",completado,
order-0129410,cust-007005,25 de septiembre de 2025,online,desktop,0.1,"0,00",completado,
order-0150209,cust-047760,18/12/2025,online,mobile,0.3,"0,00",completado,
order-0293574,cust-046089,8 de noviembre de 2025,online,mobile,0.0,"2,95",completado,
order-0160997,cust-024729,2026-01-20,online,mobile,0.2,"2,95",completado,
order-0370676,cust-009160,2026-04-11,online,desktop,0.0,"4,95",completado,
order-0003358,cust-012120,02/12/2025,online,mobile,0.1,"0,00",cancelado,
order-0336295,cust-013011,13 de octubre de 2023,online,mobile,0.1,"4,95",completado,
order-0339099,cust-012251,07/04/2026,online,mobile,0.0,"0,00",completado,
order-0381217,cust-012918,13/08/2025,online,desktop,0.2,"0,00",cancelado,
order-0359317,cust-038658,17 de septiembre de 2024,online,desktop,0.15,"4,95",completado,
order-0247871,cust-019150,03/02/2025,online,mobile,0.2,"4,95",completado,
order-0010066,cust-056733,22/12/2025,online,desktop,0.2,"4,95",completado,
order-0108327,cust-010709,2025-06-29,online,mobile,0.1,"4,95",completado,
order-0059679,cust-003183,06/11/2023,online,mobile,0.0,"0,00",completado,
order-0353692,cust-012456,3 de junio de 2025,online,mobile,0.0,"0,00",completado,
order-0247031,cust-058485,2025-08-27,store,n/a,0.3,"0,00",completado,store-38
order-0317728,cust-041931,11/05/2026,online,desktop,0.05,"4,95",devuelto_parcial,
order-0039685,cust-038106,13/12/2024,online,mobile,0.0,"0,00",completado,
order-0204992,cust-042891,2023-11-28,online,desktop,0.0,"2,95",completado,
order-0117999,cust-010508,02/01/2026,online,mobile,0.05,"2,95",devuelto_parcial,
order-0027387,cust-042739,18 de septiembre de 2025,online,mobile,0.0,"2,95",completado,
order-0284833,cust-001443,2026-06-30,online,mobile,0.0,"0,00",cancelado,
order-0214365,cust-039756,05/01/2026,online,desktop,0.0,"4,95",completado,
order-0226207,cust-051644,2025-04-18,online,mobile,0.1,"0,00",completado,
order-0068466,cust-012687,14/03/2026,online,mobile,0.0,"2,95",completado,
order-0045897,cust-054540,24 de marzo de 2024,online,mobile,0.0,"0,00",completado,
order-0127755,cust-056490,2023-07-28,online,desktop,0.1,"0,00",completado,
order-0141935,cust-025180,2026-06-24,online,mobile,0.0,"2,95",completado,
order-0375813,cust-011349,11 de octubre de 2025,online,mobile,0.1,"2,95",completado,
order-0355484,cust-047885,2024-12-31,online,mobile,0.2,"0,00",completado,
order-0248594,cust-009483,2025-04-04,online,desktop,0.0,"2,95",completado,
order-0327135,cust-056028,1 de octubre de 2025,online,mobile,0.1,"0,00",completado,
order-0302026,cust-058001,2024-10-19,online,desktop,0.1,"0,00",completado,
order-0306422,cust-024867,22/05/2024,online,desktop,0.0,"4,95",completado,
order-0395956,cust-000910,14/03/2026,online,mobile,0.2,"4,95",devuelto_parcial,
order-0131516,cust-053020,2026-04-20,online,mobile,0.05,"4,95",completado,
order-0230014,cust-017472,9 de marzo de 2025,online,mobile,0.0,"4,95",completado,
order-0127796,cust-042637,16/04/2025,online,desktop,0.15,"0,00",completado,
order-0025176,cust-013304,26/06/2025,online,desktop,0.0,"2,95",completado,
order-0199995,cust-046639,16/08/2025,online,mobile,0.3,"4,95",completado,
order-0155824,cust-004157,3 de diciembre de 2025,online,desktop,0.0,"4,95",completado,
order-0335280,cust-005826,04/08/2025,online,desktop,0.2,"4,95",devuelto_parcial,
order-0154320,cust-049301,2025-11-15,online,desktop,0.0,"4,95",completado,
order-0158523,cust-037524,3 de septiembre de 2025,online,tablet,0.0,"4,95",completado,
order-0175329,cust-003294,18/01/2024,online,mobile,0.1,"2,95",completado,
order-0343100,cust-038013,2025-05-03,online,desktop,0.05,"0,00",completado,
order-0366099,cust-034349,12/08/2025,online,tablet,0.15,"4,95",completado,
order-0036228,cust-019242,16/11/2025,online,desktop,0.0,"0,00",completado,
order-0378105,cust-059695,26 de febrero de 2024,online,desktop,0.3,"4,95",completado,
order-0143646,cust-057811,23/02/2026,online,mobile,0.2,"0,00",cancelado,
order-0381172,cust-040178,23/07/2025,online,desktop,0.3,"0,00",completado,
order-0086590,cust-028540,2026-05-01,online,desktop,0.0,"2,95",completado,
order-0041927,cust-047273,23 de agosto de 2023,online,mobile,0.2,"4,95",completado,
order-0131729,cust-041948,2025-09-16,online,desktop,0.05,"4,95",completado,
order-0157304,cust-041842,04/07/2025,online,mobile,0.2,"4,95",completado,
order-0269067,cust-004636,2025-04-06,online,mobile,0.0,"4,95",completado,
order-0078912,cust-002689,2024-07-13,online,mobile,0.2,"0,00",completado,
order-0117289,cust-029339,13 de febrero de 2025,online,mobile,0.3,"0,00",completado,
order-0319632,cust-017673,24/06/2025,online,desktop,0.0,"4,95",completado,
order-0094835,cust-056865,9 de diciembre de 2025,online,desktop,0.1,"2,95",completado,
order-0350189,cust-014567,20 de abril de 2026,online,mobile,0.05,"0,00",completado,
order-0254351,cust-059866,2024-05-31,online,mobile,0.0,"0,00",completado,
order-0392642,cust-042393,1 de noviembre de 2025,online,tablet,0.1,"2,95",completado,
order-0034170,cust-037405,10/02/2024,online,mobile,0.3,"2,95",devuelto_parcial,
order-0216999,cust-031079,10 de febrero de 2025,online,mobile,0.15,"2,95",devuelto_parcial,
order-0056350,cust-003248,30 de junio de 2025,online,mobile,0.0,"4,95",completado,
order-0384808,cust-046024,1 de diciembre de 2025,online,desktop,0.3,"4,95",completado,
order-0134957,cust-050169,08/05/2026,online,mobile,0.0,"2,95",completado,
order-0038938,cust-021645,26 de marzo de 2026,online,desktop,0.0,"2,95",completado,
order-0052552,cust-029713,18 de junio de 2026,online,desktop,0.05,"0,00",completado,
order-0246033,cust-057137,2025-08-13,online,mobile,0.3,"0,00",completado,
order-0113998,cust-032442,25 de agosto de 2025,online,desktop,0.15,"0,00",completado,
order-0390628,cust-032343,05/07/2024,online,mobile,0.3,"2,95",completado,
order-0286569,cust-011514,30/05/2026,online,mobile,0.05,"0,00",completado,
order-0345043,cust-015664,05/02/2026,online,mobile,0.2,"4,95",completado,
order-0088449,cust-005187,10 de febrero de 2025,online,desktop,0.3,"4,95",completado,
order-0091845,cust-001569,2026-03-20,online,mobile,0.2,"2,95",completado,
order-0223165,cust-raw-fake-008,10/02/2024,online,desktop,0.2,"0,00",completado,
order-0384918,cust-059098,2026-03-15,online,mobile,0.0,"2,95",completado,
order-0155727,cust-044758,04/04/2025,online,desktop,0.0,"2,95",completado,
order-0254515,cust-000035,27 de abril de 2025,online,mobile,0.0,"2,95",completado,
order-0156150,cust-002579,23/04/2025,online,desktop,0.15,"4,95",completado,
order-0147443,cust-031641,13 de febrero de 2024,online,mobile,0.1,"2,95",completado,
order-0001006,cust-015448,2024-09-10,online,mobile,0.0,"0,00",completado,
order-0195951,cust-053782,2026-03-19,online,mobile,0.15,"0,00",completado,
order-0349872,cust-055356,10/02/2026,online,mobile,0.1,"2,95",completado,
order-0294756,cust-045715,15 de julio de 2025,online,desktop,0.2,"0,00",completado,
order-0274158,cust-012032,16/03/2025,online,mobile,0.0,"4,95",completado,
order-0097077,cust-012735,17/04/2025,online,mobile,0.1,"0,00",completado,
order-0366645,cust-046511,16 de noviembre de 2025,online,mobile,0.0,"4,95",completado,
order-0138299,cust-026153,07/09/2025,store,n/a,0.15,"0,00",completado,store-15
order-0232046,cust-046850,08/09/2024,online,mobile,0.0,"0,00",completado,
order-0122632,cust-059103,27/01/2026,online,mobile,0.2,"0,00",completado,
order-0060350,cust-005004,15/06/2025,store,n/a,0.1,"0,00",completado,store-07
order-0132626,cust-057086,04/03/2025,online,desktop,0.0,"2,95",completado,
order-0212249,cust-010017,2025-03-20,online,mobile,0.0,"0,00",completado,
order-0064781,cust-042942,12/02/2026,online,desktop,0.3,"0,00",completado,
order-0361076,cust-018852,21 de junio de 2024,online,desktop,0.05,"2,95",completado,
order-0295746,cust-000486,23/04/2026,online,desktop,0.2,"4,95",completado,
order-0349332,cust-045905,25 de septiembre de 2025,online,mobile,0.05,"0,00",completado,
order-0390366,cust-011359,2026-03-01,online,mobile,0.05,"0,00",completado,
order-0311730,cust-056366,17/06/2025,online,mobile,0.1,"0,00",completado,
order-0063159,cust-043248,2025-12-22,online,mobile,0.1,"4,95",completado,
order-0139598,cust-046692,2026-03-02,online,mobile,0.0,"2,95",completado,
order-0358657,cust-035603,01/10/2024,online,mobile,0.05,"2,95",completado,
order-0265192,cust-015618,5 de junio de 2025,store,n/a,0.0,"0,00",completado,store-26
order-0065876,cust-041476,27 de noviembre de 2025,online,mobile,0.0,"0,00",completado,
order-0244071,cust-011630,27/04/2026,online,mobile,0.15,"2,95",completado,
order-0282231,cust-032471,05/01/2026,online,mobile,0.1,"0,00",completado,
order-0056249,cust-034510,20 de abril de 2025,online,desktop,0.05,"4,95",completado,
order-0219640,cust-028776,11 de junio de 2025,online,mobile,0.0,"4,95",completado,
order-0303132,cust-043849,12/07/2024,online,mobile,0.2,"0,00",completado,
order-0147191,cust-001116,30 de marzo de 2025,online,mobile,0.0,"2,95",completado,
order-0181703,cust-039640,2026-05-20,online,mobile,0.0,"0,00",completado,
order-0194028,cust-050381,2026-01-03,online,mobile,0.15,"0,00",completado,
order-0126519,cust-050356,19 de abril de 2026,online,mobile,0.1,"4,95",completado,
order-0271647,cust-056951,1 de enero de 2025,online,mobile,0.05,"0,00",completado,
order-0291410,cust-037054,2026-02-14,online,mobile,0.2,"4,95",completado,
order-0205663,cust-047337,2025-08-11,online,mobile,0.1,"0,00",completado,
order-0363258,cust-049824,29/08/2024,store,n/a,0.1,"0,00",completado,store-36
order-0360183,cust-053677,2025-10-18,store,n/a,0.0,"0,00",completado,store-36
order-0371802,cust-032137,27 de marzo de 2025,online,desktop,0.1,"0,00",completado,
order-0165984,cust-001387,2024-12-06,online,mobile,0.05,"2,95",completado,
order-0003872,cust-006794,29 de abril de 2025,online,desktop,0.1,"4,95",completado,
order-0037308,cust-023238,19/06/2026,online,mobile,0.0,"4,95",completado,
order-0172174,cust-026012,30 de diciembre de 2025,online,mobile,0.1,"2,95",completado,
order-0285229,cust-018556,28 de abril de 2026,online,mobile,0.05,"2,95",completado,
order-0342003,cust-052114,31 de mayo de 2024,online,mobile,0.0,"0,00",cancelado,
order-0162160,cust-012549,20/09/2025,online,mobile,0.0,"4,95",cancelado,
order-0267547,cust-018609,26/02/2024,online,mobile,0.1,"0,00",completado,
order-0050615,cust-012138,30/06/2026,online,mobile,0.0,"2,95",completado,
order-0261660,cust-033526,11/08/2025,online,tablet,0.1,"0,00",completado,
order-0070007,cust-023710,31/12/2024,online,mobile,0.0,"4,95",completado,
order-0173041,cust-030613,21/09/2024,online,desktop,0.0,"4,95",completado,
order-0235677,cust-004790,26 de marzo de 2025,online,mobile,0.05,"4,95",completado,
order-0240625,cust-026281,01/03/2025,online,desktop,0.0,"4,95",completado,
order-0374142,cust-013436,13/10/2024,online,desktop,0.1,"4,95",completado,
order-0033958,cust-023126,2025-12-05,online,desktop,0.15,"2,95",completado,
order-0249911,cust-032513,19/04/2025,online,mobile,0.0,"4,95",completado,
order-0056120,cust-049702,2025-07-06,online,desktop,0.1,"4,95",cancelado,
order-0341768,cust-003011,2025-05-02,online,mobile,0.0,"0,00",completado,
order-0277464,cust-020042,2025-08-29,online,mobile,0.2,"4,95",cancelado,
order-0289972,cust-020641,2024-01-11,store,n/a,0.1,"0,00",completado,store-25
order-0283765,cust-007717,08/03/2026,online,desktop,0.05,"2,95",completado,
order-0252679,cust-047596,2024-08-01,online,mobile,0.1,"0,00",completado,
order-0382460,cust-010622,16 de abril de 2025,online,desktop,0.15,"0,00",completado,
order-0108525,cust-028277,19 de agosto de 2025,online,mobile,0.2,"2,95",cancelado,
order-0108876,cust-030146,14 de julio de 2024,store,n/a,0.3,"0,00",completado,store-16
order-0247597,cust-007006,2024-11-22,online,desktop,0.3,"2,95",completado,
order-0042880,cust-040059,2024-04-30,online,mobile,0.05,"2,95",completado,
order-0196208,cust-056238,18/12/2025,online,mobile,0.3,"2,95",completado,
order-0227776,cust-048975,23/07/2025,online,mobile,0.1,"0,00",completado,
order-0210872,cust-028115,13/05/2025,online,mobile,0.15,"4,95",completado,
order-0281552,cust-010771,30/12/2025,online,desktop,0.0,"0,00",completado,
order-0147728,cust-051103,01/08/2025,online,mobile,0.1,"2,95",completado,
order-0334579,cust-018101,03/06/2026,online,mobile,0.05,"4,95",completado,
order-0201486,cust-026139,30 de junio de 2025,online,mobile,0.0,"0,00",completado,
order-0211133,cust-raw-fake-009,30/06/2024,online,mobile,0.0,"4,95",completado,
order-0223765,cust-010560,13/05/2026,online,desktop,0.1,"0,00",completado,
order-0127527,cust-006138,2024-03-13,online,mobile,0.0,"2,95",completado,
order-0230817,cust-016444,30/10/2025,store,n/a,0.0,"0,00",completado,store-37
order-0069096,cust-029433,2026-05-29,online,mobile,0.1,"2,95",completado,
order-0189855,cust-012460,2024-02-28,online,desktop,0.1,"2,95",completado,
order-0014340,cust-047384,1 de agosto de 2025,online,desktop,0.3,"0,00",completado,
order-0385712,cust-006834,2026-03-23,online,desktop,0.0,"2,95",completado,
order-0349890,cust-053120,2025-06-19,online,mobile,0.0,"0,00",completado,
order-0178828,cust-039866,28 de noviembre de 2025,online,mobile,0.3,"2,95",completado,
order-0233141,cust-049607,21/06/2026,online,tablet,0.1,"0,00",completado,
order-0101732,cust-041719,27 de abril de 2024,online,mobile,0.05,"0,00",completado,
order-0001629,cust-013716,2026-06-30,online,mobile,0.2,"0,00",completado,
order-0015208,cust-005723,27 de marzo de 2026,online,mobile,0.05,"2,95",completado,
order-0082154,cust-048626,28 de septiembre de 2025,online,mobile,0.0,"0,00",completado,
order-0040703,cust-055186,2025-04-15,online,mobile,0.15,"0,00",completado,
order-0012974,cust-026057,27 de febrero de 2026,online,desktop,0.3,"2,95",completado,
order-0089928,cust-024320,16 de noviembre de 2025,online,desktop,0.0,"2,95",completado,
order-0236591,cust-009287,2025-10-17,online,mobile,0.05,"2,95",completado,
order-0023533,cust-044169,3 de marzo de 2026,online,mobile,0.0,"2,95",completado,
order-0351190,cust-014300,8 de agosto de 2024,online,mobile,0.1,"2,95",completado,
order-0220355,cust-052700,26/03/2025,online,mobile,0.0,"2,95",completado,
order-0126301,cust-043363,2023-12-21,store,n/a,0.2,"0,00",cancelado,store-29
order-0352011,cust-004588,24 de abril de 2023,online,tablet,0.0,"2,95",completado,
order-0149111,cust-014306,2023-12-06,online,mobile,0.0,"4,95",completado,
order-0238733,cust-049117,2026-05-15,online,mobile,0.0,"4,95",completado,
order-0367897,cust-003456,06/10/2025,store,n/a,0.05,"0,00",completado,store-26
order-0100562,cust-002347,2024-05-18,online,mobile,0.0,"0,00",completado,
order-0276350,cust-023157,25/05/2025,online,mobile,0.05,"4,95",completado,
order-0282488,cust-009045,1 de febrero de 2026,online,desktop,0.2,"0,00",completado,
order-0364103,cust-057789,13/12/2025,online,mobile,0.1,"0,00",completado,
order-0201023,cust-043853,2026-02-09,online,mobile,0.1,"2,95",completado,
order-0104419,cust-045061,22/05/2026,online,mobile,0.15,"4,95",completado,
order-0133776,cust-023352,16/09/2025,online,desktop,0.0,"2,95",completado,
order-0373340,cust-011235,10/06/2024,online,mobile,0.0,"4,95",completado,
order-0323370,cust-005200,2023-07-02,online,mobile,0.2,"2,95",completado,
order-0013787,cust-027222,17 de febrero de 2026,online,mobile,0.2,"2,95",completado,
order-0384005,cust-001135,22 de marzo de 2026,online,mobile,0.0,"2,95",completado,
order-0136687,cust-051176,04/08/2024,online,mobile,0.1,"2,95",completado,
order-0013955,cust-027044,2024-06-11,online,desktop,0.05,"2,95",completado,
order-0002466,cust-039145,27 de septiembre de 2025,online,mobile,0.1,"2,95",completado,
order-0186642,cust-025151,2025-11-12,store,n/a,0.0,"0,00",completado,store-37
order-0084146,cust-027203,26 de noviembre de 2025,online,mobile,0.05,"4,95",cancelado,
order-0105395,cust-044285,30/06/2026,online,desktop,0.0,"0,00",completado,
order-0395767,cust-040668,28 de diciembre de 2025,online,desktop,0.15,"2,95",completado,
order-0341276,cust-049774,12/05/2025,online,desktop,0.1,"2,95",cancelado,
order-0238801,cust-040696,2026-03-27,online,desktop,0.05,"4,95",completado,
order-0210516,cust-030045,24 de mayo de 2026,online,mobile,0.15,"0,00",completado,
order-0024049,cust-041537,05/01/2026,online,mobile,0.1,"2,95",completado,
order-0125633,cust-013327,2024-04-28,online,mobile,0.0,"0,00",completado,
order-0391137,cust-020545,24 de diciembre de 2025,online,mobile,0.3,"2,95",completado,
order-0347612,cust-022777,14/01/2026,online,mobile,0.3,"0,00",completado,
order-0076470,cust-014368,29 de junio de 2025,online,desktop,0.0,"4,95",completado,
order-0154320,cust-049301,2025-11-15,online,desktop,0.0,"4,95",completado,
order-0361874,cust-012015,2026-06-07,online,mobile,0.15,"2,95",completado,
order-0222979,cust-054618,17/03/2026,online,mobile,0.0,"2,95",completado,
order-0106532,cust-037221,2025-08-07,online,desktop,0.3,"4,95",completado,
order-0048481,cust-017805,08/09/2024,online,tablet,0.05,"2,95",completado,
order-0286436,cust-046309,2024-01-17,online,mobile,0.2,"0,00",completado,
order-0385111,cust-001798,22 de octubre de 2025,online,mobile,0.05,"4,95",completado,
order-0193524,cust-045034,21/12/2023,store,n/a,0.3,"0,00",completado,store-36
order-0132214,cust-051442,8 de diciembre de 2024,online,mobile,0.15,"2,95",completado,
order-0012905,cust-049064,2024-11-13,online,tablet,0.0,"0,00",completado,
order-0396606,cust-049450,15 de noviembre de 2025,online,mobile,0.0,"0,00",completado,
order-0063385,cust-048382,05/02/2024,online,desktop,0.3,"2,95",completado,
order-0262251,cust-018959,17/08/2024,store,n/a,0.1,"0,00",completado,store-16
order-0313071,cust-017236,2025-06-01,online,desktop,0.05,"2,95",completado,
order-0208403,cust-039955,30/06/2026,online,desktop,0.2,"0,00",completado,
order-0306473,cust-034586,2025-10-21,online,mobile,0.0,"2,95",completado,
order-0262917,cust-047663,16 de diciembre de 2024,online,desktop,0.2,"0,00",completado,
order-0117008,cust-001964,2024-06-11,online,desktop,0.0,"4,95",completado,
order-0371848,cust-008343,2026-06-30,online,tablet,0.15,"4,95",completado,
order-0042789,cust-027450,18 de febrero de 2026,online,mobile,0.1,"4,95",devuelto_parcial,
order-0059730,cust-002284,13 de noviembre de 2025,online,desktop,0.0,"4,95",completado,
order-0248880,cust-038383,21 de marzo de 2026,online,mobile,0.0,"4,95",devuelto_parcial,
order-0045192,cust-006612,9 de mayo de 2026,online,desktop,0.0,"0,00",completado,
order-0020836,cust-036957,23 de junio de 2024,online,mobile,0.2,"0,00",completado,
order-0198858,cust-030771,10 de enero de 2024,online,desktop,0.1,"4,95",completado,
order-0166382,cust-007386,2025-11-02,online,desktop,0.05,"0,00",completado,
order-0202676,cust-044424,13 de enero de 2026,online,mobile,0.2,"0,00",completado,
order-0194253,cust-008037,25 de febrero de 2026,online,mobile,0.3,"0,00",completado,
order-0036340,cust-015652,08/10/2024,online,mobile,0.05,"2,95",completado,
order-0316546,cust-039984,2024-07-26,online,mobile,0.3,"2,95",completado,
order-0278659,cust-002120,28 de septiembre de 2025,online,mobile,0.0,"4,95",completado,
order-0026306,cust-039924,03/10/2023,online,mobile,0.15,"4,95",completado,
order-0250376,cust-039808,16/12/2025,online,mobile,0.1,"2,95",completado,
order-0271337,cust-036754,13/01/2026,online,desktop,0.3,"0,00",cancelado,
order-0246254,cust-024322,2026-03-24,online,mobile,0.05,"0,00",completado,
order-0131865,cust-007400,16 de marzo de 2024,online,mobile,0.1,"0,00",completado,
order-0056177,cust-030814,06/02/2026,online,desktop,0.1,"0,00",completado,
order-0017526,cust-031079,18 de febrero de 2025,online,mobile,0.3,"2,95",completado,
order-0385949,cust-016587,18/06/2026,online,mobile,0.0,"0,00",completado,
order-0101417,cust-043814,2026-04-03,online,desktop,0.15,"0,00",completado,
order-0075566,cust-004205,29/11/2025,online,mobile,0.2,"4,95",completado,
order-0042659,cust-036797,25/10/2025,online,mobile,0.2,"4,95",completado,
order-0171236,cust-057682,01/06/2026,online,desktop,0.1,"4,95",completado,
order-0327771,cust-010490,18 de agosto de 2024,online,mobile,0.1,"2,95",completado,
order-0066697,cust-057907,2025-01-09,store,n/a,0.2,"0,00",completado,store-27
order-0186706,cust-027005,2026-06-12,online,mobile,0.1,"0,00",completado,
order-0130548,cust-045280,30 de diciembre de 2023,online,mobile,0.0,"0,00",completado,
order-0010555,cust-023496,2024-04-04,store,n/a,0.15,"0,00",completado,store-01
order-0285719,cust-041321,30/06/2026,online,desktop,0.0,"2,95",completado,
order-0283794,cust-009584,2025-06-03,online,mobile,0.0,"2,95",completado,
order-0084789,cust-018887,2025-05-29,online,mobile,0.1,"2,95",completado,
order-0078089,cust-049747,15 de junio de 2024,online,mobile,0.0,"0,00",completado,
order-0141101,cust-020826,11 de mayo de 2026,online,mobile,0.0,"2,95",completado,
order-0318207,cust-005417,22 de marzo de 2025,online,desktop,0.0,"0,00",devuelto_parcial,
order-0077803,cust-005518,29 de marzo de 2025,online,mobile,0.05,"0,00",devuelto_parcial,
order-0009362,cust-051680,12/07/2024,online,mobile,0.1,"2,95",completado,
order-0142426,cust-042951,10/07/2025,online,tablet,0.3,"4,95",completado,
order-0098641,cust-054074,2025-07-09,online,mobile,0.3,"4,95",completado,
order-0385399,cust-042710,25 de octubre de 2025,online,mobile,0.15,"0,00",completado,
order-0237586,cust-042170,2026-05-17,online,mobile,0.1,"0,00",completado,
order-0285979,cust-043654,17/01/2026,online,mobile,0.3,"4,95",completado,
order-0131059,cust-014380,5 de diciembre de 2025,online,desktop,0.1,"0,00",completado,
order-0195453,cust-012546,13/09/2025,online,desktop,0.0,"0,00",completado,
order-0287855,cust-007124,05/12/2025,online,desktop,0.0,"0,00",completado,
order-0169198,cust-048564,24/10/2025,online,mobile,0.0,"0,00",completado,
order-0343177,cust-006766,2025-12-18,online,mobile,0.3,"4,95",devuelto_parcial,
order-0351783,cust-013378,21/07/2024,online,mobile,0.3,"2,95",devuelto_parcial,
order-0156421,cust-039891,3 de mayo de 2025,online,mobile,0.1,"0,00",completado,
order-0078254,cust-032035,5 de noviembre de 2023,online,desktop,0.05,"0,00",completado,
order-0258424,cust-038544,14 de junio de 2026,online,mobile,0.05,"2,95",completado,
order-0276673,cust-035476,13 de febrero de 2025,online,mobile,0.1,"0,00",completado,
order-0290569,cust-032622,8 de abril de 2026,online,mobile,0.0,"0,00",completado,
order-0137610,cust-017032,12/11/2025,online,desktop,0.1,"0,00",completado,
order-0167485,cust-004345,21 de febrero de 2026,online,desktop,0.2,"0,00",completado,
order-0141874,cust-007053,12/08/2024,online,mobile,0.2,"0,00",completado,
order-0053890,cust-020597,25 de noviembre de 2023,online,mobile,0.1,"4,95",completado,
order-0183605,cust-029587,2024-07-16,online,mobile,0.1,"0,00",completado,
order-0138686,cust-020038,2025-07-26,online,desktop,0.1,"0,00",completado,
order-0045461,cust-015341,30/07/2025,online,desktop,0.2,"4,95",completado,
order-0317501,cust-046312,30 de diciembre de 2024,online,mobile,0.0,"2,95",completado,
order-0319296,cust-025486,29 de agosto de 2024,online,mobile,0.1,"0,00",completado,
order-0224889,cust-019410,2026-02-17,online,mobile,0.3,"2,95",completado,
order-0370758,cust-053112,2024-05-10,online,mobile,0.0,"4,95",completado,
order-0095733,cust-019171,31/08/2024,online,mobile,0.2,"0,00",completado,
order-0352999,cust-009602,20 de noviembre de 2025,online,desktop,0.0,"4,95",completado,
order-0379171,cust-050478,13/12/2024,online,mobile,0.15,"0,00",completado,
order-0386942,cust-008213,2026-01-19,store,n/a,0.15,"0,00",completado,store-37
order-0367119,cust-046013,17/10/2025,online,mobile,0.0,"0,00",completado,
order-0046850,cust-032898,2025-05-23,online,mobile,0.0,"0,00",completado,
order-0112290,cust-002596,01/03/2026,online,desktop,0.1,"0,00",completado,
order-0082882,cust-025899,22 de febrero de 2026,online,mobile,0.2,"4,95",completado,
order-0097713,cust-010990,2026-03-26,online,mobile,0.0,"2,95",completado,
order-0060038,cust-004647,2024-10-22,online,mobile,0.1,"2,95",completado,
order-0111286,cust-000406,27 de octubre de 2024,online,mobile,0.0,"2,95",completado,
order-0003813,cust-039807,14/08/2024,store,n/a,0.2,"0,00",completado,store-16
order-0340325,cust-009072,9 de julio de 2025,online,mobile,0.2,"4,95",completado,
order-0115137,cust-018018,17 de abril de 2026,online,mobile,0.15,"0,00",completado,
order-0161463,cust-037959,19/12/2025,online,desktop,0.2,"0,00",devuelto_parcial,
order-0335301,cust-052611,20 de junio de 2025,store,n/a,0.0,"0,00",cancelado,store-21
order-0083075,cust-037299,26 de enero de 2024,online,mobile,0.2,"0,00",completado,
order-0223003,cust-018418,2025-05-26,online,tablet,0.05,"2,95",completado,
order-0250717,cust-015305,14 de febrero de 2026,online,desktop,0.3,"0,00",completado,
order-0092015,cust-058887,20 de octubre de 2025,online,mobile,0.0,"2,95",completado,
order-0100655,cust-053264,18/07/2024,online,desktop,0.1,"4,95",completado,
order-0390412,cust-057450,01/05/2026,store,n/a,0.15,"0,00",completado,store-17
order-0229482,cust-023153,20/05/2026,online,desktop,0.0,"0,00",completado,
order-0181350,cust-049751,29 de noviembre de 2025,online,mobile,0.2,"0,00",completado,
order-0225448,cust-014824,26/02/2024,online,desktop,0.3,"2,95",completado,
order-0135075,cust-038194,25/10/2025,store,n/a,0.05,"0,00",completado,store-08
order-0377471,cust-043338,24/10/2025,online,desktop,0.05,"4,95",completado,
order-0245159,cust-014382,2025-01-05,online,mobile,0.0,"0,00",completado,
order-0336480,cust-050946,18/02/2025,online,desktop,0.2,"0,00",completado,
order-0082406,cust-052154,27/05/2024,store,n/a,0.0,"0,00",completado,store-07
order-0257470,cust-044944,2024-12-14,online,mobile,0.0,"0,00",devuelto_parcial,
order-0239125,cust-046184,28 de diciembre de 2025,online,desktop,0.1,"2,95",completado,
order-0250096,cust-026350,2025-10-06,online,desktop,0.0,"4,95",completado,
order-0384791,cust-011060,25 de junio de 2025,online,tablet,0.0,"2,95",completado,
order-0133249,cust-052375,01/09/2024,online,desktop,0.2,"4,95",completado,
order-0160056,cust-035661,19 de noviembre de 2024,online,mobile,0.1,"2,95",completado,
order-0137895,cust-036538,2026-02-24,online,mobile,0.1,"4,95",completado,
order-0231558,cust-026907,2025-10-26,online,desktop,0.0,"2,95",completado,
order-0066380,cust-027430,9 de mayo de 2026,online,mobile,0.0,"2,95",completado,
order-0132343,cust-018219,27/08/2025,online,mobile,0.3,"0,00",cancelado,
order-0215265,cust-040994,30 de junio de 2026,online,desktop,0.1,"4,95",devuelto_parcial,
order-0312385,cust-006461,2026-04-30,online,mobile,0.0,"4,95",completado,
order-0005739,cust-049086,14/05/2025,online,desktop,0.1,"4,95",completado,
order-0185786,cust-024681,2024-04-11,online,mobile,0.0,"4,95",devuelto_parcial,
order-0325625,cust-035741,1 de julio de 2023,online,mobile,0.1,"4,95",cancelado,
order-0253798,cust-040024,19 de diciembre de 2025,online,mobile,0.3,"2,95",completado,
order-0025599,cust-044411,26 de enero de 2025,online,mobile,0.2,"0,00",completado,
order-0343821,cust-025338,10 de abril de 2025,online,mobile,0.0,"0,00",completado,
order-0385736,cust-036579,10 de octubre de 2025,online,mobile,0.0,"2,95",completado,
order-0327781,cust-014741,26/04/2026,online,desktop,0.0,"2,95",devuelto_parcial,
order-0195535,cust-004601,22/12/2025,online,desktop,0.3,"4,95",completado,
order-0336831,cust-041041,14/08/2024,online,desktop,0.1,"2,95",completado,
order-0247981,cust-041122,27/04/2026,online,mobile,0.0,"4,95",completado,
order-0051071,cust-006984,15 de febrero de 2026,online,mobile,0.3,"2,95",completado,
order-0339401,cust-052833,05/06/2026,online,desktop,0.0,"2,95",devuelto_parcial,
order-0108836,cust-037333,14/08/2025,online,mobile,0.3,"2,95",cancelado,
order-0236563,cust-010878,10/10/2024,online,mobile,0.1,"2,95",completado,
order-0169192,cust-053082,2026-05-13,online,desktop,0.1,"4,95",completado,
order-0055281,cust-009728,12/01/2026,online,desktop,0.2,"4,95",completado,
order-0245367,cust-018640,2025-10-22,online,mobile,0.0,"0,00",completado,
order-0117607,cust-raw-fake-006,2024-01-14,online,mobile,0.3,"0,00",completado,
order-0087075,cust-014699,10/09/2025,online,desktop,0.1,"2,95",completado,
order-0022466,cust-007667,2023-12-26,online,desktop,0.1,"4,95",completado,
order-0275867,cust-031846,01/03/2026,online,mobile,0.0,"0,00",completado,
order-0180858,cust-028582,2025-12-16,online,desktop,0.2,"0,00",completado,
order-0298552,cust-029437,1 de agosto de 2025,online,mobile,0.3,"0,00",completado,
order-0279307,cust-011113,19 de marzo de 2026,online,mobile,0.0,"4,95",completado,
order-0024123,cust-029133,27/12/2024,online,tablet,0.15,"4,95",completado,
order-0399315,cust-043597,2025-07-22,online,mobile,0.3,"2,95",completado,
order-0181768,cust-055591,26 de junio de 2026,online,desktop,0.0,"0,00",completado,
order-0153350,cust-020614,2025-11-13,online,mobile,0.05,"0,00",devuelto_parcial,
order-0199969,cust-028285,2026-04-28,online,mobile,0.0,"0,00",completado,
order-0395062,cust-030910,2025-11-27,online,mobile,0.0,"0,00",completado,
order-0031241,cust-008290,2025-05-02,online,tablet,0.2,"0,00",completado,
order-0298945,cust-056789,31/10/2024,online,mobile,0.0,"2,95",completado,
order-0156592,cust-004897,14/02/2025,online,desktop,0.2,"2,95",completado,
order-0396580,cust-053175,26/03/2024,online,mobile,0.05,"4,95",cancelado,
order-0066488,cust-044230,18/05/2025,online,mobile,0.1,"2,95",completado,
order-0037749,cust-000409,2 de febrero de 2025,online,mobile,0.1,"0,00",completado,
order-0275904,cust-053721,2024-09-20,online,mobile,0.15,"4,95",completado,
order-0271782,cust-010572,2025-05-12,online,mobile,0.1,"2,95",completado,
order-0171343,cust-039423,09/09/2025,online,mobile,0.05,"2,95",completado,
order-0196199,cust-029711,23/04/2026,online,desktop,0.15,"0,00",completado,
order-0230159,cust-033424,2026-03-04,online,mobile,0.05,"0,00",completado,
order-0348391,cust-004453,27/03/2026,online,mobile,0.0,"0,00",cancelado,
order-0073876,cust-058164,2025-05-09,online,tablet,0.0,"2,95",completado,
order-0327896,cust-051630,23 de julio de 2025,online,desktop,0.1,"0,00",completado,
order-0079888,cust-043209,2025-01-29,online,desktop,0.3,"2,95",completado,
order-0305902,cust-000690,3 de mayo de 2023,online,mobile,0.1,"4,95",completado,
order-0202812,cust-014741,09/04/2026,online,mobile,0.0,"4,95",completado,
order-0358272,cust-053892,10/07/2025,online,mobile,0.15,"0,00",completado,
order-0085839,cust-029283,2025-04-22,online,desktop,0.05,"4,95",completado,
order-0359150,cust-051295,16 de junio de 2026,online,mobile,0.05,"4,95",completado,
order-0380769,cust-023362,25/08/2025,store,n/a,0.1,"0,00",completado,store-10
order-0166795,cust-030737,05/09/2024,online,tablet,0.0,"4,95",completado,
order-0160769,cust-046510,04/06/2026,online,tablet,0.05,"4,95",completado,
order-0268267,cust-014362,2026-02-09,online,desktop,0.3,"0,00",completado,
order-0060218,cust-047111,2023-09-02,online,desktop,0.05,"4,95",completado,
order-0345705,cust-054955,2025-05-29,online,desktop,0.05,"2,95",completado,
order-0173465,cust-050101,06/03/2026,online,mobile,0.1,"2,95",completado,
order-0313409,cust-018608,15/03/2025,store,n/a,0.05,"0,00",completado,store-07
order-0337019,cust-037504,13/04/2026,online,mobile,0.05,"0,00",completado,
order-0242362,cust-012872,2 de abril de 2024,online,mobile,0.0,"4,95",completado,
order-0272389,cust-054534,2024-09-30,online,mobile,0.1,"0,00",completado,
order-0079707,cust-053427,23 de enero de 2026,online,desktop,0.2,"0,00",completado,
order-0030175,cust-041272,2026-05-08,online,mobile,0.0,"0,00",completado,
order-0117701,cust-017857,2026-02-02,online,mobile,0.1,"4,95",completado,
order-0115420,cust-raw-fake-011,11/03/2025,store,n/a,0.0,"0,00",completado,store-37
order-0074671,cust-046052,12/09/2023,online,mobile,0.1,"4,95",completado,
order-0053694,cust-038439,15/11/2025,online,desktop,0.0,"4,95",completado,
order-0393463,cust-022999,2026-03-02,online,mobile,0.05,"2,95",completado,
order-0000670,cust-004709,11 de enero de 2024,online,desktop,0.2,"0,00",completado,
order-0107102,cust-004105,17 de septiembre de 2025,online,desktop,0.05,"0,00",completado,
order-0111797,cust-012432,4 de septiembre de 2025,online,mobile,0.1,"2,95",completado,
order-0372217,cust-007077,2026-06-30,store,n/a,0.1,"0,00",completado,store-12
order-0289951,cust-047970,20 de septiembre de 2025,online,mobile,0.15,"4,95",completado,
order-0142598,cust-048219,3 de marzo de 2023,online,desktop,0.0,"2,95",devuelto_parcial,
order-0391465,cust-053712,10/10/2025,online,desktop,0.0,"4,95",completado,
order-0034682,cust-009444,4 de febrero de 2026,online,desktop,0.1,"2,95",completado,
order-0136558,cust-038172,28/02/2026,online,desktop,0.2,"4,95",completado,
order-0256877,cust-054498,12/09/2024,store,n/a,0.0,"0,00",completado,
order-0105798,cust-036944,30/06/2024,online,mobile,0.1,"0,00",cancelado,
order-0122932,cust-038199,2026-05-10,online,desktop,0.0,"2,95",devuelto_parcial,
order-0248358,cust-057997,18/02/2025,online,desktop,0.1,"2,95",completado,
order-0012719,cust-010843,17/05/2025,online,desktop,0.0,"2,95",completado,
order-0142345,cust-056566,17 de noviembre de 2025,online,mobile,0.1,"2,95",completado,
order-0157096,cust-054635,2024-02-01,online,desktop,0.2,"2,95",completado,
order-0308802,cust-046300,24 de noviembre de 2025,online,mobile,0.0,"0,00",completado,
order-0152558,cust-032123,12 de enero de 2025,store,n/a,0.2,"0,00",completado,store-00
order-0107892,cust-012750,20/06/2026,online,mobile,0.0,"2,95",completado,
order-0122575,cust-027577,28 de abril de 2026,online,mobile,0.0,"4,95",completado,
order-0049625,cust-049067,2026-04-15,online,mobile,0.0,"4,95",completado,
order-0109771,cust-047026,20/07/2025,online,mobile,0.2,"4,95",devuelto_parcial,
order-0096402,cust-038368,01/11/2023,online,mobile,0.2,"4,95",completado,
order-0172961,cust-054935,2026-04-06,online,mobile,0.1,"0,00",completado,
order-0263447,cust-002283,2025-10-20,online,desktop,0.1,"4,95",completado,
order-0361875,cust-000735,2025-08-17,store,n/a,0.3,"0,00",completado,
order-0375385,cust-035517,14/11/2025,online,desktop,0.2,"4,95",completado,
order-0194400,cust-026256,27/01/2024,online,desktop,0.1,"0,00",completado,
order-0018431,cust-010133,09/06/2026,store,n/a,0.0,"0,00",completado,store-29
order-0136091,cust-011549,2024-03-11,online,mobile,0.0,"2,95",completado,
order-0095054,cust-023094,15 de julio de 2025,online,mobile,0.1,"2,95",completado,
order-0043248,cust-029493,27 de diciembre de 2024,online,desktop,0.2,"0,00",completado,
order-0080498,cust-021617,2025-11-17,online,desktop,0.1,"2,95",completado,
order-0040342,cust-029652,22/02/2025,online,mobile,0.3,"4,95",completado,
order-0000410,cust-035741,9 de febrero de 2024,online,mobile,0.2,"0,00",completado,
order-0222030,cust-030642,2 de febrero de 2026,online,tablet,0.3,"2,95",completado,
order-0246198,cust-002465,9 de febrero de 2024,online,tablet,0.2,"2,95",devuelto_parcial,
order-0250616,cust-012219,19 de noviembre de 2024,online,mobile,0.05,"2,95",completado,
order-0218779,cust-011695,22 de abril de 2026,online,mobile,0.0,"4,95",completado,
order-0060225,cust-006345,2026-04-24,online,mobile,0.2,"2,95",completado,
order-0108380,cust-007759,08/04/2023,online,mobile,0.0,"2,95",devuelto_parcial,
order-0360023,cust-032423,2025-08-02,online,mobile,0.3,"4,95",completado,
order-0322379,cust-011183,2024-12-25,online,mobile,0.15,"4,95",completado,
order-0123257,cust-059057,27/06/2025,online,desktop,0.1,"4,95",completado,
order-0189210,cust-043558,6 de marzo de 2025,online,desktop,0.0,"0,00",completado,
order-0076576,cust-025162,20/05/2026,online,mobile,0.0,"4,95",completado,
order-0185468,cust-015387,9 de septiembre de 2025,online,desktop,0.05,"0,00",completado,
order-0075219,cust-053943,10 de marzo de 2026,online,mobile,0.05,"2,95",completado,
order-0182273,cust-008412,24 de junio de 2026,online,desktop,0.05,"4,95",completado,
order-0332130,cust-043737,2025-02-10,online,mobile,0.2,"0,00",devuelto_parcial,
order-0073413,cust-raw-fake-007,21/10/2024,online,mobile,0.05,"2,95",completado,
order-0308065,cust-039166,11 de diciembre de 2025,online,desktop,0.0,"2,95",cancelado,
order-0025698,cust-011552,2026-01-18,store,n/a,0.3,"0,00",completado,store-04
order-0306767,cust-002194,12/06/2023,online,mobile,0.0,"2,95",completado,
order-0029923,cust-012009,03/02/2026,online,mobile,0.3,"2,95",completado,
order-0117239,cust-045200,03/01/2024,online,mobile,0.0,"4,95",completado,
order-0269033,cust-058904,2026-06-11,online,desktop,0.0,"2,95",completado,
order-0205021,cust-021527,15 de agosto de 2025,online,tablet,0.3,"4,95",completado,
order-0255030,cust-022184,15 de abril de 2026,online,mobile,0.0,"4,95",completado,
order-0042928,cust-004687,17 de diciembre de 2024,online,mobile,0.2,"0,00",completado,
order-0274319,cust-038513,25/07/2024,online,mobile,0.1,"4,95",completado,
order-0122572,cust-030774,2025-04-27,online,desktop,0.1,"2,95",completado,
order-0108235,cust-023942,2026-06-22,online,mobile,0.0,"2,95",devuelto_parcial,
order-0237127,cust-055156,18 de junio de 2026,online,desktop,0.0,"4,95",completado,
order-0139402,cust-053432,2025-02-16,online,desktop,0.2,"2,95",completado,
order-0246558,cust-raw-fake-006,11/04/2024,online,mobile,0.05,"0,00",completado,
order-0366876,cust-000539,08/09/2024,online,desktop,0.1,"0,00",completado,
order-0001514,cust-000552,2025-07-23,online,mobile,0.1,"0,00",completado,
order-0336445,cust-020751,2025-12-18,online,desktop,0.3,"0,00",completado,
order-0066019,cust-049548,26 de enero de 2026,online,mobile,0.1,"2,95",completado,
order-0285125,cust-035587,22/05/2026,store,n/a,0.0,"0,00",completado,store-29
order-0144349,cust-raw-fake-004,2026-01-10,online,mobile,0.1,"0,00",completado,
order-0278579,cust-050635,22/04/2026,online,desktop,0.0,"0,00",completado,
order-0138292,cust-041359,7 de enero de 2025,online,desktop,0.2,"0,00",completado,
order-0195803,cust-025089,30 de junio de 2026,online,mobile,0.05,"4,95",completado,
order-0123639,cust-005394,02/01/2026,online,tablet,0.0,"2,95",completado,
order-0171574,cust-045084,13/06/2024,online,desktop,0.0,"0,00",completado,
order-0325419,cust-028095,23/04/2026,online,desktop,0.0,"0,00",completado,
order-0161182,cust-002635,28/04/2024,online,mobile,0.2,"2,95",completado,
order-0369850,cust-013712,26/08/2024,online,mobile,0.1,"0,00",completado,
order-0262092,cust-040075,20 de junio de 2026,store,n/a,0.0,"0,00",completado,store-16
order-0179556,cust-025021,22/08/2025,store,n/a,0.1,"0,00",completado,store-06
order-0125047,cust-000609,2025-03-05,online,mobile,0.0,"0,00",completado,
order-0380239,cust-012179,2025-08-08,online,desktop,0.1,"0,00",devuelto_parcial,
order-0237619,cust-044981,2024-10-17,online,desktop,0.05,"2,95",completado,
order-0288784,cust-034033,2026-05-24,online,mobile,0.0,"2,95",completado,
order-0042432,cust-045974,16/02/2026,online,mobile,0.1,"0,00",completado,
order-0221089,cust-038288,22 de octubre de 2023,online,desktop,0.1,"2,95",completado,
order-0385096,cust-043116,22 de julio de 2025,online,desktop,0.2,"4,95",completado,
order-0000514,cust-050226,2023-11-18,online,desktop,0.0,"0,00",cancelado,
order-0265326,cust-042350,2026-06-09,online,desktop,0.05,"2,95",completado,
order-0120608,cust-010722,2025-06-28,online,mobile,0.1,"4,95",completado,
order-0381247,cust-053258,2026-02-20,online,mobile,0.2,"2,95",completado,
order-0063699,cust-044477,29 de junio de 2026,online,desktop,0.1,"2,95",completado,
order-0394150,cust-013977,2024-03-18,online,desktop,0.1,"2,95",completado,
order-0182594,cust-029635,2025-08-13,online,mobile,0.2,"2,95",completado,
order-0080810,cust-031513,2026-02-06,online,mobile,0.3,"2,95",completado,
order-0002744,cust-054615,2026-02-06,online,mobile,0.2,"0,00",cancelado,
order-0272969,cust-035209,2025-09-10,online,tablet,0.15,"4,95",completado,
order-0255452,cust-041703,4 de octubre de 2025,online,mobile,0.05,"4,95",completado,
order-0022347,cust-004841,11 de febrero de 2026,online,mobile,0.15,"0,00",completado,
order-0204384,cust-002836,31 de julio de 2025,online,desktop,0.3,"4,95",completado,
order-0278879,cust-028684,2 de junio de 2025,online,desktop,0.0,"0,00",completado,
order-0020485,cust-050935,18 de mayo de 2026,store,n/a,0.15,"0,00",completado,store-03
order-0329363,cust-038158,2024-05-23,online,mobile,0.15,"0,00",completado,
order-0157425,cust-014461,27/04/2026,online,desktop,0.0,"2,95",devuelto_parcial,
order-0133065,cust-028131,24 de noviembre de 2024,online,mobile,0.1,"4,95",completado,
order-0127386,cust-038784,07/03/2026,online,desktop,0.0,"0,00",completado,
order-0081889,cust-011337,2025-12-08,online,mobile,0.0,"0,00",completado,
order-0325362,cust-024622,02/05/2026,online,mobile,0.05,"0,00",completado,
order-0244318,cust-026737,11 de febrero de 2026,online,tablet,0.1,"0,00",completado,
order-0294744,cust-049884,05/10/2025,online,mobile,0.2,"2,95",completado,
order-0361317,cust-046098,2026-02-24,online,mobile,0.2,"4,95",completado,
order-0190212,cust-056717,16/11/2024,online,mobile,0.0,"2,95",completado,
order-0037375,cust-044101,9 de noviembre de 2025,online,desktop,0.0,"2,95",completado,
order-0317607,cust-046804,2025-06-15,online,mobile,0.15,"2,95",completado,
order-0260283,cust-019559,30/06/2026,online,mobile,0.0,"0,00",completado,
order-0129921,cust-034005,2025-12-19,online,mobile,0.1,"0,00",completado,
order-0158564,cust-009957,21/08/2023,online,mobile,0.3,"2,95",completado,
order-0379129,cust-038538,18 de marzo de 2026,store,n/a,0.0,"0,00",completado,store-30
order-0396197,cust-038109,2025-05-04,online,desktop,0.05,"0,00",completado,
order-0387379,cust-022292,2025-09-21,online,desktop,0.05,"0,00",completado,
order-0226809,cust-001489,29/12/2025,online,mobile,0.0,"2,95",completado,
order-0240980,cust-000814,20 de junio de 2026,online,mobile,0.05,"4,95",completado,
order-0308828,cust-045494,06/02/2026,online,mobile,0.1,"4,95",completado,
order-0103331,cust-041112,2026-04-14,online,mobile,0.1,"0,00",completado,
order-0368600,cust-008046,11 de junio de 2024,online,mobile,0.0,"0,00",completado,
order-0366444,cust-058033,11 de octubre de 2024,store,n/a,0.1,"0,00",completado,store-30
order-0021567,cust-018319,2026-01-08,online,mobile,0.2,"2,95",completado,
order-0361885,cust-011604,17/05/2026,online,mobile,0.15,"0,00",completado,
order-0092656,cust-048315,13/07/2025,online,desktop,0.2,"2,95",completado,
order-0187238,cust-041146,30/07/2025,online,mobile,0.2,"4,95",completado,
order-0146134,cust-016814,17/12/2025,online,mobile,0.3,"0,00",completado,
order-0120504,cust-001477,17/05/2024,online,mobile,0.05,"0,00",completado,
order-0274708,cust-014998,09/02/2026,online,tablet,0.3,"4,95",devuelto_parcial,
order-0003415,cust-057071,15/04/2026,online,desktop,0.1,"0,00",completado,
order-0323143,cust-017453,2026-06-04,online,mobile,0.05,"0,00",completado,
order-0249292,cust-012661,2023-06-17,online,desktop,0.0,"2,95",completado,
order-0383791,cust-043067,2024-07-16,online,mobile,0.1,"0,00",completado,
order-0390205,cust-026712,2024-12-23,online,tablet,0.1,"2,95",completado,
order-0176948,cust-011449,20 de abril de 2026,online,mobile,0.05,"2,95",devuelto_parcial,
order-0121163,cust-035309,2025-12-10,online,desktop,0.05,"4,95",completado,
order-0078201,cust-052300,2025-06-29,online,mobile,0.0,"0,00",completado,
order-0375077,cust-049879,18 de mayo de 2024,online,desktop,0.0,"2,95",devuelto_parcial,
order-0181036,cust-025201,24 de febrero de 2026,online,desktop,0.2,"0,00",devuelto_parcial,
order-0253831,cust-037081,2025-11-21,online,mobile,0.05,"0,00",completado,
order-0276644,cust-000903,16 de enero de 2025,online,desktop,0.15,"2,95",completado,
order-0263746,cust-030060,2026-05-08,online,tablet,0.05,"2,95",completado,
order-0110273,cust-028940,9 de marzo de 2026,online,mobile,0.2,"2,95",completado,
order-0281207,cust-023964,24 de enero de 2026,online,tablet,0.2,"2,95",completado,
order-0153594,cust-010724,15/09/2024,online,mobile,0.0,"0,00",completado,
order-0392927,cust-056445,18 de diciembre de 2025,online,mobile,0.15,"0,00",completado,
order-0265595,cust-044324,14 de junio de 2025,online,mobile,0.1,"4,95",completado,
order-0360201,cust-013806,12 de diciembre de 2025,online,tablet,0.15,"4,95",completado,
order-0216964,cust-028673,31/01/2026,online,mobile,0.1,"0,00",completado,
order-0022467,cust-036863,14 de marzo de 2026,online,desktop,0.0,"4,95",completado,
order-0251919,cust-030934,2025-07-16,online,desktop,0.3,"4,95",devuelto_parcial,
order-0182443,cust-013200,23 de enero de 2025,online,mobile,0.2,"0,00",completado,
order-0384706,cust-025107,18/11/2024,online,mobile,0.0,"4,95",completado,
order-0188194,cust-034896,19 de enero de 2025,online,desktop,0.3,"0,00",completado,
order-0209470,cust-030866,2025-12-04,online,mobile,0.15,"2,95",completado,
order-0219110,cust-046166,01/03/2026,online,mobile,0.0,"4,95",completado,
order-0211244,cust-046942,2024-01-22,online,mobile,0.1,"4,95",completado,
order-0208331,cust-042039,15/04/2024,online,tablet,0.0,"0,00",completado,
order-0088097,cust-039561,2025-07-12,online,desktop,0.3,"2,95",completado,
order-0296462,cust-003713,2023-10-04,online,desktop,0.0,"0,00",completado,
order-0108492,cust-041883,24 de abril de 2026,online,mobile,0.0,"0,00",completado,
order-0208342,cust-037784,2024-08-15,online,mobile,0.3,"4,95",completado,
order-0211874,cust-017786,2024-12-19,online,desktop,0.2,"4,95",completado,
order-0337958,cust-048915,2025-08-09,online,mobile,0.2,"2,95",completado,
order-0085708,cust-017407,21 de noviembre de 2025,online,mobile,0.0,"2,95",completado,
order-0059215,cust-021474,20/10/2025,store,n/a,0.15,"0,00",completado,store-27
order-0208555,cust-052489,02/05/2026,online,desktop,0.1,"4,95",completado,
order-0078136,cust-023266,18 de diciembre de 2025,online,mobile,0.2,"0,00",completado,
order-0003344,cust-036248,2025-08-13,online,mobile,0.3,"2,95",completado,
order-0121323,cust-036836,5 de enero de 2026,online,mobile,0.15,"0,00",completado,
order-0068055,cust-045655,12 de mayo de 2024,online,desktop,0.0,"2,95",completado,
order-0181308,cust-038842,2026-02-01,online,desktop,0.3,"4,95",completado,
order-0041009,cust-008201,2025-10-03,online,mobile,0.0,"0,00",completado,
order-0109896,cust-010998,11/03/2025,online,mobile,0.0,"2,95",devuelto_parcial,
order-0012709,cust-011700,7 de junio de 2026,online,desktop,0.0,"0,00",completado,
order-0218702,cust-052916,2024-09-20,online,desktop,0.15,"2,95",completado,
order-0143275,cust-003928,24/07/2024,online,mobile,0.2,"0,00",completado,
order-0341074,cust-055997,2 de agosto de 2025,online,mobile,0.1,"2,95",completado,
order-0303936,cust-036971,17/04/2025,online,desktop,0.0,"4,95",devuelto_parcial,
order-0311350,cust-005916,10/10/2025,online,desktop,0.0,"2,95",cancelado,
order-0211098,cust-027687,25/01/2025,online,mobile,0.15,"2,95",completado,
order-0257577,cust-030806,25/10/2025,online,mobile,0.15,"2,95",completado,
order-0338970,cust-036357,28 de junio de 2026,online,mobile,0.0,"0,00",completado,
order-0318264,cust-002085,2024-08-13,online,mobile,0.2,"2,95",devuelto_parcial,
order-0212003,cust-051992,2026-03-19,online,desktop,0.0,"4,95",completado,
order-0278567,cust-047390,08/04/2026,online,tablet,0.0,"2,95",completado,
order-0131614,cust-019108,27 de marzo de 2026,online,tablet,0.0,"4,95",completado,
order-0318638,cust-026478,12 de agosto de 2025,online,mobile,0.1,"2,95",completado,
order-0172803,cust-053632,01/06/2026,online,mobile,0.05,"0,00",completado,
order-0327968,cust-016301,02/05/2026,online,mobile,0.2,"2,95",completado,
order-0083878,cust-056785,08/05/2026,online,mobile,0.0,"2,95",completado,
order-0112871,cust-051829,14 de octubre de 2025,online,mobile,0.05,"0,00",completado,
order-0103168,cust-020478,12/06/2026,online,desktop,0.0,"0,00",completado,
order-0106939,cust-raw-fake-006,02/06/2025,online,mobile,0.0,"2,95",completado,
order-0024531,cust-raw-fake-010,2025-07-24,online,desktop,0.2,"0,00",completado,
order-0061934,cust-051436,2025-04-04,store,n/a,0.0,"0,00",completado,store-23
order-0208199,cust-036980,14 de septiembre de 2025,online,mobile,0.0,"2,95",completado,
order-0086613,cust-023424,28 de diciembre de 2024,online,desktop,0.0,"4,95",completado,
order-0185429,cust-011044,25 de febrero de 2025,online,mobile,0.2,"2,95",completado,
order-0290652,cust-057443,2026-04-18,online,mobile,0.0,"2,95",completado,
order-0388881,cust-022873,2026-02-14,online,desktop,0.3,"4,95",completado,
order-0198802,cust-026833,29/04/2024,online,mobile,0.0,"2,95",completado,
order-0190080,cust-006468,2026-03-19,online,desktop,0.0,"4,95",completado,
order-0207822,cust-003880,2025-08-02,online,mobile,0.15,"2,95",completado,
order-0320044,cust-059189,2024-04-23,online,mobile,0.0,"2,95",completado,
order-0160790,cust-015767,2025-03-14,online,desktop,0.15,"0,00",devuelto_parcial,
order-0284196,cust-028532,29/03/2025,online,mobile,0.0,"0,00",completado,
order-0134136,cust-038808,19 de mayo de 2024,online,desktop,0.0,"4,95",completado,
order-0094515,cust-049007,14 de marzo de 2025,online,mobile,0.0,"4,95",completado,
order-0103906,cust-008033,12/05/2026,online,mobile,0.0,"4,95",completado,
order-0065846,cust-013845,2023-10-08,online,mobile,0.05,"0,00",completado,
order-0319009,cust-049565,27 de agosto de 2024,online,mobile,0.2,"4,95",completado,
order-0258772,cust-006784,2025-01-05,online,mobile,0.0,"2,95",completado,
order-0030136,cust-018745,11/12/2025,online,desktop,0.1,"0,00",completado,
order-0163134,cust-045167,17 de diciembre de 2025,online,desktop,0.1,"0,00",completado,
order-0368075,cust-046157,15 de julio de 2024,online,desktop,0.2,"0,00",completado,
order-0197789,cust-040488,12/02/2026,online,desktop,0.2,"2,95",completado,
order-0109428,cust-049779,9 de marzo de 2026,online,desktop,0.0,"4,95",completado,
order-0191825,cust-042682,2025-11-29,online,desktop,0.2,"0,00",completado,
order-0242007,cust-028499,22 de enero de 2025,online,mobile,0.1,"2,95",completado,
order-0143075,cust-033439,06/10/2025,online,mobile,0.05,"0,00",completado,
order-0327129,cust-056906,03/01/2025,online,tablet,0.15,"2,95",completado,
order-0360173,cust-029370,17/03/2024,online,mobile,0.1,"4,95",devuelto_parcial,
order-0228822,cust-042703,2026-04-23,store,n/a,0.2,"0,00",completado,store-26
order-0205035,cust-046996,26/09/2025,online,mobile,0.0,"0,00",completado,
order-0125630,cust-raw-fake-005,2026-06-23,online,desktop,0.05,"2,95",completado,
order-0145627,cust-010564,2 de julio de 2025,online,mobile,0.2,"0,00",devuelto_parcial,
order-0358437,cust-026807,27 de agosto de 2023,online,desktop,0.2,"2,95",completado,
order-0127872,cust-040177,25/04/2026,online,mobile,0.0,"4,95",completado,
order-0127463,cust-018975,28/11/2025,online,mobile,0.3,"2,95",completado,
order-0299597,cust-040595,15 de febrero de 2025,online,mobile,0.1,"4,95",completado,
order-0076393,cust-032885,20 de junio de 2025,online,desktop,0.05,"4,95",completado,
order-0218631,cust-027339,2026-06-15,online,mobile,0.0,"4,95",completado,
order-0171836,cust-034219,24/01/2026,online,desktop,0.1,"0,00",completado,
order-0389647,cust-001241,29/05/2025,online,mobile,0.05,"2,95",completado,
order-0239189,cust-049099,2026-06-16,online,desktop,0.1,"0,00",completado,
order-0242389,cust-020368,26/05/2026,online,desktop,0.1,"2,95",completado,
order-0353899,cust-007713,19 de febrero de 2025,online,mobile,0.3,"0,00",completado,
order-0231101,cust-002591,2025-05-16,store,n/a,0.1,"0,00",completado,store-09
order-0348548,cust-044758,05/11/2024,online,mobile,0.0,"2,95",completado,
order-0209187,cust-042259,21 de agosto de 2024,online,desktop,0.2,"0,00",completado,
order-0041625,cust-026988,16 de marzo de 2024,online,mobile,0.2,"2,95",completado,
order-0298939,cust-014289,18/01/2025,online,desktop,0.3,"2,95",completado,
order-0000010,cust-005522,18/11/2025,online,desktop,0.0,"0,00",completado,
order-0353533,cust-023254,19 de abril de 2023,online,desktop,0.0,"2,95",completado,
order-0235175,cust-057766,4 de noviembre de 2025,online,mobile,0.05,"4,95",completado,
order-0022809,cust-059607,21/02/2026,store,n/a,0.2,"0,00",completado,store-15
order-0099773,cust-017503,27 de junio de 2025,online,desktop,0.0,"2,95",completado,
order-0004984,cust-022738,2026-05-27,online,desktop,0.05,"0,00",completado,
order-0155379,cust-006954,10/07/2025,online,mobile,0.2,"0,00",completado,
order-0339220,cust-008862,05/08/2024,online,desktop,0.3,"2,95",completado,
order-0088372,cust-048842,2026-06-26,online,mobile,0.0,"0,00",completado,
order-0128444,cust-057891,11/06/2025,online,desktop,0.15,"0,00",completado,
order-0255496,cust-020301,22/12/2025,online,desktop,0.2,"0,00",cancelado,
order-0265399,cust-018935,29/03/2026,online,mobile,0.15,"2,95",devuelto_parcial,
order-0069490,cust-009691,2025-11-10,online,mobile,0.0,"2,95",completado,
order-0258762,cust-047678,4 de septiembre de 2024,online,mobile,0.15,"0,00",completado,
order-0109936,cust-044610,2025-07-24,online,desktop,0.3,"2,95",completado,
order-0010257,cust-050702,2024-11-11,online,mobile,0.05,"4,95",completado,
order-0017116,cust-012790,5 de enero de 2026,online,desktop,0.0,"2,95",completado,
order-0336019,cust-026752,25 de abril de 2023,online,mobile,0.0,"0,00",completado,
order-0327691,cust-008580,2025-04-26,online,mobile,0.15,"2,95",completado,
order-0099370,cust-014612,2024-12-23,online,mobile,0.15,"2,95",completado,
order-0022256,cust-022794,2025-03-29,online,desktop,0.1,"0,00",completado,
order-0280579,cust-037778,27/09/2024,online,desktop,0.0,"2,95",completado,
order-0337872,cust-058433,11 de febrero de 2026,online,desktop,0.3,"4,95",cancelado,
order-0097602,cust-051030,02/04/2026,store,n/a,0.15,"0,00",completado,store-31
order-0054232,cust-003896,22/07/2024,online,mobile,0.2,"4,95",completado,
order-0393354,cust-059189,2025-05-16,online,mobile,0.15,"0,00",devuelto_parcial,
order-0162972,cust-052491,30/08/2025,online,desktop,0.1,"0,00",completado,
order-0256177,cust-032570,2026-02-27,online,desktop,0.2,"0,00",completado,
order-0303389,cust-042153,30 de marzo de 2025,online,desktop,0.2,"4,95",completado,
order-0122424,cust-059071,18 de abril de 2026,store,n/a,0.2,"0,00",completado,store-18
order-0123631,cust-038579,05/06/2026,online,mobile,0.2,"2,95",completado,
order-0249527,cust-054603,14 de febrero de 2026,online,tablet,0.3,"2,95",devuelto_parcial,
order-0397434,cust-033999,18 de mayo de 2025,online,desktop,0.0,"2,95",cancelado,
order-0033320,cust-014593,2025-02-05,online,desktop,0.2,"2,95",completado,
order-0192122,cust-026604,2025-11-09,online,desktop,0.05,"2,95",completado,
order-0017234,cust-032434,8 de noviembre de 2024,online,desktop,0.15,"0,00",completado,
order-0104421,cust-008816,2025-09-11,online,mobile,0.0,"4,95",completado,
order-0182375,cust-039387,04/09/2025,online,mobile,0.0,"0,00",completado,
order-0207667,cust-047886,8 de enero de 2024,online,mobile,0.2,"4,95",completado,
order-0255087,cust-021973,26/11/2025,online,mobile,0.0,"4,95",completado,
order-0042030,cust-001540,2026-01-12,online,mobile,0.3,"2,95",completado,
order-0320672,cust-033201,20/03/2026,online,desktop,0.05,"0,00",completado,
order-0021964,cust-059702,15/11/2023,online,mobile,0.0,"2,95",completado,
order-0334447,cust-056367,2025-06-15,online,mobile,0.0,"2,95",completado,
order-0298360,cust-042187,2025-12-07,online,mobile,0.0,"2,95",completado,
order-0215573,cust-003548,27 de marzo de 2026,online,mobile,0.0,"4,95",completado,
order-0198449,cust-033251,2025-05-26,online,mobile,0.0,"0,00",completado,
order-0102793,cust-054403,2025-02-10,online,desktop,0.1,"4,95",completado,
order-0084929,cust-raw-fake-009,5 de mayo de 2026,online,mobile,0.15,"2,95",completado,
order-0066045,cust-015072,21 de noviembre de 2024,online,desktop,0.0,"0,00",completado,
order-0356957,cust-037557,04/11/2025,online,mobile,0.1,"4,95",completado,
order-0178947,cust-033226,08/05/2024,online,mobile,0.0,"2,95",completado,
order-0299405,cust-007032,24/03/2024,online,mobile,0.0,"0,00",completado,
order-0074361,cust-000798,15 de abril de 2026,online,mobile,0.05,"2,95",completado,
order-0341100,cust-028235,10 de junio de 2026,online,tablet,0.0,"2,95",completado,
order-0162720,cust-051287,30/09/2025,online,mobile,0.0,"0,00",completado,
order-0158839,cust-047435,06/05/2026,online,mobile,0.0,"0,00",completado,
order-0101579,cust-007200,30/06/2026,online,mobile,0.1,"4,95",completado,
order-0139421,cust-052155,27 de febrero de 2025,online,desktop,0.2,"0,00",completado,
order-0039918,cust-049977,2026-01-07,store,n/a,0.2,"0,00",completado,store-19
order-0098076,cust-008229,2026-05-16,online,mobile,0.0,"2,95",completado,
order-0004955,cust-024966,08/04/2025,online,mobile,0.05,"4,95",completado,
order-0156665,cust-049745,05/05/2026,online,mobile,0.15,"0,00",completado,
order-0202544,cust-019640,13/12/2025,online,desktop,0.15,"4,95",completado,
order-0143541,cust-042161,18/02/2026,online,desktop,0.3,"0,00",completado,
order-0371941,cust-043930,2024-08-07,online,mobile,0.1,"4,95",completado,
order-0258735,cust-052033,2025-12-21,online,desktop,0.1,"4,95",completado,
order-0183560,cust-023505,23/11/2025,online,mobile,0.0,"0,00",completado,
order-0028515,cust-017259,2025-10-31,online,mobile,0.0,"4,95",completado,
order-0140936,cust-026521,2024-07-16,online,desktop,0.1,"0,00",completado,
order-0348792,cust-029465,04/09/2025,online,mobile,0.2,"0,00",completado,
order-0379636,cust-017649,12 de noviembre de 2025,online,desktop,0.0,"4,95",completado,
order-0040162,cust-057194,21 de agosto de 2023,online,desktop,0.1,"0,00",completado,
order-0307931,cust-043036,11 de enero de 2026,online,tablet,0.1,"0,00",completado,
order-0207472,cust-035513,13 de mayo de 2026,online,desktop,0.0,"2,95",completado,
order-0325895,cust-033465,16/08/2025,online,tablet,0.3,"2,95",completado,
order-0210734,cust-006822,12/12/2025,online,mobile,0.0,"0,00",completado,
order-0218654,cust-039049,08/06/2026,online,mobile,0.1,"2,95",completado,
order-0209305,cust-056795,2024-11-18,online,mobile,0.05,"2,95",devuelto_parcial,
order-0017552,cust-007722,01/04/2026,online,mobile,0.05,"0,00",completado,
order-0106146,cust-022398,2025-05-18,online,mobile,0.05,"4,95",completado,
order-0006995,cust-056302,2025-11-11,online,desktop,0.0,"2,95",completado,
order-0071823,cust-014776,2025-05-01,online,tablet,0.1,"4,95",completado,
order-0050682,cust-raw-fake-007,10/01/2026,online,mobile,0.3,"0,00",completado,
order-0007789,cust-017192,10 de febrero de 2026,online,desktop,0.1,"4,95",completado,
order-0399246,cust-023855,2024-09-14,online,mobile,0.05,"2,95",completado,
order-0157012,cust-048202,16/01/2026,online,mobile,0.2,"0,00",devuelto_parcial,
order-0322270,cust-043480,21/09/2025,online,mobile,0.05,"2,95",completado,
order-0208931,cust-049209,2025-03-13,online,desktop,0.1,"0,00",completado,
order-0206078,cust-011609,13 de septiembre de 2025,online,mobile,0.15,"2,95",completado,
order-0249822,cust-031382,25 de marzo de 2026,online,mobile,0.0,"0,00",devuelto_parcial,
order-0357135,cust-032604,2025-05-21,online,desktop,0.05,"4,95",completado,
order-0228083,cust-022679,2026-06-16,online,mobile,0.05,"4,95",devuelto_parcial,
order-0297939,cust-009341,2024-10-28,store,n/a,0.0,"0,00",completado,
order-0047857,cust-056617,17/06/2026,online,desktop,0.05,"4,95",completado,
order-0195820,cust-029336,2026-03-13,store,n/a,0.05,"0,00",completado,store-37
order-0250674,cust-054040,31/03/2026,online,mobile,0.2,"0,00",completado,
order-0019519,cust-042713,15/04/2025,online,desktop,0.15,"4,95",completado,
order-0017896,cust-026340,2025-11-22,online,desktop,0.0,"4,95",completado,
order-0307662,cust-031903,11 de julio de 2025,store,n/a,0.1,"0,00",completado,store-31
order-0224866,cust-044444,20 de marzo de 2026,online,desktop,0.0,"4,95",completado,
order-0029292,cust-053705,31 de enero de 2026,online,desktop,0.3,"4,95",completado,
order-0131443,cust-052333,2025-02-21,online,desktop,0.2,"2,95",completado,
order-0209944,cust-013637,18/04/2026,online,mobile,0.05,"0,00",completado,
order-0139377,cust-038075,23 de septiembre de 2025,online,mobile,0.0,"0,00",completado,
order-0154701,cust-027729,28 de agosto de 2025,online,desktop,0.15,"4,95",completado,
order-0219105,cust-012423,30/06/2026,online,mobile,0.2,"2,95",completado,
order-0098356,cust-011299,2026-02-03,online,mobile,0.1,"0,00",completado,
order-0328017,cust-029831,16/05/2025,online,mobile,0.1,"2,95",completado,
order-0288321,cust-031530,2025-09-07,online,mobile,0.2,"2,95",completado,
order-0294174,cust-045262,2026-03-04,online,tablet,0.15,"4,95",completado,
order-0278573,cust-raw-fake-005,16 de febrero de 2026,online,mobile,0.3,"0,00",completado,
order-0297519,cust-047402,8 de diciembre de 2025,store,n/a,0.1,"0,00",completado,store-37
order-0364707,cust-026000,2026-01-10,online,desktop,0.1,"0,00",completado,
order-0017009,cust-026683,17 de febrero de 2026,online,desktop,0.1,"0,00",completado,
order-0340037,cust-009297,2026-04-02,online,mobile,0.0,"4,95",completado,
order-0035486,cust-051633,6 de octubre de 2024,online,mobile,0.05,"4,95",completado,
order-0104752,cust-004762,2025-06-05,online,mobile,0.2,"4,95",completado,
order-0238241,cust-042379,3 de enero de 2026,online,desktop,0.0,"2,95",completado,
order-0379444,cust-041146,27/11/2023,online,mobile,0.2,"0,00",completado,
order-0308218,cust-026611,12/03/2025,online,desktop,0.05,"2,95",completado,
order-0395234,cust-011781,2025-08-02,online,mobile,0.2,"2,95",completado,
order-0041570,cust-026689,29 de enero de 2025,online,mobile,0.1,"4,95",completado,
order-0276989,cust-034176,20/06/2026,online,mobile,0.1,"0,00",completado,
order-0172455,cust-raw-fake-018,13/07/2025,online,tablet,0.3,"2,95",completado,
order-0345386,cust-026569,2 de marzo de 2024,store,n/a,0.15,"0,00",completado,store-38
order-0089925,cust-001542,29/12/2025,store,n/a,0.0,"0,00",completado,store-08
order-0123624,cust-043612,23 de enero de 2026,online,desktop,0.1,"4,95",completado,
order-0387870,cust-038693,2023-09-30,online,mobile,0.1,"2,95",completado,
order-0168256,cust-035426,2024-04-24,online,mobile,0.1,"2,95",completado,
order-0006461,cust-020473,13 de marzo de 2024,online,mobile,0.15,"0,00",completado,
order-0121996,cust-059549,15 de mayo de 2025,online,desktop,0.05,"2,95",completado,
order-0352048,cust-049630,30 de mayo de 2025,online,mobile,0.1,"0,00",completado,
order-0099651,cust-019301,2024-12-11,online,desktop,0.2,"0,00",completado,
order-0082666,cust-004632,2025-12-22,online,desktop,0.3,"4,95",cancelado,
order-0044703,cust-044121,11 de mayo de 2026,online,mobile,0.0,"0,00",devuelto_parcial,
order-0258161,cust-028850,15/04/2025,store,n/a,0.0,"0,00",completado,store-36
order-0393720,cust-039443,21 de febrero de 2026,online,tablet,0.2,"0,00",devuelto_parcial,
order-0395382,cust-054115,2026-02-17,online,tablet,0.3,"0,00",completado,
order-0132081,cust-058287,2025-06-11,store,n/a,0.0,"0,00",completado,store-24
order-0219589,cust-002956,2025-09-03,online,desktop,0.0,"2,95",devuelto_parcial,
order-0114719,cust-024278,2026-05-04,online,desktop,0.0,"4,95",completado,
order-0044299,cust-raw-fake-004,29/07/2025,online,mobile,0.3,"0,00",completado,
order-0344704,cust-042623,09/09/2023,online,desktop,0.0,"4,95",completado,
order-0207465,cust-019952,25 de octubre de 2024,online,mobile,0.05,"4,95",completado,
order-0299857,cust-035901,2024-12-14,online,desktop,0.05,"0,00",completado,
order-0084896,cust-019908,2026-06-27,online,mobile,0.0,"4,95",completado,
order-0018102,cust-046309,23/09/2023,online,mobile,0.0,"4,95",completado,
order-0362919,cust-025761,2025-09-04,online,desktop,0.1,"0,00",completado,
order-0122104,cust-028691,2025-03-18,online,mobile,0.15,"0,00",completado,
order-0055833,cust-033715,7 de noviembre de 2025,online,desktop,0.15,"2,95",completado,
order-0385219,cust-049273,29/11/2025,online,mobile,0.1,"0,00",completado,
order-0015610,cust-039557,25 de diciembre de 2025,online,mobile,0.0,"0,00",completado,
order-0051403,cust-052647,20/05/2025,online,desktop,0.1,"0,00",completado,
order-0130808,cust-043439,17 de mayo de 2026,online,mobile,0.1,"0,00",completado,
order-0348199,cust-027423,19/11/2025,online,mobile,0.05,"0,00",completado,
order-0188706,cust-025068,2025-06-06,store,n/a,0.05,"0,00",cancelado,
order-0013521,cust-058520,29/09/2024,online,desktop,0.05,"2,95",completado,
order-0095377,cust-032823,29/08/2024,online,mobile,0.1,"4,95",completado,
order-0047488,cust-028486,6 de abril de 2025,online,mobile,0.05,"4,95",completado,
order-0388614,cust-056567,21/02/2026,online,mobile,0.3,"0,00",completado,
order-0159667,cust-041253,2025-09-14,online,desktop,0.0,"0,00",completado,
order-0124672,cust-059535,20/06/2026,online,mobile,0.0,"4,95",completado,
order-0022927,cust-004203,2 de junio de 2025,store,n/a,0.05,"0,00",completado,store-37
order-0287444,cust-031774,28 de agosto de 2025,online,mobile,0.1,"2,95",completado,
order-0238335,cust-001375,25/12/2025,online,mobile,0.05,"2,95",completado,
order-0087375,cust-026275,22/04/2026,online,mobile,0.0,"4,95",completado,
order-0359294,cust-027640,10 de febrero de 2026,online,mobile,0.2,"4,95",completado,
order-0363417,cust-014918,12/04/2026,online,mobile,0.05,"2,95",completado,
order-0135225,cust-019114,28 de enero de 2026,online,desktop,0.2,"0,00",completado,
order-0032460,cust-038712,12/05/2026,online,desktop,0.05,"4,95",completado,
order-0375256,cust-008484,2025-08-23,online,desktop,0.2,"2,95",completado,
order-0108955,cust-051371,15/01/2026,online,mobile,0.3,"0,00",completado,
order-0215853,cust-027279,2025-02-18,online,desktop,0.1,"0,00",cancelado,
order-0296640,cust-009225,2026-05-30,online,mobile,0.05,"4,95",completado,
order-0093064,cust-006113,22/12/2025,online,desktop,0.1,"2,95",completado,
order-0045421,cust-003957,17 de abril de 2026,online,tablet,0.15,"2,95",cancelado,
order-0010484,cust-006298,2025-06-27,online,mobile,0.0,"0,00",completado,
order-0009881,cust-051723,1 de mayo de 2025,store,n/a,0.0,"0,00",completado,store-26
order-0047395,cust-033916,2023-08-11,online,mobile,0.3,"4,95",completado,
order-0395766,cust-037625,5 de mayo de 2026,online,mobile,0.0,"4,95",devuelto_parcial,
order-0133643,cust-013115,2024-05-19,online,mobile,0.05,"0,00",cancelado,
order-0257084,cust-035467,03/12/2023,online,desktop,0.0,"0,00",completado,
order-0379895,cust-059067,16/04/2026,online,mobile,0.0,"0,00",completado,
order-0328575,cust-027773,9 de mayo de 2025,online,tablet,0.0,"4,95",completado,
order-0088150,cust-005788,22/03/2024,online,mobile,0.05,"2,95",completado,
order-0234939,cust-048748,2023-09-26,store,n/a,0.05,"0,00",completado,store-27
order-0092367,cust-041372,2025-04-17,online,mobile,0.1,"0,00",completado,
order-0048441,cust-030932,2026-05-09,online,mobile,0.05,"4,95",completado,
order-0025822,cust-015336,2026-02-25,online,mobile,0.3,"2,95",completado,
order-0003608,cust-054019,16/02/2026,online,desktop,0.1,"0,00",completado,
order-0119414,cust-037616,19/05/2026,online,mobile,0.0,"0,00",completado,
order-0229785,cust-027086,2025-12-08,online,mobile,0.15,"2,95",completado,
order-0234382,cust-058460,2026-06-15,online,mobile,0.0,"0,00",completado,
order-0050760,cust-050400,2024-10-14,online,tablet,0.0,"2,95",completado,
order-0124821,cust-023427,19 de diciembre de 2023,store,n/a,0.15,"0,00",completado,store-06
order-0132581,cust-037529,23/07/2025,online,mobile,0.2,"2,95",completado,
order-0328224,cust-039470,2024-10-22,online,mobile,0.05,"0,00",completado,
order-0181797,cust-008471,5 de marzo de 2025,store,n/a,0.0,"0,00",completado,
order-0025910,cust-028273,14/12/2023,online,mobile,0.0,"4,95",completado,
order-0132352,cust-040059,06/07/2024,online,desktop,0.1,"2,95",completado,
order-0032993,cust-017995,2025-01-25,online,tablet,0.2,"0,00",completado,
order-0020372,cust-003755,21 de octubre de 2025,online,desktop,0.0,"4,95",completado,
order-0165780,cust-012809,4 de octubre de 2024,online,mobile,0.05,"4,95",completado,
order-0052455,cust-041907,2025-06-10,online,mobile,0.0,"0,00",completado,
order-0321252,cust-052023,14/09/2025,online,mobile,0.05,"0,00",completado,
order-0292023,cust-010832,2025-04-13,online,mobile,0.05,"2,95",completado,
order-0064495,cust-026930,12/04/2026,online,mobile,0.0,"4,95",completado,
order-0220638,cust-043130,2025-06-09,online,mobile,0.15,"0,00",completado,
order-0040725,cust-021458,25/03/2026,online,desktop,0.15,"0,00",completado,
order-0022572,cust-052529,2025-10-25,online,desktop,0.05,"0,00",completado,
order-0286419,cust-003479,2026-06-04,online,desktop,0.1,"4,95",completado,
order-0023353,cust-040737,10 de agosto de 2025,online,mobile,0.2,"4,95",cancelado,
order-0350130,cust-009418,07/10/2024,online,desktop,0.05,"2,95",completado,
order-0305741,cust-043515,2025-02-06,online,desktop,0.2,"0,00",completado,
order-0331565,cust-029359,2024-03-09,store,n/a,0.1,"0,00",completado,store-31
order-0283840,cust-035279,10 de enero de 2025,online,mobile,0.2,"2,95",completado,
order-0092742,cust-058705,2024-11-27,online,mobile,0.05,"0,00",completado,
order-0105767,cust-041167,26 de febrero de 2026,online,mobile,0.2,"0,00",completado,
order-0115476,cust-029663,17 de octubre de 2025,online,mobile,0.05,"2,95",completado,
order-0165480,cust-005472,2025-02-25,online,mobile,0.1,"2,95",completado,
order-0265396,cust-024451,29/07/2023,online,desktop,0.2,"4,95",completado,
order-0349141,cust-026757,18/01/2026,online,tablet,0.2,"0,00",completado,
order-0289577,cust-050763,2025-11-09,online,desktop,0.2,"0,00",completado,
order-0074381,cust-003203,2026-06-27,online,mobile,0.0,"0,00",completado,
order-0276373,cust-025530,14/08/2025,online,mobile,0.3,"2,95",completado,
order-0144845,cust-029313,2025-01-10,online,desktop,0.1,"4,95",completado,
order-0009367,cust-027091,18 de agosto de 2024,online,mobile,0.3,"4,95",completado,
order-0364331,cust-039774,2025-08-20,online,desktop,0.2,"0,00",completado,
order-0220421,cust-045892,14 de septiembre de 2025,store,n/a,0.0,"0,00",completado,store-29
order-0133280,cust-052340,17 de octubre de 2025,online,mobile,0.0,"2,95",completado,
order-0293357,cust-002624,26/05/2025,online,desktop,0.1,"2,95",completado,
order-0086264,cust-036280,30/05/2026,store,n/a,0.0,"0,00",cancelado,store-18
order-0266647,cust-014575,13/06/2026,online,mobile,0.05,"0,00",completado,
order-0003522,cust-009837,2025-01-15,online,mobile,0.3,"0,00",completado,
order-0310572,cust-047697,28 de diciembre de 2025,online,mobile,0.0,"2,95",completado,
order-0057869,cust-059620,2023-09-05,online,desktop,0.0,"0,00",completado,
order-0218124,cust-045244,29/10/2024,online,desktop,0.1,"0,00",completado,
order-0319040,cust-015204,2026-05-18,online,mobile,0.0,"4,95",completado,
order-0030580,cust-006242,14 de junio de 2026,online,mobile,0.15,"0,00",devuelto_parcial,
order-0035243,cust-015479,14 de octubre de 2024,online,mobile,0.0,"2,95",completado,
order-0237571,cust-040224,27/07/2025,online,mobile,0.2,"0,00",completado,
order-0246022,cust-raw-fake-013,2025-12-05,online,mobile,0.1,"0,00",completado,
order-0049186,cust-010961,14/03/2024,online,desktop,0.15,"0,00",completado,
order-0395676,cust-013144,2023-10-29,online,mobile,0.0,"0,00",completado,
order-0003482,cust-040225,16/02/2026,online,mobile,0.3,"4,95",completado,
order-0339705,cust-058013,2026-03-31,online,desktop,0.0,"0,00",completado,
order-0158111,cust-002978,19/03/2026,online,desktop,0.0,"2,95",completado,
order-0111455,cust-054855,26 de febrero de 2026,online,desktop,0.3,"0,00",completado,
order-0281860,cust-013556,21 de octubre de 2025,online,desktop,0.0,"0,00",completado,
order-0272063,cust-016504,02/09/2024,online,mobile,0.0,"0,00",completado,
order-0398129,cust-040407,13 de diciembre de 2024,online,desktop,0.05,"0,00",completado,
order-0188850,cust-019941,2026-04-02,store,n/a,0.05,"0,00",completado,store-09
order-0051267,cust-039568,2025-07-30,online,mobile,0.2,"0,00",completado,
order-0325058,cust-057176,30/03/2025,online,mobile,0.05,"2,95",completado,
order-0102354,cust-026535,16/11/2025,online,mobile,0.0,"0,00",completado,
order-0349736,cust-010771,2026-05-09,online,mobile,0.0,"0,00",completado,
order-0301797,cust-039930,14/08/2025,online,desktop,0.3,"2,95",completado,
order-0140209,cust-051090,21 de octubre de 2025,online,mobile,0.1,"4,95",completado,
order-0325105,cust-016138,26/03/2026,online,mobile,0.0,"2,95",completado,
order-0243261,cust-059246,11 de junio de 2024,online,mobile,0.05,"0,00",completado,
order-0331166,cust-003576,28 de junio de 2025,online,mobile,0.0,"4,95",completado,
order-0198092,cust-038978,18 de diciembre de 2025,online,mobile,0.3,"4,95",completado,
order-0227305,cust-002311,2025-12-15,online,desktop,0.3,"4,95",completado,
order-0210072,cust-010203,2024-12-18,online,mobile,0.2,"4,95",devuelto_parcial,
order-0131667,cust-002932,29/12/2024,online,mobile,0.0,"0,00",completado,
order-0389623,cust-015672,2025-04-01,online,mobile,0.05,"0,00",completado,
order-0131148,cust-022132,23/07/2024,online,mobile,0.2,"0,00",completado,
order-0220646,cust-052105,21/07/2025,store,n/a,0.2,"0,00",completado,store-25
order-0073859,cust-008482,2026-06-30,online,tablet,0.0,"2,95",completado,
order-0361501,cust-041103,09/04/2025,online,mobile,0.0,"4,95",completado,
order-0255707,cust-036128,4 de febrero de 2025,online,desktop,0.1,"0,00",completado,
order-0044562,cust-039125,09/04/2026,store,n/a,0.0,"0,00",completado,store-21
order-0082168,cust-raw-fake-008,2023-08-22,online,mobile,0.2,"0,00",completado,
order-0379591,cust-013753,14/03/2025,online,mobile,0.0,"4,95",completado,
order-0088834,cust-035310,07/08/2025,online,mobile,0.2,"0,00",completado,
order-0346188,cust-034541,15 de noviembre de 2025,online,mobile,0.2,"4,95",completado,
order-0247408,cust-049824,31/07/2025,online,mobile,0.3,"2,95",completado,
order-0117069,cust-018515,19 de enero de 2026,online,mobile,0.2,"0,00",completado,
order-0138013,cust-025413,09/03/2024,store,n/a,0.05,"0,00",completado,store-00
order-0150277,cust-033986,8 de junio de 2026,online,desktop,0.0,"4,95",completado,
order-0003973,cust-032799,2025-04-25,online,mobile,0.0,"0,00",completado,
order-0246096,cust-029460,2025-05-24,online,mobile,0.15,"0,00",completado,
order-0104650,cust-034953,1 de diciembre de 2024,online,mobile,0.0,"4,95",completado,
order-0272101,cust-039524,19/04/2026,online,desktop,0.0,"4,95",completado,
order-0091588,cust-049774,2024-03-27,online,mobile,0.0,"0,00",devuelto_parcial,
order-0247508,cust-033756,06/04/2026,online,mobile,0.1,"4,95",completado,
order-0350865,cust-058146,23/07/2025,online,mobile,0.2,"0,00",completado,
order-0259125,cust-006521,2025-06-13,store,n/a,0.0,"0,00",completado,store-30
order-0171770,cust-007810,19 de octubre de 2025,online,mobile,0.1,"0,00",completado,
order-0283642,cust-052479,06/06/2026,online,desktop,0.15,"2,95",devuelto_parcial,
order-0150069,cust-054248,14/06/2024,online,mobile,0.0,"0,00",completado,
order-0016945,cust-036808,11 de marzo de 2026,online,mobile,0.05,"0,00",completado,
order-0360398,cust-055854,17/02/2026,online,mobile,0.1,"4,95",completado,
order-0237600,cust-057276,25 de febrero de 2024,online,tablet,0.2,"0,00",completado,
order-0111455,cust-054855,26 de febrero de 2026,online,desktop,0.3,"0,00",completado,
order-0303391,cust-012351,22/08/2025,online,mobile,0.2,"2,95",completado,
order-0210597,cust-028795,06/02/2025,online,mobile,0.3,"4,95",cancelado,
order-0065378,cust-030926,16/04/2024,online,desktop,0.1,"0,00",completado,
order-0355366,cust-005323,16/01/2025,online,desktop,0.1,"0,00",completado,
order-0139187,cust-027190,18 de agosto de 2025,online,mobile,0.3,"2,95",completado,
order-0120243,cust-032436,2025-02-23,online,mobile,0.2,"2,95",completado,
order-0006364,cust-raw-fake-012,2024-03-13,online,mobile,0.0,"2,95",completado,
order-0314152,cust-049183,12 de diciembre de 2025,online,mobile,0.15,"0,00",cancelado,
order-0376511,cust-039442,2025-10-17,online,desktop,0.0,"0,00",completado,
order-0176477,cust-039800,28 de marzo de 2025,online,desktop,0.05,"2,95",completado,
order-0213804,cust-013105,07/05/2025,online,tablet,0.0,"0,00",completado,
order-0206929,cust-034254,26 de abril de 2026,online,desktop,0.0,"4,95",completado,
order-0223857,cust-005025,2025-08-17,online,desktop,0.2,"4,95",completado,
order-0282280,cust-020564,30 de enero de 2026,online,mobile,0.3,"0,00",completado,
order-0252342,cust-016534,6 de marzo de 2025,online,desktop,0.0,"0,00",completado,
order-0261450,cust-019642,21/02/2025,online,mobile,0.3,"0,00",completado,
order-0250088,cust-029314,2025-12-24,online,mobile,0.2,"4,95",completado,
order-0301439,cust-037902,05/02/2026,online,mobile,0.3,"2,95",completado,
order-0392805,cust-048382,27/12/2025,online,mobile,0.0,"0,00",completado,
order-0154948,cust-048187,31 de octubre de 2023,online,tablet,0.2,"4,95",cancelado,
order-0219031,cust-000618,26 de febrero de 2025,online,mobile,0.15,"0,00",completado,
order-0055557,cust-022818,2026-06-20,online,mobile,0.1,"0,00",completado,
order-0178333,cust-053501,19/01/2026,online,mobile,0.3,"0,00",completado,
order-0115263,cust-032838,20 de febrero de 2025,online,mobile,0.1,"2,95",completado,
order-0267223,cust-051741,16/10/2025,online,mobile,0.0,"4,95",completado,
order-0181787,cust-042681,12/08/2024,online,mobile,0.3,"0,00",completado,
order-0125246,cust-005898,2026-02-10,online,tablet,0.1,"0,00",completado,
order-0038046,cust-012513,14/05/2026,store,n/a,0.0,"0,00",completado,store-36
order-0073767,cust-008826,11 de marzo de 2025,online,mobile,0.1,"4,95",completado,
order-0070688,cust-018358,18 de junio de 2025,online,desktop,0.0,"4,95",completado,
order-0242928,cust-038341,30 de agosto de 2024,online,mobile,0.2,"2,95",completado,
order-0385536,cust-018833,04/06/2024,online,desktop,0.15,"4,95",completado,
order-0298746,cust-059504,3 de marzo de 2025,online,mobile,0.0,"4,95",completado,
order-0245392,cust-023090,15 de mayo de 2025,online,mobile,0.0,"4,95",completado,
order-0274994,cust-054403,18/10/2024,store,n/a,0.1,"0,00",cancelado,store-04
order-0005902,cust-018872,2026-06-09,online,mobile,0.05,"0,00",completado,
order-0284977,cust-048389,18 de enero de 2025,online,tablet,0.3,"0,00",completado,
order-0138884,cust-030462,30/06/2026,online,mobile,0.15,"0,00",completado,
order-0242040,cust-048356,2 de marzo de 2025,online,mobile,0.1,"2,95",completado,
order-0226696,cust-036172,2025-11-27,online,mobile,0.05,"4,95",completado,
order-0072798,cust-036862,2026-06-19,online,mobile,0.0,"4,95",completado,
order-0045519,cust-006264,19/08/2025,online,mobile,0.2,"0,00",completado,
order-0025254,cust-044931,24/02/2026,online,mobile,0.3,"0,00",completado,
order-0007848,cust-024225,17 de enero de 2026,online,mobile,0.1,"4,95",completado,
order-0146008,cust-010593,2025-10-16,online,mobile,0.1,"4,95",completado,
order-0036581,cust-025404,04/12/2023,online,desktop,0.0,"4,95",completado,
order-0297473,cust-005786,19 de octubre de 2025,online,mobile,0.0,"0,00",completado,
order-0246430,cust-007527,2025-09-24,online,mobile,0.0,"0,00",completado,
order-0024593,cust-032588,18/03/2026,online,mobile,0.0,"0,00",completado,
order-0151647,cust-002052,20/02/2025,online,mobile,0.1,"0,00",completado,
order-0146133,cust-040064,20 de marzo de 2026,online,desktop,0.0,"4,95",completado,
order-0288064,cust-015186,2026-05-26,online,mobile,0.0,"4,95",completado,
order-0132570,cust-017156,2026-05-26,online,mobile,0.1,"2,95",completado,
order-0228266,cust-044951,7 de octubre de 2025,online,desktop,0.0,"4,95",completado,
order-0173886,cust-059363,01/05/2026,online,mobile,0.0,"4,95",completado,
order-0054326,cust-038643,02/04/2026,online,desktop,0.0,"2,95",completado,
order-0152324,cust-011045,06/09/2025,online,mobile,0.05,"2,95",completado,
order-0027085,cust-054457,11/10/2025,online,mobile,0.0,"4,95",completado,
order-0336120,cust-046429,26/10/2023,online,mobile,0.05,"4,95",completado,
order-0081676,cust-058928,29 de agosto de 2025,online,desktop,0.1,"0,00",completado,
order-0061630,cust-007634,2025-06-06,online,mobile,0.2,"0,00",completado,
order-0254145,cust-008956,2025-07-14,online,desktop,0.2,"4,95",completado,
order-0065955,cust-016308,18/05/2025,online,tablet,0.0,"2,95",completado,
order-0079283,cust-018948,2024-09-05,online,mobile,0.0,"0,00",completado,
order-0368498,cust-raw-fake-019,31 de julio de 2025,online,tablet,0.3,"0,00",completado,
order-0157236,cust-057043,2025-06-16,store,n/a,0.0,"0,00",completado,store-17
order-0335651,cust-040232,2025-07-18,online,mobile,0.2,"0,00",completado,
order-0336490,cust-034452,26/02/2026,online,desktop,0.1,"4,95",completado,
order-0057508,cust-025638,09/10/2025,online,mobile,0.0,"2,95",completado,
order-0207043,cust-043825,20/12/2025,online,desktop,0.3,"4,95",devuelto_parcial,
order-0370090,cust-055823,2026-02-04,online,mobile,0.3,"4,95",completado,
order-0116377,cust-040120,4 de enero de 2026,online,desktop,0.0,"2,95",completado,
order-0380272,cust-017681,20 de junio de 2024,online,desktop,0.05,"4,95",completado,
order-0222483,cust-059524,2026-05-20,online,mobile,0.05,"4,95",completado,
order-0137131,cust-007548,17/07/2024,online,mobile,0.15,"4,95",completado,
order-0035633,cust-011472,2024-06-01,online,mobile,0.0,"0,00",completado,
order-0017940,cust-031024,21 de abril de 2026,online,tablet,0.0,"4,95",completado,
order-0366595,cust-023946,16 de agosto de 2024,online,mobile,0.3,"0,00",completado,
order-0157414,cust-029408,11 de febrero de 2026,online,mobile,0.2,"2,95",completado,
order-0072941,cust-015412,2025-12-19,online,desktop,0.1,"0,00",completado,
order-0354036,cust-027867,17 de diciembre de 2024,online,tablet,0.2,"0,00",completado,
order-0141640,cust-042512,05/10/2024,online,mobile,0.05,"4,95",devuelto_parcial,
order-0389591,cust-010344,2024-01-24,online,mobile,0.3,"4,95",devuelto_parcial,
order-0164220,cust-054648,30/06/2026,online,desktop,0.0,"2,95",completado,
order-0145238,cust-025111,2025-12-22,online,mobile,0.1,"0,00",completado,
order-0231826,cust-038605,2026-06-30,online,mobile,0.0,"2,95",completado,
order-0155188,cust-002537,2025-10-12,online,mobile,0.1,"2,95",cancelado,
order-0014196,cust-007820,2 de agosto de 2024,online,desktop,0.3,"4,95",completado,
order-0373845,cust-006103,27 de mayo de 2026,online,mobile,0.1,"0,00",completado,
order-0349175,cust-031582,18 de enero de 2026,online,tablet,0.1,"0,00",devuelto_parcial,
order-0203704,cust-037830,30 de junio de 2026,online,mobile,0.0,"0,00",completado,
order-0238942,cust-004143,21 de agosto de 2025,online,desktop,0.3,"2,95",completado,
order-0302360,cust-007578,2026-04-05,online,mobile,0.1,"2,95",completado,
order-0119067,cust-006423,13/03/2025,online,mobile,0.1,"4,95",devuelto_parcial,
order-0345204,cust-059235,1 de junio de 2026,online,tablet,0.1,"4,95",completado,
order-0112421,cust-002405,2026-04-29,online,mobile,0.0,"4,95",completado,
order-0376035,cust-031185,18 de noviembre de 2023,online,mobile,0.0,"0,00",completado,
order-0124671,cust-017285,30/06/2026,online,mobile,0.1,"0,00",completado,
order-0366380,cust-024234,2025-12-20,online,mobile,0.1,"0,00",devuelto_parcial,
order-0067293,cust-030934,04/07/2025,online,desktop,0.3,"4,95",completado,
order-0017110,cust-028940,2025-05-13,online,desktop,0.05,"4,95",cancelado,
order-0013661,cust-044152,30 de noviembre de 2024,online,mobile,0.0,"2,95",completado,
order-0032351,cust-043856,16 de febrero de 2025,online,tablet,0.3,"0,00",cancelado,
order-0364497,cust-059109,2026-01-15,online,desktop,0.1,"4,95",completado,
order-0104071,cust-036635,2023-08-20,online,desktop,0.2,"0,00",completado,
order-0024613,cust-020768,30 de junio de 2026,online,desktop,0.2,"2,95",completado,
order-0281284,cust-051757,23/10/2025,online,mobile,0.0,"4,95",completado,
order-0249318,cust-020948,2024-10-11,online,desktop,0.1,"0,00",completado,
order-0286739,cust-042637,6 de mayo de 2025,online,mobile,0.0,"4,95",completado,
order-0114798,cust-018055,11 de febrero de 2024,online,mobile,0.1,"2,95",completado,
order-0227746,cust-030157,27/11/2023,online,desktop,0.1,"0,00",completado,
order-0168636,cust-033385,01/06/2024,online,desktop,0.0,"0,00",completado,
order-0106519,cust-008307,11/08/2024,online,desktop,0.1,"0,00",completado,
order-0273040,cust-036243,5 de diciembre de 2024,online,mobile,0.0,"0,00",completado,
order-0258935,cust-009756,2025-06-03,online,mobile,0.15,"2,95",completado,
order-0218286,cust-037073,2026-02-21,online,desktop,0.1,"0,00",completado,
order-0257274,cust-004208,2026-05-11,store,n/a,0.0,"0,00",completado,store-11
order-0051446,cust-010871,21 de noviembre de 2024,online,mobile,0.0,"0,00",completado,
order-0290229,cust-017438,18/01/2026,online,mobile,0.3,"4,95",completado,
order-0394627,cust-044416,2024-05-16,online,desktop,0.0,"4,95",completado,
order-0045269,cust-052355,12/07/2025,online,desktop,0.2,"2,95",completado,
order-0109204,cust-015110,2026-05-23,online,mobile,0.0,"0,00",completado,
order-0001201,cust-000443,30/10/2023,online,desktop,0.0,"2,95",completado,
order-0348133,cust-007195,22 de julio de 2024,store,n/a,0.1,"0,00",completado,store-28
order-0296127,cust-010178,2026-03-22,online,desktop,0.0,"2,95",completado,
order-0010868,cust-056425,2025-02-18,online,tablet,0.3,"0,00",completado,
order-0207745,cust-052205,2025-04-25,online,mobile,0.1,"0,00",completado,
order-0271763,cust-048405,2025-12-27,online,mobile,0.05,"2,95",completado,
order-0100662,cust-026536,30/04/2026,online,mobile,0.0,"0,00",completado,
order-0350855,cust-056603,18/09/2024,online,desktop,0.0,"2,95",completado,
order-0259592,cust-004582,2024-01-01,online,mobile,0.1,"0,00",completado,
order-0195183,cust-004547,2 de abril de 2025,online,mobile,0.0,"4,95",completado,
order-0186341,cust-026712,2025-08-10,online,mobile,0.3,"0,00",completado,
order-0262364,cust-048983,21 de diciembre de 2025,online,mobile,0.2,"2,95",completado,
order-0233239,cust-028425,2026-03-09,online,desktop,0.05,"4,95",completado,
order-0393256,cust-032137,15 de junio de 2024,online,desktop,0.0,"2,95",completado,
order-0345635,cust-raw-fake-018,4 de septiembre de 2025,online,mobile,0.05,"4,95",completado,
order-0353300,cust-034946,26 de junio de 2026,online,mobile,0.0,"0,00",completado,
order-0177338,cust-004627,23/05/2026,online,mobile,0.05,"2,95",completado,
order-0369605,cust-003014,18 de agosto de 2025,online,mobile,0.2,"4,95",completado,
order-0362955,cust-037000,2025-10-12,store,n/a,0.1,"0,00",completado,store-16
order-0025572,cust-016084,10 de junio de 2025,online,mobile,0.15,"2,95",completado,
order-0021039,cust-001531,14 de julio de 2024,online,desktop,0.3,"4,95",completado,
order-0390299,cust-031759,2023-12-20,online,mobile,0.3,"0,00",completado,
order-0212713,cust-039648,2024-12-16,online,desktop,0.2,"0,00",completado,
order-0156213,cust-025292,23 de noviembre de 2025,online,mobile,0.0,"2,95",completado,
order-0020199,cust-017924,26/06/2026,online,mobile,0.0,"0,00",completado,
order-0028544,cust-048361,2026-05-29,online,mobile,0.15,"2,95",completado,
order-0219826,cust-039920,24/02/2025,online,desktop,0.2,"2,95",completado,
order-0072354,cust-004737,2026-06-17,online,tablet,0.05,"2,95",completado,
order-0249453,cust-007047,11 de junio de 2024,online,mobile,0.1,"0,00",completado,
order-0102949,cust-059543,9 de octubre de 2025,online,mobile,0.0,"2,95",completado,
order-0134909,cust-051395,21 de julio de 2024,online,mobile,0.1,"0,00",devuelto_parcial,
order-0254738,cust-044073,2025-09-24,online,mobile,0.0,"2,95",completado,
order-0052583,cust-000766,29/12/2025,store,n/a,0.2,"0,00",completado,store-17
order-0294809,cust-024793,14/10/2025,online,mobile,0.15,"0,00",completado,
order-0186471,cust-040817,2 de octubre de 2025,online,mobile,0.0,"0,00",completado,
order-0298034,cust-010562,13 de mayo de 2024,online,desktop,0.15,"0,00",completado,
order-0259589,cust-045288,2024-10-31,online,mobile,0.05,"0,00",completado,
order-0264963,cust-050949,21/10/2024,online,desktop,0.1,"0,00",completado,
order-0197483,cust-014511,1 de octubre de 2025,online,mobile,0.15,"2,95",completado,
order-0024855,cust-014934,17 de marzo de 2025,online,mobile,0.0,"2,95",completado,
order-0363368,cust-032195,17/11/2025,online,desktop,0.0,"2,95",completado,
order-0179220,cust-035980,16 de abril de 2025,online,desktop,0.1,"4,95",completado,
order-0243737,cust-027532,2024-09-21,online,desktop,0.1,"4,95",cancelado,
order-0158820,cust-013713,2025-08-01,online,desktop,0.1,"2,95",completado,
order-0089287,cust-004066,26/11/2025,online,mobile,0.0,"0,00",completado,
order-0218570,cust-031118,2026-02-13,online,tablet,0.3,"0,00",completado,
order-0372344,cust-032789,21 de julio de 2025,store,n/a,0.1,"0,00",completado,store-18
order-0392495,cust-017599,2025-05-12,online,desktop,0.1,"4,95",completado,
order-0368971,cust-057940,25/01/2025,online,mobile,0.15,"2,95",completado,
order-0322680,cust-024668,16/09/2024,online,mobile,0.2,"4,95",completado,
order-0325530,cust-024655,2024-07-29,online,mobile,0.3,"2,95",completado,
order-0080737,cust-005317,03/12/2025,online,desktop,0.05,"0,00",devuelto_parcial,
order-0151919,cust-052647,2025-05-24,store,n/a,0.0,"0,00",completado,store-37
order-0259725,cust-039678,2026-04-04,online,mobile,0.0,"2,95",completado,
order-0096032,cust-007284,2024-08-19,store,n/a,0.3,"0,00",completado,store-37
order-0075471,cust-054839,22 de febrero de 2026,online,mobile,0.2,"0,00",completado,
order-0017426,cust-020768,30 de junio de 2026,online,mobile,0.0,"2,95",completado,
order-0213808,cust-018331,17 de julio de 2024,online,mobile,0.1,"0,00",completado,
order-0226832,cust-046932,16/11/2023,online,mobile,0.1,"4,95",devuelto_parcial,
order-0125335,cust-002741,29/05/2026,online,mobile,0.0,"0,00",completado,
order-0086753,cust-020300,08/01/2026,online,mobile,0.3,"0,00",completado,
order-0144212,cust-001439,27/03/2026,online,mobile,0.0,"0,00",completado,
order-0194992,cust-046582,23 de mayo de 2026,online,mobile,0.0,"0,00",cancelado,
order-0128939,cust-043416,17 de abril de 2025,online,mobile,0.05,"2,95",completado,
order-0144259,cust-008873,2025-10-08,online,desktop,0.05,"4,95",completado,
order-0077536,cust-038137,2025-04-24,online,desktop,0.0,"4,95",completado,
order-0316292,cust-038645,2024-06-13,online,desktop,0.1,"2,95",completado,
order-0035056,cust-038032,23/05/2025,online,mobile,0.0,"0,00",cancelado,
order-0235756,cust-055467,2024-10-22,store,n/a,0.0,"0,00",completado,store-36
order-0016907,cust-049087,10/02/2026,online,mobile,0.3,"4,95",devuelto_parcial,
order-0268327,cust-029664,2026-02-01,online,desktop,0.2,"0,00",completado,
order-0232890,cust-023956,2023-08-04,online,desktop,0.1,"0,00",completado,
order-0103255,cust-000933,26 de octubre de 2024,online,desktop,0.2,"4,95",completado,
order-0322493,cust-022956,2025-08-16,online,mobile,0.2,"0,00",completado,
order-0230966,cust-000807,2024-11-22,store,n/a,0.1,"0,00",completado,store-33
order-0132570,cust-017156,2026-05-26,online,mobile,0.1,"2,95",completado,
order-0079650,cust-047207,22 de diciembre de 2025,online,tablet,0.1,"4,95",completado,
order-0127722,cust-raw-fake-006,29 de enero de 2026,online,mobile,0.3,"0,00",completado,
order-0209683,cust-051785,2025-12-03,online,mobile,0.0,"4,95",completado,
order-0364509,cust-005291,03/07/2025,online,mobile,0.3,"4,95",completado,
order-0177228,cust-011784,19/11/2025,online,mobile,0.1,"2,95",completado,
order-0203204,cust-015298,2026-05-07,online,mobile,0.05,"0,00",completado,
order-0077290,cust-048707,2026-05-13,online,mobile,0.05,"2,95",completado,
order-0100091,cust-043007,1 de septiembre de 2025,online,desktop,0.0,"0,00",completado,
order-0044194,cust-051300,2025-06-03,online,mobile,0.05,"2,95",completado,
order-0351821,cust-012735,2024-08-27,online,mobile,0.3,"2,95",completado,
order-0066275,cust-046877,2026-06-21,online,desktop,0.15,"2,95",completado,
order-0267224,cust-033366,2026-05-21,online,tablet,0.0,"0,00",devuelto_parcial,
order-0022105,cust-032501,5 de agosto de 2025,online,desktop,0.3,"0,00",completado,
order-0135527,cust-053541,17/07/2025,online,mobile,0.1,"2,95",completado,
order-0314499,cust-003432,2025-11-07,online,tablet,0.0,"4,95",completado,
order-0048186,cust-058891,1 de febrero de 2026,online,desktop,0.3,"2,95",completado,
order-0157608,cust-044665,28 de octubre de 2025,online,tablet,0.0,"0,00",completado,
order-0154890,cust-005031,22 de septiembre de 2024,online,desktop,0.0,"2,95",completado,
order-0069088,cust-037915,2025-01-15,online,desktop,0.2,"4,95",completado,
order-0048763,cust-046827,3 de julio de 2025,online,mobile,0.3,"0,00",completado,
order-0308170,cust-030142,02/06/2026,online,mobile,0.0,"2,95",completado,
order-0263530,cust-032222,27 de diciembre de 2024,online,mobile,0.05,"2,95",completado,
order-0012773,cust-037176,22/01/2026,online,mobile,0.2,"4,95",completado,
order-0023704,cust-035450,29 de abril de 2026,online,desktop,0.1,"0,00",completado,
order-0030297,cust-055653,2024-08-10,online,desktop,0.1,"2,95",completado,
order-0083411,cust-004286,6 de julio de 2025,online,tablet,0.3,"2,95",completado,
order-0194435,cust-027274,5 de mayo de 2026,online,mobile,0.0,"2,95",completado,
order-0380997,cust-043871,2026-05-17,store,n/a,0.05,"0,00",completado,store-36
order-0133579,cust-055973,2025-04-24,online,mobile,0.0,"2,95",completado,
order-0194895,cust-036611,2026-06-12,online,desktop,0.0,"0,00",completado,
order-0125732,cust-032839,21 de octubre de 2025,online,mobile,0.05,"4,95",completado,
order-0099113,cust-034471,2025-08-15,store,n/a,0.2,"0,00",completado,
order-0012288,cust-054540,13/11/2023,online,mobile,0.0,"0,00",devuelto_parcial,
order-0138314,cust-007497,2026-01-08,online,desktop,0.2,"2,95",completado,
order-0078681,cust-040701,17 de septiembre de 2025,online,mobile,0.05,"4,95",completado,
order-0369818,cust-053757,14/06/2024,online,mobile,0.0,"2,95",completado,
order-0389810,cust-029786,27/07/2025,online,mobile,0.2,"0,00",completado,
order-0109500,cust-016595,17 de diciembre de 2025,online,mobile,0.1,"0,00",completado,
order-0293706,cust-037047,29 de octubre de 2025,online,desktop,0.0,"4,95",completado,
order-0024755,cust-047110,2026-06-30,online,desktop,0.0,"0,00",devuelto_parcial,
order-0120503,cust-059160,2025-12-05,online,tablet,0.0,"4,95",completado,
order-0033417,cust-003149,15/11/2025,online,desktop,0.05,"0,00",completado,
order-0052531,cust-049244,04/06/2026,online,mobile,0.1,"2,95",completado,
order-0024824,cust-034252,24 de mayo de 2026,online,mobile,0.1,"0,00",completado,
order-0048940,cust-019024,15/11/2023,online,mobile,0.1,"4,95",completado,
order-0052230,cust-020088,16 de enero de 2024,online,mobile,0.2,"2,95",completado,
order-0395914,cust-023038,30/06/2026,online,mobile,0.05,"0,00",completado,
order-0288843,cust-011638,2025-10-12,online,mobile,0.15,"4,95",completado,
order-0065713,cust-027290,28 de mayo de 2026,online,desktop,0.1,"4,95",completado,
order-0274923,cust-028662,6 de septiembre de 2025,online,mobile,0.15,"4,95",completado,
order-0198237,cust-016862,19/08/2025,online,mobile,0.2,"0,00",completado,
order-0179833,cust-018093,2025-07-30,online,mobile,0.1,"0,00",completado,
order-0007057,cust-012228,20/03/2025,online,desktop,0.0,"4,95",devuelto_parcial,
order-0002926,cust-002542,17 de mayo de 2025,online,tablet,0.0,"4,95",completado,
order-0129118,cust-032157,2025-11-15,online,mobile,0.0,"0,00",completado,
order-0264424,cust-031778,11/12/2023,online,desktop,0.0,"0,00",completado,
order-0124598,cust-040145,2026-04-15,online,mobile,0.05,"2,95",completado,
order-0118652,cust-038488,2026-04-26,online,mobile,0.2,"4,95",completado,
order-0199214,cust-009445,29/06/2026,online,mobile,0.0,"2,95",completado,
order-0299944,cust-056437,20 de diciembre de 2025,online,tablet,0.3,"0,00",completado,
order-0079082,cust-044777,2024-05-18,online,desktop,0.15,"0,00",completado,
order-0376034,cust-046376,13 de octubre de 2025,online,desktop,0.15,"4,95",completado,
order-0314431,cust-008546,2024-06-11,online,desktop,0.0,"4,95",completado,
order-0105535,cust-034200,2025-07-22,online,mobile,0.1,"0,00",completado,
order-0178162,cust-005209,30 de julio de 2025,online,desktop,0.2,"4,95",completado,
order-0261780,cust-017343,26 de enero de 2023,online,desktop,0.1,"2,95",completado,
order-0350628,cust-047691,30/06/2025,online,mobile,0.0,"0,00",completado,
order-0012924,cust-023924,03/06/2025,online,desktop,0.05,"4,95",cancelado,
order-0350866,cust-044723,6 de noviembre de 2024,online,desktop,0.0,"0,00",completado,
order-0212137,cust-000961,10 de marzo de 2026,online,mobile,0.0,"0,00",completado,
order-0268680,cust-011031,12 de agosto de 2023,online,tablet,0.3,"4,95",completado,
order-0191557,cust-027001,26 de septiembre de 2025,online,mobile,0.0,"4,95",completado,
order-0327545,cust-017505,18 de junio de 2026,online,mobile,0.2,"4,95",completado,
order-0185268,cust-006312,10/11/2024,online,desktop,0.15,"0,00",completado,
order-0233839,cust-033781,2025-01-17,online,mobile,0.3,"0,00",completado,
order-0212279,cust-032854,14 de enero de 2026,online,mobile,0.3,"4,95",completado,
order-0116637,cust-037135,2026-01-28,online,desktop,0.3,"2,95",devuelto_parcial,
order-0146850,cust-030539,20/06/2026,online,desktop,0.1,"0,00",completado,
order-0099934,cust-030667,11/07/2025,online,desktop,0.1,"0,00",completado,
order-0033315,cust-047243,10/02/2025,online,desktop,0.2,"0,00",cancelado,
order-0237045,cust-024109,2025-07-09,online,desktop,0.2,"4,95",completado,
order-0349294,cust-026295,09/09/2025,store,n/a,0.0,"0,00",cancelado,store-08
order-0137506,cust-031430,24 de junio de 2024,online,mobile,0.0,"0,00",completado,
order-0356900,cust-raw-fake-011,29/05/2023,online,tablet,0.0,"2,95",completado,
order-0329055,cust-026195,2024-12-22,online,mobile,0.3,"2,95",completado,
order-0306250,cust-045169,19 de marzo de 2025,online,desktop,0.15,"2,95",completado,
order-0277486,cust-022894,26/11/2024,online,mobile,0.0,"0,00",completado,
order-0351174,cust-raw-fake-009,26/10/2025,online,desktop,0.05,"4,95",completado,
order-0267899,cust-001659,05/12/2024,online,mobile,0.05,"4,95",completado,
order-0235688,cust-001971,02/06/2026,online,mobile,0.0,"4,95",completado,
order-0067055,cust-036889,25/09/2024,online,mobile,0.0,"4,95",completado,
order-0346568,cust-019222,16 de noviembre de 2024,online,tablet,0.0,"4,95",cancelado,
order-0380562,cust-037047,2025-10-12,online,mobile,0.0,"4,95",completado,
order-0319040,cust-015204,2026-05-18,online,mobile,0.0,"4,95",completado,
order-0305362,cust-054443,2026-02-08,online,mobile,0.2,"0,00",cancelado,
order-0384001,cust-045534,11 de septiembre de 2025,online,tablet,0.0,"0,00",cancelado,
order-0147845,cust-046342,05/03/2026,online,desktop,0.0,"2,95",completado,
order-0388985,cust-028852,14/03/2026,online,mobile,0.0,"4,95",completado,
order-0241802,cust-011125,25/01/2025,online,tablet,0.1,"2,95",completado,
order-0014537,cust-019652,12 de mayo de 2026,store,n/a,0.0,"0,00",completado,store-08
order-0294429,cust-014285,18 de noviembre de 2025,online,mobile,0.2,"4,95",completado,
order-0077498,cust-002271,2026-05-26,online,mobile,0.0,"2,95",completado,
order-0068131,cust-045268,12 de junio de 2025,store,n/a,0.1,"0,00",completado,store-02
order-0215097,cust-011172,2026-01-15,online,tablet,0.2,"4,95",completado,
order-0094439,cust-025086,9 de enero de 2026,online,desktop,0.2,"0,00",completado,
order-0237478,cust-055148,19 de julio de 2025,online,mobile,0.1,"2,95",completado,
order-0322881,cust-015128,2025-07-26,online,desktop,0.2,"2,95",completado,
order-0328780,cust-019893,6 de marzo de 2023,online,mobile,0.05,"2,95",completado,
order-0042073,cust-007735,13/02/2026,online,tablet,0.2,"2,95",completado,
order-0097521,cust-053345,2024-06-13,online,mobile,0.1,"4,95",completado,
order-0193884,cust-048648,2024-08-30,online,mobile,0.2,"4,95",completado,
order-0166809,cust-030134,20/02/2026,online,mobile,0.1,"2,95",completado,
order-0248346,cust-006504,19 de febrero de 2025,online,mobile,0.3,"4,95",completado,
order-0033861,cust-049276,15 de abril de 2026,online,mobile,0.05,"2,95",completado,
order-0000941,cust-017983,04/04/2026,online,mobile,0.0,"0,00",completado,
order-0249255,cust-009000,2025-06-15,online,mobile,0.05,"2,95",completado,
order-0145243,cust-028199,2024-07-28,online,mobile,0.2,"0,00",completado,
order-0347736,cust-005250,17/04/2026,online,desktop,0.05,"2,95",completado,
order-0078546,cust-033267,2026-03-23,online,mobile,0.05,"4,95",devuelto_parcial,
order-0149213,cust-056051,01/02/2026,store,n/a,0.2,"0,00",completado,store-37
order-0184778,cust-046213,08/12/2025,online,mobile,0.1,"2,95",completado,
order-0018951,cust-022323,14 de abril de 2025,online,desktop,0.0,"2,95",completado,
order-0044887,cust-059128,15 de abril de 2026,online,desktop,0.05,"0,00",completado,
order-0078709,cust-009470,28/12/2024,online,mobile,0.0,"0,00",completado,
order-0088324,cust-053291,2025-06-25,online,desktop,0.05,"0,00",completado,
order-0032490,cust-031134,2024-04-07,online,mobile,0.15,"2,95",completado,
order-0191265,cust-040994,2026-06-27,store,n/a,0.0,"0,00",completado,store-36
order-0204946,cust-023127,14 de octubre de 2024,online,mobile,0.1,"2,95",completado,
order-0374504,cust-040654,30 de septiembre de 2025,online,desktop,0.0,"4,95",completado,
order-0220086,cust-024216,16/03/2026,online,mobile,0.1,"2,95",completado,
order-0066979,cust-031306,24/10/2025,online,mobile,0.1,"4,95",devuelto_parcial,
order-0264229,cust-044722,21/05/2024,online,mobile,0.0,"0,00",devuelto_parcial,
order-0280017,cust-000023,31/03/2025,online,mobile,0.0,"4,95",completado,
order-0203436,cust-034443,11 de enero de 2026,online,desktop,0.2,"2,95",completado,
order-0294019,cust-036590,7 de mayo de 2025,online,tablet,0.1,"4,95",completado,
order-0034679,cust-018873,9 de agosto de 2024,online,mobile,0.15,"0,00",completado,
order-0148004,cust-014096,3 de abril de 2026,online,mobile,0.15,"2,95",completado,
order-0008455,cust-019464,2024-12-15,store,n/a,0.2,"0,00",completado,store-23
order-0015182,cust-000355,24 de abril de 2025,online,mobile,0.0,"2,95",completado,
order-0385427,cust-049823,2025-07-02,online,desktop,0.3,"2,95",devuelto_parcial,
order-0332095,cust-036751,2024-10-19,online,mobile,0.1,"4,95",completado,
order-0153866,cust-005227,22 de diciembre de 2023,online,mobile,0.1,"0,00",completado,
order-0359759,cust-053369,30 de marzo de 2026,online,desktop,0.05,"2,95",completado,
order-0134705,cust-025116,2 de noviembre de 2025,online,mobile,0.05,"2,95",completado,
order-0140728,cust-020848,18/12/2024,online,mobile,0.1,"2,95",completado,
order-0367791,cust-033136,04/09/2025,online,mobile,0.0,"0,00",completado,
order-0197374,cust-021934,2026-05-23,online,desktop,0.0,"2,95",completado,
order-0085670,cust-049559,14/06/2025,online,mobile,0.05,"2,95",completado,
order-0088744,cust-033873,27 de febrero de 2026,online,mobile,0.2,"2,95",cancelado,
order-0069817,cust-034543,2023-11-02,online,desktop,0.0,"0,00",completado,
order-0317029,cust-035175,2025-09-22,online,tablet,0.2,"0,00",completado,
order-0136745,cust-016954,17 de abril de 2025,online,desktop,0.1,"0,00",cancelado,
order-0185403,cust-003011,2025-04-22,online,tablet,0.05,"4,95",completado,
order-0389023,cust-raw-fake-015,26/03/2023,online,mobile,0.05,"4,95",completado,
order-0369480,cust-012839,2025-11-05,online,mobile,0.0,"4,95",completado,
order-0184067,cust-004585,25/04/2025,online,mobile,0.1,"0,00",completado,
order-0327567,cust-043839,2026-06-30,online,mobile,0.15,"2,95",completado,
order-0248869,cust-031020,2025-09-28,online,mobile,0.0,"0,00",completado,
order-0241750,cust-046181,2026-06-13,online,mobile,0.0,"2,95",completado,
order-0352144,cust-052721,28 de julio de 2025,online,desktop,0.1,"4,95",cancelado,
order-0035537,cust-035676,2025-07-25,online,desktop,0.3,"2,95",completado,
order-0335032,cust-051752,2025-03-05,online,mobile,0.1,"2,95",completado,
order-0246644,cust-013716,2026-06-30,online,mobile,0.0,"0,00",completado,
order-0126047,cust-033915,2024-05-20,online,desktop,0.1,"0,00",devuelto_parcial,
order-0149491,cust-005099,11/02/2025,online,mobile,0.2,"4,95",completado,
order-0252813,cust-054998,2025-11-18,online,mobile,0.0,"4,95",completado,
order-0123817,cust-042682,28 de noviembre de 2025,online,tablet,0.2,"4,95",devuelto_parcial,
order-0039663,cust-033556,11/12/2025,online,mobile,0.1,"2,95",completado,
order-0396262,cust-031197,17/05/2026,online,mobile,0.0,"0,00",devuelto_parcial,
order-0047317,cust-056971,2 de febrero de 2024,online,desktop,0.3,"4,95",completado,
order-0394497,cust-053585,16 de septiembre de 2025,online,mobile,0.15,"4,95",completado,
order-0244775,cust-007945,2024-05-25,online,mobile,0.1,"0,00",completado,
order-0374493,cust-032152,21 de enero de 2026,online,tablet,0.2,"2,95",completado,
order-0151705,cust-012058,6 de junio de 2026,online,desktop,0.0,"4,95",completado,
order-0391510,cust-011491,2 de junio de 2026,online,desktop,0.05,"2,95",completado,
order-0231400,cust-002469,2024-08-04,store,n/a,0.1,"0,00",completado,store-11
order-0071570,cust-042095,11 de abril de 2025,store,n/a,0.05,"0,00",completado,store-36
order-0023030,cust-017702,2025-05-29,online,desktop,0.0,"2,95",completado,
order-0393298,cust-032381,2025-08-13,online,desktop,0.3,"2,95",completado,
order-0285894,cust-024273,2025-10-07,online,desktop,0.0,"0,00",completado,
order-0274019,cust-047298,2026-04-12,online,desktop,0.05,"0,00",completado,
order-0363883,cust-044953,2025-07-21,online,mobile,0.3,"4,95",completado,
order-0391176,cust-045434,14/01/2025,online,mobile,0.1,"2,95",completado,
order-0068648,cust-024655,2024-08-17,online,mobile,0.3,"0,00",completado,
order-0091338,cust-014872,25/02/2025,online,desktop,0.2,"2,95",completado,
order-0114557,cust-047135,03/04/2026,online,mobile,0.05,"2,95",completado,
order-0317201,cust-034092,2025-09-18,online,mobile,0.0,"0,00",completado,
order-0102074,cust-000000,17/03/2026,online,tablet,0.0,"0,00",completado,
order-0234599,cust-017701,2025-02-02,online,desktop,0.1,"2,95",completado,
order-0179685,cust-046893,2026-02-05,store,n/a,0.2,"0,00",completado,store-09
order-0173366,cust-048888,2026-05-27,online,mobile,0.15,"0,00",completado,
order-0014490,cust-035896,3 de octubre de 2024,online,desktop,0.05,"0,00",completado,
order-0251785,cust-010636,2024-02-21,online,desktop,0.3,"4,95",completado,
order-0208089,cust-025290,20/12/2025,online,mobile,0.3,"0,00",completado,
order-0227585,cust-028242,2025-09-04,online,desktop,0.0,"4,95",completado,
order-0144722,cust-056819,6 de mayo de 2024,online,mobile,0.05,"2,95",completado,
order-0203083,cust-006331,29/06/2024,online,mobile,0.05,"0,00",completado,
order-0299336,cust-030985,20 de febrero de 2025,online,desktop,0.2,"0,00",completado,
order-0360373,cust-038904,8 de junio de 2026,online,mobile,0.0,"2,95",completado,
order-0196810,cust-005127,1 de abril de 2026,online,desktop,0.0,"2,95",completado,
order-0291444,cust-057527,2026-01-28,online,desktop,0.2,"0,00",completado,
order-0307833,cust-raw-fake-008,2023-11-24,online,mobile,0.2,"4,95",completado,
order-0021911,cust-005918,2024-04-09,online,desktop,0.05,"0,00",completado,
order-0045228,cust-027198,2025-06-02,online,desktop,0.0,"0,00",completado,
order-0373589,cust-036632,17/09/2024,online,desktop,0.0,"0,00",completado,
order-0373590,cust-003190,25 de enero de 2025,online,tablet,0.3,"4,95",completado,
order-0137693,cust-038775,20/01/2026,online,mobile,0.1,"2,95",completado,
order-0031499,cust-004527,3 de abril de 2026,store,n/a,0.05,"0,00",completado,store-02
order-0385521,cust-053217,15 de enero de 2026,online,desktop,0.3,"0,00",completado,
order-0025674,cust-008886,5 de octubre de 2025,store,n/a,0.15,"0,00",completado,store-17
order-0342909,cust-039605,03/06/2024,online,mobile,0.05,"2,95",completado,
order-0341940,cust-005546,6 de junio de 2026,online,mobile,0.0,"2,95",completado,
order-0331338,cust-013990,29 de septiembre de 2024,online,mobile,0.0,"4,95",completado,
order-0029358,cust-025357,2025-01-28,online,mobile,0.2,"0,00",completado,
order-0355385,cust-034950,27/07/2025,online,desktop,0.3,"0,00",completado,
order-0374620,cust-048915,31/08/2025,online,desktop,0.3,"2,95",completado,
order-0390886,cust-001888,15/02/2025,online,mobile,0.3,"4,95",completado,
order-0300965,cust-058999,13/08/2024,online,mobile,0.3,"2,95",completado,
order-0385995,cust-019888,23 de octubre de 2024,online,mobile,0.15,"0,00",completado,
order-0165288,cust-000341,25 de febrero de 2026,online,mobile,0.1,"4,95",completado,
order-0241689,cust-045017,20/08/2023,online,desktop,0.3,"2,95",completado,
order-0033951,cust-056333,2 de febrero de 2025,online,desktop,0.1,"4,95",completado,
order-0175592,cust-023261,2025-05-05,online,desktop,0.0,"4,95",completado,
order-0334635,cust-014222,07/11/2025,online,mobile,0.0,"2,95",completado,
order-0198613,cust-002066,09/05/2025,online,mobile,0.0,"2,95",completado,
order-0256705,cust-010757,2026-04-08,online,mobile,0.0,"4,95",completado,
order-0036013,cust-030316,25/08/2025,online,desktop,0.3,"4,95",completado,
order-0029095,cust-038855,23/06/2026,online,mobile,0.1,"0,00",completado,
order-0326476,cust-024399,07/05/2026,online,mobile,0.0,"4,95",completado,
order-0053101,cust-010637,14/06/2024,online,desktop,0.0,"4,95",completado,
order-0040197,cust-044927,2025-08-20,online,mobile,0.2,"4,95",completado,
order-0109577,cust-015328,08/11/2025,online,tablet,0.05,"4,95",completado,
order-0278961,cust-044799,22/07/2025,online,desktop,0.3,"0,00",completado,
order-0225744,cust-056494,2024-05-31,online,mobile,0.0,"0,00",completado,
order-0311345,cust-036489,27 de noviembre de 2025,online,desktop,0.15,"0,00",completado,
order-0321269,cust-042941,17/02/2025,online,mobile,0.3,"2,95",completado,
order-0340575,cust-025853,09/04/2025,online,mobile,0.0,"2,95",completado,
order-0041933,cust-055097,07/05/2026,online,mobile,0.0,"0,00",completado,
order-0023551,cust-030464,9 de abril de 2025,online,mobile,0.15,"0,00",completado,
order-0223967,cust-031856,10 de mayo de 2026,online,mobile,0.0,"2,95",completado,
order-0197783,cust-001378,2025-01-02,online,mobile,0.0,"2,95",completado,
order-0393473,cust-014109,2026-05-15,online,desktop,0.15,"0,00",completado,
order-0179995,cust-026010,2025-09-07,online,mobile,0.1,"2,95",completado,
order-0168231,cust-002124,14/06/2026,online,mobile,0.0,"4,95",completado,
order-0018738,cust-007200,30/06/2026,online,mobile,0.0,"2,95",completado,
order-0337136,cust-009850,05/06/2026,online,desktop,0.1,"0,00",completado,
order-0216449,cust-042683,27/10/2024,online,mobile,0.2,"0,00",completado,
order-0362214,cust-001508,20/07/2025,online,desktop,0.1,"4,95",completado,
order-0350580,cust-009840,2026-06-29,online,mobile,0.0,"2,95",completado,
order-0242090,cust-032650,2025-09-06,online,mobile,0.0,"4,95",completado,
order-0004103,cust-009510,19 de noviembre de 2023,online,mobile,0.1,"4,95",completado,
order-0171660,cust-028565,2025-08-29,online,mobile,0.1,"0,00",completado,
order-0209968,cust-026674,23 de agosto de 2025,online,mobile,0.2,"4,95",cancelado,
order-0089138,cust-raw-fake-012,28 de julio de 2025,online,tablet,0.3,"4,95",completado,
order-0337380,cust-026141,28 de marzo de 2025,online,desktop,0.05,"0,00",devuelto_parcial,
order-0022920,cust-019196,9 de octubre de 2025,store,n/a,0.2,"0,00",completado,store-07
order-0211427,cust-024579,2025-07-13,online,mobile,0.1,"2,95",completado,
order-0318958,cust-046414,3 de agosto de 2025,online,desktop,0.3,"0,00",completado,
order-0007586,cust-010151,2025-03-10,online,mobile,0.0,"2,95",devuelto_parcial,
order-0083499,cust-005538,12 de mayo de 2025,online,mobile,0.15,"4,95",completado,
order-0255941,cust-032650,19/07/2024,online,mobile,0.2,"0,00",completado,
order-0044250,cust-027934,06/12/2024,online,mobile,0.0,"4,95",completado,
order-0391194,cust-002921,03/06/2025,online,tablet,0.15,"2,95",completado,
order-0008233,cust-059079,2025-04-16,online,tablet,0.1,"4,95",completado,
order-0369103,cust-001464,2026-06-30,online,mobile,0.0,"4,95",completado,
order-0221646,cust-054725,25 de mayo de 2025,online,mobile,0.2,"4,95",completado,
order-0074605,cust-013685,10 de noviembre de 2023,online,mobile,0.0,"0,00",completado,
order-0327034,cust-014340,09/03/2026,online,mobile,0.0,"0,00",completado,
order-0035320,cust-052718,16/06/2026,online,mobile,0.0,"2,95",cancelado,
order-0367431,cust-031328,23 de octubre de 2023,online,mobile,0.05,"2,95",completado,
order-0257185,cust-027242,2025-06-29,store,n/a,0.2,"0,00",completado,store-22
order-0212852,cust-042784,2026-01-02,online,mobile,0.0,"2,95",completado,
order-0176190,cust-036953,2025-12-27,online,desktop,0.0,"0,00",devuelto_parcial,
order-0122627,cust-059991,2024-04-25,online,tablet,0.0,"2,95",completado,
order-0009587,cust-039654,10 de febrero de 2026,online,mobile,0.1,"0,00",completado,
order-0083815,cust-000525,2 de abril de 2025,online,mobile,0.0,"2,95",completado,
order-0101317,cust-005686,2026-03-10,online,desktop,0.1,"0,00",completado,
order-0156340,cust-013013,24 de febrero de 2026,online,tablet,0.1,"4,95",completado,
order-0118397,cust-015385,28/06/2025,online,tablet,0.2,"2,95",completado,
order-0253942,cust-044157,3 de mayo de 2026,online,mobile,0.0,"2,95",completado,
order-0294428,cust-031684,2026-03-03,store,n/a,0.0,"0,00",completado,store-22
order-0135874,cust-018208,2026-03-27,online,mobile,0.1,"2,95",completado,
order-0252952,cust-raw-fake-004,2026-05-19,online,mobile,0.0,"0,00",completado,
order-0282110,cust-058713,28 de julio de 2025,online,mobile,0.3,"2,95",completado,
order-0305141,cust-050714,25 de marzo de 2025,online,mobile,0.0,"2,95",completado,
order-0279520,cust-057342,8 de agosto de 2023,online,desktop,0.2,"0,00",completado,
order-0156448,cust-040324,2024-01-02,online,desktop,0.1,"2,95",completado,
order-0340685,cust-050725,2026-02-19,online,desktop,0.3,"0,00",completado,
order-0399849,cust-000762,2025-06-28,online,desktop,0.0,"0,00",completado,
order-0134420,cust-041679,14/02/2026,online,desktop,0.2,"2,95",devuelto_parcial,
order-0101903,cust-036746,16/12/2025,online,mobile,0.3,"2,95",completado,
order-0379792,cust-048459,2024-11-01,online,mobile,0.0,"2,95",completado,
order-0166991,cust-053617,14 de mayo de 2026,online,mobile,0.0,"2,95",completado,
order-0042453,cust-044192,2025-10-30,online,tablet,0.05,"4,95",completado,
order-0142601,cust-030822,07/01/2024,online,desktop,0.1,"4,95",completado,
order-0210304,cust-020145,11 de enero de 2026,online,desktop,0.1,"2,95",completado,
order-0337447,cust-041406,26/06/2026,store,n/a,0.15,"0,00",completado,store-33
order-0339728,cust-006298,14/06/2025,online,desktop,0.05,"2,95",completado,
order-0156263,cust-022321,14 de junio de 2026,online,desktop,0.1,"2,95",completado,
order-0088440,cust-010488,25/02/2026,online,mobile,0.3,"2,95",completado,
order-0223880,cust-027384,28/01/2026,online,mobile,0.2,"4,95",completado,
order-0160779,cust-013962,26 de marzo de 2025,online,mobile,0.0,"2,95",completado,
order-0002721,cust-015919,24 de abril de 2025,store,n/a,0.1,"0,00",completado,store-33
order-0388272,cust-006491,19 de agosto de 2024,online,mobile,0.1,"2,95",cancelado,
order-0192716,cust-031755,18 de enero de 2024,online,desktop,0.2,"4,95",completado,
order-0378802,cust-059871,2026-04-22,online,desktop,0.05,"4,95",completado,
order-0260465,cust-010576,08/02/2025,online,desktop,0.2,"0,00",completado,
order-0295871,cust-021183,10 de febrero de 2025,online,desktop,0.2,"0,00",completado,
order-0262788,cust-040556,2025-09-03,online,tablet,0.15,"0,00",completado,
order-0026749,cust-022375,20 de marzo de 2025,online,mobile,0.0,"2,95",completado,
order-0344866,cust-014317,1 de enero de 2026,online,mobile,0.05,"0,00",completado,
order-0166250,cust-037425,2025-06-30,online,desktop,0.0,"2,95",completado,
order-0037818,cust-043835,2024-04-08,online,mobile,0.2,"2,95",completado,
order-0273123,cust-051150,13/10/2024,online,desktop,0.0,"2,95",completado,
order-0335805,cust-019501,30 de septiembre de 2023,store,n/a,0.1,"0,00",completado,store-23
order-0122045,cust-005941,17 de febrero de 2026,online,mobile,0.2,"2,95",completado,
order-0053260,cust-059282,3 de mayo de 2026,store,n/a,0.0,"0,00",completado,store-37
order-0176234,cust-050185,2025-03-30,online,desktop,0.0,"4,95",completado,
order-0068540,cust-038614,2 de marzo de 2025,online,mobile,0.05,"4,95",completado,
order-0044146,cust-027871,26 de abril de 2026,online,mobile,0.0,"0,00",completado,
order-0014495,cust-014515,26/11/2023,online,tablet,0.1,"0,00",cancelado,
order-0388408,cust-018151,2025-09-08,online,mobile,0.2,"2,95",completado,
order-0245179,cust-054630,2025-08-24,online,mobile,0.3,"0,00",completado,
order-0090804,cust-052422,2025-06-30,online,desktop,0.2,"0,00",completado,
order-0128611,cust-019726,27 de noviembre de 2024,online,desktop,0.1,"4,95",completado,
order-0050464,cust-035081,28/09/2025,online,desktop,0.0,"4,95",completado,
order-0062344,cust-050723,2025-08-11,online,mobile,0.2,"2,95",completado,
order-0064007,cust-012797,25/06/2025,online,desktop,0.0,"2,95",completado,
order-0208337,cust-053640,14 de noviembre de 2025,online,mobile,0.15,"2,95",completado,
order-0019025,cust-045255,30/06/2026,online,mobile,0.0,"2,95",completado,
order-0054781,cust-014209,29 de diciembre de 2025,online,mobile,0.05,"4,95",completado,
order-0055253,cust-037829,2025-12-21,online,mobile,0.1,"0,00",completado,
order-0051657,cust-000486,14/01/2026,online,mobile,0.2,"2,95",completado,
order-0233932,cust-008639,22 de enero de 2026,store,n/a,0.2,"0,00",completado,store-24
order-0283065,cust-046693,5 de enero de 2026,online,mobile,0.0,"4,95",completado,
order-0181881,cust-012869,2026-04-05,online,desktop,0.0,"2,95",completado,
order-0123633,cust-032978,2023-08-28,online,desktop,0.2,"0,00",completado,
order-0189352,cust-006682,2026-06-29,online,mobile,0.0,"0,00",completado,
order-0297523,cust-raw-fake-006,1 de septiembre de 2023,online,mobile,0.05,"4,95",completado,
order-0372223,cust-022250,2025-09-30,online,desktop,0.2,"4,95",completado,
order-0367847,cust-052446,2026-03-14,online,mobile,0.05,"2,95",completado,
order-0040356,cust-027443,2026-06-13,online,desktop,0.1,"4,95",completado,
order-0031166,cust-054491,9 de febrero de 2024,store,n/a,0.15,"0,00",completado,store-13
order-0028574,cust-056831,07/02/2024,online,desktop,0.3,"0,00",completado,
order-0334251,cust-006896,2023-08-12,online,desktop,0.2,"4,95",completado,
order-0341443,cust-017677,2023-11-17,online,mobile,0.05,"2,95",completado,
order-0179683,cust-010385,24/06/2026,online,mobile,0.0,"2,95",completado,
order-0210504,cust-002459,01/06/2026,online,mobile,0.0,"0,00",completado,
order-0172799,cust-029056,01/05/2023,online,tablet,0.05,"2,95",completado,
order-0291137,cust-028886,1 de marzo de 2025,online,mobile,0.0,"4,95",devuelto_parcial,
order-0039265,cust-009071,11 de febrero de 2025,online,mobile,0.2,"4,95",completado,
order-0235676,cust-031860,26 de septiembre de 2025,online,mobile,0.05,"4,95",completado,
order-0123254,cust-000860,29 de mayo de 2026,online,mobile,0.05,"2,95",completado,
order-0176488,cust-033164,04/10/2023,online,mobile,0.15,"4,95",devuelto_parcial,
order-0024271,cust-033424,17/04/2024,online,mobile,0.1,"0,00",completado,
order-0030528,cust-008952,2026-06-14,store,n/a,0.0,"0,00",completado,store-28
order-0226421,cust-055016,2024-08-30,online,mobile,0.1,"0,00",completado,
order-0292907,cust-046976,11/06/2025,online,tablet,0.15,"0,00",completado,
order-0062166,cust-020620,2026-06-30,online,mobile,0.0,"0,00",devuelto_parcial,
order-0335578,cust-041323,9 de enero de 2026,online,mobile,0.3,"2,95",completado,
order-0229912,cust-007500,30/06/2026,online,desktop,0.0,"0,00",completado,
order-0083225,cust-048534,9 de febrero de 2026,online,desktop,0.1,"2,95",completado,
order-0015276,cust-004848,30/03/2026,online,desktop,0.05,"0,00",completado,
order-0240771,cust-052358,18/08/2025,online,tablet,0.2,"4,95",completado,
order-0311696,cust-018382,2025-03-22,online,mobile,0.2,"0,00",completado,
order-0305679,cust-047697,2026-01-06,online,mobile,0.1,"2,95",completado,
order-0345426,cust-038725,2025-08-08,online,tablet,0.2,"4,95",completado,
order-0090032,cust-031212,2026-03-24,online,desktop,0.2,"4,95",cancelado,
order-0346802,cust-037217,31/01/2026,store,n/a,0.3,"0,00",devuelto_parcial,store-38
order-0298451,cust-029978,2023-02-27,store,n/a,0.2,"0,00",completado,store-28
order-0092680,cust-040725,7 de marzo de 2026,online,desktop,0.05,"0,00",completado,
order-0081332,cust-040763,2024-04-15,online,mobile,0.05,"0,00",completado,
order-0328049,cust-013424,15/04/2026,online,mobile,0.0,"4,95",cancelado,
order-0122298,cust-055658,2025-11-20,online,tablet,0.05,"2,95",completado,
order-0239454,cust-031937,26/09/2025,store,n/a,0.05,"0,00",completado,store-37
order-0007075,cust-021321,12/06/2024,online,mobile,0.1,"0,00",completado,
order-0328654,cust-022689,14 de noviembre de 2024,online,mobile,0.0,"0,00",completado,
order-0067813,cust-001291,2026-06-29,online,tablet,0.1,"4,95",completado,
order-0324152,cust-043363,2024-07-19,online,desktop,0.2,"0,00",completado,
order-0024445,cust-030992,19 de enero de 2024,online,mobile,0.1,"4,95",completado,
order-0067561,cust-042420,15/07/2025,online,mobile,0.3,"0,00",completado,
order-0377033,cust-016547,25 de octubre de 2025,online,mobile,0.0,"0,00",completado,
order-0143371,cust-054806,3 de julio de 2025,online,desktop,0.3,"2,95",completado,
order-0341861,cust-036277,27 de junio de 2023,online,mobile,0.0,"4,95",completado,
order-0263478,cust-038449,5 de noviembre de 2024,online,mobile,0.0,"0,00",completado,
order-0231558,cust-026907,2025-10-26,online,desktop,0.0,"2,95",completado,
order-0157290,cust-044202,13/10/2025,online,mobile,0.15,"0,00",completado,
order-0225785,cust-032954,11 de octubre de 2024,online,mobile,0.15,"0,00",completado,
order-0010946,cust-040725,08/02/2026,online,tablet,0.2,"0,00",completado,
order-0123284,cust-016314,7 de junio de 2026,online,desktop,0.0,"0,00",devuelto_parcial,
order-0216263,cust-026985,2023-06-12,online,desktop,0.0,"0,00",completado,
order-0267647,cust-044988,26/12/2025,online,mobile,0.2,"0,00",completado,
order-0083151,cust-055966,2024-11-10,store,n/a,0.0,"0,00",completado,store-28
order-0228839,cust-043075,2026-05-16,online,mobile,0.1,"4,95",completado,
order-0189905,cust-005503,22/11/2023,online,mobile,0.15,"4,95",completado,
order-0333046,cust-009777,3 de junio de 2026,online,desktop,0.1,"2,95",completado,
order-0128237,cust-053278,2026-02-08,online,mobile,0.3,"2,95",completado,
order-0349766,cust-040415,20 de septiembre de 2024,online,desktop,0.05,"2,95",completado,
order-0076156,cust-047144,2025-04-30,online,tablet,0.0,"0,00",completado,
order-0389249,cust-048534,2025-10-09,online,desktop,0.0,"0,00",completado,
order-0173646,cust-040998,26 de abril de 2025,online,desktop,0.1,"4,95",completado,
order-0236501,cust-051619,2026-05-28,online,desktop,0.05,"0,00",completado,
order-0197307,cust-008625,22/05/2026,online,tablet,0.0,"0,00",completado,
order-0284671,cust-011862,31/07/2025,store,n/a,0.2,"0,00",completado,store-04
order-0378840,cust-040225,2026-02-13,online,mobile,0.2,"4,95",completado,
order-0354991,cust-031981,30/06/2026,online,mobile,0.0,"4,95",completado,
order-0254954,cust-033621,2024-10-02,online,desktop,0.05,"4,95",completado,
order-0339491,cust-049246,03/07/2025,online,mobile,0.3,"4,95",completado,
order-0035479,cust-004296,2026-05-15,online,tablet,0.2,"0,00",completado,
order-0267868,cust-058466,2026-04-05,online,desktop,0.0,"4,95",devuelto_parcial,
order-0060506,cust-000102,2025-10-05,online,desktop,0.0,"4,95",devuelto_parcial,
order-0036241,cust-028120,08/06/2025,online,mobile,0.1,"0,00",completado,
order-0185604,cust-020786,15 de agosto de 2024,online,mobile,0.1,"2,95",completado,
order-0282502,cust-042197,29 de abril de 2024,online,mobile,0.15,"0,00",completado,
order-0142461,cust-046984,2024-08-14,online,tablet,0.1,"0,00",cancelado,
order-0178224,cust-051680,15/08/2025,online,desktop,0.1,"2,95",completado,
order-0098364,cust-052579,2026-02-24,online,mobile,0.3,"4,95",devuelto_parcial,
order-0348643,cust-030650,28/11/2025,online,desktop,0.2,"2,95",cancelado,
order-0376070,cust-042694,29 de marzo de 2026,online,mobile,0.0,"2,95",completado,
order-0151940,cust-043107,16 de enero de 2026,online,desktop,0.3,"0,00",completado,
order-0303079,cust-043715,29 de abril de 2026,online,tablet,0.0,"0,00",completado,
order-0060224,cust-006621,2025-11-27,online,mobile,0.0,"2,95",cancelado,
order-0395696,cust-058223,24/02/2025,online,desktop,0.2,"2,95",completado,
order-0270020,cust-033184,8 de agosto de 2024,online,tablet,0.3,"2,95",completado,
order-0158245,cust-017403,22/06/2026,online,mobile,0.0,"0,00",completado,
order-0343799,cust-045667,10/06/2026,online,mobile,0.2,"2,95",completado,
order-0350545,cust-027390,2 de diciembre de 2025,online,mobile,0.2,"0,00",completado,
order-0349879,cust-025610,2024-12-31,online,desktop,0.0,"2,95",completado,
order-0181468,cust-041878,22/12/2025,online,desktop,0.3,"2,95",completado,
order-0092545,cust-040808,2024-09-09,online,mobile,0.0,"2,95",completado,
order-0071241,cust-053320,14/05/2026,online,mobile,0.15,"0,00",completado,
order-0026123,cust-059587,15 de enero de 2026,store,n/a,0.2,"0,00",completado,store-19
order-0153782,cust-004899,16 de febrero de 2026,online,tablet,0.3,"0,00",completado,
order-0151302,cust-037791,22/07/2025,online,desktop,0.1,"0,00",completado,
order-0348084,cust-020349,2025-08-31,store,n/a,0.3,"0,00",completado,store-39
order-0222167,cust-017769,2026-01-06,online,desktop,0.1,"2,95",devuelto_parcial,
order-0147451,cust-038402,2025-10-11,online,mobile,0.1,"4,95",completado,
order-0398871,cust-029943,20 de enero de 2026,online,mobile,0.1,"4,95",completado,
order-0027251,cust-raw-fake-008,25 de mayo de 2026,online,mobile,0.2,"2,95",completado,
order-0264096,cust-029699,2026-01-28,online,mobile,0.1,"0,00",completado,
order-0069668,cust-raw-fake-000,2026-06-17,online,mobile,0.1,"4,95",completado,
order-0276089,cust-055682,27 de mayo de 2026,online,desktop,0.05,"2,95",completado,
order-0253594,cust-033260,28/11/2025,online,mobile,0.1,"2,95",completado,
order-0363779,cust-004711,12/01/2026,store,n/a,0.15,"0,00",completado,store-31
order-0179220,cust-035980,16 de abril de 2025,online,desktop,0.1,"4,95",completado,
order-0019044,cust-055376,03/06/2026,online,mobile,0.05,"2,95",completado,
order-0321285,cust-051257,30 de junio de 2026,online,mobile,0.0,"0,00",completado,
order-0181309,cust-026270,23 de abril de 2026,online,tablet,0.0,"0,00",completado,
order-0317677,cust-019522,14/12/2025,online,mobile,0.0,"0,00",completado,
order-0395774,cust-046040,15/04/2026,online,desktop,0.05,"2,95",completado,
order-0227990,cust-029061,05/02/2025,online,mobile,0.3,"0,00",completado,
order-0273068,cust-053439,20 de octubre de 2025,online,mobile,0.0,"0,00",completado,
order-0302352,cust-046571,03/01/2026,online,mobile,0.05,"4,95",completado,
order-0242965,cust-021421,26/09/2025,online,desktop,0.0,"4,95",completado,
order-0115823,cust-038643,09/04/2026,online,mobile,0.2,"0,00",completado,
order-0196270,cust-028438,2025-12-20,online,mobile,0.3,"0,00",completado,
order-0390619,cust-026942,26 de agosto de 2025,online,mobile,0.3,"2,95",devuelto_parcial,
order-0350560,cust-013189,27 de octubre de 2024,online,desktop,0.05,"0,00",completado,
order-0215698,cust-018451,19/01/2026,online,mobile,0.15,"4,95",completado,
order-0003600,cust-055332,05/02/2025,store,n/a,0.2,"0,00",devuelto_parcial,store-35
order-0111386,cust-035339,15/10/2025,online,desktop,0.0,"0,00",completado,
order-0081780,cust-045859,31 de enero de 2026,online,mobile,0.2,"2,95",devuelto_parcial,
order-0398852,cust-033876,8 de junio de 2026,store,n/a,0.0,"0,00",completado,store-19
order-0069622,cust-018986,26 de febrero de 2025,online,tablet,0.2,"2,95",completado,
order-0046688,cust-038063,2024-08-25,online,mobile,0.2,"2,95",completado,
order-0073337,cust-001989,15/07/2025,online,mobile,0.1,"0,00",devuelto_parcial,
order-0346933,cust-007803,10/04/2026,online,mobile,0.0,"0,00",completado,
order-0249366,cust-026307,31/05/2026,online,desktop,0.05,"2,95",completado,
order-0046806,cust-040743,2026-06-23,online,mobile,0.2,"4,95",completado,
order-0149906,cust-033696,2 de junio de 2025,online,desktop,0.15,"0,00",completado,
order-0048466,cust-023200,17 de febrero de 2026,online,desktop,0.3,"0,00",cancelado,
order-0349290,cust-025056,15 de agosto de 2024,online,desktop,0.15,"0,00",completado,
order-0015833,cust-006088,30 de junio de 2025,online,mobile,0.0,"4,95",completado,
order-0225500,cust-031268,18 de noviembre de 2024,online,mobile,0.15,"2,95",completado,
order-0059668,cust-003777,19 de junio de 2026,online,mobile,0.0,"4,95",completado,
order-0201099,cust-048300,7 de noviembre de 2024,online,tablet,0.05,"2,95",cancelado,
order-0176168,cust-023383,08/12/2023,online,mobile,0.05,"2,95",completado,
order-0061066,cust-057049,2025-05-04,online,mobile,0.0,"4,95",completado,
order-0086947,cust-000839,2025-12-13,online,mobile,0.1,"4,95",completado,
order-0029630,cust-038912,2026-06-30,online,desktop,0.2,"2,95",completado,
order-0202594,cust-012903,15/01/2026,online,tablet,0.2,"4,95",completado,
order-0361907,cust-001054,03/11/2025,online,desktop,0.1,"2,95",completado,
order-0310190,cust-052230,2024-02-14,online,desktop,0.2,"0,00",completado,
order-0165483,cust-024208,13/12/2023,online,mobile,0.0,"2,95",completado,
order-0133810,cust-044341,10/07/2024,online,mobile,0.2,"2,95",completado,
order-0277761,cust-002912,03/09/2025,online,desktop,0.05,"2,95",completado,
order-0082303,cust-057822,24/11/2023,online,mobile,0.3,"0,00",completado,
order-0293661,cust-027366,06/07/2025,online,desktop,0.3,"2,95",completado,
order-0293001,cust-013528,07/06/2026,online,desktop,0.05,"4,95",completado,
order-0268825,cust-039423,2025-09-08,online,desktop,0.0,"2,95",completado,
order-0023184,cust-025443,2024-07-06,online,desktop,0.3,"2,95",completado,
order-0075278,cust-022321,2026-06-05,store,n/a,0.2,"0,00",completado,store-25
order-0223535,cust-033422,01/08/2025,online,desktop,0.3,"4,95",completado,
order-0287242,cust-037977,13 de abril de 2024,online,desktop,0.1,"4,95",completado,
order-0253175,cust-046047,20 de marzo de 2026,online,mobile,0.1,"0,00",completado,
order-0119205,cust-038855,2026-06-28,online,mobile,0.0,"2,95",completado,
order-0216460,cust-025641,3 de noviembre de 2025,online,mobile,0.05,"0,00",completado,
order-0068103,cust-022406,2024-07-14,online,tablet,0.1,"4,95",completado,
order-0269319,cust-032748,29 de junio de 2026,online,desktop,0.05,"0,00",devuelto_parcial,
order-0156295,cust-036867,14 de marzo de 2026,online,desktop,0.0,"4,95",completado,
order-0383790,cust-010355,2023-10-08,online,tablet,0.1,"2,95",completado,
order-0200652,cust-040338,23/01/2025,online,mobile,0.1,"2,95",completado,
order-0343148,cust-023789,2026-05-23,online,mobile,0.0,"4,95",cancelado,
order-0213826,cust-043243,09/07/2025,online,desktop,0.2,"0,00",completado,
order-0142191,cust-014768,2026-06-25,store,n/a,0.0,"0,00",completado,store-35
order-0250482,cust-053086,27 de mayo de 2026,online,mobile,0.0,"4,95",completado,
order-0068911,cust-006505,13 de julio de 2023,online,mobile,0.3,"0,00",completado,
order-0239469,cust-030766,20 de agosto de 2025,online,mobile,0.3,"4,95",completado,
order-0173579,cust-027203,19 de noviembre de 2025,online,tablet,0.0,"0,00",completado,
order-0215776,cust-raw-fake-009,17/02/2026,online,mobile,0.3,"2,95",completado,
order-0040542,cust-002857,2024-10-08,online,desktop,0.1,"2,95",completado,
order-0187294,cust-036090,30/06/2025,online,mobile,0.05,"2,95",completado,
order-0166208,cust-033889,04/04/2026,store,n/a,0.0,"0,00",completado,store-12
order-0080122,cust-043740,24/04/2025,online,mobile,0.05,"0,00",completado,
order-0242051,cust-046049,23 de julio de 2024,online,desktop,0.1,"0,00",completado,
order-0145118,cust-033034,03/10/2025,store,n/a,0.0,"0,00",completado,store-26
order-0055400,cust-036927,2026-06-21,online,desktop,0.15,"0,00",completado,
order-0324647,cust-000338,31 de octubre de 2025,online,mobile,0.0,"4,95",completado,
order-0127729,cust-052378,02/10/2024,store,n/a,0.05,"0,00",completado,store-17
order-0261179,cust-036879,25/04/2026,online,mobile,0.0,"0,00",completado,
order-0017067,cust-045601,30 de junio de 2026,online,mobile,0.0,"2,95",completado,
order-0039918,cust-049977,2026-01-07,store,n/a,0.2,"0,00",completado,store-19
order-0242886,cust-008106,26/06/2025,online,tablet,0.05,"4,95",completado,
order-0375327,cust-023770,24 de abril de 2025,online,desktop,0.05,"0,00",completado,
order-0354762,cust-012578,2025-06-24,online,tablet,0.0,"0,00",completado,
order-0051117,cust-000124,13 de enero de 2026,online,desktop,0.1,"0,00",completado,
order-0218179,cust-016487,12 de octubre de 2024,online,mobile,0.0,"0,00",completado,
order-0378821,cust-053224,20/05/2026,online,mobile,0.05,"0,00",completado,
order-0285712,cust-047566,2024-12-02,store,n/a,0.0,"0,00",completado,store-16
order-0099883,cust-raw-fake-014,17/05/2026,online,desktop,0.0,"4,95",completado,
order-0252644,cust-044959,10 de noviembre de 2024,online,mobile,0.15,"0,00",completado,
order-0223376,cust-022112,20/03/2025,online,desktop,0.0,"2,95",completado,
order-0343658,cust-051558,2025-07-06,online,desktop,0.2,"2,95",completado,
order-0358482,cust-012528,23/06/2026,online,desktop,0.0,"0,00",completado,
order-0171452,cust-039828,9 de octubre de 2025,online,desktop,0.05,"0,00",completado,
order-0198372,cust-030828,3 de junio de 2026,online,mobile,0.1,"2,95",completado,
order-0332064,cust-033018,05/03/2026,online,mobile,0.0,"4,95",completado,
order-0354240,cust-028640,2026-01-09,online,tablet,0.3,"2,95",completado,
order-0314520,cust-040428,2025-10-17,online,mobile,0.0,"2,95",devuelto_parcial,
order-0040132,cust-053643,18 de junio de 2024,online,mobile,0.0,"2,95",completado,
order-0196543,cust-032425,02/02/2026,online,tablet,0.3,"0,00",completado,
order-0326057,cust-022705,15/07/2023,online,desktop,0.3,"4,95",completado,
order-0085810,cust-057520,20 de octubre de 2025,online,mobile,0.0,"0,00",completado,
order-0083708,cust-014250,2023-12-12,store,n/a,0.05,"0,00",completado,store-04
order-0340549,cust-056236,26 de marzo de 2026,online,mobile,0.15,"0,00",devuelto_parcial,
order-0254121,cust-047241,2026-02-25,online,desktop,0.3,"4,95",completado,
order-0233110,cust-021289,2026-05-16,online,mobile,0.0,"2,95",completado,
order-0396202,cust-034708,24/04/2025,online,tablet,0.05,"0,00",completado,
order-0335256,cust-009747,17 de julio de 2025,online,mobile,0.2,"2,95",completado,
order-0159014,cust-048101,18 de junio de 2026,online,mobile,0.1,"0,00",completado,
order-0102364,cust-046116,2026-06-04,online,mobile,0.2,"2,95",completado,
order-0286006,cust-023503,15/12/2025,online,desktop,0.3,"0,00",completado,
order-0150296,cust-027821,20 de diciembre de 2024,online,mobile,0.1,"0,00",completado,
order-0040044,cust-007304,11/02/2025,online,mobile,0.2,"2,95",completado,
order-0187062,cust-040284,15/12/2025,online,mobile,0.3,"2,95",completado,
order-0204791,cust-034428,2025-05-25,online,mobile,0.0,"0,00",completado,
order-0073492,cust-059260,30/12/2025,online,desktop,0.0,"4,95",completado,
order-0078109,cust-009720,2025-04-16,online,mobile,0.0,"2,95",completado,
order-0076871,cust-051744,4 de enero de 2026,online,desktop,0.0,"4,95",completado,
order-0254543,cust-000877,11 de septiembre de 2025,online,mobile,0.15,"2,95",devuelto_parcial,
order-0057443,cust-022515,17/05/2026,store,n/a,0.0,"0,00",completado,store-33
order-0380065,cust-051650,10 de junio de 2026,online,mobile,0.2,"4,95",devuelto_parcial,
order-0212091,cust-052659,2026-06-28,online,mobile,0.0,"4,95",completado,
order-0392232,cust-030664,18 de junio de 2026,online,mobile,0.05,"2,95",completado,
order-0127640,cust-038299,21 de julio de 2024,online,mobile,0.1,"2,95",completado,
order-0179287,cust-052476,11/12/2024,online,mobile,0.2,"2,95",completado,
order-0342081,cust-018618,28 de septiembre de 2025,online,desktop,0.05,"4,95",completado,
order-0190288,cust-049855,6 de diciembre de 2025,online,mobile,0.05,"2,95",completado,
order-0145836,cust-001967,2026-02-14,online,mobile,0.1,"4,95",completado,
order-0358940,cust-006116,04/01/2026,store,n/a,0.05,"0,00",completado,store-06
order-0031717,cust-006692,15/05/2026,online,desktop,0.1,"2,95",completado,
order-0091230,cust-041871,1 de noviembre de 2025,online,mobile,0.0,"4,95",completado,
order-0320805,cust-035010,10/11/2025,online,mobile,0.15,"4,95",devuelto_parcial,
order-0381753,cust-033851,15 de agosto de 2025,online,desktop,0.1,"4,95",completado,
order-0198915,cust-002249,06/12/2023,online,mobile,0.1,"0,00",completado,
order-0085865,cust-023362,23/08/2025,online,tablet,0.1,"2,95",completado,
order-0352903,cust-043506,2025-10-10,online,mobile,0.0,"4,95",completado,
order-0002503,cust-021675,2024-01-18,online,mobile,0.1,"4,95",completado,
order-0301982,cust-001597,2025-03-05,online,mobile,0.1,"4,95",completado,
order-0307582,cust-034740,2025-12-23,online,mobile,0.3,"0,00",devuelto_parcial,
order-0207489,cust-021014,2025-03-07,online,desktop,0.2,"2,95",completado,
order-0091853,cust-010247,16 de noviembre de 2023,online,desktop,0.1,"4,95",completado,
order-0343893,cust-053577,5 de mayo de 2026,online,mobile,0.1,"0,00",completado,
order-0122082,cust-018334,24/04/2026,online,mobile,0.0,"4,95",completado,
order-0114480,cust-031551,21/12/2025,online,mobile,0.2,"2,95",completado,
order-0085303,cust-057757,23/02/2026,store,n/a,0.2,"0,00",completado,
order-0324569,cust-057861,2025-07-21,online,desktop,0.1,"4,95",completado,
order-0355255,cust-038089,21 de septiembre de 2025,online,desktop,0.0,"2,95",completado,
order-0347039,cust-046753,16/02/2025,online,desktop,0.3,"0,00",completado,
order-0232958,cust-021731,21 de agosto de 2025,online,tablet,0.2,"0,00",completado,
order-0220369,cust-021336,16/01/2026,online,mobile,0.1,"4,95",completado,
order-0349344,cust-011188,2025-08-27,online,tablet,0.1,"0,00",completado,
order-0224502,cust-043819,2025-08-10,online,mobile,0.1,"0,00",completado,
order-0072732,cust-057643,28/02/2026,online,desktop,0.2,"0,00",completado,
order-0271692,cust-056352,22/12/2025,online,desktop,0.1,"0,00",cancelado,
order-0341076,cust-024447,12 de mayo de 2026,online,desktop,0.2,"0,00",completado,
order-0048058,cust-004104,2024-09-04,online,mobile,0.1,"0,00",devuelto_parcial,
order-0065903,cust-039028,2025-10-19,online,mobile,0.0,"4,95",completado,
order-0177028,cust-048231,2025-07-08,online,desktop,0.2,"0,00",completado,
order-0090447,cust-006210,2025-02-15,online,mobile,0.2,"2,95",completado,
order-0336604,cust-016091,17/06/2026,online,desktop,0.1,"4,95",completado,
order-0217322,cust-031548,22/04/2026,online,desktop,0.0,"0,00",completado,
order-0071773,cust-042671,2026-05-22,online,desktop,0.1,"2,95",completado,
order-0306125,cust-056845,29/04/2024,online,desktop,0.2,"0,00",completado,
order-0023497,cust-057598,27/12/2025,online,mobile,0.05,"2,95",completado,
order-0089418,cust-002611,29/12/2023,online,mobile,0.0,"2,95",completado,
order-0256558,cust-052282,2025-05-09,online,mobile,0.1,"0,00",completado,
order-0216368,cust-000075,13/04/2026,online,tablet,0.0,"2,95",completado,
order-0107663,cust-036547,2025-05-27,online,desktop,0.0,"0,00",completado,
order-0324016,cust-032671,10/06/2026,online,desktop,0.0,"0,00",completado,
order-0305419,cust-054959,14/09/2024,online,desktop,0.0,"0,00",completado,
order-0374813,cust-006410,6 de julio de 2024,online,mobile,0.2,"0,00",cancelado,
order-0149752,cust-052919,30 de junio de 2026,online,mobile,0.15,"2,95",completado,
order-0210037,cust-027418,14 de abril de 2026,online,tablet,0.15,"0,00",completado,
order-0196216,cust-048303,28/10/2024,online,mobile,0.0,"4,95",completado,
order-0204873,cust-048801,2025-01-17,online,tablet,0.1,"0,00",cancelado,
order-0052560,cust-050502,29/01/2026,online,mobile,0.1,"4,95",completado,
order-0282720,cust-019255,2024-09-05,online,desktop,0.0,"4,95",completado,
order-0256192,cust-013884,2026-05-09,online,mobile,0.2,"0,00",completado,
order-0282869,cust-004805,2025-11-23,online,mobile,0.0,"0,00",completado,
order-0388838,cust-043455,31 de mayo de 2023,online,desktop,0.1,"0,00",completado,
order-0206407,cust-003537,14 de noviembre de 2025,store,n/a,0.2,"0,00",completado,store-35
order-0295371,cust-012059,03/03/2025,online,mobile,0.0,"0,00",completado,
order-0038438,cust-021564,20/04/2026,online,desktop,0.0,"2,95",completado,
order-0165294,cust-020113,14 de mayo de 2025,online,desktop,0.1,"2,95",completado,
order-0348688,cust-027703,2025-01-30,online,desktop,0.2,"2,95",completado,
order-0277619,cust-039999,27/11/2025,online,mobile,0.0,"4,95",completado,
order-0348961,cust-009365,24 de marzo de 2024,online,mobile,0.1,"2,95",completado,
order-0233983,cust-059744,03/04/2025,online,mobile,0.1,"4,95",completado,
order-0111337,cust-045393,22 de septiembre de 2025,online,mobile,0.0,"2,95",completado,
order-0257041,cust-011033,20/09/2025,online,mobile,0.0,"2,95",completado,
order-0126181,cust-020704,21/04/2026,online,mobile,0.0,"4,95",completado,
order-0394626,cust-027204,07/06/2026,online,desktop,0.0,"4,95",devuelto_parcial,
order-0132094,cust-000149,3 de diciembre de 2025,online,mobile,0.0,"0,00",completado,
order-0132349,cust-059683,28 de octubre de 2025,online,desktop,0.15,"4,95",completado,
order-0224085,cust-025892,18 de mayo de 2026,online,desktop,0.15,"0,00",completado,
order-0179358,cust-007417,24 de noviembre de 2024,store,n/a,0.3,"0,00",completado,store-07
order-0103620,cust-021105,2025-06-22,online,mobile,0.0,"0,00",completado,
order-0090943,cust-036290,2024-09-21,online,desktop,0.0,"4,95",completado,
order-0167122,cust-050297,2026-02-08,online,desktop,0.3,"4,95",completado,
order-0142940,cust-059696,2025-07-09,online,mobile,0.3,"2,95",completado,
order-0054072,cust-004843,01/12/2025,online,tablet,0.1,"4,95",completado,
order-0397802,cust-037158,2026-03-02,online,mobile,0.0,"2,95",devuelto_parcial,
order-0316000,cust-012650,21 de marzo de 2026,online,mobile,0.15,"0,00",completado,
order-0228653,cust-035702,06/04/2026,online,desktop,0.0,"4,95",completado,
order-0270980,cust-003354,19 de diciembre de 2024,online,mobile,0.3,"0,00",completado,
order-0132471,cust-054965,08/08/2024,online,desktop,0.1,"2,95",completado,
order-0279104,cust-041033,15/01/2024,online,mobile,0.1,"0,00",completado,
order-0066618,cust-028306,16 de mayo de 2025,online,mobile,0.1,"2,95",completado,
order-0358505,cust-051347,24/08/2025,store,n/a,0.2,"0,00",completado,store-39
order-0265120,cust-031385,2023-12-16,online,desktop,0.3,"0,00",completado,
order-0026492,cust-010793,2026-05-02,online,mobile,0.0,"0,00",completado,
order-0236467,cust-019580,13/12/2025,online,mobile,0.05,"4,95",completado,
order-0324257,cust-049122,10 de marzo de 2026,online,desktop,0.0,"4,95",completado,
order-0263857,cust-059246,9 de octubre de 2024,online,mobile,0.0,"2,95",completado,
order-0396288,cust-047364,26/03/2025,online,desktop,0.05,"2,95",completado,
order-0366668,cust-031954,28/03/2026,online,mobile,0.0,"2,95",completado,
order-0065307,cust-056285,14 de junio de 2026,online,mobile,0.05,"2,95",completado,
order-0024654,cust-030840,19 de septiembre de 2024,online,mobile,0.05,"4,95",completado,
order-0060749,cust-019118,22 de junio de 2025,online,mobile,0.2,"2,95",completado,
order-0303805,cust-049577,14/11/2025,online,mobile,0.0,"2,95",completado,
order-0028209,cust-036382,6 de junio de 2026,online,mobile,0.1,"2,95",completado,
order-0043621,cust-008559,2025-07-23,online,desktop,0.1,"4,95",completado,
order-0278527,cust-051959,1 de octubre de 2025,online,mobile,0.1,"2,95",devuelto_parcial,
order-0208450,cust-046458,30 de enero de 2025,online,mobile,0.3,"0,00",completado,
order-0134025,cust-054596,2025-10-04,online,desktop,0.0,"0,00",completado,
order-0059449,cust-012948,29/05/2026,online,mobile,0.05,"0,00",completado,
order-0200997,cust-058514,26 de junio de 2024,online,tablet,0.0,"0,00",completado,
order-0134331,cust-005929,2025-06-15,store,n/a,0.2,"0,00",completado,store-03
order-0144646,cust-014958,05/07/2023,online,mobile,0.3,"4,95",completado,
order-0110778,cust-054520,2026-02-25,online,mobile,0.2,"0,00",completado,
order-0084615,cust-006118,2025-07-24,online,desktop,0.3,"2,95",completado,
order-0167835,cust-017306,2024-12-27,online,mobile,0.0,"0,00",completado,
order-0181145,cust-034817,11 de abril de 2025,online,mobile,0.0,"0,00",completado,
order-0027528,cust-030250,01/02/2026,online,desktop,0.3,"0,00",completado,
order-0177831,cust-021356,13/11/2025,online,mobile,0.0,"4,95",completado,
order-0314390,cust-019816,11 de diciembre de 2025,online,mobile,0.05,"0,00",cancelado,
order-0333650,cust-004263,14/08/2025,online,mobile,0.1,"4,95",completado,
order-0251337,cust-034785,21/07/2024,online,mobile,0.2,"0,00",completado,
order-0210400,cust-053565,25/02/2026,online,mobile,0.2,"4,95",completado,
order-0136584,cust-001787,02/10/2024,online,desktop,0.0,"0,00",completado,
order-0179914,cust-004843,30 de mayo de 2024,online,desktop,0.0,"4,95",completado,
order-0333136,cust-003726,28 de diciembre de 2025,online,tablet,0.0,"0,00",completado,
order-0025850,cust-038909,2023-11-17,online,desktop,0.0,"2,95",completado,
order-0187028,cust-027319,2026-04-15,online,mobile,0.0,"0,00",completado,
order-0070274,cust-012559,1 de diciembre de 2025,online,mobile,0.1,"4,95",cancelado,
order-0183941,cust-053050,2026-05-19,online,mobile,0.0,"4,95",cancelado,
order-0399656,cust-043503,2026-06-18,online,mobile,0.0,"2,95",devuelto_parcial,
order-0269591,cust-013977,2024-11-16,online,mobile,0.0,"4,95",devuelto_parcial,
order-0322427,cust-028531,2025-09-11,online,mobile,0.0,"2,95",completado,
order-0286841,cust-012067,27/07/2025,online,mobile,0.15,"0,00",completado,
order-0396440,cust-raw-fake-005,2026-03-19,online,mobile,0.1,"0,00",completado,
order-0267873,cust-043100,29 de mayo de 2026,online,desktop,0.05,"0,00",devuelto_parcial,
order-0052378,cust-025787,04/11/2025,online,mobile,0.0,"2,95",completado,
order-0191142,cust-051721,15 de agosto de 2025,online,mobile,0.2,"0,00",completado,
order-0131935,cust-031490,06/06/2026,online,desktop,0.0,"4,95",completado,
order-0166566,cust-010078,2024-10-08,online,desktop,0.0,"0,00",completado,
order-0193475,cust-042442,2025-03-27,online,tablet,0.05,"2,95",completado,
order-0180535,cust-044691,18 de abril de 2025,online,mobile,0.0,"0,00",completado,
order-0176179,cust-044054,09/12/2025,online,desktop,0.0,"2,95",completado,
order-0379933,cust-004126,2026-04-07,store,n/a,0.0,"0,00",completado,store-16
order-0058831,cust-050753,09/02/2026,online,mobile,0.3,"0,00",completado,
order-0110466,cust-010290,2025-10-28,online,mobile,0.0,"4,95",completado,
order-0330960,cust-048931,21 de octubre de 2025,online,desktop,0.0,"2,95",completado,
order-0271975,cust-059325,15 de septiembre de 2025,online,mobile,0.05,"0,00",completado,
order-0157563,cust-057342,2026-06-21,online,desktop,0.05,"0,00",completado,
order-0334474,cust-008392,22/12/2025,online,mobile,0.1,"4,95",devuelto_parcial,
order-0383333,cust-000067,30 de noviembre de 2024,online,desktop,0.0,"2,95",completado,
order-0042305,cust-037982,09/04/2025,online,desktop,0.0,"4,95",completado,
order-0345051,cust-030285,2025-11-07,online,desktop,0.05,"0,00",completado,
order-0085461,cust-027135,8 de mayo de 2026,online,mobile,0.0,"0,00",completado,
order-0353997,cust-030356,2025-08-18,online,mobile,0.1,"0,00",completado,
order-0337002,cust-059371,25/10/2025,online,mobile,0.05,"2,95",devuelto_parcial,
order-0247030,cust-raw-fake-000,2025-05-10,online,desktop,0.05,"0,00",completado,
order-0002525,cust-017499,28 de febrero de 2025,online,desktop,0.3,"4,95",completado,
order-0290289,cust-raw-fake-002,06/02/2024,online,desktop,0.2,"0,00",completado,
order-0038615,cust-036080,23 de abril de 2025,online,desktop,0.0,"2,95",completado,
order-0198536,cust-000884,20/09/2025,online,desktop,0.0,"4,95",completado,
order-0104902,cust-030402,04/02/2026,store,n/a,0.3,"0,00",completado,store-19
order-0331625,cust-052546,30/09/2023,store,n/a,0.1,"0,00",completado,store-24
order-0187831,cust-019214,2026-06-28,online,desktop,0.0,"4,95",completado,
order-0267003,cust-029354,13/05/2026,online,mobile,0.0,"2,95",cancelado,
order-0101340,cust-000911,8 de agosto de 2024,online,mobile,0.1,"0,00",completado,
order-0355485,cust-003550,2025-07-31,store,n/a,0.3,"0,00",completado,store-24
order-0287329,cust-036233,24/01/2026,online,desktop,0.2,"2,95",cancelado,
order-0002357,cust-012768,2026-02-21,online,mobile,0.3,"4,95",completado,
order-0368018,cust-024980,2026-02-10,online,mobile,0.3,"2,95",completado,
order-0285803,cust-032109,09/07/2025,online,desktop,0.1,"0,00",completado,
order-0059142,cust-052401,2023-08-04,online,mobile,0.1,"4,95",completado,
order-0169909,cust-053975,8 de enero de 2026,online,desktop,0.1,"0,00",completado,
order-0200301,cust-058866,24 de julio de 2025,online,mobile,0.2,"2,95",completado,
order-0362246,cust-005650,29/09/2025,online,mobile,0.0,"0,00",completado,
order-0008395,cust-047113,19 de octubre de 2024,online,mobile,0.05,"4,95",completado,
order-0093675,cust-024036,12/01/2026,online,tablet,0.2,"2,95",devuelto_parcial,
order-0162191,cust-032882,20 de junio de 2025,online,mobile,0.05,"0,00",completado,
order-0028495,cust-056285,2026-05-28,online,desktop,0.05,"2,95",completado,
order-0014961,cust-037128,01/03/2026,online,desktop,0.0,"0,00",cancelado,
order-0050958,cust-050063,11 de octubre de 2025,online,mobile,0.0,"0,00",completado,
order-0246357,cust-005891,2025-05-24,online,desktop,0.0,"4,95",completado,
order-0184205,cust-048615,30/12/2025,online,mobile,0.0,"0,00",completado,
order-0385696,cust-031390,2025-09-03,online,mobile,0.1,"2,95",completado,
order-0113866,cust-030523,21/04/2024,online,desktop,0.0,"4,95",devuelto_parcial,
order-0302148,cust-023030,2024-12-29,online,desktop,0.0,"0,00",completado,
order-0309775,cust-001661,2025-09-04,online,mobile,0.0,"0,00",completado,
order-0159307,cust-042061,13 de junio de 2025,online,mobile,0.2,"4,95",completado,
order-0031396,cust-021280,2023-05-26,online,desktop,0.05,"0,00",completado,
order-0298603,cust-031593,2024-08-08,online,tablet,0.15,"2,95",completado,
order-0363913,cust-029482,07/04/2026,online,desktop,0.0,"2,95",completado,
order-0001124,cust-043987,29 de diciembre de 2025,online,mobile,0.0,"2,95",cancelado,
order-0218125,cust-028653,21 de febrero de 2026,online,tablet,0.3,"0,00",completado,
order-0025600,cust-016177,22 de julio de 2025,online,mobile,0.2,"0,00",completado,
order-0172135,cust-023026,2025-01-06,online,mobile,0.1,"0,00",completado,
order-0092683,cust-019400,30/06/2026,online,mobile,0.1,"4,95",completado,
order-0197830,cust-047727,2024-07-27,online,desktop,0.3,"2,95",completado,
order-0015197,cust-039653,15 de mayo de 2026,online,mobile,0.0,"0,00",completado,
order-0221272,cust-029698,03/11/2025,store,n/a,0.0,"0,00",completado,store-38
order-0087044,cust-041394,09/10/2023,online,desktop,0.1,"0,00",completado,
order-0194010,cust-055540,11/08/2025,online,mobile,0.3,"4,95",completado,
order-0157712,cust-015856,2026-02-03,online,mobile,0.3,"2,95",completado,
order-0347244,cust-000329,2024-09-24,online,tablet,0.15,"2,95",completado,
order-0045472,cust-026680,6 de julio de 2024,online,mobile,0.3,"4,95",completado,
order-0370645,cust-011234,3 de enero de 2026,online,mobile,0.0,"2,95",completado,
order-0291149,cust-007107,11/10/2025,online,mobile,0.1,"0,00",completado,
order-0236717,cust-059563,25/09/2025,online,mobile,0.0,"0,00",devuelto_parcial,
order-0174395,cust-014882,27/01/2026,online,desktop,0.2,"4,95",completado,
order-0312684,cust-045217,2026-04-09,online,mobile,0.1,"0,00",completado,
order-0239519,cust-008288,14 de mayo de 2026,online,mobile,0.0,"2,95",completado,
order-0373268,cust-008483,09/11/2024,online,mobile,0.1,"0,00",completado,
order-0194701,cust-006026,16/03/2026,online,mobile,0.15,"4,95",completado,
order-0204129,cust-036086,2024-04-08,online,desktop,0.0,"0,00",completado,
order-0255761,cust-053499,2026-06-06,online,mobile,0.1,"0,00",completado,
order-0083112,cust-009160,23 de febrero de 2025,online,mobile,0.2,"4,95",devuelto_parcial,
order-0158052,cust-043323,26/04/2025,online,mobile,0.0,"4,95",completado,
order-0273474,cust-000000,30 de junio de 2026,online,desktop,0.0,"0,00",completado,
order-0180323,cust-029817,27/08/2025,online,mobile,0.2,"2,95",completado,
order-0372055,cust-044077,18 de marzo de 2025,online,desktop,0.0,"0,00",completado,
order-0275566,cust-027132,22 de julio de 2025,store,n/a,0.2,"0,00",completado,
order-0031919,cust-031446,2025-10-19,online,desktop,0.0,"0,00",completado,
order-0167524,cust-003393,2026-01-28,online,mobile,0.1,"4,95",completado,
order-0343271,cust-003863,10/02/2024,online,desktop,0.1,"2,95",completado,
order-0184920,cust-012114,4 de octubre de 2024,online,mobile,0.05,"2,95",devuelto_parcial,
order-0185231,cust-025085,2025-02-17,online,desktop,0.1,"0,00",completado,
order-0238282,cust-051602,2024-08-01,online,mobile,0.2,"2,95",completado,
order-0290508,cust-047899,19/05/2026,online,mobile,0.05,"4,95",completado,
order-0104661,cust-025909,18 de marzo de 2026,online,mobile,0.05,"0,00",completado,
order-0317885,cust-raw-fake-011,22 de marzo de 2025,online,mobile,0.1,"4,95",completado,
order-0068817,cust-055269,2025-08-24,online,mobile,0.1,"4,95",devuelto_parcial,
order-0019031,cust-031804,2026-04-06,store,n/a,0.1,"0,00",completado,store-38
order-0290974,cust-031261,2026-02-16,online,desktop,0.2,"0,00",devuelto_parcial,
order-0393812,cust-028962,22 de octubre de 2025,online,desktop,0.05,"2,95",completado,
order-0204196,cust-057798,02/02/2026,online,mobile,0.3,"2,95",completado,
order-0143024,cust-038802,6 de enero de 2026,online,mobile,0.0,"2,95",completado,
order-0111106,cust-002259,24 de marzo de 2026,online,mobile,0.0,"2,95",completado,
order-0198476,cust-014501,22 de noviembre de 2025,online,desktop,0.0,"4,95",completado,
order-0132725,cust-002892,30/06/2025,online,mobile,0.1,"0,00",completado,
order-0033664,cust-016466,4 de abril de 2026,online,desktop,0.0,"4,95",devuelto_parcial,
order-0244805,cust-000478,28/03/2024,online,mobile,0.0,"2,95",completado,
order-0306641,cust-035095,20 de septiembre de 2025,online,mobile,0.15,"0,00",devuelto_parcial,
order-0031898,cust-002364,2023-07-21,online,mobile,0.2,"2,95",completado,
order-0265396,cust-024451,29/07/2023,online,desktop,0.2,"4,95",completado,
order-0003967,cust-054834,2025-05-18,online,mobile,0.05,"0,00",cancelado,
order-0191737,cust-002714,2026-03-12,online,mobile,0.15,"0,00",completado,
order-0026077,cust-038591,2 de marzo de 2026,online,mobile,0.0,"4,95",completado,
order-0092437,cust-032183,2026-01-28,online,mobile,0.2,"4,95",completado,
order-0368992,cust-055294,28/03/2025,online,desktop,0.0,"0,00",completado,
order-0166493,cust-053854,26/09/2023,online,mobile,0.05,"2,95",completado,
order-0276354,cust-003847,26 de enero de 2025,online,mobile,0.3,"0,00",completado,
order-0232497,cust-030550,3 de junio de 2024,store,n/a,0.1,"0,00",completado,store-11
order-0134145,cust-052529,2025-11-08,store,n/a,0.15,"0,00",completado,store-10
order-0308224,cust-042994,2023-08-07,online,mobile,0.3,"4,95",completado,
order-0375167,cust-019316,2024-07-11,online,mobile,0.3,"0,00",completado,
order-0196084,cust-037690,03/02/2025,store,n/a,0.2,"0,00",completado,store-21
order-0338699,cust-036545,19 de agosto de 2025,store,n/a,0.3,"0,00",completado,store-28
order-0061199,cust-025836,28/05/2026,online,desktop,0.05,"2,95",completado,
order-0090192,cust-010837,2024-06-02,online,mobile,0.0,"0,00",cancelado,
order-0053766,cust-018447,18/03/2024,online,desktop,0.0,"2,95",cancelado,
order-0232064,cust-012767,24 de junio de 2026,online,desktop,0.0,"0,00",completado,
order-0255692,cust-040983,21 de julio de 2025,online,mobile,0.2,"2,95",completado,
order-0304158,cust-052759,2025-07-25,online,desktop,0.1,"2,95",completado,
order-0380010,cust-032865,2026-05-07,online,mobile,0.0,"4,95",completado,
order-0110198,cust-015810,05/12/2025,online,mobile,0.15,"0,00",completado,
order-0167532,cust-051899,04/05/2026,online,desktop,0.0,"2,95",completado,
order-0170355,cust-036818,6 de abril de 2026,online,mobile,0.1,"4,95",completado,
order-0263221,cust-049139,04/06/2026,online,desktop,0.0,"4,95",completado,
order-0220060,cust-042523,2025-12-28,online,mobile,0.1,"4,95",completado,
order-0036372,cust-002884,2026-03-11,online,tablet,0.05,"0,00",completado,
order-0328188,cust-030962,2024-02-21,online,mobile,0.2,"2,95",devuelto_parcial,
order-0035671,cust-033136,06/09/2025,online,mobile,0.05,"0,00",cancelado,
order-0346853,cust-055479,2026-06-13,store,n/a,0.1,"0,00",completado,store-34
order-0006392,cust-raw-fake-018,2026-05-11,online,mobile,0.0,"0,00",completado,
order-0122303,cust-001974,2025-03-05,online,mobile,0.0,"2,95",cancelado,
order-0004144,cust-033731,31 de marzo de 2026,online,mobile,0.0,"0,00",completado,
order-0321895,cust-057514,8 de junio de 2026,online,mobile,0.0,"0,00",completado,
order-0043826,cust-003806,25 de julio de 2025,online,desktop,0.1,"0,00",completado,
order-0107607,cust-044670,30 de septiembre de 2025,online,desktop,0.0,"0,00",completado,
order-0132538,cust-raw-fake-014,2025-08-22,online,mobile,0.3,"2,95",completado,
order-0175478,cust-000079,20/02/2026,online,mobile,0.2,"4,95",devuelto_parcial,
order-0294718,cust-018102,16/03/2026,online,tablet,0.0,"4,95",completado,
order-0258550,cust-054224,9 de marzo de 2025,online,desktop,0.0,"0,00",cancelado,
order-0198484,cust-018116,2024-08-17,store,n/a,0.3,"0,00",completado,store-37
order-0298840,cust-035443,2025-09-08,online,mobile,0.1,"0,00",completado,
order-0392445,cust-017022,2 de octubre de 2024,online,mobile,0.0,"0,00",completado,
order-0395861,cust-051997,2025-09-01,online,desktop,0.0,"0,00",devuelto_parcial,
order-0378774,cust-041493,2026-06-10,online,mobile,0.0,"0,00",completado,
order-0170786,cust-020471,18/08/2025,online,mobile,0.1,"2,95",devuelto_parcial,
order-0148577,cust-048945,9 de julio de 2024,online,mobile,0.2,"0,00",completado,
order-0027706,cust-051558,18/12/2024,store,n/a,0.1,"0,00",completado,store-08
order-0328831,cust-018201,2024-05-09,online,desktop,0.0,"4,95",completado,
order-0373677,cust-010025,01/08/2025,online,tablet,0.2,"0,00",completado,
order-0162201,cust-038535,2 de marzo de 2026,online,tablet,0.05,"0,00",completado,
order-0290421,cust-030748,10/02/2026,store,n/a,0.2,"0,00",completado,store-04
order-0247035,cust-039622,2025-04-14,online,mobile,0.1,"0,00",completado,
order-0078850,cust-018466,2025-06-30,online,mobile,0.0,"0,00",devuelto_parcial,
order-0322428,cust-027322,25 de mayo de 2024,online,mobile,0.2,"4,95",completado,
order-0251373,cust-036905,2026-02-26,online,mobile,0.1,"4,95",completado,
order-0236743,cust-037506,5 de noviembre de 2024,online,mobile,0.15,"4,95",completado,
order-0377293,cust-045334,8 de agosto de 2025,online,mobile,0.3,"0,00",completado,
order-0349755,cust-017022,2025-11-02,online,mobile,0.1,"2,95",completado,
order-0025718,cust-047253,2026-03-07,online,mobile,0.0,"4,95",completado,
order-0293200,cust-005814,21/11/2024,online,mobile,0.05,"2,95",completado,
order-0107252,cust-057997,2025-09-04,online,desktop,0.0,"2,95",completado,
order-0104915,cust-002811,7 de junio de 2024,online,mobile,0.2,"4,95",completado,
order-0138893,cust-016502,26 de junio de 2026,online,desktop,0.15,"2,95",completado,
order-0103427,cust-008201,23 de enero de 2026,online,desktop,0.3,"0,00",completado,
order-0270703,cust-032072,15/05/2026,online,mobile,0.0,"0,00",devuelto_parcial,
order-0221772,cust-053695,2026-05-29,online,mobile,0.05,"2,95",completado,
order-0383061,cust-034889,20/01/2025,online,desktop,0.2,"0,00",completado,
order-0133194,cust-029350,2 de julio de 2025,online,desktop,0.15,"0,00",completado,
order-0310632,cust-013658,2025-01-04,online,mobile,0.0,"0,00",completado,
order-0191585,cust-025716,19 de mayo de 2026,online,mobile,0.0,"0,00",completado,
order-0186600,cust-027093,03/04/2026,online,mobile,0.0,"0,00",devuelto_parcial,
order-0380304,cust-029108,2025-05-17,online,desktop,0.0,"4,95",completado,
order-0147050,cust-016660,2025-12-17,online,mobile,0.2,"0,00",completado,
order-0295461,cust-029801,10 de agosto de 2025,online,desktop,0.2,"4,95",completado,
order-0083701,cust-050112,6 de septiembre de 2024,online,mobile,0.1,"0,00",completado,
order-0296249,cust-015765,2025-02-21,online,desktop,0.3,"4,95",completado,
order-0288802,cust-034786,19/03/2025,online,mobile,0.0,"4,95",completado,
order-0314319,cust-047326,28 de marzo de 2024,online,mobile,0.2,"0,00",completado,
order-0101643,cust-006132,15/04/2026,store,n/a,0.0,"0,00",completado,store-26
order-0252441,cust-004918,7 de agosto de 2025,online,mobile,0.2,"4,95",completado,
order-0151069,cust-006651,1 de mayo de 2025,online,mobile,0.05,"0,00",completado,
order-0274566,cust-018913,05/03/2024,online,mobile,0.0,"2,95",completado,
order-0074408,cust-001182,2026-06-27,online,desktop,0.0,"4,95",cancelado,
order-0320038,cust-000716,10/11/2025,online,desktop,0.2,"0,00",completado,
order-0088103,cust-041909,28/09/2025,online,desktop,0.1,"0,00",completado,
order-0075559,cust-042576,15/08/2024,online,mobile,0.1,"2,95",completado,
order-0359639,cust-000165,08/05/2026,online,mobile,0.15,"0,00",completado,
order-0210713,cust-037788,2024-04-06,online,desktop,0.05,"2,95",completado,
order-0070368,cust-051788,4 de septiembre de 2024,online,mobile,0.0,"2,95",completado,
order-0251687,cust-010555,05/11/2024,online,tablet,0.1,"0,00",completado,
order-0349306,cust-051303,2024-01-10,online,mobile,0.3,"2,95",completado,
order-0090307,cust-026344,28/10/2025,online,mobile,0.0,"4,95",completado,
order-0386653,cust-046379,2026-01-24,online,desktop,0.3,"2,95",completado,
order-0321244,cust-003402,20/02/2025,online,desktop,0.2,"2,95",completado,
order-0034045,cust-033611,27/06/2026,online,mobile,0.0,"4,95",completado,
order-0053559,cust-046522,22 de agosto de 2023,online,mobile,0.1,"4,95",completado,
order-0252139,cust-028807,11/04/2026,online,mobile,0.15,"2,95",completado,
order-0271800,cust-054750,7 de agosto de 2025,online,mobile,0.2,"0,00",completado,
order-0343454,cust-raw-fake-006,29 de junio de 2025,online,mobile,0.0,"0,00",completado,
order-0346762,cust-043941,2026-03-10,online,mobile,0.05,"4,95",completado,
order-0345891,cust-049799,15/11/2025,online,desktop,0.0,"0,00",completado,
order-0087333,cust-raw-fake-012,2026-04-23,online,mobile,0.05,"0,00",completado,
order-0325377,cust-030134,2026-02-27,online,mobile,0.2,"2,95",completado,
order-0017605,cust-055122,1 de febrero de 2024,online,mobile,0.3,"0,00",completado,
order-0097193,cust-007501,27/11/2024,online,mobile,0.0,"2,95",completado,
order-0070532,cust-021588,17 de abril de 2026,online,mobile,0.05,"2,95",completado,
order-0204513,cust-015016,19/10/2024,online,desktop,0.05,"4,95",completado,
order-0300685,cust-017355,25 de noviembre de 2025,online,mobile,0.0,"0,00",completado,
order-0142569,cust-026023,2025-08-10,online,mobile,0.3,"0,00",completado,
order-0262036,cust-001367,2025-10-23,online,mobile,0.0,"4,95",completado,
order-0208316,cust-026343,14/08/2025,store,n/a,0.3,"0,00",completado,store-20
order-0357644,cust-014106,2023-03-25,store,n/a,0.1,"0,00",cancelado,store-18
order-0233719,cust-011823,12 de marzo de 2025,online,mobile,0.0,"0,00",completado,
order-0035616,cust-043653,3 de noviembre de 2023,online,mobile,0.0,"0,00",completado,
order-0240832,cust-048017,2025-12-23,online,mobile,0.2,"4,95",completado,
order-0351241,cust-039124,2026-06-30,online,mobile,0.1,"0,00",completado,
order-0278614,cust-042851,2025-07-08,online,mobile,0.3,"0,00",completado,
order-0219152,cust-037418,12/02/2026,online,desktop,0.1,"4,95",completado,
order-0383624,cust-012945,28 de agosto de 2025,online,desktop,0.1,"4,95",completado,
order-0392938,cust-052008,13/06/2026,online,mobile,0.15,"2,95",completado,
order-0010549,cust-009837,27 de julio de 2024,online,tablet,0.3,"4,95",completado,
order-0275207,cust-058119,10 de mayo de 2026,online,mobile,0.0,"2,95",completado,
order-0274826,cust-034920,2026-04-18,online,desktop,0.0,"0,00",completado,
order-0024624,cust-037844,7 de febrero de 2025,online,mobile,0.2,"2,95",completado,
order-0269015,cust-022177,24/07/2024,online,mobile,0.3,"0,00",completado,
order-0254969,cust-015907,05/12/2025,store,n/a,0.05,"0,00",completado,store-16
order-0223615,cust-058593,2024-11-03,store,n/a,0.0,"0,00",completado,store-07
order-0292337,cust-042117,2025-04-09,online,desktop,0.0,"4,95",completado,
order-0047364,cust-013127,28 de abril de 2026,online,desktop,0.2,"4,95",completado,
order-0375290,cust-031495,02/02/2026,store,n/a,0.2,"0,00",completado,store-00
order-0245534,cust-011180,16/07/2025,online,mobile,0.1,"2,95",completado,
order-0169793,cust-036090,2025-07-01,online,desktop,0.3,"0,00",completado,
order-0266489,cust-026895,29 de abril de 2026,online,mobile,0.1,"0,00",completado,
order-0042055,cust-000978,6 de mayo de 2026,online,desktop,0.0,"0,00",completado,
order-0381203,cust-036113,4 de marzo de 2026,online,desktop,0.0,"0,00",completado,
order-0223082,cust-047305,2025-07-27,online,mobile,0.2,"2,95",completado,
order-0057403,cust-001038,2025-05-12,online,desktop,0.0,"2,95",completado,
order-0308000,cust-019054,2024-12-19,online,mobile,0.2,"0,00",completado,
order-0113195,cust-028380,15/04/2026,online,desktop,0.0,"2,95",completado,
order-0312968,cust-032489,2024-05-13,online,mobile,0.0,"2,95",completado,
order-0270137,cust-048898,2025-11-13,online,tablet,0.05,"0,00",completado,
order-0302260,cust-026684,7 de marzo de 2026,online,mobile,0.0,"2,95",completado,
order-0357813,cust-015062,17/10/2024,online,desktop,0.0,"2,95",completado,
order-0157094,cust-018058,14/09/2025,online,desktop,0.0,"2,95",completado,
order-0089135,cust-056162,25/02/2025,online,mobile,0.3,"2,95",completado,
order-0116255,cust-023049,26/02/2023,online,desktop,0.2,"2,95",completado,
order-0132062,cust-019753,12 de marzo de 2025,online,mobile,0.0,"0,00",cancelado,
order-0023908,cust-056306,3 de abril de 2026,online,mobile,0.0,"0,00",completado,
order-0193781,cust-007427,15/02/2026,online,mobile,0.1,"4,95",completado,
order-0053366,cust-026199,18 de enero de 2026,online,desktop,0.3,"4,95",completado,
order-0265185,cust-028212,2025-09-18,online,desktop,0.1,"2,95",completado,
order-0245093,cust-011661,2025-08-11,online,mobile,0.2,"4,95",completado,
order-0109101,cust-046573,2025-08-14,online,mobile,0.3,"0,00",completado,
order-0234250,cust-000554,2025-10-06,online,desktop,0.15,"0,00",devuelto_parcial,
order-0220341,cust-048529,26/12/2025,online,desktop,0.1,"0,00",completado,
order-0215401,cust-031454,2025-09-16,store,n/a,0.15,"0,00",completado,store-26
order-0152179,cust-057393,24 de septiembre de 2025,store,n/a,0.05,"0,00",completado,store-05
order-0225276,cust-023635,29/11/2024,online,tablet,0.05,"2,95",completado,
order-0228806,cust-028939,09/05/2025,store,n/a,0.2,"0,00",completado,store-16
order-0280830,cust-048681,18/06/2025,online,desktop,0.0,"2,95",completado,
order-0227765,cust-040646,24/01/2025,online,mobile,0.3,"0,00",completado,
order-0325875,cust-025020,14/04/2026,online,desktop,0.1,"0,00",completado,
order-0293296,cust-006959,18 de marzo de 2026,online,mobile,0.05,"0,00",completado,
order-0334359,cust-042213,28/05/2026,online,mobile,0.0,"2,95",completado,
order-0087028,cust-003835,2026-03-02,online,desktop,0.0,"0,00",completado,
order-0252684,cust-023476,19/05/2026,online,desktop,0.2,"0,00",completado,
order-0097719,cust-002750,13/07/2024,online,mobile,0.3,"4,95",completado,
order-0240669,cust-058478,2025-06-23,online,desktop,0.15,"2,95",completado,
order-0289877,cust-033652,2023-12-22,online,desktop,0.2,"0,00",completado,
order-0328387,cust-027783,25 de marzo de 2024,online,mobile,0.05,"0,00",completado,
order-0214877,cust-056572,22 de abril de 2026,online,mobile,0.0,"0,00",completado,
order-0069578,cust-028893,2024-07-21,online,mobile,0.2,"0,00",completado,
order-0349432,cust-045579,2026-02-22,online,mobile,0.3,"4,95",completado,
order-0316982,cust-030060,15 de noviembre de 2025,online,desktop,0.0,"2,95",completado,
order-0308025,cust-024030,25/04/2026,store,n/a,0.0,"0,00",completado,store-37
order-0040905,cust-011122,7 de julio de 2025,online,mobile,0.3,"4,95",completado,
order-0032475,cust-018922,5 de abril de 2026,online,mobile,0.0,"2,95",completado,
order-0139032,cust-051302,06/04/2024,online,mobile,0.0,"2,95",completado,
order-0322649,cust-055998,2026-04-20,online,desktop,0.05,"4,95",completado,
order-0022064,cust-044472,2024-09-26,online,mobile,0.0,"0,00",completado,
order-0396447,cust-041222,25/05/2026,online,mobile,0.0,"4,95",completado,
order-0128880,cust-046312,2024-12-12,online,tablet,0.1,"0,00",completado,
order-0274334,cust-013013,21 de febrero de 2026,online,mobile,0.3,"4,95",completado,
order-0162011,cust-040897,04/07/2025,online,mobile,0.3,"4,95",completado,
order-0203186,cust-013341,5 de marzo de 2026,online,mobile,0.0,"2,95",completado,
order-0242724,cust-037147,2025-05-19,online,mobile,0.0,"0,00",completado,
order-0285108,cust-011690,2025-01-06,online,tablet,0.05,"4,95",completado,
order-0022137,cust-001375,30/01/2025,online,desktop,0.3,"0,00",cancelado,
order-0063339,cust-053057,30/06/2026,online,desktop,0.0,"0,00",completado,
order-0186706,cust-027005,2026-06-12,online,mobile,0.1,"0,00",completado,
order-0294120,cust-028433,13/12/2023,online,desktop,0.0,"0,00",completado,
order-0062962,cust-049456,05/02/2026,online,mobile,0.1,"2,95",completado,
order-0076695,cust-027934,7 de mayo de 2025,online,mobile,0.1,"0,00",completado,
order-0208962,cust-014541,8 de septiembre de 2024,online,mobile,0.0,"4,95",completado,
order-0005332,cust-006647,19 de febrero de 2026,online,desktop,0.3,"0,00",completado,
order-0126838,cust-038642,3 de mayo de 2025,online,tablet,0.0,"4,95",completado,
order-0209463,cust-003326,09/12/2025,online,mobile,0.2,"0,00",completado,
order-0102671,cust-016604,2025-02-06,online,desktop,0.2,"2,95",completado,
order-0243262,cust-009787,12/05/2025,online,desktop,0.0,"2,95",completado,
order-0052574,cust-038607,2025-05-23,online,desktop,0.2,"2,95",completado,
order-0321792,cust-041728,2023-08-11,online,mobile,0.3,"2,95",completado,
order-0037575,cust-045770,24/09/2024,online,mobile,0.0,"4,95",completado,
order-0330861,cust-009761,2025-10-18,online,desktop,0.05,"0,00",completado,
order-0252386,cust-053952,2025-12-29,online,mobile,0.0,"4,95",devuelto_parcial,
order-0311082,cust-020535,1 de junio de 2026,online,desktop,0.0,"2,95",completado,
order-0301422,cust-059845,11 de mayo de 2025,online,desktop,0.1,"2,95",completado,
order-0369437,cust-054595,26/05/2026,online,mobile,0.05,"2,95",completado,
order-0038295,cust-053499,03/04/2025,online,mobile,0.05,"4,95",completado,
order-0208680,cust-009590,04/09/2025,online,desktop,0.0,"0,00",completado,
order-0000006,cust-014721,24 de septiembre de 2024,store,n/a,0.05,"0,00",completado,store-22
order-0162118,cust-055355,27/06/2026,online,desktop,0.0,"2,95",completado,
order-0095805,cust-006092,2026-06-30,online,desktop,0.05,"4,95",completado,
order-0021750,cust-047174,5 de agosto de 2025,online,desktop,0.1,"4,95",completado,
order-0247071,cust-046025,2026-01-19,online,desktop,0.1,"0,00",completado,
order-0015981,cust-045247,16 de noviembre de 2025,online,mobile,0.1,"4,95",completado,
order-0249224,cust-031033,30 de julio de 2024,online,tablet,0.2,"2,95",completado,
order-0128274,cust-014005,2 de enero de 2025,store,n/a,0.15,"0,00",completado,store-18
order-0283614,cust-035981,2 de febrero de 2026,online,desktop,0.2,"2,95",completado,
order-0377989,cust-055099,2025-03-10,online,mobile,0.0,"0,00",completado,
order-0000394,cust-051808,2025-10-01,online,desktop,0.0,"0,00",completado,
order-0343023,cust-raw-fake-013,11/12/2025,store,n/a,0.0,"0,00",completado,store-37
order-0060259,cust-049889,13 de febrero de 2026,online,mobile,0.3,"0,00",completado,
order-0130242,cust-041273,15 de diciembre de 2025,online,mobile,0.2,"4,95",completado,
order-0210399,cust-037047,2025-10-25,online,desktop,0.05,"0,00",completado,
order-0223601,cust-054917,2026-06-20,online,desktop,0.0,"0,00",devuelto_parcial,
order-0310242,cust-005464,8 de febrero de 2025,online,desktop,0.3,"0,00",completado,
order-0242062,cust-009899,12 de enero de 2026,online,desktop,0.3,"2,95",completado,
order-0121422,cust-011169,21 de febrero de 2026,online,mobile,0.3,"0,00",completado,
order-0112754,cust-056736,02/04/2025,online,mobile,0.1,"0,00",completado,
order-0103919,cust-011830,2024-03-03,online,tablet,0.05,"0,00",completado,
order-0343396,cust-001546,2025-05-25,online,desktop,0.0,"0,00",completado,
order-0060390,cust-042864,2025-03-17,online,tablet,0.0,"0,00",completado,
order-0016329,cust-005073,28/05/2025,online,desktop,0.0,"4,95",completado,
order-0393719,cust-055361,12 de septiembre de 2024,online,tablet,0.1,"2,95",completado,
order-0072185,cust-058564,2024-07-01,online,desktop,0.1,"0,00",completado,
order-0045523,cust-011533,10/10/2025,online,mobile,0.05,"2,95",completado,
order-0275676,cust-029261,2026-05-19,online,mobile,0.0,"4,95",completado,
order-0143334,cust-053872,2025-03-19,online,tablet,0.0,"0,00",completado,
order-0308620,cust-005456,2025-08-02,online,tablet,0.1,"4,95",completado,
order-0185274,cust-020148,20/10/2023,online,desktop,0.15,"0,00",completado,
order-0216987,cust-030495,2026-06-10,online,mobile,0.0,"4,95",completado,
order-0064951,cust-025817,23 de marzo de 2026,store,n/a,0.0,"0,00",devuelto_parcial,store-29
order-0142328,cust-040514,10 de mayo de 2025,online,desktop,0.0,"0,00",completado,
order-0024849,cust-025844,17 de febrero de 2025,store,n/a,0.1,"0,00",completado,store-25
order-0112957,cust-051303,18/05/2026,online,desktop,0.05,"2,95",completado,
order-0255914,cust-030654,7 de julio de 2025,online,mobile,0.1,"2,95",completado,
order-0150624,cust-050166,2026-06-12,online,mobile,0.05,"0,00",cancelado,
order-0093958,cust-000442,2025-11-09,online,desktop,0.0,"4,95",completado,
order-0203909,cust-raw-fake-008,2026-04-10,online,tablet,0.05,"4,95",completado,
order-0144503,cust-053362,12/11/2025,online,mobile,0.0,"0,00",completado,
order-0016940,cust-009462,6 de febrero de 2026,online,mobile,0.2,"2,95",completado,
order-0026390,cust-023975,2024-12-15,online,desktop,0.2,"0,00",devuelto_parcial,
order-0325365,cust-016887,10 de septiembre de 2024,online,mobile,0.0,"4,95",cancelado,
order-0046136,cust-034699,2025-02-19,online,desktop,0.3,"0,00",completado,
order-0056159,cust-029553,2026-02-06,online,mobile,0.3,"4,95",completado,
order-0194895,cust-036611,2026-06-12,online,desktop,0.0,"0,00",completado,
order-0089756,cust-051065,28/04/2025,online,desktop,0.1,"2,95",cancelado,
order-0128680,cust-022303,1 de octubre de 2025,online,mobile,0.0,"2,95",completado,
order-0365546,cust-027916,1 de febrero de 2026,online,desktop,0.2,"4,95",completado,
order-0059239,cust-054369,22 de septiembre de 2024,online,mobile,0.0,"2,95",completado,
order-0278179,cust-054549,08/09/2025,online,mobile,0.2,"2,95",completado,
order-0373570,cust-032786,04/07/2024,online,desktop,0.1,"0,00",completado,
order-0140821,cust-042851,16/01/2026,online,mobile,0.3,"4,95",completado,
order-0139073,cust-raw-fake-016,2025-04-29,online,mobile,0.1,"4,95",completado,
order-0068374,cust-058584,7 de marzo de 2026,online,desktop,0.0,"0,00",completado,
order-0078254,cust-032035,5 de noviembre de 2023,online,desktop,0.05,"0,00",completado,
order-0080022,cust-053172,2025-05-24,online,mobile,0.0,"0,00",completado,
order-0339962,cust-058824,7 de septiembre de 2024,online,mobile,0.15,"0,00",completado,
order-0087340,cust-013933,15/02/2025,online,mobile,0.3,"4,95",completado,
order-0075389,cust-042877,21/10/2025,online,desktop,0.0,"2,95",completado,
order-0015214,cust-023300,03/06/2026,online,tablet,0.05,"0,00",completado,
order-0154075,cust-040897,23 de junio de 2025,online,mobile,0.1,"2,95",completado,
order-0017402,cust-024113,2025-06-24,online,mobile,0.0,"4,95",completado,
order-0343161,cust-050860,2026-04-10,online,desktop,0.0,"4,95",completado,
order-0228155,cust-028335,24 de diciembre de 2025,online,mobile,0.3,"4,95",completado,
order-0062638,cust-047137,20/02/2023,online,mobile,0.1,"0,00",completado,
order-0163707,cust-004615,27 de noviembre de 2025,store,n/a,0.0,"0,00",completado,store-37
order-0006333,cust-raw-fake-004,16 de abril de 2026,online,desktop,0.05,"0,00",completado,
order-0031255,cust-036902,2026-01-13,online,desktop,0.2,"2,95",completado,
order-0122821,cust-019177,2026-05-11,online,mobile,0.1,"0,00",devuelto_parcial,
order-0011541,cust-010414,2024-05-17,online,tablet,0.1,"2,95",completado,
order-0169075,cust-032576,27 de noviembre de 2024,online,desktop,0.0,"0,00",completado,
order-0363318,cust-004896,15 de octubre de 2025,online,mobile,0.05,"4,95",completado,
order-0080170,cust-049930,08/09/2025,online,desktop,0.1,"4,95",completado,
order-0143906,cust-026121,30 de mayo de 2026,online,mobile,0.0,"4,95",completado,
order-0304223,cust-020358,2025-08-05,store,n/a,0.1,"0,00",completado,store-09
order-0177758,cust-050195,23/01/2026,online,desktop,0.2,"4,95",completado,
order-0299781,cust-053381,2026-06-16,online,mobile,0.15,"2,95",completado,
order-0129324,cust-015939,20/03/2026,online,mobile,0.1,"0,00",completado,
order-0128233,cust-031440,7 de enero de 2025,online,desktop,0.15,"0,00",cancelado,
order-0012549,cust-024046,04/09/2024,online,desktop,0.05,"2,95",completado,
order-0022755,cust-049744,2025-12-25,online,mobile,0.0,"4,95",completado,
order-0361618,cust-028859,5 de octubre de 2025,online,mobile,0.0,"2,95",completado,
order-0001603,cust-034250,18 de diciembre de 2024,online,mobile,0.2,"0,00",completado,
order-0224544,cust-041934,04/08/2025,online,mobile,0.1,"0,00",completado,
order-0128781,cust-027663,2026-03-30,store,n/a,0.0,"0,00",cancelado,store-18
order-0087329,cust-022397,19/03/2025,online,desktop,0.0,"2,95",completado,
order-0121527,cust-001641,28/06/2026,online,desktop,0.0,"0,00",devuelto_parcial,
order-0349471,cust-048876,2025-09-25,online,mobile,0.1,"2,95",completado,
order-0244176,cust-055769,13/04/2026,online,mobile,0.0,"2,95",completado,
order-0029595,cust-058798,2023-12-10,online,tablet,0.0,"2,95",completado,
order-0242068,cust-027996,29/10/2024,online,desktop,0.0,"4,95",completado,
order-0079931,cust-024579,07/03/2026,online,mobile,0.05,"4,95",completado,
order-0363759,cust-029110,2025-09-18,online,desktop,0.0,"2,95",completado,
order-0075621,cust-020171,7 de junio de 2024,online,desktop,0.1,"4,95",completado,
order-0249194,cust-013513,5 de mayo de 2024,store,n/a,0.0,"0,00",completado,store-34
order-0183807,cust-011564,12/06/2025,online,desktop,0.05,"4,95",completado,
order-0239007,cust-054802,31 de julio de 2023,online,mobile,0.1,"2,95",completado,
order-0086420,cust-032447,2025-12-17,online,mobile,0.2,"2,95",completado,
order-0002989,cust-003388,2025-10-19,store,n/a,0.0,"0,00",completado,store-07
order-0340510,cust-017103,2026-02-02,online,desktop,0.1,"4,95",completado,
order-0000575,cust-055799,18 de octubre de 2024,online,desktop,0.1,"4,95",completado,
order-0360499,cust-027493,25/05/2026,online,mobile,0.0,"4,95",completado,
order-0157477,cust-028880,2025-11-10,online,desktop,0.2,"4,95",completado,
order-0132965,cust-051019,30 de junio de 2026,online,desktop,0.05,"0,00",completado,
order-0012905,cust-049064,2024-11-13,online,tablet,0.0,"0,00",completado,
order-0056934,cust-050708,20 de marzo de 2025,store,n/a,0.2,"0,00",completado,store-28
order-0399793,cust-016029,06/02/2025,online,mobile,0.3,"0,00",completado,
order-0034075,cust-059643,14 de julio de 2024,online,desktop,0.3,"2,95",completado,
order-0022702,cust-002649,20/11/2024,store,n/a,0.2,"0,00",completado,store-01
order-0356739,cust-016536,2024-11-01,online,desktop,0.05,"4,95",completado,
order-0123613,cust-050515,2026-01-23,online,desktop,0.1,"0,00",completado,
order-0320270,cust-034141,16 de mayo de 2026,online,mobile,0.05,"0,00",completado,
order-0367529,cust-045734,2025-07-02,online,mobile,0.3,"2,95",completado,
order-0300347,cust-019994,9 de junio de 2026,store,n/a,0.1,"0,00",completado,store-27
order-0359251,cust-020472,28 de octubre de 2025,online,desktop,0.0,"4,95",completado,
order-0384854,cust-027745,2026-04-23,online,mobile,0.0,"2,95",completado,
order-0161162,cust-018691,20 de junio de 2026,online,desktop,0.0,"2,95",completado,
order-0047091,cust-040588,2026-05-16,online,desktop,0.0,"0,00",completado,
order-0007450,cust-020369,22/03/2026,online,mobile,0.0,"0,00",completado,
order-0167036,cust-039386,06/01/2025,online,desktop,0.05,"0,00",completado,
order-0264483,cust-059654,2026-04-21,online,desktop,0.2,"2,95",completado,
order-0323580,cust-029259,2026-03-09,online,mobile,0.0,"0,00",devuelto_parcial,
order-0376235,cust-043534,10 de diciembre de 2025,online,mobile,0.1,"2,95",completado,
order-0261047,cust-020880,2025-10-23,online,desktop,0.0,"4,95",completado,
order-0311629,cust-002073,4 de febrero de 2026,online,desktop,0.1,"4,95",completado,
order-0257784,cust-052929,2026-05-15,online,mobile,0.1,"4,95",completado,
order-0322167,cust-045160,23/06/2024,online,mobile,0.0,"4,95",completado,
order-0158264,cust-041607,04/06/2026,online,desktop,0.05,"2,95",completado,
order-0089508,cust-020568,27 de agosto de 2025,online,mobile,0.1,"2,95",completado,
order-0066305,cust-021686,3 de septiembre de 2025,online,mobile,0.1,"0,00",completado,
order-0209595,cust-031772,03/04/2024,online,mobile,0.1,"4,95",completado,
order-0023038,cust-017874,2026-03-13,online,desktop,0.0,"2,95",completado,
order-0313034,cust-005295,2026-06-24,online,desktop,0.05,"0,00",completado,
order-0303467,cust-003966,2025-04-08,online,tablet,0.15,"0,00",cancelado,
order-0368150,cust-002742,05/07/2024,online,tablet,0.3,"0,00",completado,
order-0388407,cust-047295,02/11/2025,online,desktop,0.0,"0,00",completado,
order-0231662,cust-038385,2024-02-15,online,desktop,0.2,"2,95",completado,
order-0189036,cust-043538,13 de abril de 2025,online,desktop,0.2,"2,95",completado,
order-0173398,cust-054019,03/02/2026,online,desktop,0.3,"2,95",completado,
order-0382881,cust-023789,2026-05-23,online,mobile,0.15,"4,95",cancelado,
order-0119530,cust-033156,13 de mayo de 2026,online,desktop,0.0,"0,00",completado,
order-0245838,cust-047796,18/04/2026,online,mobile,0.0,"2,95",devuelto_parcial,
order-0229038,cust-019360,29 de diciembre de 2025,online,mobile,0.0,"2,95",devuelto_parcial,
order-0274169,cust-046680,17/05/2026,online,mobile,0.1,"4,95",completado,
order-0311818,cust-043610,2025-07-19,online,tablet,0.2,"2,95",cancelado,
order-0322027,cust-051482,2025-07-14,online,desktop,0.3,"0,00",completado,
order-0269150,cust-028856,28/05/2026,online,desktop,0.0,"0,00",completado,
order-0177859,cust-052098,21 de marzo de 2025,online,desktop,0.15,"4,95",completado,
order-0313259,cust-052839,28/03/2025,online,mobile,0.05,"2,95",completado,
order-0248349,cust-036116,29 de agosto de 2023,online,mobile,0.2,"4,95",completado,
order-0206130,cust-009030,21 de agosto de 2025,online,tablet,0.3,"4,95",completado,
order-0094467,cust-044866,15/04/2026,online,mobile,0.05,"0,00",completado,
order-0197234,cust-005697,2026-03-23,online,mobile,0.0,"0,00",completado,
order-0295495,cust-024542,2025-08-11,online,desktop,0.2,"2,95",devuelto_parcial,
order-0147799,cust-045046,17 de mayo de 2026,online,tablet,0.0,"2,95",completado,
order-0321746,cust-000562,2025-12-25,online,desktop,0.0,"0,00",completado,
order-0023896,cust-047860,02/03/2026,online,desktop,0.0,"0,00",completado,
order-0242767,cust-059287,2026-06-21,online,mobile,0.05,"2,95",completado,
order-0378301,cust-057611,9 de enero de 2026,online,desktop,0.1,"2,95",completado,
order-0386643,cust-006530,03/11/2025,online,mobile,0.2,"0,00",completado,
order-0173181,cust-018490,24 de mayo de 2025,online,mobile,0.1,"4,95",devuelto_parcial,
order-0305150,cust-025253,25/02/2026,online,desktop,0.1,"2,95",completado,
order-0066106,cust-018308,22/05/2026,online,mobile,0.2,"0,00",completado,
order-0384748,cust-026630,2026-06-30,online,mobile,0.05,"2,95",completado,
order-0398200,cust-045172,2025-07-31,store,n/a,0.15,"0,00",devuelto_parcial,store-16
order-0124024,cust-035554,2024-06-24,online,mobile,0.0,"2,95",completado,
order-0320233,cust-029984,26 de junio de 2024,online,mobile,0.15,"2,95",completado,
order-0377456,cust-053348,2025-09-28,online,mobile,0.1,"0,00",completado,
order-0266449,cust-049890,2025-09-14,online,mobile,0.0,"2,95",completado,
order-0155938,cust-003332,2024-10-19,online,mobile,0.2,"4,95",completado,
order-0311647,cust-004582,08/06/2025,online,mobile,0.15,"0,00",completado,
order-0272056,cust-011564,13/06/2025,online,tablet,0.05,"2,95",completado,
order-0248902,cust-030358,2025-02-08,online,desktop,0.1,"4,95",completado,
order-0318594,cust-049572,17/11/2025,online,mobile,0.2,"4,95",completado,
order-0046741,cust-000607,01/08/2024,online,mobile,0.2,"0,00",completado,
order-0310420,cust-010213,2024-09-13,online,mobile,0.0,"0,00",completado,
order-0187461,cust-053986,13 de noviembre de 2024,online,mobile,0.0,"0,00",completado,
order-0386039,cust-003345,2026-01-25,online,tablet,0.3,"0,00",completado,
order-0063578,cust-045616,2025-08-14,store,n/a,0.2,"0,00",completado,store-19
order-0261859,cust-044925,2024-06-09,online,desktop,0.0,"2,95",completado,
order-0335800,cust-010259,2025-07-28,online,mobile,0.2,"2,95",completado,
order-0051713,cust-025480,2025-11-16,online,mobile,0.0,"2,95",completado,
order-0110310,cust-004701,2 de octubre de 2025,online,mobile,0.15,"0,00",completado,
order-0183607,cust-053972,2023-11-01,online,mobile,0.0,"4,95",completado,
order-0013924,cust-014409,08/02/2026,online,desktop,0.1,"0,00",completado,
order-0191558,cust-019652,18/05/2026,online,mobile,0.0,"0,00",completado,
order-0384759,cust-047585,2025-03-25,online,mobile,0.0,"0,00",completado,
order-0032176,cust-031389,25/06/2026,online,mobile,0.0,"2,95",completado,
order-0126653,cust-043523,15 de enero de 2025,online,mobile,0.2,"0,00",completado,
order-0033438,cust-059130,2025-11-03,online,desktop,0.05,"4,95",completado,
order-0218550,cust-017071,2026-01-18,online,desktop,0.3,"4,95",completado,
order-0285399,cust-032784,2024-02-19,online,mobile,0.2,"0,00",completado,
order-0322847,cust-040371,27/12/2025,online,mobile,0.15,"4,95",completado,
order-0024624,cust-037844,7 de febrero de 2025,online,mobile,0.2,"2,95",completado,
order-0111189,cust-019853,27/12/2025,online,mobile,0.0,"4,95",devuelto_parcial,
order-0083546,cust-006424,02/06/2026,online,mobile,0.0,"4,95",completado,
order-0067164,cust-026907,2025-10-24,store,n/a,0.1,"0,00",completado,store-14
order-0232977,cust-036252,2025-02-19,online,mobile,0.1,"0,00",completado,
order-0249414,cust-022283,22/02/2024,online,tablet,0.3,"0,00",completado,
order-0331689,cust-053391,4 de febrero de 2026,online,tablet,0.2,"2,95",completado,
order-0056240,cust-023490,05/06/2026,online,mobile,0.1,"4,95",completado,
order-0285275,cust-059488,29 de junio de 2023,online,tablet,0.1,"4,95",completado,
order-0115441,cust-024557,2025-08-28,online,desktop,0.2,"4,95",completado,
order-0182432,cust-045260,2025-09-09,online,desktop,0.0,"0,00",completado,
order-0384224,cust-034041,2024-07-01,online,desktop,0.3,"4,95",completado,
order-0277807,cust-030734,29 de octubre de 2024,online,mobile,0.0,"4,95",completado,
order-0133577,cust-000963,23 de abril de 2025,online,desktop,0.0,"2,95",completado,
order-0074903,cust-005990,2 de junio de 2026,online,desktop,0.0,"0,00",completado,
order-0246455,cust-018541,8 de diciembre de 2025,online,mobile,0.15,"4,95",completado,
order-0281567,cust-053860,09/01/2025,online,mobile,0.3,"0,00",completado,
order-0168374,cust-043364,18/04/2026,online,mobile,0.0,"0,00",devuelto_parcial,
order-0239586,cust-017074,10 de julio de 2025,online,desktop,0.1,"0,00",completado,
order-0036458,cust-015743,13 de noviembre de 2025,online,desktop,0.0,"2,95",completado,
order-0141968,cust-045238,03/04/2024,online,mobile,0.1,"4,95",completado,
order-0099591,cust-010770,27/11/2024,online,desktop,0.2,"2,95",completado,
order-0239834,cust-021450,2025-02-21,online,mobile,0.3,"2,95",completado,
order-0134280,cust-034912,20/04/2026,online,mobile,0.05,"2,95",completado,
order-0381276,cust-016771,11 de marzo de 2026,online,desktop,0.15,"2,95",cancelado,
order-0360117,cust-039315,2024-10-27,online,mobile,0.1,"4,95",cancelado,
order-0161302,cust-001267,08/11/2025,online,mobile,0.0,"0,00",completado,
order-0152921,cust-050689,11/11/2023,online,mobile,0.0,"2,95",completado,
order-0241439,cust-039762,03/11/2025,online,mobile,0.0,"0,00",completado,
order-0335673,cust-045593,2026-01-03,online,mobile,0.05,"4,95",completado,
order-0062624,cust-015884,2026-05-27,online,tablet,0.2,"0,00",cancelado,
order-0272529,cust-058916,09/03/2026,online,mobile,0.05,"0,00",completado,
order-0256929,cust-010662,11/03/2026,online,desktop,0.0,"0,00",completado,
order-0194129,cust-003068,1 de febrero de 2026,store,n/a,0.1,"0,00",completado,store-15
order-0099967,cust-007892,29 de abril de 2026,online,mobile,0.0,"4,95",completado,
order-0366430,cust-016534,25/08/2024,online,mobile,0.3,"4,95",completado,
order-0175396,cust-027555,11/05/2026,online,mobile,0.1,"0,00",cancelado,
order-0100774,cust-052469,27 de febrero de 2026,online,tablet,0.1,"4,95",completado,
order-0314405,cust-002876,6 de julio de 2025,online,mobile,0.3,"2,95",completado,
order-0156072,cust-059431,14/01/2026,online,mobile,0.3,"2,95",completado,
order-0208010,cust-016138,25 de marzo de 2026,online,tablet,0.05,"0,00",completado,
order-0097389,cust-004646,14 de marzo de 2025,store,n/a,0.0,"0,00",completado,store-00
order-0027498,cust-026731,2025-09-09,online,mobile,0.2,"4,95",completado,
order-0293936,cust-raw-fake-000,28 de enero de 2025,online,desktop,0.3,"0,00",completado,
order-0140401,cust-026980,27/08/2023,online,desktop,0.2,"0,00",completado,
order-0094696,cust-056704,2025-07-30,online,mobile,0.2,"4,95",devuelto_parcial,
order-0118374,cust-013717,2024-08-25,online,tablet,0.2,"0,00",completado,
order-0183073,cust-043693,09/05/2025,online,mobile,0.15,"0,00",completado,
order-0365346,cust-037350,19/10/2024,online,mobile,0.0,"0,00",completado,
order-0236280,cust-006464,27 de julio de 2025,online,mobile,0.3,"0,00",completado,
order-0119817,cust-043079,2025-04-16,online,desktop,0.15,"4,95",completado,
order-0054933,cust-018032,5 de diciembre de 2025,online,mobile,0.0,"0,00",completado,
order-0272686,cust-050294,2024-06-08,online,mobile,0.0,"0,00",completado,
order-0252018,cust-045645,2025-07-23,online,mobile,0.3,"2,95",completado,
order-0142626,cust-001237,30/06/2026,online,mobile,0.2,"4,95",completado,
order-0166134,cust-054280,15 de mayo de 2024,online,desktop,0.0,"2,95",completado,
order-0272116,cust-043631,7 de junio de 2026,online,mobile,0.0,"4,95",completado,
order-0302601,cust-053072,19/05/2026,online,tablet,0.1,"0,00",completado,
order-0254054,cust-027086,3 de septiembre de 2024,online,mobile,0.05,"4,95",completado,
order-0033544,cust-023887,2024-06-04,online,desktop,0.05,"0,00",completado,
order-0302948,cust-054867,30 de junio de 2026,online,tablet,0.0,"2,95",completado,
order-0093055,cust-049377,2026-04-01,online,desktop,0.0,"0,00",completado,
order-0306359,cust-059189,24/12/2025,online,desktop,0.2,"0,00",completado,
order-0282119,cust-036498,14/02/2025,online,mobile,0.3,"0,00",completado,
order-0008846,cust-010123,14 de mayo de 2023,online,mobile,0.0,"0,00",completado,
order-0036347,cust-025113,2024-07-13,online,desktop,0.2,"2,95",completado,
order-0032535,cust-036383,2026-01-12,store,n/a,0.2,"0,00",completado,store-36
order-0049977,cust-057585,2025-11-12,online,mobile,0.15,"0,00",completado,
order-0335860,cust-037076,12/02/2026,online,desktop,0.15,"4,95",completado,
order-0079924,cust-034728,2025-08-08,online,mobile,0.3,"2,95",completado,
order-0108953,cust-018937,2024-08-01,store,n/a,0.3,"0,00",cancelado,store-12
order-0297631,cust-003088,30 de abril de 2026,online,mobile,0.2,"4,95",cancelado,
order-0176033,cust-032744,2025-04-14,online,desktop,0.05,"4,95",completado,
order-0321170,cust-051807,2025-06-29,online,desktop,0.0,"4,95",completado,
order-0023625,cust-010286,16/09/2025,online,mobile,0.0,"4,95",completado,
order-0325957,cust-037089,21/02/2026,store,n/a,0.1,"0,00",completado,store-21
order-0185770,cust-010842,4 de abril de 2026,online,mobile,0.0,"4,95",completado,
order-0034937,cust-042973,25/05/2026,online,mobile,0.0,"4,95",completado,
order-0189401,cust-025459,23 de marzo de 2026,online,mobile,0.1,"4,95",completado,
order-0199338,cust-013648,19 de marzo de 2025,store,n/a,0.1,"0,00",completado,store-26
order-0314658,cust-003304,17 de marzo de 2026,online,mobile,0.0,"0,00",completado,
order-0066447,cust-005142,1 de junio de 2025,online,mobile,0.0,"0,00",completado,
order-0363583,cust-044225,2025-12-29,online,mobile,0.0,"2,95",completado,
order-0372053,cust-000486,2026-01-06,online,mobile,0.0,"2,95",completado,
order-0353105,cust-028053,28/01/2025,online,desktop,0.1,"0,00",completado,
order-0275647,cust-035987,2024-11-02,online,desktop,0.05,"4,95",completado,
order-0238569,cust-006224,13/01/2024,online,desktop,0.1,"4,95",completado,
order-0091303,cust-054905,10/04/2024,online,desktop,0.0,"0,00",completado,
order-0023575,cust-022951,15/10/2025,online,mobile,0.0,"0,00",completado,
order-0303789,cust-039860,2026-04-17,online,desktop,0.0,"2,95",devuelto_parcial,
order-0119846,cust-014909,11/03/2026,online,desktop,0.0,"0,00",completado,
order-0326558,cust-051923,2025-06-02,store,n/a,0.0,"0,00",cancelado,store-06
order-0379922,cust-014099,30 de enero de 2026,online,mobile,0.1,"0,00",completado,
order-0250605,cust-000942,07/05/2026,store,n/a,0.0,"0,00",completado,store-26
order-0009353,cust-raw-fake-005,2024-12-01,online,desktop,0.05,"4,95",completado,
order-0334747,cust-015315,2026-01-29,store,n/a,0.1,"0,00",completado,store-00
order-0284014,cust-029838,2026-06-18,store,n/a,0.0,"0,00",completado,store-38
order-0269015,cust-022177,24/07/2024,online,mobile,0.3,"0,00",completado,
order-0258348,cust-043875,2026-04-25,online,mobile,0.1,"2,95",completado,
order-0367425,cust-012475,2024-11-17,online,mobile,0.2,"2,95",completado,
order-0388016,cust-055092,29 de agosto de 2025,online,mobile,0.2,"0,00",devuelto_parcial,
order-0361537,cust-002945,2025-07-25,store,n/a,0.3,"0,00",completado,store-07
order-0179068,cust-030570,06/05/2024,online,mobile,0.0,"0,00",completado,
order-0352782,cust-019007,30 de junio de 2026,online,desktop,0.1,"2,95",completado,
order-0161404,cust-050582,2026-01-12,online,tablet,0.3,"2,95",completado,
order-0110688,cust-031215,14/02/2025,online,tablet,0.1,"4,95",completado,
order-0203230,cust-052952,17 de diciembre de 2024,online,mobile,0.1,"2,95",completado,
order-0265990,cust-028017,29/05/2025,store,n/a,0.0,"0,00",completado,store-11
order-0200042,cust-028523,15/09/2025,online,desktop,0.05,"4,95",completado,
order-0174558,cust-031852,15 de febrero de 2026,online,mobile,0.2,"4,95",completado,
order-0219244,cust-015163,2024-01-25,online,mobile,0.3,"2,95",completado,
order-0295471,cust-021795,24/03/2026,online,mobile,0.05,"2,95",completado,
order-0324363,cust-047531,13/04/2025,online,desktop,0.0,"4,95",completado,
order-0142669,cust-044309,2025-12-11,online,desktop,0.0,"0,00",completado,
order-0029836,cust-040973,27 de marzo de 2026,online,mobile,0.1,"2,95",completado,
order-0072157,cust-053419,2025-02-15,online,mobile,0.2,"4,95",completado,
order-0387390,cust-000401,2025-04-21,online,desktop,0.0,"2,95",completado,
order-0088212,cust-044611,07/11/2025,online,mobile,0.05,"2,95",completado,
order-0065662,cust-015265,2025-03-21,online,mobile,0.0,"0,00",completado,
order-0181180,cust-023262,2024-10-25,store,n/a,0.0,"0,00",completado,store-06
order-0145820,cust-024157,02/12/2024,online,desktop,0.05,"2,95",completado,
order-0090475,cust-046826,18 de marzo de 2026,online,desktop,0.0,"0,00",completado,
order-0024195,cust-034519,02/06/2026,online,desktop,0.0,"0,00",completado,
order-0124821,cust-023427,19 de diciembre de 2023,store,n/a,0.15,"0,00",completado,store-06
order-0315953,cust-058296,2025-12-27,online,mobile,0.1,"0,00",devuelto_parcial,
order-0192599,cust-019591,2026-05-27,online,mobile,0.0,"2,95",completado,
order-0092766,cust-057313,21 de noviembre de 2025,online,mobile,0.0,"4,95",completado,
order-0326299,cust-041846,16/06/2025,online,mobile,0.05,"0,00",completado,
order-0242269,cust-050635,8 de abril de 2026,online,mobile,0.0,"0,00",devuelto_parcial,
order-0029999,cust-044697,13/11/2025,online,desktop,0.0,"4,95",completado,
order-0255038,cust-046998,2024-04-06,store,n/a,0.05,"0,00",devuelto_parcial,store-30
order-0218439,cust-040405,30 de noviembre de 2025,online,desktop,0.2,"0,00",completado,
order-0019562,cust-028494,24/06/2023,online,tablet,0.0,"0,00",completado,
order-0375341,cust-009207,24/06/2026,online,desktop,0.0,"2,95",completado,
order-0233850,cust-058949,14 de agosto de 2024,online,mobile,0.1,"4,95",completado,
order-0031052,cust-030818,2026-02-25,store,n/a,0.3,"0,00",completado,store-00
order-0118599,cust-058161,2026-01-03,online,mobile,0.15,"0,00",completado,
order-0308625,cust-023609,18 de marzo de 2025,online,mobile,0.05,"0,00",devuelto_parcial,
order-0364889,cust-002382,2024-11-26,online,mobile,0.0,"0,00",completado,
order-0243096,cust-022595,13/04/2026,online,mobile,0.15,"2,95",completado,
order-0216320,cust-040181,2025-04-21,online,mobile,0.1,"4,95",completado,
order-0221606,cust-032873,8 de noviembre de 2024,online,mobile,0.05,"4,95",completado,
order-0122637,cust-033829,29/10/2025,online,mobile,0.15,"4,95",completado,
order-0215082,cust-011674,13 de marzo de 2026,online,desktop,0.15,"4,95",completado,
order-0340430,cust-013186,25 de septiembre de 2025,online,tablet,0.0,"4,95",cancelado,
order-0205201,cust-002668,2025-06-10,online,desktop,0.0,"4,95",completado,
order-0288026,cust-057110,15/01/2026,online,mobile,0.2,"0,00",completado,
order-0256390,cust-024153,14/07/2024,online,desktop,0.3,"2,95",completado,
order-0131103,cust-046459,2025-09-09,online,desktop,0.0,"4,95",completado,
order-0152520,cust-029956,2025-03-12,online,mobile,0.1,"2,95",completado,
order-0122783,cust-028930,10 de agosto de 2025,online,mobile,0.3,"4,95",completado,
order-0181117,cust-037336,2025-12-14,online,mobile,0.0,"0,00",completado,
order-0372337,cust-012833,2025-02-11,online,mobile,0.1,"4,95",completado,
order-0073393,cust-027316,30/06/2026,online,mobile,0.0,"4,95",completado,
order-0245387,cust-027729,30 de agosto de 2025,online,mobile,0.1,"4,95",completado,
order-0356168,cust-047680,8 de enero de 2025,store,n/a,0.3,"0,00",completado,store-07
order-0152601,cust-019904,2025-12-11,online,mobile,0.1,"0,00",completado,
order-0107349,cust-015231,8 de septiembre de 2025,online,desktop,0.1,"4,95",completado,
order-0175077,cust-028339,29/06/2026,online,mobile,0.1,"2,95",completado,
order-0235516,cust-020086,2026-01-03,online,desktop,0.05,"2,95",completado,
order-0355520,cust-052821,2024-07-09,online,desktop,0.3,"0,00",completado,
order-0179236,cust-006675,2026-06-30,online,desktop,0.0,"2,95",completado,
order-0300667,cust-059941,19/07/2025,online,mobile,0.3,"2,95",devuelto_parcial,
order-0180864,cust-011240,05/01/2026,online,desktop,0.05,"4,95",completado,
order-0288397,cust-035939,17/02/2025,online,desktop,0.15,"2,95",completado,
order-0168889,cust-019464,03/08/2025,online,desktop,0.2,"0,00",completado,
order-0068569,cust-043546,14/04/2024,online,mobile,0.0,"4,95",completado,
order-0272718,cust-015167,03/06/2026,online,mobile,0.0,"4,95",completado,
order-0354173,cust-018541,2025-12-23,online,mobile,0.2,"4,95",completado,
order-0287321,cust-004975,2023-12-27,online,desktop,0.0,"2,95",completado,
order-0200188,cust-039366,31 de mayo de 2025,online,mobile,0.05,"2,95",completado,
order-0009178,cust-027140,2026-01-08,online,mobile,0.3,"4,95",completado,
order-0220260,cust-010036,02/03/2025,online,mobile,0.0,"4,95",cancelado,
order-0346249,cust-014512,2025-12-19,online,mobile,0.2,"4,95",completado,
order-0196544,cust-019377,26/08/2025,online,mobile,0.3,"2,95",completado,
order-0257345,cust-020340,07/09/2024,online,mobile,0.05,"2,95",completado,
order-0037637,cust-002741,2025-06-26,online,mobile,0.05,"4,95",completado,
order-0047962,cust-027695,2024-10-19,online,mobile,0.2,"0,00",devuelto_parcial,
order-0297215,cust-035558,25 de junio de 2026,online,mobile,0.0,"4,95",completado,
order-0261719,cust-029576,20/01/2024,online,mobile,0.2,"4,95",completado,
order-0396629,cust-025500,08/04/2026,online,mobile,0.1,"0,00",devuelto_parcial,
order-0124329,cust-048773,2025-08-09,store,n/a,0.3,"0,00",completado,store-39
order-0321116,cust-040161,25/11/2025,online,mobile,0.0,"4,95",completado,
order-0105671,cust-030359,05/04/2025,online,tablet,0.15,"0,00",completado,
order-0040909,cust-049932,2026-06-30,online,desktop,0.0,"0,00",completado,
order-0319065,cust-012990,2025-07-03,online,mobile,0.1,"0,00",completado,
order-0009782,cust-010616,30 de noviembre de 2023,online,mobile,0.0,"2,95",completado,
order-0206273,cust-018438,21 de mayo de 2025,online,mobile,0.15,"2,95",completado,
order-0146906,cust-036576,25/08/2025,online,mobile,0.3,"4,95",completado,
order-0282287,cust-054051,2026-01-05,online,tablet,0.2,"4,95",completado,
order-0369003,cust-051065,2025-08-04,online,desktop,0.3,"4,95",completado,
order-0351190,cust-014300,8 de agosto de 2024,online,mobile,0.1,"2,95",completado,
order-0091433,cust-055919,2025-12-27,online,mobile,0.1,"4,95",completado,
order-0007218,cust-017134,14 de julio de 2025,store,n/a,0.15,"0,00",completado,store-38
order-0258097,cust-057673,2026-02-20,online,desktop,0.3,"2,95",completado,
order-0361271,cust-006909,18/02/2026,store,n/a,0.1,"0,00",completado,store-37
order-0271712,cust-027399,09/06/2026,online,mobile,0.15,"0,00",completado,
order-0180277,cust-050228,24 de marzo de 2026,store,n/a,0.05,"0,00",completado,store-27
order-0070804,cust-053595,2025-03-19,online,mobile,0.05,"0,00",completado,
order-0268326,cust-raw-fake-004,15/07/2025,online,desktop,0.2,"4,95",completado,
order-0329037,cust-005004,31/01/2026,online,desktop,0.2,"0,00",completado,
order-0295879,cust-031176,2023-06-09,online,mobile,0.2,"0,00",completado,
order-0267229,cust-002702,15/10/2025,online,desktop,0.0,"0,00",completado,
order-0392584,cust-023220,26 de febrero de 2026,online,desktop,0.1,"2,95",completado,
order-0028091,cust-050147,19 de marzo de 2026,online,mobile,0.0,"2,95",completado,
order-0292028,cust-raw-fake-008,30 de junio de 2025,online,mobile,0.1,"0,00",completado,
order-0090160,cust-037179,2025-01-21,online,desktop,0.2,"2,95",completado,
order-0275600,cust-030543,08/11/2024,online,mobile,0.0,"0,00",completado,
order-0003726,cust-005429,2024-08-14,online,desktop,0.1,"0,00",completado,
order-0155380,cust-035735,2025-06-21,online,mobile,0.2,"0,00",completado,
order-0012583,cust-034818,2026-03-13,online,mobile,0.15,"0,00",completado,
order-0302600,cust-002233,13 de octubre de 2025,online,desktop,0.0,"2,95",completado,
order-0160852,cust-009218,13 de abril de 2026,online,mobile,0.0,"0,00",completado,
order-0180774,cust-035186,19/10/2024,online,mobile,0.0,"0,00",cancelado,
order-0374416,cust-027274,12/01/2026,online,desktop,0.1,"0,00",completado,
order-0346379,cust-022497,2025-04-07,online,mobile,0.0,"0,00",cancelado,
order-0358307,cust-045154,5 de abril de 2024,online,tablet,0.1,"0,00",completado,
order-0020196,cust-040685,19 de diciembre de 2024,online,mobile,0.3,"4,95",completado,
order-0081282,cust-033423,2025-11-14,online,desktop,0.05,"0,00",completado,
order-0360287,cust-037157,08/12/2023,online,mobile,0.0,"0,00",devuelto_parcial,
order-0353571,cust-057323,19/03/2024,online,desktop,0.05,"2,95",completado,
order-0013071,cust-014770,2026-06-30,online,desktop,0.05,"2,95",completado,
order-0108998,cust-021852,30/03/2026,online,desktop,0.15,"0,00",completado,
order-0285418,cust-028205,03/07/2023,online,mobile,0.2,"4,95",completado,
order-0317161,cust-024682,18/05/2025,online,mobile,0.0,"0,00",completado,
order-0022607,cust-029097,23/05/2026,online,desktop,0.1,"4,95",completado,
order-0079165,cust-010888,2024-05-31,online,mobile,0.05,"4,95",completado,
order-0395341,cust-009899,2026-01-29,online,desktop,0.2,"0,00",completado,
order-0209471,cust-011539,2024-08-02,store,n/a,0.1,"0,00",completado,store-28
order-0121276,cust-017912,25/01/2025,online,desktop,0.2,"4,95",completado,
order-0031394,cust-047592,2025-05-25,online,mobile,0.0,"4,95",completado,
order-0126861,cust-057571,14 de junio de 2024,online,mobile,0.0,"2,95",completado,
order-0152359,cust-020948,2024-10-02,online,desktop,0.05,"2,95",completado,
order-0175700,cust-055154,24 de octubre de 2025,online,mobile,0.1,"0,00",devuelto_parcial,
order-0205982,cust-051067,2026-01-14,online,desktop,0.3,"0,00",completado,
order-0072488,cust-011068,5 de septiembre de 2025,online,mobile,0.05,"4,95",completado,
order-0108300,cust-035591,2026-02-02,online,desktop,0.1,"2,95",cancelado,
order-0074005,cust-017253,21/11/2024,online,desktop,0.0,"4,95",completado,
order-0284918,cust-015952,2025-07-11,online,desktop,0.3,"0,00",cancelado,
order-0397865,cust-011720,15/01/2025,online,desktop,0.3,"0,00",devuelto_parcial,
order-0251868,cust-037083,13/11/2024,online,desktop,0.05,"2,95",completado,
order-0053533,cust-053592,18 de julio de 2025,online,desktop,0.1,"4,95",completado,
order-0340096,cust-024663,24/09/2025,online,mobile,0.0,"0,00",completado,
order-0334926,cust-026246,15/03/2024,online,mobile,0.0,"0,00",completado,
order-0115383,cust-000664,2024-10-17,online,desktop,0.0,"2,95",completado,
order-0170577,cust-036137,09/04/2025,online,mobile,0.0,"0,00",completado,
order-0190396,cust-011547,08/06/2024,online,mobile,0.0,"2,95",completado,
order-0080504,cust-047363,11/11/2025,online,desktop,0.0,"0,00",completado,
order-0114564,cust-008023,7 de mayo de 2025,online,desktop,0.05,"4,95",completado,
order-0153575,cust-023612,04/04/2024,online,tablet,0.0,"4,95",completado,
order-0106684,cust-018659,23 de abril de 2026,online,mobile,0.0,"2,95",completado,
order-0047338,cust-054442,05/01/2026,online,mobile,0.0,"2,95",completado,
order-0282291,cust-042841,2024-06-18,online,desktop,0.1,"0,00",completado,
order-0108859,cust-002013,01/08/2025,online,mobile,0.3,"2,95",completado,
order-0332225,cust-043240,12 de julio de 2025,online,desktop,0.2,"4,95",completado,
order-0270394,cust-005166,2023-07-06,online,mobile,0.1,"0,00",completado,
order-0314975,cust-004942,07/09/2025,online,desktop,0.0,"0,00",completado,
order-0273469,cust-002542,15/08/2024,online,mobile,0.1,"0,00",completado,
order-0017505,cust-036563,2025-03-04,online,mobile,0.0,"0,00",completado,
order-0070162,cust-001603,18/04/2024,online,desktop,0.15,"0,00",completado,
order-0001248,cust-007815,2024-01-15,online,mobile,0.3,"0,00",cancelado,
order-0246159,cust-028342,2025-10-01,online,mobile,0.0,"0,00",completado,
order-0288877,cust-055239,2025-01-03,online,desktop,0.1,"0,00",completado,
order-0228085,cust-002502,13/09/2023,online,mobile,0.0,"2,95",completado,
order-0098918,cust-051926,23/08/2024,online,desktop,0.3,"0,00",completado,
order-0294603,cust-049054,30/12/2025,online,mobile,0.05,"0,00",completado,
order-0107887,cust-059247,19 de enero de 2026,online,desktop,0.3,"2,95",completado,
order-0392623,cust-007203,26 de septiembre de 2024,online,mobile,0.05,"0,00",completado,
order-0150050,cust-007848,2025-07-11,online,desktop,0.1,"0,00",completado,
order-0151536,cust-033098,22/01/2025,online,desktop,0.2,"0,00",completado,
order-0128206,cust-000241,2 de febrero de 2026,online,mobile,0.2,"4,95",completado,
order-0375866,cust-023195,07/03/2026,online,mobile,0.1,"4,95",completado,
order-0152508,cust-038984,2024-04-20,online,mobile,0.1,"4,95",completado,
order-0197516,cust-057308,29 de noviembre de 2023,online,desktop,0.05,"0,00",cancelado,
order-0293658,cust-049323,22/07/2025,online,mobile,0.3,"4,95",completado,
order-0150895,cust-026564,15 de julio de 2024,online,desktop,0.2,"2,95",completado,
order-0172070,cust-009809,2024-12-07,online,desktop,0.1,"0,00",completado,
order-0376309,cust-051737,10/10/2025,store,n/a,0.0,"0,00",devuelto_parcial,store-00
order-0360656,cust-017099,05/11/2024,online,desktop,0.0,"4,95",completado,
order-0343945,cust-037015,2025-02-02,online,mobile,0.2,"2,95",completado,
order-0127270,cust-053427,2026-03-15,online,desktop,0.05,"0,00",completado,
order-0033880,cust-037392,18/11/2024,online,mobile,0.0,"2,95",completado,
order-0305963,cust-001904,2025-01-19,online,mobile,0.3,"2,95",completado,
order-0343071,cust-000518,29 de noviembre de 2023,online,mobile,0.0,"0,00",completado,
order-0118096,cust-030346,21/06/2025,online,mobile,0.0,"2,95",completado,
order-0190364,cust-015474,13 de junio de 2026,online,tablet,0.05,"4,95",completado,
order-0102484,cust-040072,2024-03-18,online,desktop,0.0,"0,00",completado,
order-0366141,cust-044771,29/11/2023,online,desktop,0.0,"4,95",cancelado,
order-0130095,cust-023859,31/07/2025,online,desktop,0.1,"4,95",completado,
order-0306552,cust-raw-fake-010,4 de julio de 2025,online,desktop,0.3,"2,95",completado,
order-0192648,cust-023582,2026-02-05,store,n/a,0.3,"0,00",completado,store-04
order-0048477,cust-023341,8 de noviembre de 2025,online,tablet,0.0,"0,00",completado,
order-0255914,cust-030654,7 de julio de 2025,online,mobile,0.1,"2,95",completado,
order-0185094,cust-055660,2026-06-13,online,mobile,0.0,"4,95",completado,
order-0112887,cust-040414,2025-09-30,online,mobile,0.1,"2,95",completado,
order-0202058,cust-023128,1 de abril de 2026,online,mobile,0.0,"2,95",completado,
order-0126298,cust-039487,2026-01-11,online,mobile,0.1,"4,95",completado,
order-0208301,cust-016644,21/12/2025,online,desktop,0.3,"0,00",completado,
order-0038947,cust-056032,23 de marzo de 2025,online,mobile,0.05,"0,00",completado,
order-0238047,cust-004417,2024-06-25,online,mobile,0.0,"0,00",completado,
order-0337881,cust-042265,4 de octubre de 2024,online,desktop,0.2,"2,95",completado,
order-0168419,cust-042261,2025-03-30,online,tablet,0.0,"0,00",devuelto_parcial,
order-0062289,cust-035372,2 de mayo de 2025,online,mobile,0.15,"0,00",completado,
order-0242132,cust-015355,24/04/2026,online,mobile,0.0,"4,95",completado,
order-0016735,cust-036516,2026-06-25,online,mobile,0.0,"2,95",completado,
order-0117249,cust-035588,17 de mayo de 2026,online,mobile,0.0,"4,95",completado,
order-0368006,cust-021474,2025-10-26,online,mobile,0.15,"2,95",cancelado,
order-0107117,cust-047566,26 de noviembre de 2024,online,mobile,0.05,"0,00",completado,
order-0256064,cust-034395,2025-02-13,online,desktop,0.3,"0,00",completado,
order-0157547,cust-049542,24 de agosto de 2025,online,mobile,0.1,"2,95",completado,
order-0033216,cust-033386,2024-08-10,online,mobile,0.2,"4,95",completado,
order-0354543,cust-013186,16/11/2025,online,desktop,0.1,"2,95",completado,
order-0318548,cust-053850,25/04/2026,online,desktop,0.15,"0,00",completado,
order-0041933,cust-055097,07/05/2026,online,mobile,0.0,"0,00",completado,
order-0306018,cust-002072,20/08/2025,online,mobile,0.3,"4,95",completado,
order-0271550,cust-036226,2025-12-13,online,mobile,0.0,"0,00",completado,
order-0175826,cust-032550,27 de mayo de 2026,online,mobile,0.0,"0,00",completado,
order-0059621,cust-040073,09/10/2024,online,desktop,0.0,"2,95",completado,
order-0220025,cust-045019,2025-07-28,online,desktop,0.2,"4,95",completado,
order-0380938,cust-041602,2026-03-08,online,desktop,0.05,"0,00",completado,
order-0070031,cust-055003,9 de enero de 2026,online,mobile,0.2,"4,95",completado,
order-0152389,cust-033163,26/04/2026,online,tablet,0.0,"0,00",completado,
order-0376970,cust-059473,9 de septiembre de 2025,online,mobile,0.05,"2,95",completado,
order-0103360,cust-043981,29 de octubre de 2025,online,desktop,0.15,"4,95",completado,
order-0086154,cust-050843,30/06/2026,store,n/a,0.05,"0,00",completado,store-31
order-0153931,cust-008475,12 de julio de 2025,online,desktop,0.2,"0,00",completado,
order-0343916,cust-037127,2024-08-15,online,desktop,0.2,"4,95",completado,
order-0395990,cust-033040,4 de noviembre de 2025,online,mobile,0.0,"0,00",completado,
order-0070207,cust-058343,16 de noviembre de 2025,online,tablet,0.0,"2,95",completado,
order-0073577,cust-050677,08/06/2025,online,mobile,0.05,"0,00",completado,
order-0340740,cust-033175,06/01/2026,online,desktop,0.0,"4,95",completado,
order-0184617,cust-048255,16/05/2026,online,desktop,0.05,"0,00",devuelto_parcial,
order-0209672,cust-055855,14/04/2023,online,mobile,0.15,"0,00",completado,
order-0189461,cust-036092,2026-03-24,online,mobile,0.0,"4,95",completado,
order-0334206,cust-021411,2024-08-30,online,mobile,0.15,"4,95",completado,
order-0213814,cust-019164,25/08/2024,online,desktop,0.2,"2,95",completado,
order-0220805,cust-005540,11 de marzo de 2025,online,tablet,0.05,"2,95",devuelto_parcial,
order-0378604,cust-027000,13/08/2025,online,mobile,0.2,"4,95",completado,
order-0267788,cust-017241,10 de junio de 2026,online,mobile,0.2,"4,95",completado,
order-0164840,cust-031288,2024-07-19,online,desktop,0.1,"4,95",completado,
order-0119734,cust-046488,24 de mayo de 2025,online,mobile,0.0,"2,95",completado,
order-0009958,cust-007087,10/04/2025,online,mobile,0.0,"4,95",completado,
order-0181186,cust-039113,16/08/2025,online,desktop,0.2,"2,95",completado,
order-0108385,cust-022845,2025-09-15,online,desktop,0.0,"2,95",completado,
order-0257289,cust-014331,2026-06-30,online,desktop,0.15,"0,00",completado,
order-0331931,cust-015108,2026-02-09,online,tablet,0.2,"2,95",completado,
order-0123716,cust-029587,30 de julio de 2025,online,desktop,0.3,"0,00",devuelto_parcial,
order-0280766,cust-005143,28/02/2026,online,desktop,0.3,"2,95",completado,
order-0311736,cust-026898,21 de agosto de 2025,online,desktop,0.3,"2,95",completado,
order-0279699,cust-039130,12 de octubre de 2025,online,mobile,0.15,"4,95",completado,
order-0135116,cust-042280,2026-01-08,online,mobile,0.1,"0,00",completado,
order-0142257,cust-011289,06/09/2025,online,mobile,0.0,"2,95",completado,
order-0258938,cust-015747,21 de junio de 2026,online,mobile,0.0,"2,95",completado,
order-0201789,cust-005414,3 de junio de 2026,online,mobile,0.0,"0,00",completado,
order-0395493,cust-034333,1 de abril de 2026,online,desktop,0.0,"4,95",completado,
order-0078760,cust-019019,23 de mayo de 2025,online,mobile,0.15,"0,00",completado,
order-0108469,cust-010808,2024-10-26,online,mobile,0.2,"0,00",cancelado,
order-0063957,cust-048079,06/11/2024,online,mobile,0.0,"2,95",completado,
order-0390836,cust-015359,02/05/2025,online,desktop,0.1,"2,95",completado,
order-0010166,cust-013424,26 de abril de 2026,online,desktop,0.0,"4,95",completado,
order-0082435,cust-018289,2024-10-07,online,mobile,0.1,"4,95",completado,
order-0027413,cust-033098,2025-11-13,online,mobile,0.15,"2,95",completado,
order-0296653,cust-014853,08/10/2023,online,mobile,0.0,"0,00",completado,
order-0046730,cust-052287,14/11/2025,online,desktop,0.05,"2,95",completado,
order-0032062,cust-007980,2025-09-20,online,desktop,0.0,"4,95",completado,
order-0130548,cust-045280,30 de diciembre de 2023,online,mobile,0.0,"0,00",completado,
order-0032871,cust-051792,2025-12-26,online,mobile,0.0,"0,00",completado,
order-0204054,cust-034431,24/06/2026,online,mobile,0.15,"0,00",completado,
order-0212425,cust-055215,2026-02-03,online,desktop,0.3,"4,95",cancelado,
order-0027326,cust-056386,4 de septiembre de 2025,online,desktop,0.0,"4,95",devuelto_parcial,
order-0276938,cust-053423,17/10/2024,online,mobile,0.0,"0,00",completado,
order-0383045,cust-041498,26/10/2024,online,mobile,0.05,"4,95",completado,
order-0299097,cust-016277,2025-12-16,online,mobile,0.1,"2,95",completado,
order-0064066,cust-046350,16/05/2026,online,mobile,0.0,"0,00",completado,
order-0117759,cust-002378,27/06/2026,online,mobile,0.05,"2,95",completado,
order-0352037,cust-012069,26/02/2025,online,desktop,0.3,"0,00",completado,
order-0056109,cust-043608,2024-10-25,online,mobile,0.0,"4,95",completado,
order-0131780,cust-047341,14/07/2025,online,desktop,0.3,"4,95",completado,
order-0028842,cust-005507,24 de febrero de 2025,online,mobile,0.3,"2,95",completado,
order-0100108,cust-054026,13/05/2024,online,mobile,0.1,"0,00",completado,
order-0252692,cust-000921,6 de junio de 2026,online,mobile,0.15,"4,95",completado,
order-0252459,cust-043857,21/02/2026,online,tablet,0.3,"0,00",completado,
order-0177286,cust-002031,5 de febrero de 2026,online,desktop,0.1,"2,95",completado,
order-0387585,cust-058792,16/11/2025,online,mobile,0.05,"2,95",completado,
order-0054940,cust-027829,2026-03-05,online,mobile,0.0,"2,95",completado,
order-0009438,cust-030152,2026-06-08,online,desktop,0.0,"4,95",cancelado,
order-0255539,cust-005260,10/12/2023,online,mobile,0.0,"4,95",completado,
order-0021776,cust-005607,2025-03-31,online,desktop,0.0,"0,00",completado,
order-0248485,cust-033927,2026-03-06,online,mobile,0.1,"0,00",completado,
order-0207518,cust-050299,14 de diciembre de 2024,store,n/a,0.0,"0,00",completado,store-39
order-0044846,cust-029231,2024-02-09,store,n/a,0.3,"0,00",completado,store-30
order-0253474,cust-046885,09/05/2024,online,tablet,0.0,"4,95",devuelto_parcial,
order-0058849,cust-029039,18 de octubre de 2025,online,desktop,0.15,"2,95",completado,
order-0390956,cust-042703,18 de mayo de 2025,store,n/a,0.15,"0,00",completado,store-19
order-0021570,cust-026839,2024-02-08,online,desktop,0.1,"0,00",completado,
order-0316581,cust-055851,2023-08-01,online,mobile,0.3,"2,95",completado,
order-0029384,cust-011376,18 de junio de 2026,online,desktop,0.05,"0,00",completado,
order-0357435,cust-034617,4 de diciembre de 2024,online,mobile,0.0,"0,00",completado,
order-0087907,cust-036860,11 de octubre de 2024,online,tablet,0.15,"0,00",completado,
order-0367260,cust-044113,14 de enero de 2026,online,desktop,0.15,"2,95",completado,
order-0363512,cust-040334,2023-12-12,online,mobile,0.15,"0,00",completado,
order-0042614,cust-048308,30/06/2026,online,desktop,0.0,"0,00",completado,
order-0081614,cust-034920,25/04/2026,online,mobile,0.1,"4,95",completado,
order-0224818,cust-055538,15/04/2025,online,mobile,0.1,"0,00",completado,
order-0030502,cust-026737,09/02/2026,online,desktop,0.3,"4,95",completado,
order-0006248,cust-029397,2025-07-11,online,desktop,0.1,"0,00",completado,
order-0390952,cust-031117,04/04/2025,online,desktop,0.15,"0,00",completado,
order-0227317,cust-049522,22 de junio de 2026,online,desktop,0.05,"2,95",completado,
order-0040629,cust-047746,10 de octubre de 2024,online,mobile,0.1,"4,95",completado,
order-0237009,cust-041104,01/03/2026,online,desktop,0.1,"0,00",completado,
order-0025403,cust-007050,24/10/2023,online,mobile,0.0,"4,95",completado,
order-0281698,cust-024920,01/01/2026,online,mobile,0.05,"4,95",completado,
order-0156034,cust-023834,29 de diciembre de 2024,online,mobile,0.05,"0,00",completado,
order-0188487,cust-023005,30 de junio de 2026,online,mobile,0.0,"0,00",completado,
order-0031595,cust-044307,7 de agosto de 2025,online,tablet,0.2,"4,95",completado,
order-0189628,cust-012956,8 de mayo de 2026,online,mobile,0.0,"4,95",completado,
order-0144402,cust-047112,8 de mayo de 2026,store,n/a,0.15,"0,00",devuelto_parcial,store-37
order-0141729,cust-020449,2025-08-03,online,mobile,0.2,"4,95",completado,
order-0043301,cust-038305,18/12/2023,online,mobile,0.2,"4,95",completado,
order-0008864,cust-026659,2 de marzo de 2026,store,n/a,0.0,"0,00",completado,store-18
order-0058271,cust-034521,6 de mayo de 2024,online,desktop,0.0,"4,95",completado,
order-0095794,cust-056477,2025-02-16,online,desktop,0.1,"2,95",completado,
order-0357297,cust-052177,2025-07-22,online,desktop,0.2,"4,95",completado,
order-0019614,cust-025024,30 de junio de 2026,online,mobile,0.05,"2,95",cancelado,
order-0268251,cust-053007,2023-07-18,online,tablet,0.3,"2,95",devuelto_parcial,
order-0247519,cust-016125,2025-07-10,online,mobile,0.3,"2,95",completado,
order-0314176,cust-034970,2025-08-19,online,desktop,0.2,"0,00",completado,
order-0303868,cust-034145,2025-03-20,online,mobile,0.15,"4,95",devuelto_parcial,
order-0169163,cust-057654,8 de febrero de 2025,online,mobile,0.3,"2,95",completado,
order-0220693,cust-058845,17/04/2026,online,desktop,0.1,"0,00",completado,
order-0203706,cust-031022,27/09/2025,online,mobile,0.0,"2,95",completado,
order-0249437,cust-024799,2025-09-30,online,mobile,0.0,"0,00",completado,
order-0250578,cust-052171,2025-02-21,online,desktop,0.1,"2,95",completado,
order-0078029,cust-033232,6 de junio de 2026,online,mobile,0.05,"0,00",completado,
order-0206048,cust-042301,22 de abril de 2025,store,n/a,0.0,"0,00",completado,store-37
order-0274094,cust-019947,29/03/2024,online,desktop,0.1,"4,95",completado,
order-0163332,cust-014383,01/05/2023,online,mobile,0.05,"0,00",completado,
order-0066396,cust-008564,23 de diciembre de 2023,online,desktop,0.3,"2,95",completado,
order-0093212,cust-016510,2026-05-21,online,mobile,0.0,"0,00",completado,
order-0154408,cust-058355,2025-06-28,online,desktop,0.0,"4,95",devuelto_parcial,
order-0273172,cust-020592,02/05/2023,online,tablet,0.0,"4,95",completado,
order-0198115,cust-037837,2025-12-02,online,desktop,0.0,"4,95",completado,
order-0385729,cust-040823,4 de marzo de 2026,online,mobile,0.05,"0,00",completado,
order-0175240,cust-051972,2025-12-16,online,desktop,0.3,"4,95",completado,
order-0347053,cust-009492,26/05/2025,online,desktop,0.05,"0,00",completado,
order-0336234,cust-056823,22/06/2025,online,desktop,0.0,"0,00",completado,
order-0165479,cust-058252,04/03/2026,online,desktop,0.1,"2,95",completado,
order-0083516,cust-000999,27/06/2026,online,mobile,0.0,"4,95",completado,
order-0071065,cust-039990,2026-05-25,online,mobile,0.0,"0,00",completado,
order-0125692,cust-047025,06/03/2026,online,desktop,0.1,"4,95",completado,
order-0250636,cust-005632,30 de junio de 2026,online,desktop,0.05,"0,00",completado,
order-0278764,cust-042868,15/02/2026,online,mobile,0.1,"0,00",completado,
order-0313573,cust-000441,30/08/2024,online,tablet,0.2,"2,95",completado,
order-0245568,cust-005881,2025-10-21,online,mobile,0.1,"0,00",completado,
order-0010484,cust-006298,2025-06-27,online,mobile,0.0,"0,00",completado,
order-0216304,cust-007645,23 de agosto de 2023,online,mobile,0.2,"4,95",completado,
order-0176062,cust-008088,2026-06-07,online,desktop,0.05,"0,00",completado,
order-0358123,cust-008098,19 de marzo de 2025,online,mobile,0.0,"2,95",completado,
order-0307685,cust-010324,31 de agosto de 2024,online,mobile,0.3,"0,00",completado,
order-0142775,cust-050483,2023-08-11,online,desktop,0.3,"2,95",completado,
order-0060457,cust-047041,03/11/2023,online,mobile,0.05,"4,95",completado,
order-0117949,cust-013737,21 de abril de 2025,store,n/a,0.1,"0,00",completado,store-15
order-0189868,cust-036525,09/06/2026,online,mobile,0.1,"0,00",completado,
order-0177709,cust-014302,31/07/2023,online,mobile,0.1,"4,95",completado,
order-0206692,cust-044392,04/06/2024,online,mobile,0.2,"2,95",completado,
order-0385265,cust-031656,2024-12-26,online,mobile,0.0,"2,95",completado,
order-0269662,cust-034656,1 de agosto de 2025,online,desktop,0.2,"4,95",completado,
order-0195130,cust-033133,20 de marzo de 2024,online,mobile,0.05,"4,95",completado,
order-0004491,cust-011558,27/02/2025,online,mobile,0.2,"0,00",completado,
order-0112892,cust-raw-fake-014,2025-02-26,online,tablet,0.2,"2,95",completado,
order-0328758,cust-003838,23/01/2026,online,mobile,0.15,"2,95",completado,
order-0107152,cust-042173,5 de septiembre de 2025,online,mobile,0.1,"2,95",cancelado,
order-0243414,cust-005831,08/12/2024,online,mobile,0.0,"0,00",completado,
order-0064842,cust-033852,2023-11-17,online,desktop,0.05,"2,95",devuelto_parcial,
order-0378928,cust-037430,2025-11-28,online,desktop,0.2,"4,95",completado,
order-0247439,cust-024596,22 de junio de 2026,store,n/a,0.0,"0,00",completado,store-30
order-0184133,cust-029730,2026-05-17,online,mobile,0.1,"0,00",completado,
order-0228976,cust-038758,10 de septiembre de 2025,online,desktop,0.15,"4,95",completado,
order-0252131,cust-015783,2024-11-09,online,desktop,0.0,"0,00",completado,
order-0182734,cust-028210,2025-03-28,online,desktop,0.2,"2,95",completado,
order-0068519,cust-008890,2026-06-19,online,desktop,0.0,"0,00",completado,
order-0370348,cust-044386,11 de agosto de 2025,online,desktop,0.2,"2,95",completado,
order-0310305,cust-036891,2026-01-01,online,mobile,0.0,"4,95",cancelado,
order-0191019,cust-024107,03/02/2026,online,mobile,0.2,"2,95",completado,
order-0030061,cust-027572,23/12/2025,online,desktop,0.3,"0,00",completado,
order-0372867,cust-009549,2026-03-07,online,mobile,0.2,"0,00",devuelto_parcial,
order-0021795,cust-045171,04/01/2026,online,mobile,0.1,"4,95",completado,
order-0165287,cust-032258,15/09/2025,online,mobile,0.0,"4,95",completado,
order-0151243,cust-027572,25 de diciembre de 2025,online,mobile,0.05,"2,95",completado,
order-0302717,cust-032388,2025-08-25,online,desktop,0.1,"2,95",completado,
order-0252907,cust-036834,26 de febrero de 2026,online,mobile,0.1,"2,95",completado,
order-0283044,cust-024213,2026-03-14,store,n/a,0.0,"0,00",completado,store-14
order-0300846,cust-046459,2025-09-04,online,mobile,0.0,"2,95",completado,
order-0256661,cust-047380,05/01/2025,store,n/a,0.1,"0,00",devuelto_parcial,store-15
order-0265050,cust-050124,2025-09-01,online,mobile,0.0,"2,95",completado,
order-0076448,cust-017840,28 de diciembre de 2024,online,mobile,0.15,"4,95",completado,
order-0182958,cust-011793,2024-06-23,online,mobile,0.0,"0,00",completado,
order-0293560,cust-053605,2025-08-29,online,mobile,0.3,"0,00",cancelado,
order-0130385,cust-034927,15/12/2024,online,mobile,0.2,"0,00",completado,
order-0119712,cust-038454,2025-01-24,online,mobile,0.3,"4,95",completado,
order-0397785,cust-009256,05/11/2025,online,mobile,0.15,"4,95",completado,
order-0198062,cust-057560,13 de agosto de 2025,online,mobile,0.2,"2,95",completado,
order-0139585,cust-043487,20/06/2024,store,n/a,0.1,"0,00",completado,store-10
order-0243098,cust-030930,27/02/2026,online,mobile,0.2,"2,95",cancelado,
order-0297680,cust-001970,05/06/2026,online,desktop,0.1,"4,95",completado,
order-0158523,cust-037524,3 de septiembre de 2025,online,tablet,0.0,"4,95",completado,
order-0190092,cust-028019,26/03/2026,online,desktop,0.0,"2,95",completado,
order-0379792,cust-048459,2024-11-01,online,mobile,0.0,"2,95",completado,
order-0028888,cust-017865,21/01/2026,online,mobile,0.2,"0,00",completado,
order-0381940,cust-033563,04/02/2026,online,mobile,0.3,"2,95",completado,
order-0208135,cust-004153,2 de septiembre de 2025,online,desktop,0.0,"4,95",completado,
order-0357143,cust-048474,2024-12-04,online,desktop,0.0,"4,95",completado,
order-0369353,cust-017185,2023-11-11,online,mobile,0.0,"2,95",devuelto_parcial,
order-0265492,cust-056273,06/12/2025,store,n/a,0.0,"0,00",completado,store-10
order-0322444,cust-018163,9 de abril de 2025,online,mobile,0.0,"4,95",completado,
order-0318917,cust-009239,12 de marzo de 2025,online,desktop,0.0,"0,00",completado,
order-0353323,cust-031457,2024-11-14,online,mobile,0.1,"4,95",completado,
order-0147980,cust-018059,22/10/2023,online,mobile,0.0,"2,95",devuelto_parcial,
order-0112239,cust-032530,2025-12-27,online,tablet,0.0,"4,95",devuelto_parcial,
order-0359722,cust-041874,2026-06-27,online,tablet,0.0,"0,00",completado,
order-0375756,cust-004291,22 de mayo de 2026,online,desktop,0.1,"0,00",cancelado,
order-0194240,cust-042881,26 de abril de 2026,online,mobile,0.0,"0,00",cancelado,
order-0146995,cust-001585,2024-05-17,online,mobile,0.0,"0,00",completado,
order-0195338,cust-039945,02/08/2025,online,desktop,0.2,"0,00",devuelto_parcial,
order-0209577,cust-052199,2025-09-17,online,desktop,0.1,"2,95",completado,
order-0006061,cust-016820,16 de junio de 2025,online,desktop,0.1,"0,00",completado,
order-0055858,cust-040548,2025-11-25,online,mobile,0.1,"4,95",completado,
order-0158259,cust-raw-fake-005,01/06/2026,online,mobile,0.05,"0,00",completado,
order-0335435,cust-014058,2026-01-20,online,mobile,0.3,"4,95",completado,
order-0159401,cust-027884,19/10/2024,online,desktop,0.05,"2,95",completado,
order-0293706,cust-037047,29 de octubre de 2025,online,desktop,0.0,"4,95",completado,
order-0098869,cust-017617,26/06/2025,online,mobile,0.0,"2,95",completado,
order-0249984,cust-008261,18 de enero de 2025,online,mobile,0.2,"2,95",completado,
order-0080628,cust-017076,03/09/2023,store,n/a,0.05,"0,00",completado,store-39
order-0345279,cust-040811,2025-01-29,online,desktop,0.3,"0,00",completado,
order-0214746,cust-038724,20 de marzo de 2026,online,mobile,0.0,"2,95",completado,
order-0254898,cust-009963,20 de agosto de 2024,online,mobile,0.2,"2,95",completado,
order-0225218,cust-027837,2023-11-07,online,desktop,0.1,"0,00",completado,
order-0289776,cust-013645,2026-04-01,online,desktop,0.2,"0,00",completado,
order-0205691,cust-018298,2026-06-27,online,desktop,0.0,"4,95",completado,
order-0337595,cust-006888,02/10/2024,online,mobile,0.15,"4,95",completado,
order-0060334,cust-035005,2024-12-01,online,mobile,0.1,"0,00",cancelado,
order-0064053,cust-042518,13 de junio de 2026,online,desktop,0.2,"0,00",completado,
order-0281978,cust-055534,11/07/2025,online,mobile,0.1,"0,00",completado,
order-0275375,cust-032011,06/05/2024,online,mobile,0.0,"0,00",completado,
order-0274186,cust-027588,17 de enero de 2026,online,mobile,0.2,"4,95",completado,
order-0319720,cust-045607,10/02/2026,store,n/a,0.3,"0,00",completado,store-37
order-0291610,cust-056613,19 de junio de 2026,online,mobile,0.2,"4,95",completado,
order-0118193,cust-017465,2025-05-01,online,tablet,0.2,"2,95",completado,
order-0214623,cust-030899,2026-05-16,store,n/a,0.1,"0,00",completado,store-30
order-0080996,cust-035011,2025-08-15,online,desktop,0.3,"0,00",completado,
order-0312754,cust-044668,25/05/2026,online,desktop,0.2,"0,00",completado,
order-0224473,cust-049399,2023-03-16,online,mobile,0.0,"4,95",devuelto_parcial,
order-0356569,cust-006675,2026-06-30,online,mobile,0.0,"2,95",completado,
order-0392977,cust-044548,8 de septiembre de 2025,online,desktop,0.0,"4,95",completado,
order-0292004,cust-018141,2023-07-31,online,desktop,0.2,"4,95",completado,
order-0271180,cust-037514,2026-04-15,online,desktop,0.0,"2,95",cancelado,
order-0096689,cust-009723,28/12/2023,online,desktop,0.0,"4,95",completado,
order-0392171,cust-057295,2024-08-21,online,mobile,0.1,"4,95",completado,
order-0265851,cust-032624,2025-05-23,online,desktop,0.0,"0,00",completado,
order-0227187,cust-043511,12 de junio de 2026,online,mobile,0.0,"4,95",completado,
order-0381247,cust-053258,2026-02-20,online,mobile,0.2,"2,95",completado,
order-0130385,cust-034927,15/12/2024,online,mobile,0.2,"0,00",completado,
order-0124184,cust-057823,10/01/2026,online,desktop,0.2,"4,95",completado,
order-0106296,cust-020043,16/01/2025,online,mobile,0.1,"4,95",completado,
order-0347771,cust-005568,2025-11-28,online,mobile,0.1,"0,00",completado,
order-0259337,cust-010525,11 de julio de 2024,online,desktop,0.3,"2,95",completado,
order-0081018,cust-020796,22/11/2025,online,mobile,0.1,"0,00",completado,
order-0285062,cust-018967,2025-02-06,online,desktop,0.1,"0,00",completado,
order-0081866,cust-006506,26/04/2025,online,mobile,0.0,"2,95",completado,
order-0155689,cust-012377,02/02/2026,online,desktop,0.3,"2,95",completado,
order-0049391,cust-045953,31/03/2026,online,desktop,0.05,"4,95",completado,
order-0381863,cust-029614,2025-10-27,online,mobile,0.15,"4,95",devuelto_parcial,
order-0273851,cust-014930,2026-06-13,online,mobile,0.15,"0,00",completado,
order-0352209,cust-048407,2025-05-02,online,mobile,0.1,"0,00",completado,
order-0133705,cust-021665,11 de enero de 2026,online,mobile,0.3,"2,95",completado,
order-0248551,cust-000908,13 de marzo de 2025,online,mobile,0.0,"4,95",completado,
order-0085943,cust-004512,16 de enero de 2026,online,mobile,0.3,"4,95",completado,
order-0261709,cust-raw-fake-004,2024-01-30,online,desktop,0.3,"0,00",completado,
order-0370530,cust-raw-fake-015,2025-10-20,online,mobile,0.0,"0,00",completado,
order-0396384,cust-010759,23 de junio de 2026,online,tablet,0.05,"2,95",completado,
order-0261884,cust-052578,16 de octubre de 2025,online,mobile,0.1,"4,95",completado,
order-0221164,cust-029188,30 de septiembre de 2024,online,desktop,0.0,"0,00",completado,
order-0024738,cust-058846,2024-10-18,online,mobile,0.05,"2,95",completado,
order-0165908,cust-009866,20/06/2026,online,mobile,0.15,"0,00",completado,
order-0279360,cust-042331,5 de junio de 2026,online,mobile,0.0,"2,95",completado,
order-0065543,cust-003088,28/04/2026,online,mobile,0.0,"2,95",completado,
order-0254195,cust-029596,25/05/2026,online,mobile,0.0,"0,00",completado,
order-0086441,cust-040848,2025-06-03,online,desktop,0.15,"4,95",completado,
order-0059789,cust-009863,1 de febrero de 2025,online,desktop,0.1,"0,00",completado,
order-0233809,cust-027066,10 de diciembre de 2025,online,mobile,0.0,"0,00",completado,
order-0062455,cust-004402,23 de diciembre de 2025,online,tablet,0.1,"4,95",completado,
order-0296688,cust-023211,28/02/2026,online,desktop,0.2,"4,95",completado,
order-0042397,cust-025660,18 de noviembre de 2024,online,mobile,0.0,"4,95",devuelto_parcial,
order-0286713,cust-026227,06/12/2025,online,tablet,0.0,"4,95",completado,
order-0053625,cust-030028,2025-08-17,online,mobile,0.1,"4,95",completado,
order-0245178,cust-024328,9 de noviembre de 2025,online,desktop,0.0,"2,95",completado,
order-0175321,cust-010988,4 de diciembre de 2025,online,mobile,0.0,"0,00",completado,
order-0323318,cust-059545,26 de enero de 2025,online,desktop,0.1,"0,00",completado,
order-0104286,cust-055186,2025-04-15,online,mobile,0.1,"0,00",completado,
order-0134638,cust-006404,16 de enero de 2026,online,mobile,0.3,"2,95",completado,
order-0151864,cust-046156,27 de junio de 2026,online,mobile,0.05,"2,95",completado,
order-0147752,cust-028123,2026-05-18,online,mobile,0.0,"0,00",completado,
order-0040334,cust-018304,3 de diciembre de 2025,online,desktop,0.15,"2,95",completado,
order-0214361,cust-015266,4 de junio de 2026,online,mobile,0.15,"4,95",completado,
order-0209607,cust-011320,23 de abril de 2026,online,desktop,0.1,"0,00",completado,
order-0154847,cust-raw-fake-003,26/09/2025,online,mobile,0.1,"2,95",completado,
order-0365572,cust-050036,08/02/2026,online,mobile,0.2,"4,95",completado,
order-0098134,cust-raw-fake-016,22 de diciembre de 2025,online,desktop,0.3,"2,95",completado,
order-0196274,cust-058008,31/03/2025,online,mobile,0.15,"0,00",completado,
order-0385198,cust-046929,19/06/2026,online,mobile,0.0,"4,95",completado,
order-0215112,cust-034278,19/03/2026,online,mobile,0.0,"2,95",cancelado,
order-0384330,cust-042874,2025-12-13,online,desktop,0.0,"0,00",devuelto_parcial,
order-0095665,cust-014433,30 de abril de 2025,online,mobile,0.0,"0,00",completado,
order-0158222,cust-042171,09/05/2024,online,mobile,0.1,"0,00",completado,
order-0361868,cust-018750,1 de octubre de 2023,online,mobile,0.0,"0,00",completado,
order-0381811,cust-019746,10 de febrero de 2024,online,tablet,0.3,"0,00",completado,
order-0188816,cust-006144,14/11/2024,online,mobile,0.0,"0,00",completado,
order-0082498,cust-013921,14 de septiembre de 2025,online,tablet,0.0,"4,95",completado,
order-0368898,cust-013224,2024-10-25,online,mobile,0.2,"0,00",devuelto_parcial,
order-0303503,cust-054246,17 de diciembre de 2025,online,mobile,0.2,"2,95",completado,
order-0060351,cust-038253,25 de agosto de 2025,online,mobile,0.2,"0,00",completado,
order-0257101,cust-004722,2024-11-22,online,mobile,0.1,"4,95",completado,
order-0373908,cust-000450,7 de diciembre de 2023,online,desktop,0.2,"0,00",completado,
order-0315894,cust-033781,2025-05-21,online,desktop,0.0,"0,00",completado,
order-0348505,cust-014508,2024-09-06,online,desktop,0.1,"2,95",completado,
order-0127611,cust-057997,9 de enero de 2025,online,desktop,0.2,"2,95",completado,
order-0390499,cust-006106,21/02/2024,online,desktop,0.1,"2,95",completado,
order-0168227,cust-001145,18/03/2026,online,desktop,0.1,"4,95",completado,
order-0345882,cust-012650,28 de marzo de 2026,store,n/a,0.15,"0,00",completado,store-19
order-0364935,cust-057891,24 de mayo de 2026,online,mobile,0.0,"2,95",cancelado,
order-0398419,cust-026091,2026-02-22,online,mobile,0.1,"2,95",completado,
order-0172994,cust-008261,2025-07-29,online,desktop,0.2,"4,95",completado,
order-0076752,cust-050680,3 de agosto de 2024,online,mobile,0.3,"2,95",completado,
order-0354504,cust-004668,19 de marzo de 2025,online,desktop,0.1,"0,00",completado,
order-0210063,cust-000774,13/08/2024,online,desktop,0.3,"0,00",completado,
order-0029366,cust-035403,2026-06-29,online,desktop,0.0,"4,95",completado,
order-0032827,cust-003387,18/09/2025,online,mobile,0.05,"2,95",completado,
order-0213831,cust-004890,03/02/2026,online,mobile,0.2,"0,00",completado,
order-0102660,cust-035757,2026-03-28,online,desktop,0.0,"2,95",completado,
order-0071159,cust-012051,21/10/2025,online,mobile,0.0,"0,00",cancelado,
order-0144982,cust-018447,2025-10-26,online,desktop,0.0,"2,95",completado,
order-0141867,cust-043811,10/11/2025,online,mobile,0.15,"2,95",completado,
order-0190951,cust-005335,15 de junio de 2025,online,tablet,0.15,"0,00",completado,
order-0248038,cust-029566,2025-01-09,online,desktop,0.3,"4,95",completado,
order-0110861,cust-011397,2024-02-21,online,mobile,0.2,"4,95",completado,
order-0388518,cust-047086,2026-06-17,online,tablet,0.15,"0,00",completado,
order-0369500,cust-051668,10/09/2024,store,n/a,0.0,"0,00",completado,store-37
order-0170519,cust-047849,2024-09-09,online,desktop,0.0,"4,95",completado,
order-0390541,cust-057957,05/10/2025,online,mobile,0.0,"2,95",completado,
order-0309708,cust-050189,6 de febrero de 2025,online,mobile,0.2,"4,95",completado,
order-0041469,cust-024386,11 de agosto de 2024,online,mobile,0.2,"4,95",devuelto_parcial,
order-0119475,cust-043502,05/08/2024,online,desktop,0.2,"0,00",completado,
order-0040290,cust-006532,2024-10-14,online,mobile,0.0,"4,95",completado,
order-0136597,cust-041601,20 de abril de 2025,online,mobile,0.0,"2,95",completado,
order-0391673,cust-042746,2025-09-03,online,desktop,0.0,"4,95",completado,
order-0398436,cust-041100,2024-04-28,online,mobile,0.1,"0,00",completado,
order-0208727,cust-059609,20 de mayo de 2026,online,mobile,0.0,"4,95",completado,
order-0297300,cust-037886,2025-02-06,online,mobile,0.1,"4,95",completado,
order-0018327,cust-004647,8 de enero de 2025,online,desktop,0.2,"4,95",completado,
order-0329330,cust-025900,24/01/2026,online,desktop,0.1,"4,95",completado,
order-0077457,cust-053987,2024-02-25,online,mobile,0.3,"0,00",completado,
order-0326372,cust-038148,2025-12-29,store,n/a,0.0,"0,00",cancelado,store-37
order-0164354,cust-048181,4 de agosto de 2025,online,desktop,0.3,"2,95",completado,
order-0114715,cust-035917,15 de enero de 2025,store,n/a,0.3,"0,00",completado,store-27
order-0274235,cust-021464,2026-03-11,online,mobile,0.1,"2,95",completado,
order-0087713,cust-046396,02/05/2024,online,mobile,0.0,"0,00",completado,
order-0372685,cust-049171,28/06/2025,online,mobile,0.0,"0,00",completado,
order-0286791,cust-025908,2026-03-18,online,mobile,0.05,"0,00",completado,
order-0285456,cust-001387,16/06/2026,online,mobile,0.2,"2,95",completado,
order-0128325,cust-053607,30 de noviembre de 2025,online,desktop,0.2,"0,00",completado,
order-0377193,cust-034928,2025-12-18,online,mobile,0.3,"2,95",completado,
order-0206070,cust-058977,20 de enero de 2024,online,mobile,0.15,"4,95",cancelado,
order-0107528,cust-052767,4 de marzo de 2025,online,desktop,0.1,"0,00",completado,
order-0278944,cust-007060,19/11/2024,online,desktop,0.05,"0,00",completado,
order-0105341,cust-034407,2026-04-04,online,mobile,0.1,"2,95",devuelto_parcial,
order-0392434,cust-055402,11 de agosto de 2025,online,tablet,0.3,"4,95",completado,
order-0289496,cust-003721,14 de agosto de 2025,online,desktop,0.2,"0,00",completado,
order-0064564,cust-056373,3 de abril de 2025,online,tablet,0.05,"2,95",completado,
order-0030261,cust-056276,11/01/2025,online,desktop,0.2,"0,00",completado,
order-0399905,cust-023256,2024-09-29,online,tablet,0.0,"0,00",completado,
order-0200191,cust-008923,31 de mayo de 2025,online,mobile,0.1,"2,95",completado,
order-0016507,cust-023593,25/05/2026,online,mobile,0.2,"0,00",completado,
order-0258181,cust-045231,19 de octubre de 2025,online,tablet,0.2,"0,00",completado,
order-0037580,cust-015053,3 de junio de 2026,online,mobile,0.15,"2,95",completado,
order-0192792,cust-039312,2026-02-26,online,mobile,0.3,"4,95",devuelto_parcial,
order-0105388,cust-050669,2025-04-08,online,mobile,0.0,"2,95",completado,
order-0223522,cust-019617,31 de enero de 2026,online,mobile,0.1,"2,95",completado,
order-0321932,cust-054116,21/02/2026,online,tablet,0.2,"0,00",completado,
order-0350146,cust-004179,2025-08-18,online,tablet,0.2,"2,95",completado,
order-0291280,cust-000204,2025-11-08,store,n/a,0.0,"0,00",devuelto_parcial,store-30
order-0174655,cust-052063,22/05/2026,online,desktop,0.05,"4,95",cancelado,
order-0169837,cust-035343,30/05/2026,online,desktop,0.0,"0,00",devuelto_parcial,
order-0043687,cust-046415,30/12/2024,online,desktop,0.05,"2,95",completado,
order-0057249,cust-002415,06/09/2025,online,mobile,0.0,"4,95",completado,
order-0241360,cust-001542,2025-02-26,online,desktop,0.2,"2,95",completado,
order-0138208,cust-011033,13 de julio de 2024,online,mobile,0.3,"4,95",completado,
order-0283631,cust-013923,26 de junio de 2025,online,mobile,0.0,"0,00",completado,
order-0003164,cust-raw-fake-000,18 de mayo de 2026,online,mobile,0.1,"0,00",completado,
order-0393944,cust-051443,24 de noviembre de 2025,online,mobile,0.0,"2,95",completado,
order-0196167,cust-025558,24/01/2026,online,mobile,0.3,"2,95",completado,
order-0274617,cust-014525,30/06/2026,store,n/a,0.0,"0,00",completado,store-38
order-0082399,cust-028321,2026-06-08,online,tablet,0.0,"2,95",completado,
order-0036288,cust-022393,17/01/2025,online,desktop,0.1,"0,00",completado,
order-0021881,cust-020912,24/04/2026,online,mobile,0.0,"0,00",completado,
order-0199359,cust-059683,12/10/2025,online,desktop,0.0,"4,95",completado,
order-0392843,cust-047566,19/12/2024,online,desktop,0.1,"2,95",cancelado,
order-0244009,cust-038734,2024-12-22,online,mobile,0.2,"4,95",completado,
order-0039967,cust-049645,07/12/2025,online,desktop,0.1,"4,95",completado,
order-0395258,cust-017123,17/06/2026,online,tablet,0.0,"0,00",completado,
order-0304097,cust-026024,29 de agosto de 2024,online,mobile,0.1,"0,00",completado,
order-0160759,cust-042554,4 de junio de 2025,online,desktop,0.0,"4,95",completado,
order-0317344,cust-051783,17 de agosto de 2025,online,desktop,0.3,"2,95",completado,
order-0187512,cust-025478,30/06/2026,online,desktop,0.1,"4,95",completado,
order-0011320,cust-010086,2024-07-02,online,mobile,0.2,"2,95",completado,
order-0246949,cust-057175,19 de abril de 2025,online,desktop,0.0,"2,95",devuelto_parcial,
order-0095843,cust-010318,11 de febrero de 2025,online,desktop,0.1,"2,95",completado,
order-0259477,cust-021478,19/12/2024,online,desktop,0.1,"0,00",completado,
order-0130949,cust-009636,27/09/2023,online,mobile,0.15,"0,00",completado,
order-0043456,cust-010494,30/06/2026,online,mobile,0.0,"0,00",completado,
order-0295267,cust-059885,3 de abril de 2026,online,mobile,0.0,"2,95",completado,
order-0249411,cust-016718,2024-02-27,online,desktop,0.3,"2,95",completado,
order-0299779,cust-037908,2025-06-14,online,desktop,0.0,"4,95",completado,
order-0079303,cust-041455,2025-04-12,online,desktop,0.15,"4,95",completado,
order-0113048,cust-044799,16/12/2024,online,mobile,0.2,"2,95",completado,
order-0116089,cust-028231,30/01/2025,online,mobile,0.3,"4,95",completado,
order-0316020,cust-008429,07/02/2026,online,mobile,0.3,"4,95",completado,
order-0277117,cust-027796,20/05/2026,online,tablet,0.0,"2,95",completado,
order-0030507,cust-039554,10/04/2026,online,mobile,0.05,"4,95",completado,
order-0298439,cust-030080,31/07/2024,online,mobile,0.3,"4,95",completado,
order-0305324,cust-057465,17/06/2025,online,desktop,0.1,"4,95",completado,
order-0288805,cust-002431,2026-01-18,online,desktop,0.1,"0,00",completado,
order-0243781,cust-044133,2024-03-05,online,mobile,0.2,"4,95",completado,
order-0082965,cust-025254,2025-12-02,store,n/a,0.1,"0,00",completado,store-37
order-0017581,cust-044988,14/04/2026,online,tablet,0.0,"4,95",completado,
order-0068748,cust-027051,13/02/2025,online,mobile,0.1,"4,95",devuelto_parcial,
order-0127967,cust-009524,14/03/2026,online,desktop,0.0,"0,00",completado,
order-0137637,cust-001844,2025-06-14,online,desktop,0.1,"0,00",completado,
